  0
SECTION
  2
HEADER
  9
$ACADVER
  1
AC1018
  9
$HANDSEED
  5
FFFFFFFF
  9
$ANGBASE
  50
0.0
  9
$ANGDIR
  70
1
  9
$MEASUREMENT
  70
0
  9
$INSUNITS
  70
1
  0
ENDSEC
  0
SECTION
  2
TABLES
  0
TABLE
  2
APPID
  5
1
330
0
100
AcDbSymbolTable
 70
1
  0
APPID
  5
2
330
1
100
AcDbSymbolTableRecord
100
AcDbRegAppTableRecord
  2
ACAD
 70
0
  0
ENDTAB
  0
TABLE
  2
LTYPE
  5
3
330
0
100
AcDbSymbolTable
 70
6
  0
LTYPE
  5
4
330
3
100
AcDbSymbolTableRecord
100
AcDbLinetypeTableRecord
  2
ByBlock
 70
0
  3

 72
65
 73
0
 40
0
  0
LTYPE
  5
5
330
3
100
AcDbSymbolTableRecord
100
AcDbLinetypeTableRecord
  2
ByLayer
 70
0
  3

 72
65
 73
0
 40
0
  0
LTYPE
  5
6
330
3
100
AcDbSymbolTableRecord
100
AcDbLinetypeTableRecord
  2
CONTINUOUS
 70
0
  3
Solid line
 72
65
 73
0
 40
0
  0
LTYPE
  5
7
330
3
100
AcDbSymbolTableRecord
100
AcDbLinetypeTableRecord
  2
DASHDOT
 70
0
  3
Dash Dot ____ _ ____ _
 72
65
 73
4
 40
2
 49
1.25
 74
0
 49
-0.25
 74
0
 49
0.25
 74
0
 49
-0.25
 74
0
  0
LTYPE
  5
8
330
3
100
AcDbSymbolTableRecord
100
AcDbLinetypeTableRecord
  2
DASHED
 70
0
  3
Dashed __ __ __ __ __
 72
65
 73
2
 40
0.75
 49
0.5
 74
0
 49
-0.25
 74
0
  0
LTYPE
  5
9
330
3
100
AcDbSymbolTableRecord
100
AcDbLinetypeTableRecord
  2
DOTTED
 70
0
  3
Dotted .  .  .  .
 72
65
 73
2
 40
0.2
 49
0.0
 74
0
 49
-0.2
 74
0
  0
ENDTAB
  0
TABLE
  2
STYLE
  5
A
330
0
100
AcDbSymbolTable
 70
4
  0
STYLE
  5
B
330
A
100
AcDbSymbolTableRecord
100
AcDbTextStyleTableRecord
  2
Flux
 70
0
 40
0
 41
1
 42
1
 50
0
 71
0
  3
isocp.shx
  0
STYLE
  5
C
330
A
100
AcDbSymbolTableRecord
100
AcDbTextStyleTableRecord
  2
FluxB
 70
0
 40
0
 41
1
 42
1
 50
0
 71
0
  3
isocp.shx
  0
STYLE
  5
D
330
A
100
AcDbSymbolTableRecord
100
AcDbTextStyleTableRecord
  2
FluxI
 70
0
 40
0
 41
1
 42
1
 50
15
 71
0
  3
isocp.shx
  0
STYLE
  5
E
330
A
100
AcDbSymbolTableRecord
100
AcDbTextStyleTableRecord
  2
FluxBI
 70
0
 40
0
 41
1
 42
1
 50
15
 71
0
  3
isocp.shx
  0
ENDTAB
  0
TABLE
  2
LAYER
  5
F
330
0
100
AcDbSymbolTable
 70
10
  0
LAYER
  5
12
330
F
100
AcDbSymbolTableRecord
100
AcDbLayerTableRecord
  2
0
 70
0
 62
7
  6
CONTINUOUS
390
10
  0
LAYER
  5
13
330
F
100
AcDbSymbolTableRecord
100
AcDbLayerTableRecord
  2
Edge.Cuts
 70
0
 62
254
420
13685453
  6
CONTINUOUS
390
10
  0
LAYER
  5
14
330
F
100
AcDbSymbolTableRecord
100
AcDbLayerTableRecord
  2
B.Cu
 70
0
 62
153
420
5078980
  6
CONTINUOUS
390
10
  0
LAYER
  5
15
330
F
100
AcDbSymbolTableRecord
100
AcDbLayerTableRecord
  2
B.Mask
 70
0
 62
4
420
196590
  6
CONTINUOUS
390
10
  0
LAYER
  5
16
330
F
100
AcDbSymbolTableRecord
100
AcDbLayerTableRecord
  2
B.Paste
 70
0
 62
132
420
49858
  6
CONTINUOUS
390
10
  0
LAYER
  5
17
330
F
100
AcDbSymbolTableRecord
100
AcDbLayerTableRecord
  2
B.Silkscreen
 70
0
 62
31
420
15250087
  6
CONTINUOUS
390
10
  0
LAYER
  5
18
330
F
100
AcDbSymbolTableRecord
100
AcDbLayerTableRecord
  2
F.Cu
 70
0
 62
13
420
13120564
  6
CONTINUOUS
390
10
  0
LAYER
  5
19
330
F
100
AcDbSymbolTableRecord
100
AcDbLayerTableRecord
  2
F.Mask
 70
0
 62
201
420
14181631
  6
CONTINUOUS
390
10
  0
LAYER
  5
1A
330
F
100
AcDbSymbolTableRecord
100
AcDbLayerTableRecord
  2
F.Paste
 70
0
 62
253
420
11837594
  6
CONTINUOUS
390
10
  0
LAYER
  5
1B
330
F
100
AcDbSymbolTableRecord
100
AcDbLayerTableRecord
  2
F.Silkscreen
 70
0
 62
41
420
15920545
  6
CONTINUOUS
390
10
  0
ENDTAB
  0
TABLE
  2
VPORT
  5
1C
330
0
100
AcDbSymbolTable
 70
0
  0
ENDTAB
  0
TABLE
  2
VIEW
  5
1D
330
0
100
AcDbSymbolTable
 70
0
  0
ENDTAB
  0
TABLE
  2
UCS
  5
1E
330
0
100
AcDbSymbolTable
 70
0
  0
ENDTAB
  0
TABLE
  2
DIMSTYLE
  5
1F
330
0
100
AcDbSymbolTable
 70
1
100
AcDbDimStyleTable
 71
0
  0
DIMSTYLE
105
20
330
1F
100
AcDbSymbolTableRecord
100
AcDbDimStyleTableRecord
  2
Standard
 70
0
  0
ENDTAB
  0
TABLE
  2
BLOCK_RECORD
  5
21
330
0
100
AcDbSymbolTable
 70
3
  0
BLOCK_RECORD
  5
22
330
21
100
AcDbSymbolTableRecord
100
AcDbBlockTableRecord
  2
*Model_Space
340
25
 70
0
280
1
281
0
  0
BLOCK_RECORD
  5
23
330
21
100
AcDbSymbolTableRecord
100
AcDbBlockTableRecord
  2
*Paper_Space
340
26
 70
0
280
1
281
0
  0
BLOCK_RECORD
  5
24
330
21
100
AcDbSymbolTableRecord
100
AcDbBlockTableRecord
  2
*Paper_Space0
340
27
 70
0
280
1
281
0
  0
ENDTAB
  0
ENDSEC
  0
SECTION
  2
BLOCKS
  0
BLOCK
  5
2B
330
22
100
AcDbEntity
  8
0
100
AcDbBlockBegin
  2
*Model_Space
 70
0
 10
0.0
 20
0.0
 30
0.0
  3
*Model_Space
  1

  0
ENDBLK
  5
2A
330
22
100
AcDbEntity
  8
0
100
AcDbBlockEnd
  0
BLOCK
  5
2D
330
23
100
AcDbEntity
 67
1
  8
0
100
AcDbBlockBegin
  2
*Paper_Space
 70
0
 10
0.0
 20
0.0
 30
0.0
  3
*Paper_Space
  1

  0
ENDBLK
  5
2C
330
23
100
AcDbEntity
 67
1
  8
0
100
AcDbBlockEnd
  0
BLOCK
  5
2F
330
24
100
AcDbEntity
 67
1
  8
0
100
AcDbBlockBegin
  2
*Paper_Space0
 70
0
 10
0.0
 20
0.0
 30
0.0
  3
*Paper_Space0
  1

  0
ENDBLK
  5
2E
330
24
100
AcDbEntity
 67
1
  8
0
100
AcDbBlockEnd
  0
ENDSEC
  0
SECTION
  2
ENTITIES
  0
LINE
  5
30
330
22
100
AcDbEntity
  8
F.Silkscreen
  6
CONTINUOUS
100
AcDbLine
 10
5.541039488188976
 20
-3.2803161023622045
 30
0
 11
6.319779645669291
 21
-3.2803103543307084
 31
0
  0
LINE
  5
31
330
22
100
AcDbEntity
  8
F.Silkscreen
  6
CONTINUOUS
100
AcDbLine
 10
5.5410525590551183
 20
-5.0590562598425199
 30
0
 11
5.541039488188976
 21
-3.2803161023622045
 31
0
  0
LINE
  5
32
330
22
100
AcDbEntity
  8
F.Silkscreen
  6
CONTINUOUS
100
AcDbLine
 10
5.5804098818897634
 20
-3.3196858661417323
 30
0
 11
6.2804098818897636
 21
-3.3196807480314958
 31
0
  0
LINE
  5
33
330
22
100
AcDbEntity
  8
F.Silkscreen
  6
CONTINUOUS
100
AcDbLine
 10
5.5804098818897634
 20
-3.3196858661417323
 30
0
 11
6.2804098818897636
 21
-3.3196807480314958
 31
0
  0
LINE
  5
34
330
22
100
AcDbEntity
  8
F.Silkscreen
  6
CONTINUOUS
100
AcDbLine
 10
5.5804223622047244
 20
-5.0196858661417325
 30
0
 11
5.5804098818897634
 21
-3.3196858661417323
 31
0
  0
LINE
  5
35
330
22
100
AcDbEntity
  8
F.Silkscreen
  6
CONTINUOUS
100
AcDbLine
 10
5.5804223622047244
 20
-5.0196858661417325
 30
0
 11
5.5804098818897634
 21
-3.3196858661417323
 31
0
  0
LINE
  5
36
330
22
100
AcDbEntity
  8
F.Silkscreen
  6
CONTINUOUS
100
AcDbLine
 10
6.2804098818897636
 20
-3.3196807480314958
 30
0
 11
6.2804223622047246
 21
-5.0196807480314956
 31
0
  0
LINE
  5
37
330
22
100
AcDbEntity
  8
F.Silkscreen
  6
CONTINUOUS
100
AcDbLine
 10
6.2804098818897636
 20
-3.3196807480314958
 30
0
 11
6.2804223622047246
 21
-5.0196807480314956
 31
0
  0
LINE
  5
38
330
22
100
AcDbEntity
  8
F.Silkscreen
  6
CONTINUOUS
100
AcDbLine
 10
6.2804223622047246
 20
-5.0196807480314956
 30
0
 11
5.5804223622047244
 21
-5.0196858661417325
 31
0
  0
LINE
  5
39
330
22
100
AcDbEntity
  8
F.Silkscreen
  6
CONTINUOUS
100
AcDbLine
 10
6.2804223622047246
 20
-5.0196807480314956
 30
0
 11
5.5804223622047244
 21
-5.0196858661417325
 31
0
  0
LINE
  5
3A
330
22
100
AcDbEntity
  8
F.Silkscreen
  6
CONTINUOUS
100
AcDbLine
 10
6.2973503937007873
 20
-4.8696806299212598
 30
0
 11
6.2973672440944881
 21
-4.869423661417323
 31
0
  0
LINE
  5
3B
330
22
100
AcDbEntity
  8
F.Silkscreen
  6
CONTINUOUS
100
AcDbLine
 10
6.2973672440944881
 20
-4.869423661417323
 30
0
 11
6.2974174803149605
 21
-4.8691711417322834
 31
0
  0
LINE
  5
3C
330
22
100
AcDbEntity
  8
F.Silkscreen
  6
CONTINUOUS
100
AcDbLine
 10
6.2973672440944881
 20
-4.8699375590551179
 30
0
 11
6.2973503937007873
 21
-4.8696806299212598
 31
0
  0
LINE
  5
3D
330
22
100
AcDbEntity
  8
F.Silkscreen
  6
CONTINUOUS
100
AcDbLine
 10
6.2974174803149605
 20
-4.8691711417322834
 30
0
 11
6.2975002362204719
 21
-4.8689272834645667
 31
0
  0
LINE
  5
3E
330
22
100
AcDbEntity
  8
F.Silkscreen
  6
CONTINUOUS
100
AcDbLine
 10
6.2974174803149605
 20
-4.8701900787401575
 30
0
 11
6.2973672440944881
 21
-4.8699375590551179
 31
0
  0
LINE
  5
3F
330
22
100
AcDbEntity
  8
F.Silkscreen
  6
CONTINUOUS
100
AcDbLine
 10
6.2975002362204719
 20
-4.8689272834645667
 30
0
 11
6.2976141338582678
 21
-4.8686963385826774
 31
0
  0
LINE
  5
40
330
22
100
AcDbEntity
  8
F.Silkscreen
  6
CONTINUOUS
100
AcDbLine
 10
6.2975002362204719
 20
-4.8704339370078742
 30
0
 11
6.2974174803149605
 21
-4.8701900787401575
 31
0
  0
LINE
  5
41
330
22
100
AcDbEntity
  8
F.Silkscreen
  6
CONTINUOUS
100
AcDbLine
 10
6.2976141338582678
 20
-4.8686963385826774
 30
0
 11
6.2977571653543309
 21
-4.8684822440944879
 31
0
  0
LINE
  5
42
330
22
100
AcDbEntity
  8
F.Silkscreen
  6
CONTINUOUS
100
AcDbLine
 10
6.2976141338582678
 20
-4.8706648425196848
 30
0
 11
6.2975002362204719
 21
-4.8704339370078742
 31
0
  0
LINE
  5
43
330
22
100
AcDbEntity
  8
F.Silkscreen
  6
CONTINUOUS
100
AcDbLine
 10
6.2977571653543309
 20
-4.8684822440944879
 30
0
 11
6.2979269291338582
 21
-4.8682886614173224
 31
0
  0
LINE
  5
44
330
22
100
AcDbEntity
  8
F.Silkscreen
  6
CONTINUOUS
100
AcDbLine
 10
6.2977572047244097
 20
-4.870878976377953
 30
0
 11
6.2976141338582678
 21
-4.8706648425196848
 31
0
  0
LINE
  5
45
330
22
100
AcDbEntity
  8
F.Silkscreen
  6
CONTINUOUS
100
AcDbLine
 10
6.2979269291338582
 20
-4.8682886614173224
 30
0
 11
6.2981205511811025
 21
-4.8681188976377952
 31
0
  0
LINE
  5
46
330
22
100
AcDbEntity
  8
F.Silkscreen
  6
CONTINUOUS
100
AcDbLine
 10
6.297926968503937
 20
-4.8710725590551176
 30
0
 11
6.2977572047244097
 21
-4.870878976377953
 31
0
  0
LINE
  5
47
330
22
100
AcDbEntity
  8
F.Silkscreen
  6
CONTINUOUS
100
AcDbLine
 10
6.2981205511811025
 20
-4.8681188976377952
 30
0
 11
6.298334645669291
 21
-4.8679758267716533
 31
0
  0
LINE
  5
48
330
22
100
AcDbEntity
  8
F.Silkscreen
  6
CONTINUOUS
100
AcDbLine
 10
6.2981205511811025
 20
-4.8712423228346458
 30
0
 11
6.297926968503937
 21
-4.8710725590551176
 31
0
  0
LINE
  5
49
330
22
100
AcDbEntity
  8
F.Silkscreen
  6
CONTINUOUS
100
AcDbLine
 10
6.298334645669291
 20
-4.8679758267716533
 30
0
 11
6.2985655511811025
 21
-4.8678619291338583
 31
0
  0
LINE
  5
4A
330
22
100
AcDbEntity
  8
F.Silkscreen
  6
CONTINUOUS
100
AcDbLine
 10
6.298334645669291
 20
-4.8713853937007876
 30
0
 11
6.2981205511811025
 21
-4.8712423228346458
 31
0
  0
LINE
  5
4B
330
22
100
AcDbEntity
  8
F.Silkscreen
  6
CONTINUOUS
100
AcDbLine
 10
6.2985655511811025
 20
-4.8678619291338583
 30
0
 11
6.2988094094488192
 21
-4.867779173228346
 31
0
  0
LINE
  5
4C
330
22
100
AcDbEntity
  8
F.Silkscreen
  6
CONTINUOUS
100
AcDbLine
 10
6.2985655905511813
 20
-4.8714992519685039
 30
0
 11
6.298334645669291
 21
-4.8713853937007876
 31
0
  0
LINE
  5
4D
330
22
100
AcDbEntity
  8
F.Silkscreen
  6
CONTINUOUS
100
AcDbLine
 10
6.2988094094488192
 20
-4.867779173228346
 30
0
 11
6.2990619291338579
 21
-4.8677289370078736
 31
0
  0
LINE
  5
4E
330
22
100
AcDbEntity
  8
F.Silkscreen
  6
CONTINUOUS
100
AcDbLine
 10
6.2988094094488192
 20
-4.871582047244094
 30
0
 11
6.2985655905511813
 21
-4.8714992519685039
 31
0
  0
LINE
  5
4F
330
22
100
AcDbEntity
  8
F.Silkscreen
  6
CONTINUOUS
100
AcDbLine
 10
6.2990619291338579
 20
-4.8677289370078736
 30
0
 11
6.2993188976377947
 21
-4.8677120866141728
 31
0
  0
LINE
  5
50
330
22
100
AcDbEntity
  8
F.Silkscreen
  6
CONTINUOUS
100
AcDbLine
 10
6.2990619685039366
 20
-4.8716322440944877
 30
0
 11
6.2988094094488192
 21
-4.871582047244094
 31
0
  0
LINE
  5
51
330
22
100
AcDbEntity
  8
F.Silkscreen
  6
CONTINUOUS
100
AcDbLine
 10
6.2993188976377947
 20
-4.8677120866141728
 30
0
 11
6.2995758267716537
 21
-4.8677289370078736
 31
0
  0
LINE
  5
52
330
22
100
AcDbEntity
  8
F.Silkscreen
  6
CONTINUOUS
100
AcDbLine
 10
6.2993188976377947
 20
-4.8716490944881885
 30
0
 11
6.2990619685039366
 21
-4.8716322440944877
 31
0
  0
LINE
  5
53
330
22
100
AcDbEntity
  8
F.Silkscreen
  6
CONTINUOUS
100
AcDbLine
 10
6.2995758267716537
 20
-4.8677289370078736
 30
0
 11
6.2998283858267712
 21
-4.867779173228346
 31
0
  0
LINE
  5
54
330
22
100
AcDbEntity
  8
F.Silkscreen
  6
CONTINUOUS
100
AcDbLine
 10
6.2995758661417325
 20
-4.8716322440944877
 30
0
 11
6.2993188976377947
 21
-4.8716490944881885
 31
0
  0
LINE
  5
55
330
22
100
AcDbEntity
  8
F.Silkscreen
  6
CONTINUOUS
100
AcDbLine
 10
6.2998283858267712
 20
-4.867779173228346
 30
0
 11
6.3000722047244091
 21
-4.8678619291338583
 31
0
  0
LINE
  5
56
330
22
100
AcDbEntity
  8
F.Silkscreen
  6
CONTINUOUS
100
AcDbLine
 10
6.2998283858267712
 20
-4.8715820078740153
 30
0
 11
6.2995758661417325
 21
-4.8716322440944877
 31
0
  0
LINE
  5
57
330
22
100
AcDbEntity
  8
F.Silkscreen
  6
CONTINUOUS
100
AcDbLine
 10
6.3000722047244091
 20
-4.8678619291338583
 30
0
 11
6.3003031496062993
 21
-4.8679758267716533
 31
0
  0
LINE
  5
58
330
22
100
AcDbEntity
  8
F.Silkscreen
  6
CONTINUOUS
100
AcDbLine
 10
6.3000722440944878
 20
-4.8714992519685039
 30
0
 11
6.2998283858267712
 21
-4.8715820078740153
 31
0
  0
LINE
  5
59
330
22
100
AcDbEntity
  8
F.Silkscreen
  6
CONTINUOUS
100
AcDbLine
 10
6.3003031496062993
 20
-4.8679758267716533
 30
0
 11
6.3005172440944879
 21
-4.8681188582677164
 31
0
  0
LINE
  5
5A
330
22
100
AcDbEntity
  8
F.Silkscreen
  6
CONTINUOUS
100
AcDbLine
 10
6.3003031496062993
 20
-4.8713853543307089
 30
0
 11
6.3000722440944878
 21
-4.8714992519685039
 31
0
  0
LINE
  5
5B
330
22
100
AcDbEntity
  8
F.Silkscreen
  6
CONTINUOUS
100
AcDbLine
 10
6.3005172440944879
 20
-4.8681188582677164
 30
0
 11
6.3007108267716534
 21
-4.8682886614173224
 31
0
  0
LINE
  5
5C
330
22
100
AcDbEntity
  8
F.Silkscreen
  6
CONTINUOUS
100
AcDbLine
 10
6.3005172440944879
 20
-4.8712423228346458
 30
0
 11
6.3003031496062993
 21
-4.8713853543307089
 31
0
  0
LINE
  5
5D
330
22
100
AcDbEntity
  8
F.Silkscreen
  6
CONTINUOUS
100
AcDbLine
 10
6.3007108267716534
 20
-4.8682886614173224
 30
0
 11
6.3008805905511807
 21
-4.8684822440944879
 31
0
  0
LINE
  5
5E
330
22
100
AcDbEntity
  8
F.Silkscreen
  6
CONTINUOUS
100
AcDbLine
 10
6.3007108661417321
 20
-4.8710725196850388
 30
0
 11
6.3005172440944879
 21
-4.8712423228346458
 31
0
  0
LINE
  5
5F
330
22
100
AcDbEntity
  8
F.Silkscreen
  6
CONTINUOUS
100
AcDbLine
 10
6.3008805905511807
 20
-4.8684822440944879
 30
0
 11
6.3010236614173225
 21
-4.8686963385826774
 31
0
  0
LINE
  5
60
330
22
100
AcDbEntity
  8
F.Silkscreen
  6
CONTINUOUS
100
AcDbLine
 10
6.3008806299212594
 20
-4.8708789370078742
 30
0
 11
6.3007108661417321
 21
-4.8710725196850388
 31
0
  0
LINE
  5
61
330
22
100
AcDbEntity
  8
F.Silkscreen
  6
CONTINUOUS
100
AcDbLine
 10
6.3010236614173225
 20
-4.8686963385826774
 30
0
 11
6.3011375590551184
 21
-4.8689272834645667
 31
0
  0
LINE
  5
62
330
22
100
AcDbEntity
  8
F.Silkscreen
  6
CONTINUOUS
100
AcDbLine
 10
6.3010236614173225
 20
-4.8706648425196848
 30
0
 11
6.3008806299212594
 21
-4.8708789370078742
 31
0
  0
LINE
  5
63
330
22
100
AcDbEntity
  8
F.Silkscreen
  6
CONTINUOUS
100
AcDbLine
 10
6.3011375590551184
 20
-4.8689272834645667
 30
0
 11
6.3012203149606298
 21
-4.8691711023622046
 31
0
  0
LINE
  5
64
330
22
100
AcDbEntity
  8
F.Silkscreen
  6
CONTINUOUS
100
AcDbLine
 10
6.3011375590551184
 20
-4.8704338976377954
 30
0
 11
6.3010236614173225
 21
-4.8706648425196848
 31
0
  0
LINE
  5
65
330
22
100
AcDbEntity
  8
F.Silkscreen
  6
CONTINUOUS
100
AcDbLine
 10
6.3012203149606298
 20
-4.8691711023622046
 30
0
 11
6.3012705511811022
 21
-4.8694236220472442
 31
0
  0
LINE
  5
66
330
22
100
AcDbEntity
  8
F.Silkscreen
  6
CONTINUOUS
100
AcDbLine
 10
6.3012203149606298
 20
-4.8701900787401575
 30
0
 11
6.3011375590551184
 21
-4.8704338976377954
 31
0
  0
LINE
  5
67
330
22
100
AcDbEntity
  8
F.Silkscreen
  6
CONTINUOUS
100
AcDbLine
 10
6.3012705511811022
 20
-4.8694236220472442
 30
0
 11
6.301287401574803
 21
-4.8696805905511811
 31
0
  0
LINE
  5
68
330
22
100
AcDbEntity
  8
F.Silkscreen
  6
CONTINUOUS
100
AcDbLine
 10
6.3012705511811022
 20
-4.8699375196850392
 30
0
 11
6.3012203149606298
 21
-4.8701900787401575
 31
0
  0
LINE
  5
69
330
22
100
AcDbEntity
  8
F.Silkscreen
  6
CONTINUOUS
100
AcDbLine
 10
6.301287401574803
 20
-4.8696805905511811
 30
0
 11
6.3012705511811022
 21
-4.8699375196850392
 31
0
  0
LINE
  5
6A
330
22
100
AcDbEntity
  8
F.Silkscreen
  6
CONTINUOUS
100
AcDbLine
 10
6.319779645669291
 20
-3.2803103543307084
 30
0
 11
6.3197927165354333
 21
-5.0590505118110238
 31
0
  0
LINE
  5
6B
330
22
100
AcDbEntity
  8
F.Silkscreen
  6
CONTINUOUS
100
AcDbLine
 10
6.3197927165354333
 20
-5.0590505118110238
 30
0
 11
5.5410525590551183
 21
-5.0590562598425199
 31
0
  0
LINE
  5
6C
330
22
100
AcDbEntity
  8
F.Silkscreen
  6
CONTINUOUS
100
AcDbLine
 10
5.5134772047244089
 20
-4.1741397244094491
 30
0
 11
5.5155401968503934
 21
-4.1743652755905511
 31
0
  0
LINE
  5
6D
330
22
100
AcDbEntity
  8
F.Silkscreen
  6
CONTINUOUS
100
AcDbLine
 10
5.5155401968503934
 20
-4.1743652755905511
 30
0
 11
5.5174786614173223
 21
-4.1748008267716532
 31
0
  0
LINE
  5
6E
330
22
100
AcDbEntity
  8
F.Silkscreen
  6
CONTINUOUS
100
AcDbLine
 10
5.5174786614173223
 20
-4.1748008267716532
 30
0
 11
5.5192926377952753
 21
-4.1754462992125987
 31
0
  0
LINE
  5
6F
330
22
100
AcDbEntity
  8
F.Silkscreen
  6
CONTINUOUS
100
AcDbLine
 10
5.5192926377952753
 20
-4.1754462992125987
 30
0
 11
5.5209821259842515
 21
-4.1763017716535433
 31
0
  0
LINE
  5
70
330
22
100
AcDbEntity
  8
F.Silkscreen
  6
CONTINUOUS
100
AcDbLine
 10
5.5209821259842515
 20
-4.1763017716535433
 30
0
 11
5.5223961811023621
 21
-4.1772511811023625
 31
0
  0
LINE
  5
71
330
22
100
AcDbEntity
  8
F.Silkscreen
  6
CONTINUOUS
100
AcDbLine
 10
5.5223961811023621
 20
-4.1772511811023625
 30
0
 11
5.5237093700787403
 21
-4.1783707086614168
 31
0
  0
LINE
  5
72
330
22
100
AcDbEntity
  8
F.Silkscreen
  6
CONTINUOUS
100
AcDbLine
 10
5.5237093700787403
 20
-4.1783707086614168
 30
0
 11
5.5247655118110233
 21
-4.1794942125984251
 31
0
  0
LINE
  5
73
330
22
100
AcDbEntity
  8
F.Silkscreen
  6
CONTINUOUS
100
AcDbLine
 10
5.5247655118110233
 20
-4.1794942125984251
 30
0
 11
5.5258084645669294
 21
-4.1808743307086615
 31
0
  0
LINE
  5
74
330
22
100
AcDbEntity
  8
F.Silkscreen
  6
CONTINUOUS
100
AcDbLine
 10
5.5258084645669294
 20
-4.1808743307086615
 30
0
 11
5.5266076771653543
 21
-4.1822040157480318
 31
0
  0
LINE
  5
75
330
22
100
AcDbEntity
  8
F.Silkscreen
  6
CONTINUOUS
100
AcDbLine
 10
5.5266076771653543
 20
-4.1822040157480318
 30
0
 11
5.5273629921259841
 21
-4.1838157086614176
 31
0
  0
LINE
  5
76
330
22
100
AcDbEntity
  8
F.Silkscreen
  6
CONTINUOUS
100
AcDbLine
 10
5.5273629921259841
 20
-4.1838157086614176
 30
0
 11
5.5279660629921255
 21
-4.1855500000000001
 31
0
  0
LINE
  5
77
330
22
100
AcDbEntity
  8
F.Silkscreen
  6
CONTINUOUS
100
AcDbLine
 10
5.5279660629921255
 20
-4.1855500000000001
 30
0
 11
5.5283742519685042
 21
-4.187194527559055
 31
0
  0
LINE
  5
78
330
22
100
AcDbEntity
  8
F.Silkscreen
  6
CONTINUOUS
100
AcDbLine
 10
5.5283742519685042
 20
-4.187194527559055
 30
0
 11
5.5287153543307088
 21
-4.1893864173228348
 31
0
  0
LINE
  5
79
330
22
100
AcDbEntity
  8
F.Silkscreen
  6
CONTINUOUS
100
AcDbLine
 10
5.5287153543307088
 20
-4.1893864173228348
 30
0
 11
5.5288991732283463
 21
-4.1920555511811024
 31
0
  0
LINE
  5
7A
330
22
100
AcDbEntity
  8
F.Silkscreen
  6
CONTINUOUS
100
AcDbLine
 10
5.5288991732283463
 20
-4.1920555511811024
 30
0
 11
5.5288465354330709
 21
-4.1937879527559057
 31
0
  0
LINE
  5
7B
330
22
100
AcDbEntity
  8
F.Silkscreen
  6
CONTINUOUS
100
AcDbLine
 10
5.5288465354330709
 20
-4.1937879527559057
 30
0
 11
5.5286886220472438
 21
-4.195441377952756
 31
0
  0
LINE
  5
7C
330
22
100
AcDbEntity
  8
F.Silkscreen
  6
CONTINUOUS
100
AcDbLine
 10
5.5286886220472438
 20
-4.195441377952756
 30
0
 11
5.5283309448818896
 21
-4.1974512204724412
 31
0
  0
LINE
  5
7D
330
22
100
AcDbEntity
  8
F.Silkscreen
  6
CONTINUOUS
100
AcDbLine
 10
5.5283309448818896
 20
-4.1974512204724412
 30
0
 11
5.527799212598425
 21
-4.1993305511811023
 31
0
  0
LINE
  5
7E
330
22
100
AcDbEntity
  8
F.Silkscreen
  6
CONTINUOUS
100
AcDbLine
 10
5.527799212598425
 20
-4.1993305511811023
 30
0
 11
5.5271804724409446
 21
-4.2008914960629919
 31
0
  0
LINE
  5
7F
330
22
100
AcDbEntity
  8
F.Silkscreen
  6
CONTINUOUS
100
AcDbLine
 10
5.5271804724409446
 20
-4.2008914960629919
 30
0
 11
5.5263200393700789
 21
-4.202524291338583
 31
0
  0
LINE
  5
80
330
22
100
AcDbEntity
  8
F.Silkscreen
  6
CONTINUOUS
100
AcDbLine
 10
5.5263200393700789
 20
-4.202524291338583
 30
0
 11
5.5254090944881886
 21
-4.2038661023622046
 31
0
  0
LINE
  5
81
330
22
100
AcDbEntity
  8
F.Silkscreen
  6
CONTINUOUS
100
AcDbLine
 10
5.5254090944881886
 20
-4.2038661023622046
 30
0
 11
5.5242240944881891
 21
-4.2052540157480314
 31
0
  0
LINE
  5
82
330
22
100
AcDbEntity
  8
F.Silkscreen
  6
CONTINUOUS
100
AcDbLine
 10
5.5242240944881891
 20
-4.2052540157480314
 30
0
 11
5.52305811023622
 21
-4.2063540157480315
 31
0
  0
LINE
  5
83
330
22
100
AcDbEntity
  8
F.Silkscreen
  6
CONTINUOUS
100
AcDbLine
 10
5.52305811023622
 20
-4.2063540157480315
 30
0
 11
5.5217874015748034
 21
-4.2073040551181098
 31
0
  0
LINE
  5
84
330
22
100
AcDbEntity
  8
F.Silkscreen
  6
CONTINUOUS
100
AcDbLine
 10
5.5217874015748034
 20
-4.2073040551181098
 30
0
 11
5.5204120078740155
 21
-4.2081040551181097
 31
0
  0
LINE
  5
85
330
22
100
AcDbEntity
  8
F.Silkscreen
  6
CONTINUOUS
100
AcDbLine
 10
5.5204120078740155
 20
-4.2081040551181097
 30
0
 11
5.5189319291338581
 21
-4.20875405511811
 31
0
  0
LINE
  5
86
330
22
100
AcDbEntity
  8
F.Silkscreen
  6
CONTINUOUS
100
AcDbLine
 10
5.5189319291338581
 20
-4.20875405511811
 30
0
 11
5.5173471653543302
 21
-4.2092540551181106
 31
0
  0
LINE
  5
87
330
22
100
AcDbEntity
  8
F.Silkscreen
  6
CONTINUOUS
100
AcDbLine
 10
5.5173471653543302
 20
-4.2092540551181106
 30
0
 11
5.5156577165354328
 21
-4.2096040944881885
 31
0
  0
LINE
  5
88
330
22
100
AcDbEntity
  8
F.Silkscreen
  6
CONTINUOUS
100
AcDbLine
 10
5.5156577165354328
 20
-4.2096040944881885
 30
0
 11
5.5140935826771651
 21
-4.2097872834645669
 31
0
  0
LINE
  5
89
330
22
100
AcDbEntity
  8
F.Silkscreen
  6
CONTINUOUS
100
AcDbLine
 10
5.5140935826771651
 20
-4.2097872834645669
 30
0
 11
5.5124492913385827
 21
-4.2098556692913389
 31
0
  0
LINE
  5
8A
330
22
100
AcDbEntity
  8
F.Silkscreen
  6
CONTINUOUS
100
AcDbLine
 10
5.5124492913385827
 20
-4.2098556692913389
 30
0
 11
5.4788492913385829
 21
-4.2098559055118105
 31
0
  0
LINE
  5
8B
330
22
100
AcDbEntity
  8
F.Silkscreen
  6
CONTINUOUS
100
AcDbLine
 10
5.4788492913385829
 20
-4.2098559055118105
 30
0
 11
5.4788492519685041
 21
-4.2034059055118114
 31
0
  0
LINE
  5
8C
330
22
100
AcDbEntity
  8
F.Silkscreen
  6
CONTINUOUS
100
AcDbLine
 10
5.4788492519685041
 20
-4.2034059055118114
 30
0
 11
5.5127456299212598
 21
-4.2033991732283464
 31
0
  0
LINE
  5
8D
330
22
100
AcDbEntity
  8
F.Silkscreen
  6
CONTINUOUS
100
AcDbLine
 10
5.5127456299212598
 20
-4.2033991732283464
 30
0
 11
5.5140188976377953
 21
-4.203318503937008
 31
0
  0
LINE
  5
8E
330
22
100
AcDbEntity
  8
F.Silkscreen
  6
CONTINUOUS
100
AcDbLine
 10
5.5140188976377953
 20
-4.203318503937008
 30
0
 11
5.5152187007874014
 21
-4.2031456692913389
 31
0
  0
LINE
  5
8F
330
22
100
AcDbEntity
  8
F.Silkscreen
  6
CONTINUOUS
100
AcDbLine
 10
5.5152187007874014
 20
-4.2031456692913389
 30
0
 11
5.516345039370079
 21
-4.2028805905511808
 31
0
  0
LINE
  5
90
330
22
100
AcDbEntity
  8
F.Silkscreen
  6
CONTINUOUS
100
AcDbLine
 10
5.516345039370079
 20
-4.2028805905511808
 30
0
 11
5.5173979921259839
 21
-4.2025233858267717
 31
0
  0
LINE
  5
91
330
22
100
AcDbEntity
  8
F.Silkscreen
  6
CONTINUOUS
100
AcDbLine
 10
5.5173979921259839
 20
-4.2025233858267717
 30
0
 11
5.5188396850393699
 21
-4.2018146850393698
 31
0
  0
LINE
  5
92
330
22
100
AcDbEntity
  8
F.Silkscreen
  6
CONTINUOUS
100
AcDbLine
 10
5.5188396850393699
 20
-4.2018146850393698
 30
0
 11
5.5201161417322835
 21
-4.2008985433070869
 31
0
  0
LINE
  5
93
330
22
100
AcDbEntity
  8
F.Silkscreen
  6
CONTINUOUS
100
AcDbLine
 10
5.5201161417322835
 20
-4.2008985433070869
 30
0
 11
5.5211264173228347
 21
-4.1998805118110232
 31
0
  0
LINE
  5
94
330
22
100
AcDbEntity
  8
F.Silkscreen
  6
CONTINUOUS
100
AcDbLine
 10
5.5211264173228347
 20
-4.1998805118110232
 30
0
 11
5.5220252362204727
 21
-4.1985984645669294
 31
0
  0
LINE
  5
95
330
22
100
AcDbEntity
  8
F.Silkscreen
  6
CONTINUOUS
100
AcDbLine
 10
5.5220252362204727
 20
-4.1985984645669294
 30
0
 11
5.5226669291338579
 21
-4.1972688582677167
 31
0
  0
LINE
  5
96
330
22
100
AcDbEntity
  8
F.Silkscreen
  6
CONTINUOUS
100
AcDbLine
 10
5.5226669291338579
 20
-4.1972688582677167
 30
0
 11
5.5231681889763777
 21
-4.1956498818897634
 31
0
  0
LINE
  5
97
330
22
100
AcDbEntity
  8
F.Silkscreen
  6
CONTINUOUS
100
AcDbLine
 10
5.5231681889763777
 20
-4.1956498818897634
 30
0
 11
5.5234454724409447
 21
-4.1940114566929134
 31
0
  0
LINE
  5
98
330
22
100
AcDbEntity
  8
F.Silkscreen
  6
CONTINUOUS
100
AcDbLine
 10
5.5234454724409447
 20
-4.1940114566929134
 30
0
 11
5.5235491732283464
 21
-4.1920555905511812
 31
0
  0
LINE
  5
99
330
22
100
AcDbEntity
  8
F.Silkscreen
  6
CONTINUOUS
100
AcDbLine
 10
5.5235491732283464
 20
-4.1920555905511812
 30
0
 11
5.523445433070866
 21
-4.190067519685039
 31
0
  0
LINE
  5
9A
330
22
100
AcDbEntity
  8
F.Silkscreen
  6
CONTINUOUS
100
AcDbLine
 10
5.523445433070866
 20
-4.190067519685039
 30
0
 11
5.523168149606299
 21
-4.1884087795275589
 31
0
  0
LINE
  5
9B
330
22
100
AcDbEntity
  8
F.Silkscreen
  6
CONTINUOUS
100
AcDbLine
 10
5.523168149606299
 20
-4.1884087795275589
 30
0
 11
5.5227165354330712
 21
-4.1869066141732283
 31
0
  0
LINE
  5
9C
330
22
100
AcDbEntity
  8
F.Silkscreen
  6
CONTINUOUS
100
AcDbLine
 10
5.5227165354330712
 20
-4.1869066141732283
 30
0
 11
5.5220251181102364
 21
-4.1854464566929135
 31
0
  0
LINE
  5
9D
330
22
100
AcDbEntity
  8
F.Silkscreen
  6
CONTINUOUS
100
AcDbLine
 10
5.5220251181102364
 20
-4.1854464566929135
 30
0
 11
5.5211262992125985
 21
-4.1841726377952755
 31
0
  0
LINE
  5
9E
330
22
100
AcDbEntity
  8
F.Silkscreen
  6
CONTINUOUS
100
AcDbLine
 10
5.5211262992125985
 20
-4.1841726377952755
 30
0
 11
5.5200248818897633
 21
-4.1830784251968502
 31
0
  0
LINE
  5
9F
330
22
100
AcDbEntity
  8
F.Silkscreen
  6
CONTINUOUS
100
AcDbLine
 10
5.5200248818897633
 20
-4.1830784251968502
 30
0
 11
5.5188625590551181
 21
-4.1822465748031492
 31
0
  0
LINE
  5
A0
330
22
100
AcDbEntity
  8
F.Silkscreen
  6
CONTINUOUS
100
AcDbLine
 10
5.5188625590551181
 20
-4.1822465748031492
 30
0
 11
5.5174328740157481
 21
-4.181537913385827
 31
0
  0
LINE
  5
A1
330
22
100
AcDbEntity
  8
F.Silkscreen
  6
CONTINUOUS
100
AcDbLine
 10
5.5174328740157481
 20
-4.181537913385827
 30
0
 11
5.5163859842519685
 21
-4.1811806692913382
 31
0
  0
LINE
  5
A2
330
22
100
AcDbEntity
  8
F.Silkscreen
  6
CONTINUOUS
100
AcDbLine
 10
5.5163859842519685
 20
-4.1811806692913382
 30
0
 11
5.515264094488189
 21
-4.1809156299212598
 31
0
  0
LINE
  5
A3
330
22
100
AcDbEntity
  8
F.Silkscreen
  6
CONTINUOUS
100
AcDbLine
 10
5.515264094488189
 20
-4.1809156299212598
 30
0
 11
5.5140672440944885
 21
-4.1807427952755907
 31
0
  0
LINE
  5
A4
330
22
100
AcDbEntity
  8
F.Silkscreen
  6
CONTINUOUS
100
AcDbLine
 10
5.5140672440944885
 20
-4.1807427952755907
 30
0
 11
5.5127953543307084
 21
-4.180662165354331
 31
0
  0
LINE
  5
A5
330
22
100
AcDbEntity
  8
F.Silkscreen
  6
CONTINUOUS
100
AcDbLine
 10
5.5127953543307084
 20
-4.180662165354331
 30
0
 11
5.4788490551181104
 21
-4.1806559055118111
 31
0
  0
LINE
  5
A6
330
22
100
AcDbEntity
  8
F.Silkscreen
  6
CONTINUOUS
100
AcDbLine
 10
5.4788490551181104
 20
-4.1806559055118111
 30
0
 11
5.4788490157480316
 21
-4.1741059055118113
 31
0
  0
LINE
  5
A7
330
22
100
AcDbEntity
  8
F.Silkscreen
  6
CONTINUOUS
100
AcDbLine
 10
5.4788490157480316
 20
-4.1741059055118113
 30
0
 11
5.5134772047244089
 21
-4.1741397244094491
 31
0
  0
LINE
  5
A8
330
22
100
AcDbEntity
  8
F.Silkscreen
  6
CONTINUOUS
100
AcDbLine
 10
5.5281989763779524
 20
-4.1654555511811022
 30
0
 11
5.5236989763779523
 21
-4.165455590551181
 31
0
  0
LINE
  5
A9
330
22
100
AcDbEntity
  8
F.Silkscreen
  6
CONTINUOUS
100
AcDbLine
 10
5.5236989763779523
 20
-4.165455590551181
 30
0
 11
5.504698818897638
 21
-4.1483557086614171
 31
0
  0
LINE
  5
AA
330
22
100
AcDbEntity
  8
F.Silkscreen
  6
CONTINUOUS
100
AcDbLine
 10
5.504698818897638
 20
-4.1483557086614171
 30
0
 11
5.5016988188976379
 21
-4.1458362204724413
 31
0
  0
LINE
  5
AB
330
22
100
AcDbEntity
  8
F.Silkscreen
  6
CONTINUOUS
100
AcDbLine
 10
5.5016988188976379
 20
-4.1458362204724413
 30
0
 11
5.4994429527559054
 21
-4.144173818897638
 31
0
  0
LINE
  5
AC
330
22
100
AcDbEntity
  8
F.Silkscreen
  6
CONTINUOUS
100
AcDbLine
 10
5.4994429527559054
 20
-4.144173818897638
 30
0
 11
5.4975298425196852
 21
-4.1430196456692912
 31
0
  0
LINE
  5
AD
330
22
100
AcDbEntity
  8
F.Silkscreen
  6
CONTINUOUS
100
AcDbLine
 10
5.4975298425196852
 20
-4.1430196456692912
 30
0
 11
5.4965936614173225
 21
-4.1425948031496063
 31
0
  0
LINE
  5
AE
330
22
100
AcDbEntity
  8
F.Silkscreen
  6
CONTINUOUS
100
AcDbLine
 10
5.4965936614173225
 20
-4.1425948031496063
 30
0
 11
5.4956456692913385
 21
-4.1422526771653541
 31
0
  0
LINE
  5
AF
330
22
100
AcDbEntity
  8
F.Silkscreen
  6
CONTINUOUS
100
AcDbLine
 10
5.4956456692913385
 20
-4.1422526771653541
 30
0
 11
5.4946858661417322
 21
-4.1419932677165354
 31
0
  0
LINE
  5
B0
330
22
100
AcDbEntity
  8
F.Silkscreen
  6
CONTINUOUS
100
AcDbLine
 10
5.4946858661417322
 20
-4.1419932677165354
 30
0
 11
5.4937142125984249
 21
-4.1418165354330707
 31
0
  0
LINE
  5
B1
330
22
100
AcDbEntity
  8
F.Silkscreen
  6
CONTINUOUS
100
AcDbLine
 10
5.4937142125984249
 20
-4.1418165354330707
 30
0
 11
5.4926407874015748
 21
-4.1417181102362202
 31
0
  0
LINE
  5
B2
330
22
100
AcDbEntity
  8
F.Silkscreen
  6
CONTINUOUS
100
AcDbLine
 10
5.4926407874015748
 20
-4.1417181102362202
 30
0
 11
5.4916229921259845
 21
-4.1417148031496058
 31
0
  0
LINE
  5
B3
330
22
100
AcDbEntity
  8
F.Silkscreen
  6
CONTINUOUS
100
AcDbLine
 10
5.4916229921259845
 20
-4.1417148031496058
 30
0
 11
5.4905924803149606
 21
-4.1418007086614175
 31
0
  0
LINE
  5
B4
330
22
100
AcDbEntity
  8
F.Silkscreen
  6
CONTINUOUS
100
AcDbLine
 10
5.4905924803149606
 20
-4.1418007086614175
 30
0
 11
5.4896173228346452
 21
-4.1419775984251972
 31
0
  0
LINE
  5
B5
330
22
100
AcDbEntity
  8
F.Silkscreen
  6
CONTINUOUS
100
AcDbLine
 10
5.4896173228346452
 20
-4.1419775984251972
 30
0
 11
5.4886975590551179
 21
-4.142245472440945
 31
0
  0
LINE
  5
B6
330
22
100
AcDbEntity
  8
F.Silkscreen
  6
CONTINUOUS
100
AcDbLine
 10
5.4886975590551179
 20
-4.142245472440945
 30
0
 11
5.4878331496062991
 21
-4.142604291338583
 31
0
  0
LINE
  5
B7
330
22
100
AcDbEntity
  8
F.Silkscreen
  6
CONTINUOUS
100
AcDbLine
 10
5.4878331496062991
 20
-4.142604291338583
 30
0
 11
5.4870241338582675
 21
-4.1430540551181103
 31
0
  0
LINE
  5
B8
330
22
100
AcDbEntity
  8
F.Silkscreen
  6
CONTINUOUS
100
AcDbLine
 10
5.4870241338582675
 20
-4.1430540551181103
 30
0
 11
5.4862704724409443
 21
-4.1435948425196854
 31
0
  0
LINE
  5
B9
330
22
100
AcDbEntity
  8
F.Silkscreen
  6
CONTINUOUS
100
AcDbLine
 10
5.4862704724409443
 20
-4.1435948425196854
 30
0
 11
5.4855699212598426
 21
-4.144229566929134
 31
0
  0
LINE
  5
BA
330
22
100
AcDbEntity
  8
F.Silkscreen
  6
CONTINUOUS
100
AcDbLine
 10
5.4855699212598426
 20
-4.144229566929134
 30
0
 11
5.4849492125984254
 21
-4.144941614173228
 31
0
  0
LINE
  5
BB
330
22
100
AcDbEntity
  8
F.Silkscreen
  6
CONTINUOUS
100
AcDbLine
 10
5.4849492125984254
 20
-4.144941614173228
 30
0
 11
5.4844804724409446
 21
-4.1456259842519687
 31
0
  0
LINE
  5
BC
330
22
100
AcDbEntity
  8
F.Silkscreen
  6
CONTINUOUS
100
AcDbLine
 10
5.4844804724409446
 20
-4.1456259842519687
 30
0
 11
5.4840464960629918
 21
-4.1464538188976379
 31
0
  0
LINE
  5
BD
330
22
100
AcDbEntity
  8
F.Silkscreen
  6
CONTINUOUS
100
AcDbLine
 10
5.4840464960629918
 20
-4.1464538188976379
 30
0
 11
5.4837114173228345
 21
-4.1473429527559054
 31
0
  0
LINE
  5
BE
330
22
100
AcDbEntity
  8
F.Silkscreen
  6
CONTINUOUS
100
AcDbLine
 10
5.4837114173228345
 20
-4.1473429527559054
 30
0
 11
5.4834965748031497
 21
-4.1481847244094485
 31
0
  0
LINE
  5
BF
330
22
100
AcDbEntity
  8
F.Silkscreen
  6
CONTINUOUS
100
AcDbLine
 10
5.4834965748031497
 20
-4.1481847244094485
 30
0
 11
5.4833482677165355
 21
-4.1491896456692912
 31
0
  0
LINE
  5
C0
330
22
100
AcDbEntity
  8
F.Silkscreen
  6
CONTINUOUS
100
AcDbLine
 10
5.4833482677165355
 20
-4.1491896456692912
 30
0
 11
5.4832994488188973
 21
-4.1501343700787396
 31
0
  0
LINE
  5
C1
330
22
100
AcDbEntity
  8
F.Silkscreen
  6
CONTINUOUS
100
AcDbLine
 10
5.4832994488188973
 20
-4.1501343700787396
 30
0
 11
5.4833402755905514
 21
-4.1513980708661418
 31
0
  0
LINE
  5
C2
330
22
100
AcDbEntity
  8
F.Silkscreen
  6
CONTINUOUS
100
AcDbLine
 10
5.4833402755905514
 20
-4.1513980708661418
 30
0
 11
5.483464488188976
 21
-4.1524746456692911
 31
0
  0
LINE
  5
C3
330
22
100
AcDbEntity
  8
F.Silkscreen
  6
CONTINUOUS
100
AcDbLine
 10
5.483464488188976
 20
-4.1524746456692911
 30
0
 11
5.4836715354330705
 21
-4.1534855511811024
 31
0
  0
LINE
  5
C4
330
22
100
AcDbEntity
  8
F.Silkscreen
  6
CONTINUOUS
100
AcDbLine
 10
5.4836715354330705
 20
-4.1534855511811024
 30
0
 11
5.4839613779527561
 21
-4.1544308661417322
 31
0
  0
LINE
  5
C5
330
22
100
AcDbEntity
  8
F.Silkscreen
  6
CONTINUOUS
100
AcDbLine
 10
5.4839613779527561
 20
-4.1544308661417322
 30
0
 11
5.4843340551181097
 21
-4.1553105511811026
 31
0
  0
LINE
  5
C6
330
22
100
AcDbEntity
  8
F.Silkscreen
  6
CONTINUOUS
100
AcDbLine
 10
5.4843340551181097
 20
-4.1553105511811026
 30
0
 11
5.4847895275590552
 21
-4.1561246062992128
 31
0
  0
LINE
  5
C7
330
22
100
AcDbEntity
  8
F.Silkscreen
  6
CONTINUOUS
100
AcDbLine
 10
5.4847895275590552
 20
-4.1561246062992128
 30
0
 11
5.4853277952755901
 21
-4.1568730708661414
 31
0
  0
LINE
  5
C8
330
22
100
AcDbEntity
  8
F.Silkscreen
  6
CONTINUOUS
100
AcDbLine
 10
5.4853277952755901
 20
-4.1568730708661414
 30
0
 11
5.4859488976377948
 21
-4.157555866141732
 31
0
  0
LINE
  5
C9
330
22
100
AcDbEntity
  8
F.Silkscreen
  6
CONTINUOUS
100
AcDbLine
 10
5.4859488976377948
 20
-4.157555866141732
 30
0
 11
5.4866559448818899
 21
-4.1581535039370081
 31
0
  0
LINE
  5
CA
330
22
100
AcDbEntity
  8
F.Silkscreen
  6
CONTINUOUS
100
AcDbLine
 10
5.4866559448818899
 20
-4.1581535039370081
 30
0
 11
5.4874270472440942
 21
-4.1586714960629925
 31
0
  0
LINE
  5
CB
330
22
100
AcDbEntity
  8
F.Silkscreen
  6
CONTINUOUS
100
AcDbLine
 10
5.4874270472440942
 20
-4.1586714960629925
 30
0
 11
5.4882622047244096
 21
-4.1591097637795276
 31
0
  0
LINE
  5
CC
330
22
100
AcDbEntity
  8
F.Silkscreen
  6
CONTINUOUS
100
AcDbLine
 10
5.4882622047244096
 20
-4.1591097637795276
 30
0
 11
5.4891614173228342
 21
-4.1594683464566931
 31
0
  0
LINE
  5
CD
330
22
100
AcDbEntity
  8
F.Silkscreen
  6
CONTINUOUS
100
AcDbLine
 10
5.4891614173228342
 20
-4.1594683464566931
 30
0
 11
5.4901246850393699
 21
-4.159747244094488
 31
0
  0
LINE
  5
CE
330
22
100
AcDbEntity
  8
F.Silkscreen
  6
CONTINUOUS
100
AcDbLine
 10
5.4901246850393699
 20
-4.159747244094488
 30
0
 11
5.4911520472440944
 21
-4.1599464566929134
 31
0
  0
LINE
  5
CF
330
22
100
AcDbEntity
  8
F.Silkscreen
  6
CONTINUOUS
100
AcDbLine
 10
5.4911520472440944
 20
-4.1599464566929134
 30
0
 11
5.4922434645669291
 21
-4.1600659842519683
 31
0
  0
LINE
  5
D0
330
22
100
AcDbEntity
  8
F.Silkscreen
  6
CONTINUOUS
100
AcDbLine
 10
5.4922434645669291
 20
-4.1600659842519683
 30
0
 11
5.493398937007874
 21
-4.1601058267716535
 31
0
  0
LINE
  5
D1
330
22
100
AcDbEntity
  8
F.Silkscreen
  6
CONTINUOUS
100
AcDbLine
 10
5.493398937007874
 20
-4.1601058267716535
 30
0
 11
5.4933989763779527
 21
-4.1664058267716531
 31
0
  0
LINE
  5
D2
330
22
100
AcDbEntity
  8
F.Silkscreen
  6
CONTINUOUS
100
AcDbLine
 10
5.4933989763779527
 20
-4.1664058267716531
 30
0
 11
5.4911225590551176
 21
-4.1662758267716535
 31
0
  0
LINE
  5
D3
330
22
100
AcDbEntity
  8
F.Silkscreen
  6
CONTINUOUS
100
AcDbLine
 10
5.4911225590551176
 20
-4.1662758267716535
 30
0
 11
5.4891889763779522
 21
-4.1659321259842521
 31
0
  0
LINE
  5
D4
330
22
100
AcDbEntity
  8
F.Silkscreen
  6
CONTINUOUS
100
AcDbLine
 10
5.4891889763779522
 20
-4.1659321259842521
 30
0
 11
5.4872114566929131
 21
-4.1653058661417326
 31
0
  0
LINE
  5
D5
330
22
100
AcDbEntity
  8
F.Silkscreen
  6
CONTINUOUS
100
AcDbLine
 10
5.4872114566929131
 20
-4.1653058661417326
 30
0
 11
5.4855496062992124
 21
-4.16451094488189
 31
0
  0
LINE
  5
D6
330
22
100
AcDbEntity
  8
F.Silkscreen
  6
CONTINUOUS
100
AcDbLine
 10
5.4855496062992124
 20
-4.16451094488189
 30
0
 11
5.4838709842519684
 21
-4.1633883858267717
 31
0
  0
LINE
  5
D7
330
22
100
AcDbEntity
  8
F.Silkscreen
  6
CONTINUOUS
100
AcDbLine
 10
5.4838709842519684
 20
-4.1633883858267717
 30
0
 11
5.4824808267716536
 21
-4.1621423228346455
 31
0
  0
LINE
  5
D8
330
22
100
AcDbEntity
  8
F.Silkscreen
  6
CONTINUOUS
100
AcDbLine
 10
5.4824808267716536
 20
-4.1621423228346455
 30
0
 11
5.4811389763779523
 21
-4.1605588582677164
 31
0
  0
LINE
  5
D9
330
22
100
AcDbEntity
  8
F.Silkscreen
  6
CONTINUOUS
100
AcDbLine
 10
5.4811389763779523
 20
-4.1605588582677164
 30
0
 11
5.4801340551181097
 21
-4.1589678346456695
 31
0
  0
LINE
  5
DA
330
22
100
AcDbEntity
  8
F.Silkscreen
  6
CONTINUOUS
100
AcDbLine
 10
5.4801340551181097
 20
-4.1589678346456695
 30
0
 11
5.4792655511811024
 21
-4.1570512992125987
 31
0
  0
LINE
  5
DB
330
22
100
AcDbEntity
  8
F.Silkscreen
  6
CONTINUOUS
100
AcDbLine
 10
5.4792655511811024
 20
-4.1570512992125987
 30
0
 11
5.4786912992125982
 21
-4.1551577165354328
 31
0
  0
LINE
  5
DC
330
22
100
AcDbEntity
  8
F.Silkscreen
  6
CONTINUOUS
100
AcDbLine
 10
5.4786912992125982
 20
-4.1551577165354328
 30
0
 11
5.4783221653543306
 21
-4.1531201574803145
 31
0
  0
LINE
  5
DD
330
22
100
AcDbEntity
  8
F.Silkscreen
  6
CONTINUOUS
100
AcDbLine
 10
5.4783221653543306
 20
-4.1531201574803145
 30
0
 11
5.4781580708661419
 21
-4.1509385039370077
 31
0
  0
LINE
  5
DE
330
22
100
AcDbEntity
  8
F.Silkscreen
  6
CONTINUOUS
100
AcDbLine
 10
5.4781580708661419
 20
-4.1509385039370077
 30
0
 11
5.4782050787401575
 21
-4.1485762204724406
 31
0
  0
LINE
  5
DF
330
22
100
AcDbEntity
  8
F.Silkscreen
  6
CONTINUOUS
100
AcDbLine
 10
5.4782050787401575
 20
-4.1485762204724406
 30
0
 11
5.478466102362205
 21
-4.1464146456692914
 31
0
  0
LINE
  5
E0
330
22
100
AcDbEntity
  8
F.Silkscreen
  6
CONTINUOUS
100
AcDbLine
 10
5.478466102362205
 20
-4.1464146456692914
 30
0
 11
5.4789398031496059
 21
-4.14442437007874
 31
0
  0
LINE
  5
E1
330
22
100
AcDbEntity
  8
F.Silkscreen
  6
CONTINUOUS
100
AcDbLine
 10
5.4789398031496059
 20
-4.14442437007874
 30
0
 11
5.4796262204724409
 21
-4.1426054330708659
 31
0
  0
LINE
  5
E2
330
22
100
AcDbEntity
  8
F.Silkscreen
  6
CONTINUOUS
100
AcDbLine
 10
5.4796262204724409
 20
-4.1426054330708659
 30
0
 11
5.4805253543307089
 21
-4.140957874015748
 31
0
  0
LINE
  5
E3
330
22
100
AcDbEntity
  8
F.Silkscreen
  6
CONTINUOUS
100
AcDbLine
 10
5.4805253543307089
 20
-4.140957874015748
 30
0
 11
5.4815272834645672
 21
-4.1396087401574801
 31
0
  0
LINE
  5
E4
330
22
100
AcDbEntity
  8
F.Silkscreen
  6
CONTINUOUS
100
AcDbLine
 10
5.4815272834645672
 20
-4.1396087401574801
 30
0
 11
5.4828097244094485
 21
-4.1383099999999997
 31
0
  0
LINE
  5
E5
330
22
100
AcDbEntity
  8
F.Silkscreen
  6
CONTINUOUS
100
AcDbLine
 10
5.4828097244094485
 20
-4.1383099999999997
 30
0
 11
5.4842379921259843
 21
-4.1372464960629918
 31
0
  0
LINE
  5
E6
330
22
100
AcDbEntity
  8
F.Silkscreen
  6
CONTINUOUS
100
AcDbLine
 10
5.4842379921259843
 20
-4.1372464960629918
 30
0
 11
5.4856620866141732
 21
-4.1364847637795279
 31
0
  0
LINE
  5
E7
330
22
100
AcDbEntity
  8
F.Silkscreen
  6
CONTINUOUS
100
AcDbLine
 10
5.4856620866141732
 20
-4.1364847637795279
 30
0
 11
5.4873667322834647
 21
-4.1358724409448815
 31
0
  0
LINE
  5
E8
330
22
100
AcDbEntity
  8
F.Silkscreen
  6
CONTINUOUS
100
AcDbLine
 10
5.4873667322834647
 20
-4.1358724409448815
 30
0
 11
5.4890420078740156
 21
-4.1355208661417322
 31
0
  0
LINE
  5
E9
330
22
100
AcDbEntity
  8
F.Silkscreen
  6
CONTINUOUS
100
AcDbLine
 10
5.4890420078740156
 20
-4.1355208661417322
 30
0
 11
5.4910229921259841
 21
-4.1353597244094491
 31
0
  0
LINE
  5
EA
330
22
100
AcDbEntity
  8
F.Silkscreen
  6
CONTINUOUS
100
AcDbLine
 10
5.4910229921259841
 20
-4.1353597244094491
 30
0
 11
5.4923161417322834
 21
-4.1353921259842519
 31
0
  0
LINE
  5
EB
330
22
100
AcDbEntity
  8
F.Silkscreen
  6
CONTINUOUS
100
AcDbLine
 10
5.4923161417322834
 20
-4.1353921259842519
 30
0
 11
5.4937339370078737
 21
-4.1355828740157481
 31
0
  0
LINE
  5
EC
330
22
100
AcDbEntity
  8
F.Silkscreen
  6
CONTINUOUS
100
AcDbLine
 10
5.4937339370078737
 20
-4.1355828740157481
 30
0
 11
5.495201850393701
 21
-4.1359370472440942
 31
0
  0
LINE
  5
ED
330
22
100
AcDbEntity
  8
F.Silkscreen
  6
CONTINUOUS
100
AcDbLine
 10
5.495201850393701
 20
-4.1359370472440942
 30
0
 11
5.4967198818897636
 21
-4.1364547244094485
 31
0
  0
LINE
  5
EE
330
22
100
AcDbEntity
  8
F.Silkscreen
  6
CONTINUOUS
100
AcDbLine
 10
5.4967198818897636
 20
-4.1364547244094485
 30
0
 11
5.4980231889763775
 21
-4.137010984251968
 31
0
  0
LINE
  5
EF
330
22
100
AcDbEntity
  8
F.Silkscreen
  6
CONTINUOUS
100
AcDbLine
 10
5.4980231889763775
 20
-4.137010984251968
 30
0
 11
5.4996330314960629
 21
-4.1378283464566925
 31
0
  0
LINE
  5
F0
330
22
100
AcDbEntity
  8
F.Silkscreen
  6
CONTINUOUS
100
AcDbLine
 10
5.4996330314960629
 20
-4.1378283464566925
 30
0
 11
5.5012930314960631
 21
-4.1388091732283465
 31
0
  0
LINE
  5
F1
330
22
100
AcDbEntity
  8
F.Silkscreen
  6
CONTINUOUS
100
AcDbLine
 10
5.5012930314960631
 20
-4.1388091732283465
 30
0
 11
5.5030030708661419
 21
-4.1399535039370079
 31
0
  0
LINE
  5
F2
330
22
100
AcDbEntity
  8
F.Silkscreen
  6
CONTINUOUS
100
AcDbLine
 10
5.5030030708661419
 20
-4.1399535039370079
 30
0
 11
5.5053611023622047
 21
-4.1417335826771655
 31
0
  0
LINE
  5
F3
330
22
100
AcDbEntity
  8
F.Silkscreen
  6
CONTINUOUS
100
AcDbLine
 10
5.5053611023622047
 20
-4.1417335826771655
 30
0
 11
5.5078081889763775
 21
-4.1438042519685041
 31
0
  0
LINE
  5
F4
330
22
100
AcDbEntity
  8
F.Silkscreen
  6
CONTINUOUS
100
AcDbLine
 10
5.5078081889763775
 20
-4.1438042519685041
 30
0
 11
5.5230988976377953
 21
-4.1579055905511808
 31
0
  0
LINE
  5
F5
330
22
100
AcDbEntity
  8
F.Silkscreen
  6
CONTINUOUS
100
AcDbLine
 10
5.5230988976377953
 20
-4.1579055905511808
 30
0
 11
5.5230987401574803
 21
-4.1331055905511809
 31
0
  0
LINE
  5
F6
330
22
100
AcDbEntity
  8
F.Silkscreen
  6
CONTINUOUS
100
AcDbLine
 10
5.5230987401574803
 20
-4.1331055905511809
 30
0
 11
5.5281987401574799
 21
-4.1331055511811021
 31
0
  0
LINE
  5
F7
330
22
100
AcDbEntity
  8
F.Silkscreen
  6
CONTINUOUS
100
AcDbLine
 10
5.5281987401574799
 20
-4.1331055511811021
 30
0
 11
5.5281989763779524
 21
-4.1654555511811022
 31
0
  0
LINE
  5
F8
330
22
100
AcDbEntity
  8
F.Silkscreen
  6
CONTINUOUS
100
AcDbLine
 10
5.2101451968503936
 20
-3.9050674409448818
 30
0
 11
5.3479404724409445
 21
-3.9050664173228347
 31
0
  0
LINE
  5
F9
330
22
100
AcDbEntity
  8
F.Silkscreen
  6
CONTINUOUS
100
AcDbLine
 10
5.2101461417322836
 20
-4.0389257086614174
 30
0
 11
5.2101451968503936
 21
-3.9050674409448818
 31
0
  0
LINE
  5
FA
330
22
100
AcDbEntity
  8
F.Silkscreen
  6
CONTINUOUS
100
AcDbLine
 10
5.2168383464566928
 20
-3.9420752755905513
 30
0
 11
5.2168389763779528
 21
-4.0271146456692914
 31
0
  0
LINE
  5
FB
330
22
100
AcDbEntity
  8
F.Silkscreen
  6
CONTINUOUS
100
AcDbLine
 10
5.2168383464566928
 20
-3.9420752755905513
 30
0
 11
5.2534525196850392
 21
-3.942075
 31
0
  0
LINE
  5
FC
330
22
100
AcDbEntity
  8
F.Silkscreen
  6
CONTINUOUS
100
AcDbLine
 10
5.3412477952755903
 20
-3.9420743307086612
 30
0
 11
5.3046336220472439
 21
-3.9420746062992125
 31
0
  0
LINE
  5
FD
330
22
100
AcDbEntity
  8
F.Silkscreen
  6
CONTINUOUS
100
AcDbLine
 10
5.3412477952755903
 20
-3.9420743307086612
 30
0
 11
5.3412482283464566
 21
-3.9995546456692912
 31
0
  0
LINE
  5
FE
330
22
100
AcDbEntity
  8
F.Silkscreen
  6
CONTINUOUS
100
AcDbLine
 10
5.3479404724409445
 20
-3.9050664173228347
 30
0
 11
5.3479414173228346
 21
-4.0389246850393699
 31
0
  0
LINE
  5
FF
330
22
100
AcDbEntity
  8
F.Silkscreen
  6
CONTINUOUS
100
AcDbLine
 10
5.3479414173228346
 20
-4.0389246850393699
 30
0
 11
5.2101461417322836
 21
-4.0389257086614174
 31
0
  0
LINE
  5
100
330
22
100
AcDbEntity
  8
F.Silkscreen
  6
CONTINUOUS
100
AcDbLine
 10
5.1930785433070863
 20
-3.943847086614173
 30
0
 11
5.2020942913385824
 21
-3.9438470078740155
 31
0
  0
LINE
  5
101
330
22
100
AcDbEntity
  8
F.Silkscreen
  6
CONTINUOUS
100
AcDbLine
 10
5.2020942913385824
 20
-3.9438470078740155
 30
0
 11
5.2020943307086611
 21
-3.9488076377952757
 31
0
  0
LINE
  5
102
330
22
100
AcDbEntity
  8
F.Silkscreen
  6
CONTINUOUS
100
AcDbLine
 10
5.2020943307086611
 20
-3.9488076377952757
 30
0
 11
5.193078582677165
 21
-3.9488077165354332
 31
0
  0
LINE
  5
103
330
22
100
AcDbEntity
  8
F.Silkscreen
  6
CONTINUOUS
100
AcDbLine
 10
5.193078582677165
 20
-3.9488077165354332
 30
0
 11
5.1930787007874013
 21
-3.966524251968504
 31
0
  0
LINE
  5
104
330
22
100
AcDbEntity
  8
F.Silkscreen
  6
CONTINUOUS
100
AcDbLine
 10
5.1930787007874013
 20
-3.966524251968504
 30
0
 11
5.1901653149606295
 21
-3.9665242913385828
 31
0
  0
LINE
  5
105
330
22
100
AcDbEntity
  8
F.Silkscreen
  6
CONTINUOUS
100
AcDbLine
 10
5.1901653149606295
 20
-3.9665242913385828
 30
0
 11
5.1632360629921257
 21
-3.9491229133858265
 31
0
  0
LINE
  5
106
330
22
100
AcDbEntity
  8
F.Silkscreen
  6
CONTINUOUS
100
AcDbLine
 10
5.1632360629921257
 20
-3.9491229133858265
 30
0
 11
5.1632360629921257
 21
-3.9488079133858265
 31
0
  0
LINE
  5
107
330
22
100
AcDbEntity
  8
F.Silkscreen
  6
CONTINUOUS
100
AcDbLine
 10
5.1632360629921257
 20
-3.9488079133858265
 30
0
 11
5.1632360629921257
 21
-3.9488078740157477
 31
0
  0
LINE
  5
108
330
22
100
AcDbEntity
  8
F.Silkscreen
  6
CONTINUOUS
100
AcDbLine
 10
5.1632360629921257
 20
-3.9488078740157477
 30
0
 11
5.1699683464566926
 21
-3.9488078740157477
 31
0
  0
LINE
  5
109
330
22
100
AcDbEntity
  8
F.Silkscreen
  6
CONTINUOUS
100
AcDbLine
 10
5.1699683464566926
 20
-3.9488078740157477
 30
0
 11
5.1710313385826767
 21
-3.9493984251968501
 31
0
  0
LINE
  5
10A
330
22
100
AcDbEntity
  8
F.Silkscreen
  6
CONTINUOUS
100
AcDbLine
 10
5.1710313385826767
 20
-3.9493984251968501
 30
0
 11
5.1890235433070862
 21
-3.96093374015748
 31
0
  0
LINE
  5
10B
330
22
100
AcDbEntity
  8
F.Silkscreen
  6
CONTINUOUS
100
AcDbLine
 10
5.1890235433070862
 20
-3.96093374015748
 30
0
 11
5.1890234645669286
 21
-3.9488077559055119
 31
0
  0
LINE
  5
10C
330
22
100
AcDbEntity
  8
F.Silkscreen
  6
CONTINUOUS
100
AcDbLine
 10
5.1890234645669286
 20
-3.9488077559055119
 30
0
 11
5.1699683464566926
 21
-3.9488078740157477
 31
0
  0
LINE
  5
10D
330
22
100
AcDbEntity
  8
F.Silkscreen
  6
CONTINUOUS
100
AcDbLine
 10
5.1699683464566926
 20
-3.9488078740157477
 30
0
 11
5.1632360629921257
 21
-3.9488078740157477
 31
0
  0
LINE
  5
10E
330
22
100
AcDbEntity
  8
F.Silkscreen
  6
CONTINUOUS
100
AcDbLine
 10
5.1632360629921257
 20
-3.9488078740157477
 30
0
 11
5.1632360236220469
 21
-3.9438473228346456
 31
0
  0
LINE
  5
10F
330
22
100
AcDbEntity
  8
F.Silkscreen
  6
CONTINUOUS
100
AcDbLine
 10
5.1632360236220469
 20
-3.9438473228346456
 30
0
 11
5.1890234251968499
 21
-3.9438471259842518
 31
0
  0
LINE
  5
110
330
22
100
AcDbEntity
  8
F.Silkscreen
  6
CONTINUOUS
100
AcDbLine
 10
5.1890234251968499
 20
-3.9438471259842518
 30
0
 11
5.1890233858267711
 21
-3.9384534251968502
 31
0
  0
LINE
  5
111
330
22
100
AcDbEntity
  8
F.Silkscreen
  6
CONTINUOUS
100
AcDbLine
 10
5.1890233858267711
 20
-3.9384534251968502
 30
0
 11
5.1930785039370075
 21
-3.9384533858267714
 31
0
  0
LINE
  5
112
330
22
100
AcDbEntity
  8
F.Silkscreen
  6
CONTINUOUS
100
AcDbLine
 10
5.1930785039370075
 20
-3.9384533858267714
 30
0
 11
5.1930785433070863
 21
-3.943847086614173
 31
0
  0
LINE
  5
113
330
22
100
AcDbEntity
  8
F.Silkscreen
  6
CONTINUOUS
100
AcDbLine
 10
5.2086693307086609
 20
-3.9747131102362205
 30
0
 11
5.2021339370078739
 21
-3.9829021259842521
 31
0
  0
LINE
  5
114
330
22
100
AcDbEntity
  8
F.Silkscreen
  6
CONTINUOUS
100
AcDbLine
 10
5.2021339370078739
 20
-3.9829021259842521
 30
0
 11
5.2023813385826774
 21
-3.9840028346456693
 31
0
  0
LINE
  5
115
330
22
100
AcDbEntity
  8
F.Silkscreen
  6
CONTINUOUS
100
AcDbLine
 10
5.2023813385826774
 20
-3.9840028346456693
 30
0
 11
5.2025477952755903
 21
-3.9851346850393701
 31
0
  0
LINE
  5
116
330
22
100
AcDbEntity
  8
F.Silkscreen
  6
CONTINUOUS
100
AcDbLine
 10
5.2025477952755903
 20
-3.9851346850393701
 30
0
 11
5.2026332677165357
 21
-3.9862976771653544
 31
0
  0
LINE
  5
117
330
22
100
AcDbEntity
  8
F.Silkscreen
  6
CONTINUOUS
100
AcDbLine
 10
5.2026332677165357
 20
-3.9862976771653544
 30
0
 11
5.2026368503937004
 21
-3.9875288976377954
 31
0
  0
LINE
  5
118
330
22
100
AcDbEntity
  8
F.Silkscreen
  6
CONTINUOUS
100
AcDbLine
 10
5.2026368503937004
 20
-3.9875288976377954
 30
0
 11
5.2025655118110237
 21
-3.988647244094488
 31
0
  0
LINE
  5
119
330
22
100
AcDbEntity
  8
F.Silkscreen
  6
CONTINUOUS
100
AcDbLine
 10
5.2025655118110237
 20
-3.988647244094488
 30
0
 11
5.2023999606299212
 21
-3.9898657086614171
 31
0
  0
LINE
  5
11A
330
22
100
AcDbEntity
  8
F.Silkscreen
  6
CONTINUOUS
100
AcDbLine
 10
5.2023999606299212
 20
-3.9898657086614171
 30
0
 11
5.2021769685039372
 21
-3.9909134645669289
 31
0
  0
LINE
  5
11B
330
22
100
AcDbEntity
  8
F.Silkscreen
  6
CONTINUOUS
100
AcDbLine
 10
5.2021769685039372
 20
-3.9909134645669289
 30
0
 11
5.2018407874015749
 21
-3.9920524803149604
 31
0
  0
LINE
  5
11C
330
22
100
AcDbEntity
  8
F.Silkscreen
  6
CONTINUOUS
100
AcDbLine
 10
5.2018407874015749
 20
-3.9920524803149604
 30
0
 11
5.2014143307086611
 21
-3.9931494881889762
 31
0
  0
LINE
  5
11D
330
22
100
AcDbEntity
  8
F.Silkscreen
  6
CONTINUOUS
100
AcDbLine
 10
5.2014143307086611
 20
-3.9931494881889762
 30
0
 11
5.2009594488188977
 21
-3.9940892913385824
 31
0
  0
LINE
  5
11E
330
22
100
AcDbEntity
  8
F.Silkscreen
  6
CONTINUOUS
100
AcDbLine
 10
5.2009594488188977
 20
-3.9940892913385824
 30
0
 11
5.200433188976378
 21
-3.9949959055118107
 31
0
  0
LINE
  5
11F
330
22
100
AcDbEntity
  8
F.Silkscreen
  6
CONTINUOUS
100
AcDbLine
 10
5.200433188976378
 20
-3.9949959055118107
 30
0
 11
5.1997712204724404
 21
-3.9959681102362206
 31
0
  0
LINE
  5
120
330
22
100
AcDbEntity
  8
F.Silkscreen
  6
CONTINUOUS
100
AcDbLine
 10
5.1997712204724404
 20
-3.9959681102362206
 30
0
 11
5.1991197637795272
 21
-3.996780118110236
 31
0
  0
LINE
  5
121
330
22
100
AcDbEntity
  8
F.Silkscreen
  6
CONTINUOUS
100
AcDbLine
 10
5.1991197637795272
 20
-3.996780118110236
 30
0
 11
5.198314842519685
 21
-3.9976348031496061
 31
0
  0
LINE
  5
122
330
22
100
AcDbEntity
  8
F.Silkscreen
  6
CONTINUOUS
100
AcDbLine
 10
5.198314842519685
 20
-3.9976348031496061
 30
0
 11
5.1966954330708663
 21
-3.9990004724409447
 31
0
  0
LINE
  5
123
330
22
100
AcDbEntity
  8
F.Silkscreen
  6
CONTINUOUS
100
AcDbLine
 10
5.1966954330708663
 20
-3.9990004724409447
 30
0
 11
5.1956785433070864
 21
-3.9996821259842519
 31
0
  0
LINE
  5
124
330
22
100
AcDbEntity
  8
F.Silkscreen
  6
CONTINUOUS
100
AcDbLine
 10
5.1956785433070864
 20
-3.9996821259842519
 30
0
 11
5.1944592125984252
 21
-4.0003665354330709
 31
0
  0
LINE
  5
125
330
22
100
AcDbEntity
  8
F.Silkscreen
  6
CONTINUOUS
100
AcDbLine
 10
5.1944592125984252
 20
-4.0003665354330709
 30
0
 11
5.1932848425196854
 21
-4.000914527559055
 31
0
  0
LINE
  5
126
330
22
100
AcDbEntity
  8
F.Silkscreen
  6
CONTINUOUS
100
AcDbLine
 10
5.1932848425196854
 20
-4.000914527559055
 30
0
 11
5.1920552755905511
 21
-4.0013876771653543
 31
0
  0
LINE
  5
127
330
22
100
AcDbEntity
  8
F.Silkscreen
  6
CONTINUOUS
100
AcDbLine
 10
5.1920552755905511
 20
-4.0013876771653543
 30
0
 11
5.1907727165354327
 21
-4.0017844881889761
 31
0
  0
LINE
  5
128
330
22
100
AcDbEntity
  8
F.Silkscreen
  6
CONTINUOUS
100
AcDbLine
 10
5.1907727165354327
 20
-4.0017844881889761
 30
0
 11
5.1894372440944885
 21
-4.0021050000000002
 31
0
  0
LINE
  5
129
330
22
100
AcDbEntity
  8
F.Silkscreen
  6
CONTINUOUS
100
AcDbLine
 10
5.1894372440944885
 20
-4.0021050000000002
 30
0
 11
5.1880488188976379
 21
-4.0023492125984248
 31
0
  0
LINE
  5
12A
330
22
100
AcDbEntity
  8
F.Silkscreen
  6
CONTINUOUS
100
AcDbLine
 10
5.1880488188976379
 20
-4.0023492125984248
 30
0
 11
5.1866074409448819
 21
-4.0025171259842516
 31
0
  0
LINE
  5
12B
330
22
100
AcDbEntity
  8
F.Silkscreen
  6
CONTINUOUS
100
AcDbLine
 10
5.1866074409448819
 20
-4.0025171259842516
 30
0
 11
5.1846032677165352
 21
-4.0026223228346458
 31
0
  0
LINE
  5
12C
330
22
100
AcDbEntity
  8
F.Silkscreen
  6
CONTINUOUS
100
AcDbLine
 10
5.1846032677165352
 20
-4.0026223228346458
 30
0
 11
5.1812891732283459
 21
-4.0026262204724405
 31
0
  0
LINE
  5
12D
330
22
100
AcDbEntity
  8
F.Silkscreen
  6
CONTINUOUS
100
AcDbLine
 10
5.1812891732283459
 20
-4.0026262204724405
 30
0
 11
5.178568346456693
 21
-4.0024905905511812
 31
0
  0
LINE
  5
12E
330
22
100
AcDbEntity
  8
F.Silkscreen
  6
CONTINUOUS
100
AcDbLine
 10
5.178568346456693
 20
-4.0024905905511812
 30
0
 11
5.1769527952755903
 21
-4.0022833858267717
 31
0
  0
LINE
  5
12F
330
22
100
AcDbEntity
  8
F.Silkscreen
  6
CONTINUOUS
100
AcDbLine
 10
5.1769527952755903
 20
-4.0022833858267717
 30
0
 11
5.1754025984251966
 21
-4.0019819685039373
 31
0
  0
LINE
  5
130
330
22
100
AcDbEntity
  8
F.Silkscreen
  6
CONTINUOUS
100
AcDbLine
 10
5.1754025984251966
 20
-4.0019819685039373
 30
0
 11
5.1740632677165355
 21
-4.0016301574803146
 31
0
  0
LINE
  5
131
330
22
100
AcDbEntity
  8
F.Silkscreen
  6
CONTINUOUS
100
AcDbLine
 10
5.1740632677165355
 20
-4.0016301574803146
 30
0
 11
5.1726372834645664
 21
-4.0011497637795275
 31
0
  0
LINE
  5
132
330
22
100
AcDbEntity
  8
F.Silkscreen
  6
CONTINUOUS
100
AcDbLine
 10
5.1726372834645664
 20
-4.0011497637795275
 30
0
 11
5.1712772834645664
 21
-4.0005730708661416
 31
0
  0
LINE
  5
133
330
22
100
AcDbEntity
  8
F.Silkscreen
  6
CONTINUOUS
100
AcDbLine
 10
5.1712772834645664
 20
-4.0005730708661416
 30
0
 11
5.1698829921259843
 21
-3.9998329527559053
 31
0
  0
LINE
  5
134
330
22
100
AcDbEntity
  8
F.Silkscreen
  6
CONTINUOUS
100
AcDbLine
 10
5.1698829921259843
 20
-3.9998329527559053
 30
0
 11
5.1686073622047246
 21
-3.9989998425196851
 31
0
  0
LINE
  5
135
330
22
100
AcDbEntity
  8
F.Silkscreen
  6
CONTINUOUS
100
AcDbLine
 10
5.1686073622047246
 20
-3.9989998425196851
 30
0
 11
5.1674503543307084
 21
-3.9980736220472441
 31
0
  0
LINE
  5
136
330
22
100
AcDbEntity
  8
F.Silkscreen
  6
CONTINUOUS
100
AcDbLine
 10
5.1674503543307084
 20
-3.9980736220472441
 30
0
 11
5.1664119685039367
 21
-3.9970544094488187
 31
0
  0
LINE
  5
137
330
22
100
AcDbEntity
  8
F.Silkscreen
  6
CONTINUOUS
100
AcDbLine
 10
5.1664119685039367
 20
-3.9970544094488187
 30
0
 11
5.1654922047244094
 21
-3.9959421259842518
 31
0
  0
LINE
  5
138
330
22
100
AcDbEntity
  8
F.Silkscreen
  6
CONTINUOUS
100
AcDbLine
 10
5.1654922047244094
 20
-3.9959421259842518
 30
0
 11
5.1646921653543307
 21
-3.9947340551181103
 31
0
  0
LINE
  5
139
330
22
100
AcDbEntity
  8
F.Silkscreen
  6
CONTINUOUS
100
AcDbLine
 10
5.1646921653543307
 20
-3.9947340551181103
 30
0
 11
5.1640237401574804
 21
-3.993450275590551
 31
0
  0
LINE
  5
13A
330
22
100
AcDbEntity
  8
F.Silkscreen
  6
CONTINUOUS
100
AcDbLine
 10
5.1640237401574804
 20
-3.993450275590551
 30
0
 11
5.1634483858267712
 21
-3.9919808267716537
 31
0
  0
LINE
  5
13B
330
22
100
AcDbEntity
  8
F.Silkscreen
  6
CONTINUOUS
100
AcDbLine
 10
5.1634483858267712
 20
-3.9919808267716537
 30
0
 11
5.163062047244094
 21
-3.9905705905511808
 31
0
  0
LINE
  5
13C
330
22
100
AcDbEntity
  8
F.Silkscreen
  6
CONTINUOUS
100
AcDbLine
 10
5.163062047244094
 20
-3.9905705905511808
 30
0
 11
5.1628105905511807
 21
-3.9890998818897638
 31
0
  0
LINE
  5
13D
330
22
100
AcDbEntity
  8
F.Silkscreen
  6
CONTINUOUS
100
AcDbLine
 10
5.1628105905511807
 20
-3.9890998818897638
 30
0
 11
5.1626940551181102
 21
-3.9875687007874014
 31
0
  0
LINE
  5
13E
330
22
100
AcDbEntity
  8
F.Silkscreen
  6
CONTINUOUS
100
AcDbLine
 10
5.1626940551181102
 20
-3.9875687007874014
 30
0
 11
5.1627078346456692
 21
-3.9866817716535432
 31
0
  0
LINE
  5
13F
330
22
100
AcDbEntity
  8
F.Silkscreen
  6
CONTINUOUS
100
AcDbLine
 10
5.1627078346456692
 20
-3.9866817716535432
 30
0
 11
5.1670982677165354
 21
-3.9866817716535432
 31
0
  0
LINE
  5
140
330
22
100
AcDbEntity
  8
F.Silkscreen
  6
CONTINUOUS
100
AcDbLine
 10
5.1670982677165354
 20
-3.9866817716535432
 30
0
 11
5.1671677952755903
 21
-3.9883183464566927
 31
0
  0
LINE
  5
141
330
22
100
AcDbEntity
  8
F.Silkscreen
  6
CONTINUOUS
100
AcDbLine
 10
5.1671677952755903
 20
-3.9883183464566927
 30
0
 11
5.167456023622047
 21
-3.9898235433070863
 31
0
  0
LINE
  5
142
330
22
100
AcDbEntity
  8
F.Silkscreen
  6
CONTINUOUS
100
AcDbLine
 10
5.167456023622047
 20
-3.9898235433070863
 30
0
 11
5.1679629133858267
 21
-3.9912077559055117
 31
0
  0
LINE
  5
143
330
22
100
AcDbEntity
  8
F.Silkscreen
  6
CONTINUOUS
100
AcDbLine
 10
5.1679629133858267
 20
-3.9912077559055117
 30
0
 11
5.1686884251968506
 21
-3.9924710236220471
 31
0
  0
LINE
  5
144
330
22
100
AcDbEntity
  8
F.Silkscreen
  6
CONTINUOUS
100
AcDbLine
 10
5.1686884251968506
 20
-3.9924710236220471
 30
0
 11
5.1694446850393696
 21
-3.9934146062992126
 31
0
  0
LINE
  5
145
330
22
100
AcDbEntity
  8
F.Silkscreen
  6
CONTINUOUS
100
AcDbLine
 10
5.1694446850393696
 20
-3.9934146062992126
 30
0
 11
5.170347283464567
 21
-3.994277244094488
 31
0
  0
LINE
  5
146
330
22
100
AcDbEntity
  8
F.Silkscreen
  6
CONTINUOUS
100
AcDbLine
 10
5.170347283464567
 20
-3.994277244094488
 30
0
 11
5.1715146062992128
 21
-3.9951348818897636
 31
0
  0
LINE
  5
147
330
22
100
AcDbEntity
  8
F.Silkscreen
  6
CONTINUOUS
100
AcDbLine
 10
5.1715146062992128
 20
-3.9951348818897636
 30
0
 11
5.1726880708661414
 21
-3.9957957086614173
 31
0
  0
LINE
  5
148
330
22
100
AcDbEntity
  8
F.Silkscreen
  6
CONTINUOUS
100
AcDbLine
 10
5.1726880708661414
 20
-3.9957957086614173
 30
0
 11
5.1739751968503933
 21
-3.99634905511811
 31
0
  0
LINE
  5
149
330
22
100
AcDbEntity
  8
F.Silkscreen
  6
CONTINUOUS
100
AcDbLine
 10
5.1739751968503933
 20
-3.99634905511811
 30
0
 11
5.1753760236220474
 21
-3.9967950000000001
 31
0
  0
LINE
  5
14A
330
22
100
AcDbEntity
  8
F.Silkscreen
  6
CONTINUOUS
100
AcDbLine
 10
5.1753760236220474
 20
-3.9967950000000001
 30
0
 11
5.1768904724409444
 21
-3.9971335039370079
 31
0
  0
LINE
  5
14B
330
22
100
AcDbEntity
  8
F.Silkscreen
  6
CONTINUOUS
100
AcDbLine
 10
5.1768904724409444
 20
-3.9971335039370079
 30
0
 11
5.1787065354330704
 21
-3.9973835826771653
 31
0
  0
LINE
  5
14C
330
22
100
AcDbEntity
  8
F.Silkscreen
  6
CONTINUOUS
100
AcDbLine
 10
5.1787065354330704
 20
-3.9973835826771653
 30
0
 11
5.1808662992125987
 21
-3.9975054724409449
 31
0
  0
LINE
  5
14D
330
22
100
AcDbEntity
  8
F.Silkscreen
  6
CONTINUOUS
100
AcDbLine
 10
5.1808662992125987
 20
-3.9975054724409449
 30
0
 11
5.1845268503937003
 21
-3.9975024409448818
 31
0
  0
LINE
  5
14E
330
22
100
AcDbEntity
  8
F.Silkscreen
  6
CONTINUOUS
100
AcDbLine
 10
5.1845268503937003
 20
-3.9975024409448818
 30
0
 11
5.1863144881889767
 21
-3.9974102755905512
 31
0
  0
LINE
  5
14F
330
22
100
AcDbEntity
  8
F.Silkscreen
  6
CONTINUOUS
100
AcDbLine
 10
5.1863144881889767
 20
-3.9974102755905512
 30
0
 11
5.1879885039370075
 21
-3.9972075984251969
 31
0
  0
LINE
  5
150
330
22
100
AcDbEntity
  8
F.Silkscreen
  6
CONTINUOUS
100
AcDbLine
 10
5.1879885039370075
 20
-3.9972075984251969
 30
0
 11
5.1897151574803146
 21
-3.9968527165354328
 31
0
  0
LINE
  5
151
330
22
100
AcDbEntity
  8
F.Silkscreen
  6
CONTINUOUS
100
AcDbLine
 10
5.1897151574803146
 20
-3.9968527165354328
 30
0
 11
5.1914524015748027
 21
-3.99630468503937
 31
0
  0
LINE
  5
152
330
22
100
AcDbEntity
  8
F.Silkscreen
  6
CONTINUOUS
100
AcDbLine
 10
5.1914524015748027
 20
-3.99630468503937
 30
0
 11
5.1928843700787404
 21
-3.9956631889763781
 31
0
  0
LINE
  5
153
330
22
100
AcDbEntity
  8
F.Silkscreen
  6
CONTINUOUS
100
AcDbLine
 10
5.1928843700787404
 20
-3.9956631889763781
 30
0
 11
5.1941759842519684
 21
-3.9948851968503938
 31
0
  0
LINE
  5
154
330
22
100
AcDbEntity
  8
F.Silkscreen
  6
CONTINUOUS
100
AcDbLine
 10
5.1941759842519684
 20
-3.9948851968503938
 30
0
 11
5.1949968110236222
 21
-3.9942632283464565
 31
0
  0
LINE
  5
155
330
22
100
AcDbEntity
  8
F.Silkscreen
  6
CONTINUOUS
100
AcDbLine
 10
5.1949968110236222
 20
-3.9942632283464565
 30
0
 11
5.1956298031496058
 21
-3.9936883858267715
 31
0
  0
LINE
  5
156
330
22
100
AcDbEntity
  8
F.Silkscreen
  6
CONTINUOUS
100
AcDbLine
 10
5.1956298031496058
 20
-3.9936883858267715
 30
0
 11
5.1962825590551178
 21
-3.9929695669291339
 31
0
  0
LINE
  5
157
330
22
100
AcDbEntity
  8
F.Silkscreen
  6
CONTINUOUS
100
AcDbLine
 10
5.1962825590551178
 20
-3.9929695669291339
 30
0
 11
5.1967686220472435
 21
-3.9923122440944883
 31
0
  0
LINE
  5
158
330
22
100
AcDbEntity
  8
F.Silkscreen
  6
CONTINUOUS
100
AcDbLine
 10
5.1967686220472435
 20
-3.9923122440944883
 30
0
 11
5.197249921259842
 21
-3.991497244094488
 31
0
  0
LINE
  5
159
330
22
100
AcDbEntity
  8
F.Silkscreen
  6
CONTINUOUS
100
AcDbLine
 10
5.197249921259842
 20
-3.991497244094488
 30
0
 11
5.1975890551181099
 21
-3.9907574409448818
 31
0
  0
LINE
  5
15A
330
22
100
AcDbEntity
  8
F.Silkscreen
  6
CONTINUOUS
100
AcDbLine
 10
5.1975890551181099
 20
-3.9907574409448818
 30
0
 11
5.1978603149606295
 21
-3.9899795669291338
 31
0
  0
LINE
  5
15B
330
22
100
AcDbEntity
  8
F.Silkscreen
  6
CONTINUOUS
100
AcDbLine
 10
5.1978603149606295
 20
-3.9899795669291338
 30
0
 11
5.1980911023622047
 21
-3.9890239370078739
 31
0
  0
LINE
  5
15C
330
22
100
AcDbEntity
  8
F.Silkscreen
  6
CONTINUOUS
100
AcDbLine
 10
5.1980911023622047
 20
-3.9890239370078739
 30
0
 11
5.1982295669291334
 21
-3.9880165354330708
 31
0
  0
LINE
  5
15D
330
22
100
AcDbEntity
  8
F.Silkscreen
  6
CONTINUOUS
100
AcDbLine
 10
5.1982295669291334
 20
-3.9880165354330708
 30
0
 11
5.1982757086614173
 21
-3.9869572834645668
 31
0
  0
LINE
  5
15E
330
22
100
AcDbEntity
  8
F.Silkscreen
  6
CONTINUOUS
100
AcDbLine
 10
5.1982757086614173
 20
-3.9869572834645668
 30
0
 11
5.1982190944881888
 21
-3.9857522047244092
 31
0
  0
LINE
  5
15F
330
22
100
AcDbEntity
  8
F.Silkscreen
  6
CONTINUOUS
100
AcDbLine
 10
5.1982190944881888
 20
-3.9857522047244092
 30
0
 11
5.1980767322834645
 21
-3.9847552755905511
 31
0
  0
LINE
  5
160
330
22
100
AcDbEntity
  8
F.Silkscreen
  6
CONTINUOUS
100
AcDbLine
 10
5.1980767322834645
 20
-3.9847552755905511
 30
0
 11
5.1978476771653543
 21
-3.9838120472440943
 31
0
  0
LINE
  5
161
330
22
100
AcDbEntity
  8
F.Silkscreen
  6
CONTINUOUS
100
AcDbLine
 10
5.1978476771653543
 20
-3.9838120472440943
 30
0
 11
5.1975319685039372
 21
-3.9829224803149605
 31
0
  0
LINE
  5
162
330
22
100
AcDbEntity
  8
F.Silkscreen
  6
CONTINUOUS
100
AcDbLine
 10
5.1975319685039372
 20
-3.9829224803149605
 30
0
 11
5.1971296456692908
 21
-3.9820866141732281
 31
0
  0
LINE
  5
163
330
22
100
AcDbEntity
  8
F.Silkscreen
  6
CONTINUOUS
100
AcDbLine
 10
5.1971296456692908
 20
-3.9820866141732281
 30
0
 11
5.1966405905511808
 21
-3.9813044881889761
 31
0
  0
LINE
  5
164
330
22
100
AcDbEntity
  8
F.Silkscreen
  6
CONTINUOUS
100
AcDbLine
 10
5.1966405905511808
 20
-3.9813044881889761
 30
0
 11
5.1956006692913386
 21
-3.9800885433070867
 31
0
  0
LINE
  5
165
330
22
100
AcDbEntity
  8
F.Silkscreen
  6
CONTINUOUS
100
AcDbLine
 10
5.1956006692913386
 20
-3.9800885433070867
 30
0
 11
5.1949851968503937
 21
-3.9795397637795276
 31
0
  0
LINE
  5
166
330
22
100
AcDbEntity
  8
F.Silkscreen
  6
CONTINUOUS
100
AcDbLine
 10
5.1949851968503937
 20
-3.9795397637795276
 30
0
 11
5.194188700787401
 21
-3.9789507480314961
 31
0
  0
LINE
  5
167
330
22
100
AcDbEntity
  8
F.Silkscreen
  6
CONTINUOUS
100
AcDbLine
 10
5.194188700787401
 20
-3.9789507480314961
 30
0
 11
5.1926481889763778
 21
-3.9780842913385825
 31
0
  0
LINE
  5
168
330
22
100
AcDbEntity
  8
F.Silkscreen
  6
CONTINUOUS
100
AcDbLine
 10
5.1926481889763778
 20
-3.9780842913385825
 30
0
 11
5.1908889763779529
 21
-3.9774005511811024
 31
0
  0
LINE
  5
169
330
22
100
AcDbEntity
  8
F.Silkscreen
  6
CONTINUOUS
100
AcDbLine
 10
5.1908889763779529
 20
-3.9774005511811024
 30
0
 11
5.188911102362205
 21
-3.9768995275590551
 31
0
  0
LINE
  5
16A
330
22
100
AcDbEntity
  8
F.Silkscreen
  6
CONTINUOUS
100
AcDbLine
 10
5.188911102362205
 20
-3.9768995275590551
 30
0
 11
5.1867145275590554
 21
-3.9765812204724407
 31
0
  0
LINE
  5
16B
330
22
100
AcDbEntity
  8
F.Silkscreen
  6
CONTINUOUS
100
AcDbLine
 10
5.1867145275590554
 20
-3.9765812204724407
 30
0
 11
5.1845088582677166
 21
-3.9764499212598423
 31
0
  0
LINE
  5
16C
330
22
100
AcDbEntity
  8
F.Silkscreen
  6
CONTINUOUS
100
AcDbLine
 10
5.1845088582677166
 20
-3.9764499212598423
 30
0
 11
5.1813858661417322
 21
-3.9764455905511809
 31
0
  0
LINE
  5
16D
330
22
100
AcDbEntity
  8
F.Silkscreen
  6
CONTINUOUS
100
AcDbLine
 10
5.1813858661417322
 20
-3.9764455905511809
 30
0
 11
5.1793220078740152
 21
-3.9765129133858266
 31
0
  0
LINE
  5
16E
330
22
100
AcDbEntity
  8
F.Silkscreen
  6
CONTINUOUS
100
AcDbLine
 10
5.1793220078740152
 20
-3.9765129133858266
 30
0
 11
5.1774119291338581
 21
-3.9767147637795275
 31
0
  0
LINE
  5
16F
330
22
100
AcDbEntity
  8
F.Silkscreen
  6
CONTINUOUS
100
AcDbLine
 10
5.1774119291338581
 20
-3.9767147637795275
 30
0
 11
5.1756556692913387
 21
-3.9770511811023623
 31
0
  0
LINE
  5
170
330
22
100
AcDbEntity
  8
F.Silkscreen
  6
CONTINUOUS
100
AcDbLine
 10
5.1756556692913387
 20
-3.9770511811023623
 30
0
 11
5.1739014173228348
 21
-3.9775766929133858
 31
0
  0
LINE
  5
171
330
22
100
AcDbEntity
  8
F.Silkscreen
  6
CONTINUOUS
100
AcDbLine
 10
5.1739014173228348
 20
-3.9775766929133858
 30
0
 11
5.1724680708661417
 21
-3.978195708661417
 31
0
  0
LINE
  5
172
330
22
100
AcDbEntity
  8
F.Silkscreen
  6
CONTINUOUS
100
AcDbLine
 10
5.1724680708661417
 20
-3.978195708661417
 30
0
 11
5.1711885826771651
 21
-3.9789492519685039
 31
0
  0
LINE
  5
173
330
22
100
AcDbEntity
  8
F.Silkscreen
  6
CONTINUOUS
100
AcDbLine
 10
5.1711885826771651
 20
-3.9789492519685039
 30
0
 11
5.1699581102362204
 21
-3.9799176377952756
 31
0
  0
LINE
  5
174
330
22
100
AcDbEntity
  8
F.Silkscreen
  6
CONTINUOUS
100
AcDbLine
 10
5.1699581102362204
 20
-3.9799176377952756
 30
0
 11
5.1690267322834647
 21
-3.9809164960629921
 31
0
  0
LINE
  5
175
330
22
100
AcDbEntity
  8
F.Silkscreen
  6
CONTINUOUS
100
AcDbLine
 10
5.1690267322834647
 20
-3.9809164960629921
 30
0
 11
5.1682131496062995
 21
-3.9821484645669289
 31
0
  0
LINE
  5
176
330
22
100
AcDbEntity
  8
F.Silkscreen
  6
CONTINUOUS
100
AcDbLine
 10
5.1682131496062995
 20
-3.9821484645669289
 30
0
 11
5.167620551181102
 21
-3.9835199999999999
 31
0
  0
LINE
  5
177
330
22
100
AcDbEntity
  8
F.Silkscreen
  6
CONTINUOUS
100
AcDbLine
 10
5.167620551181102
 20
-3.9835199999999999
 30
0
 11
5.167248897637795
 21
-3.9850311023622047
 31
0
  0
LINE
  5
178
330
22
100
AcDbEntity
  8
F.Silkscreen
  6
CONTINUOUS
100
AcDbLine
 10
5.167248897637795
 20
-3.9850311023622047
 30
0
 11
5.1670982677165354
 21
-3.9866817716535432
 31
0
  0
LINE
  5
179
330
22
100
AcDbEntity
  8
F.Silkscreen
  6
CONTINUOUS
100
AcDbLine
 10
5.1670982677165354
 20
-3.9866817716535432
 30
0
 11
5.1627078346456692
 21
-3.9866817716535432
 31
0
  0
LINE
  5
17A
330
22
100
AcDbEntity
  8
F.Silkscreen
  6
CONTINUOUS
100
AcDbLine
 10
5.1627078346456692
 20
-3.9866817716535432
 30
0
 11
5.1627208267716531
 21
-3.9858428740157481
 31
0
  0
LINE
  5
17B
330
22
100
AcDbEntity
  8
F.Silkscreen
  6
CONTINUOUS
100
AcDbLine
 10
5.1627208267716531
 20
-3.9858428740157481
 30
0
 11
5.1628863779527556
 21
-3.9843123228346458
 31
0
  0
LINE
  5
17C
330
22
100
AcDbEntity
  8
F.Silkscreen
  6
CONTINUOUS
100
AcDbLine
 10
5.1628863779527556
 20
-3.9843123228346458
 30
0
 11
5.1632208661417325
 21
-3.9827169291338582
 31
0
  0
LINE
  5
17D
330
22
100
AcDbEntity
  8
F.Silkscreen
  6
CONTINUOUS
100
AcDbLine
 10
5.1632208661417325
 20
-3.9827169291338582
 30
0
 11
5.163668503937008
 21
-3.9813225590551182
 31
0
  0
LINE
  5
17E
330
22
100
AcDbEntity
  8
F.Silkscreen
  6
CONTINUOUS
100
AcDbLine
 10
5.163668503937008
 20
-3.9813225590551182
 30
0
 11
5.1641925590551176
 21
-3.9801114566929132
 31
0
  0
LINE
  5
17F
330
22
100
AcDbEntity
  8
F.Silkscreen
  6
CONTINUOUS
100
AcDbLine
 10
5.1641925590551176
 20
-3.9801114566929132
 30
0
 11
5.1648280708661414
 21
-3.9789541732283462
 31
0
  0
LINE
  5
180
330
22
100
AcDbEntity
  8
F.Silkscreen
  6
CONTINUOUS
100
AcDbLine
 10
5.1648280708661414
 20
-3.9789541732283462
 30
0
 11
5.1656394094488185
 21
-3.9777645275590552
 31
0
  0
LINE
  5
181
330
22
100
AcDbEntity
  8
F.Silkscreen
  6
CONTINUOUS
100
AcDbLine
 10
5.1656394094488185
 20
-3.9777645275590552
 30
0
 11
5.1664779527559057
 21
-3.9767675984251967
 31
0
  0
LINE
  5
182
330
22
100
AcDbEntity
  8
F.Silkscreen
  6
CONTINUOUS
100
AcDbLine
 10
5.1664779527559057
 20
-3.9767675984251967
 30
0
 11
5.1674144881889763
 21
-3.9758494881889761
 31
0
  0
LINE
  5
183
330
22
100
AcDbEntity
  8
F.Silkscreen
  6
CONTINUOUS
100
AcDbLine
 10
5.1674144881889763
 20
-3.9758494881889761
 30
0
 11
5.1685579527559051
 21
-3.9749305511811022
 31
0
  0
LINE
  5
184
330
22
100
AcDbEntity
  8
F.Silkscreen
  6
CONTINUOUS
100
AcDbLine
 10
5.1685579527559051
 20
-3.9749305511811022
 30
0
 11
5.169700433070866
 21
-3.9741779527559054
 31
0
  0
LINE
  5
185
330
22
100
AcDbEntity
  8
F.Silkscreen
  6
CONTINUOUS
100
AcDbLine
 10
5.169700433070866
 20
-3.9741779527559054
 30
0
 11
5.1709409448818899
 21
-3.9735041338582677
 31
0
  0
LINE
  5
186
330
22
100
AcDbEntity
  8
F.Silkscreen
  6
CONTINUOUS
100
AcDbLine
 10
5.1709409448818899
 20
-3.9735041338582677
 30
0
 11
5.1722812992125986
 21
-3.9729119291338582
 31
0
  0
LINE
  5
187
330
22
100
AcDbEntity
  8
F.Silkscreen
  6
CONTINUOUS
100
AcDbLine
 10
5.1722812992125986
 20
-3.9729119291338582
 30
0
 11
5.1736963779527558
 21
-3.9724126771653543
 31
0
  0
LINE
  5
188
330
22
100
AcDbEntity
  8
F.Silkscreen
  6
CONTINUOUS
100
AcDbLine
 10
5.1736963779527558
 20
-3.9724126771653543
 30
0
 11
5.1751787007874013
 21
-3.9720076377952753
 31
0
  0
LINE
  5
189
330
22
100
AcDbEntity
  8
F.Silkscreen
  6
CONTINUOUS
100
AcDbLine
 10
5.1751787007874013
 20
-3.9720076377952753
 30
0
 11
5.1767283070866137
 21
-3.9716967716535434
 31
0
  0
LINE
  5
18A
330
22
100
AcDbEntity
  8
F.Silkscreen
  6
CONTINUOUS
100
AcDbLine
 10
5.1767283070866137
 20
-3.9716967716535434
 30
0
 11
5.1781805118110231
 21
-3.9714975196850393
 31
0
  0
LINE
  5
18B
330
22
100
AcDbEntity
  8
F.Silkscreen
  6
CONTINUOUS
100
AcDbLine
 10
5.1781805118110231
 20
-3.9714975196850393
 30
0
 11
5.1798579527559054
 21
-3.9713656692913384
 31
0
  0
LINE
  5
18C
330
22
100
AcDbEntity
  8
F.Silkscreen
  6
CONTINUOUS
100
AcDbLine
 10
5.1798579527559054
 20
-3.9713656692913384
 30
0
 11
5.1839055118110231
 21
-3.9713274803149607
 31
0
  0
LINE
  5
18D
330
22
100
AcDbEntity
  8
F.Silkscreen
  6
CONTINUOUS
100
AcDbLine
 10
5.1839055118110231
 20
-3.9713274803149607
 30
0
 11
5.1864601968503932
 21
-3.971426929133858
 31
0
  0
LINE
  5
18E
330
22
100
AcDbEntity
  8
F.Silkscreen
  6
CONTINUOUS
100
AcDbLine
 10
5.1864601968503932
 20
-3.971426929133858
 30
0
 11
5.1889992519685038
 21
-3.9717523228346456
 31
0
  0
LINE
  5
18F
330
22
100
AcDbEntity
  8
F.Silkscreen
  6
CONTINUOUS
100
AcDbLine
 10
5.1889992519685038
 20
-3.9717523228346456
 30
0
 11
5.1913463779527556
 21
-3.9723040944881891
 31
0
  0
LINE
  5
190
330
22
100
AcDbEntity
  8
F.Silkscreen
  6
CONTINUOUS
100
AcDbLine
 10
5.1913463779527556
 20
-3.9723040944881891
 30
0
 11
5.1933725196850391
 21
-3.9730270078740157
 31
0
  0
LINE
  5
191
330
22
100
AcDbEntity
  8
F.Silkscreen
  6
CONTINUOUS
100
AcDbLine
 10
5.1933725196850391
 20
-3.9730270078740157
 30
0
 11
5.1954334645669293
 21
-3.974048897637795
 31
0
  0
LINE
  5
192
330
22
100
AcDbEntity
  8
F.Silkscreen
  6
CONTINUOUS
100
AcDbLine
 10
5.1954334645669293
 20
-3.974048897637795
 30
0
 11
5.1971426771653544
 21
-3.9751964566929132
 31
0
  0
LINE
  5
193
330
22
100
AcDbEntity
  8
F.Silkscreen
  6
CONTINUOUS
100
AcDbLine
 10
5.1971426771653544
 20
-3.9751964566929132
 30
0
 11
5.1979142519685038
 21
-3.9758385039370077
 31
0
  0
LINE
  5
194
330
22
100
AcDbEntity
  8
F.Silkscreen
  6
CONTINUOUS
100
AcDbLine
 10
5.1979142519685038
 20
-3.9758385039370077
 30
0
 11
5.1987160629921263
 21
-3.9766152362204723
 31
0
  0
LINE
  5
195
330
22
100
AcDbEntity
  8
F.Silkscreen
  6
CONTINUOUS
100
AcDbLine
 10
5.1987160629921263
 20
-3.9766152362204723
 30
0
 11
5.1999685433070866
 21
-3.9781383858267714
 31
0
  0
LINE
  5
196
330
22
100
AcDbEntity
  8
F.Silkscreen
  6
CONTINUOUS
100
AcDbLine
 10
5.1999685433070866
 20
-3.9781383858267714
 30
0
 11
5.2054409448818895
 21
-3.9712092125984251
 31
0
  0
LINE
  5
197
330
22
100
AcDbEntity
  8
F.Silkscreen
  6
CONTINUOUS
100
AcDbLine
 10
5.2054409448818895
 20
-3.9712092125984251
 30
0
 11
5.2086693307086609
 21
-3.9747131102362205
 31
0
  0
LINE
  5
198
330
22
100
AcDbEntity
  8
F.Silkscreen
  6
CONTINUOUS
100
AcDbLine
 10
5.2058151574803144
 20
-4.5684333464566924
 30
0
 11
5.2058147637795278
 21
-4.5111813779527559
 31
0
  0
LINE
  5
199
330
22
100
AcDbEntity
  8
F.Silkscreen
  6
CONTINUOUS
100
AcDbLine
 10
5.2774687007874013
 20
-4.5684327952755908
 30
0
 11
5.2774683070866137
 21
-4.5111808267716533
 31
0
  0
LINE
  5
19A
330
22
100
AcDbEntity
  8
F.Silkscreen
  6
CONTINUOUS
100
AcDbLine
 10
5.334771889763779
 20
-4.5709087795275591
 30
0
 11
5.3018585039370079
 21
-4.5709090157480317
 31
0
  0
LINE
  5
19B
330
22
100
AcDbEntity
  8
F.Silkscreen
  6
CONTINUOUS
100
AcDbLine
 10
5.3018585039370079
 20
-4.5709090157480317
 30
0
 11
5.3055199999999996
 21
-4.5808696062992125
 31
0
  0
LINE
  5
19C
330
22
100
AcDbEntity
  8
F.Silkscreen
  6
CONTINUOUS
100
AcDbLine
 10
5.3055199999999996
 20
-4.5808696062992125
 30
0
 11
5.3010318110236216
 21
-4.5808696456692912
 31
0
  0
LINE
  5
19D
330
22
100
AcDbEntity
  8
F.Silkscreen
  6
CONTINUOUS
100
AcDbLine
 10
5.3010318110236216
 20
-4.5808696456692912
 30
0
 11
5.2957167322834646
 21
-4.5666964566929131
 31
0
  0
LINE
  5
19E
330
22
100
AcDbEntity
  8
F.Silkscreen
  6
CONTINUOUS
100
AcDbLine
 10
5.2957167322834646
 20
-4.5666964566929131
 30
0
 11
5.2957167322834646
 21
-4.5659484251968498
 31
0
  0
LINE
  5
19F
330
22
100
AcDbEntity
  8
F.Silkscreen
  6
CONTINUOUS
100
AcDbLine
 10
5.2957167322834646
 20
-4.5659484251968498
 30
0
 11
5.3347718503937003
 21
-4.5659481496062995
 31
0
  0
LINE
  5
1A0
330
22
100
AcDbEntity
  8
F.Silkscreen
  6
CONTINUOUS
100
AcDbLine
 10
5.3347718503937003
 20
-4.5659481496062995
 30
0
 11
5.334771889763779
 21
-4.5709087795275591
 31
0
  0
LINE
  5
1A1
330
22
100
AcDbEntity
  8
F.Silkscreen
  6
CONTINUOUS
100
AcDbLine
 10
5.3347716141732286
 20
-4.5328379133858263
 30
0
 11
5.3213858661417319
 21
-4.5428773622047247
 31
0
  0
LINE
  5
1A2
330
22
100
AcDbEntity
  8
F.Silkscreen
  6
CONTINUOUS
100
AcDbLine
 10
5.3213858661417319
 20
-4.5428773622047247
 30
0
 11
5.3246142125984255
 21
-4.5459875984251967
 31
0
  0
LINE
  5
1A3
330
22
100
AcDbEntity
  8
F.Silkscreen
  6
CONTINUOUS
100
AcDbLine
 10
5.3246142125984255
 20
-4.5459875984251967
 30
0
 11
5.3347716929133853
 21
-4.5459875196850392
 31
0
  0
LINE
  5
1A4
330
22
100
AcDbEntity
  8
F.Silkscreen
  6
CONTINUOUS
100
AcDbLine
 10
5.3347716929133853
 20
-4.5459875196850392
 30
0
 11
5.334771732283464
 21
-4.5509087795275587
 31
0
  0
LINE
  5
1A5
330
22
100
AcDbEntity
  8
F.Silkscreen
  6
CONTINUOUS
100
AcDbLine
 10
5.334771732283464
 20
-4.5509087795275587
 30
0
 11
5.2937481102362201
 21
-4.5509090551181099
 31
0
  0
LINE
  5
1A6
330
22
100
AcDbEntity
  8
F.Silkscreen
  6
CONTINUOUS
100
AcDbLine
 10
5.2937481102362201
 20
-4.5509090551181099
 30
0
 11
5.2937480708661413
 21
-4.5459877952755905
 31
0
  0
LINE
  5
1A7
330
22
100
AcDbEntity
  8
F.Silkscreen
  6
CONTINUOUS
100
AcDbLine
 10
5.2937480708661413
 20
-4.5459877952755905
 30
0
 11
5.3185512204724406
 21
-4.5459876377952755
 31
0
  0
LINE
  5
1A8
330
22
100
AcDbEntity
  8
F.Silkscreen
  6
CONTINUOUS
100
AcDbLine
 10
5.3185512204724406
 20
-4.5459876377952755
 30
0
 11
5.3154016141732283
 21
-4.5433498425196852
 31
0
  0
LINE
  5
1A9
330
22
100
AcDbEntity
  8
F.Silkscreen
  6
CONTINUOUS
100
AcDbLine
 10
5.3154016141732283
 20
-4.5433498425196852
 30
0
 11
5.3058739763779528
 21
-4.5343341732283466
 31
0
  0
LINE
  5
1AA
330
22
100
AcDbEntity
  8
F.Silkscreen
  6
CONTINUOUS
100
AcDbLine
 10
5.3058739763779528
 20
-4.5343341732283466
 30
0
 11
5.305873937007874
 21
-4.5283499212598421
 31
0
  0
LINE
  5
1AB
330
22
100
AcDbEntity
  8
F.Silkscreen
  6
CONTINUOUS
100
AcDbLine
 10
5.305873937007874
 20
-4.5283499212598421
 30
0
 11
5.3179606299212594
 21
-4.5395703149606295
 31
0
  0
LINE
  5
1AC
330
22
100
AcDbEntity
  8
F.Silkscreen
  6
CONTINUOUS
100
AcDbLine
 10
5.3179606299212594
 20
-4.5395703149606295
 30
0
 11
5.3347715748031499
 21
-4.5270111417322836
 31
0
  0
LINE
  5
1AD
330
22
100
AcDbEntity
  8
F.Silkscreen
  6
CONTINUOUS
100
AcDbLine
 10
5.3347715748031499
 20
-4.5270111417322836
 30
0
 11
5.3347716141732286
 21
-4.5328379133858263
 31
0
  0
LINE
  5
1AE
330
22
100
AcDbEntity
  8
F.Silkscreen
  6
CONTINUOUS
100
AcDbLine
 10
5.1914646062992125
 20
-4.5430152362204721
 30
0
 11
5.1757559842519685
 21
-4.551440551181102
 31
0
  0
LINE
  5
1AF
330
22
100
AcDbEntity
  8
F.Silkscreen
  6
CONTINUOUS
100
AcDbLine
 10
5.1757559842519685
 20
-4.551440551181102
 30
0
 11
5.175756062992126
 21
-4.5605744094488188
 31
0
  0
LINE
  5
1B0
330
22
100
AcDbEntity
  8
F.Silkscreen
  6
CONTINUOUS
100
AcDbLine
 10
5.175756062992126
 20
-4.5605744094488188
 30
0
 11
5.1914647244094487
 21
-4.5605742913385825
 31
0
  0
LINE
  5
1B1
330
22
100
AcDbEntity
  8
F.Silkscreen
  6
CONTINUOUS
100
AcDbLine
 10
5.1914647244094487
 20
-4.5605742913385825
 30
0
 11
5.1914647637795275
 21
-4.5657317716535433
 31
0
  0
LINE
  5
1B2
330
22
100
AcDbEntity
  8
F.Silkscreen
  6
CONTINUOUS
100
AcDbLine
 10
5.1914647637795275
 20
-4.5657317716535433
 30
0
 11
5.152606496062992
 21
-4.5657320866141733
 31
0
  0
LINE
  5
1B3
330
22
100
AcDbEntity
  8
F.Silkscreen
  6
CONTINUOUS
100
AcDbLine
 10
5.152606496062992
 20
-4.5657320866141733
 30
0
 11
5.1526089763779526
 21
-4.5605745669291338
 31
0
  0
LINE
  5
1B4
330
22
100
AcDbEntity
  8
F.Silkscreen
  6
CONTINUOUS
100
AcDbLine
 10
5.1526089763779526
 20
-4.5605745669291338
 30
0
 11
5.1568190551181106
 21
-4.5605745669291338
 31
0
  0
LINE
  5
1B5
330
22
100
AcDbEntity
  8
F.Silkscreen
  6
CONTINUOUS
100
AcDbLine
 10
5.1568190551181106
 20
-4.5605745669291338
 30
0
 11
5.1715434645669287
 21
-4.5605744488188975
 31
0
  0
LINE
  5
1B6
330
22
100
AcDbEntity
  8
F.Silkscreen
  6
CONTINUOUS
100
AcDbLine
 10
5.1715434645669287
 20
-4.5605744488188975
 30
0
 11
5.1715429133858271
 21
-4.5525814960629924
 31
0
  0
LINE
  5
1B7
330
22
100
AcDbEntity
  8
F.Silkscreen
  6
CONTINUOUS
100
AcDbLine
 10
5.1715429133858271
 20
-4.5525814960629924
 30
0
 11
5.1714352755905511
 21
-4.5509968503937008
 31
0
  0
LINE
  5
1B8
330
22
100
AcDbEntity
  8
F.Silkscreen
  6
CONTINUOUS
100
AcDbLine
 10
5.1714352755905511
 20
-4.5509968503937008
 30
0
 11
5.1711930314960632
 21
-4.5497585433070862
 31
0
  0
LINE
  5
1B9
330
22
100
AcDbEntity
  8
F.Silkscreen
  6
CONTINUOUS
100
AcDbLine
 10
5.1711930314960632
 20
-4.5497585433070862
 30
0
 11
5.1708124015748034
 21
-4.5486309448818893
 31
0
  0
LINE
  5
1BA
330
22
100
AcDbEntity
  8
F.Silkscreen
  6
CONTINUOUS
100
AcDbLine
 10
5.1708124015748034
 20
-4.5486309448818893
 30
0
 11
5.1703418897637796
 21
-4.5476946062992125
 31
0
  0
LINE
  5
1BB
330
22
100
AcDbEntity
  8
F.Silkscreen
  6
CONTINUOUS
100
AcDbLine
 10
5.1703418897637796
 20
-4.5476946062992125
 30
0
 11
5.16969594488189
 21
-4.5467792519685037
 31
0
  0
LINE
  5
1BC
330
22
100
AcDbEntity
  8
F.Silkscreen
  6
CONTINUOUS
100
AcDbLine
 10
5.16969594488189
 20
-4.5467792519685037
 30
0
 11
5.168719921259842
 21
-4.5458183858267711
 31
0
  0
LINE
  5
1BD
330
22
100
AcDbEntity
  8
F.Silkscreen
  6
CONTINUOUS
100
AcDbLine
 10
5.168719921259842
 20
-4.5458183858267711
 30
0
 11
5.1675961811023621
 21
-4.5451034251968503
 31
0
  0
LINE
  5
1BE
330
22
100
AcDbEntity
  8
F.Silkscreen
  6
CONTINUOUS
100
AcDbLine
 10
5.1675961811023621
 20
-4.5451034251968503
 30
0
 11
5.1663253937007871
 21
-4.5446349999999995
 31
0
  0
LINE
  5
1BF
330
22
100
AcDbEntity
  8
F.Silkscreen
  6
CONTINUOUS
100
AcDbLine
 10
5.1663253937007871
 20
-4.5446349999999995
 30
0
 11
5.1650066535433066
 21
-4.5444202362204722
 31
0
  0
LINE
  5
1C0
330
22
100
AcDbEntity
  8
F.Silkscreen
  6
CONTINUOUS
100
AcDbLine
 10
5.1650066535433066
 20
-4.5444202362204722
 30
0
 11
5.1633140157480311
 21
-4.544435472440945
 31
0
  0
LINE
  5
1C1
330
22
100
AcDbEntity
  8
F.Silkscreen
  6
CONTINUOUS
100
AcDbLine
 10
5.1633140157480311
 20
-4.544435472440945
 30
0
 11
5.1618207874015747
 21
-4.5446924015748031
 31
0
  0
LINE
  5
1C2
330
22
100
AcDbEntity
  8
F.Silkscreen
  6
CONTINUOUS
100
AcDbLine
 10
5.1618207874015747
 20
-4.5446924015748031
 30
0
 11
5.1605135433070863
 21
-4.5451828740157483
 31
0
  0
LINE
  5
1C3
330
22
100
AcDbEntity
  8
F.Silkscreen
  6
CONTINUOUS
100
AcDbLine
 10
5.1605135433070863
 20
-4.5451828740157483
 30
0
 11
5.1598923622047241
 21
-4.5455399999999999
 31
0
  0
LINE
  5
1C4
330
22
100
AcDbEntity
  8
F.Silkscreen
  6
CONTINUOUS
100
AcDbLine
 10
5.1598923622047241
 20
-4.5455399999999999
 30
0
 11
5.1593241338582674
 21
-4.5459635433070869
 31
0
  0
LINE
  5
1C5
330
22
100
AcDbEntity
  8
F.Silkscreen
  6
CONTINUOUS
100
AcDbLine
 10
5.1593241338582674
 20
-4.5459635433070869
 30
0
 11
5.1585144881889766
 21
-4.5467974803149609
 31
0
  0
LINE
  5
1C6
330
22
100
AcDbEntity
  8
F.Silkscreen
  6
CONTINUOUS
100
AcDbLine
 10
5.1585144881889766
 20
-4.5467974803149609
 30
0
 11
5.1578593700787403
 21
-4.5478031102362202
 31
0
  0
LINE
  5
1C7
330
22
100
AcDbEntity
  8
F.Silkscreen
  6
CONTINUOUS
100
AcDbLine
 10
5.1578593700787403
 20
-4.5478031102362202
 30
0
 11
5.1573634251968503
 21
-4.5489646850393699
 31
0
  0
LINE
  5
1C8
330
22
100
AcDbEntity
  8
F.Silkscreen
  6
CONTINUOUS
100
AcDbLine
 10
5.1573634251968503
 20
-4.5489646850393699
 30
0
 11
5.1570073622047241
 21
-4.5503900000000002
 31
0
  0
LINE
  5
1C9
330
22
100
AcDbEntity
  8
F.Silkscreen
  6
CONTINUOUS
100
AcDbLine
 10
5.1570073622047241
 20
-4.5503900000000002
 30
0
 11
5.1568759842519682
 21
-4.5514018110236218
 31
0
  0
LINE
  5
1CA
330
22
100
AcDbEntity
  8
F.Silkscreen
  6
CONTINUOUS
100
AcDbLine
 10
5.1568759842519682
 20
-4.5514018110236218
 30
0
 11
5.1568208661417323
 21
-4.5524883070866142
 31
0
  0
LINE
  5
1CB
330
22
100
AcDbEntity
  8
F.Silkscreen
  6
CONTINUOUS
100
AcDbLine
 10
5.1568208661417323
 20
-4.5524883070866142
 30
0
 11
5.1568190551181106
 21
-4.5605745669291338
 31
0
  0
LINE
  5
1CC
330
22
100
AcDbEntity
  8
F.Silkscreen
  6
CONTINUOUS
100
AcDbLine
 10
5.1568190551181106
 20
-4.5605745669291338
 30
0
 11
5.1526089763779526
 21
-4.5605745669291338
 31
0
  0
LINE
  5
1CD
330
22
100
AcDbEntity
  8
F.Silkscreen
  6
CONTINUOUS
100
AcDbLine
 10
5.1526089763779526
 20
-4.5605745669291338
 30
0
 11
5.1526129527559057
 21
-4.5522484251968507
 31
0
  0
LINE
  5
1CE
330
22
100
AcDbEntity
  8
F.Silkscreen
  6
CONTINUOUS
100
AcDbLine
 10
5.1526129527559057
 20
-4.5522484251968507
 30
0
 11
5.1527495669291339
 21
-4.5501285433070864
 31
0
  0
LINE
  5
1CF
330
22
100
AcDbEntity
  8
F.Silkscreen
  6
CONTINUOUS
100
AcDbLine
 10
5.1527495669291339
 20
-4.5501285433070864
 30
0
 11
5.1530271259842522
 21
-4.5483587795275593
 31
0
  0
LINE
  5
1D0
330
22
100
AcDbEntity
  8
F.Silkscreen
  6
CONTINUOUS
100
AcDbLine
 10
5.1530271259842522
 20
-4.5483587795275593
 30
0
 11
5.1533543700787403
 21
-4.5470509842519684
 31
0
  0
LINE
  5
1D1
330
22
100
AcDbEntity
  8
F.Silkscreen
  6
CONTINUOUS
100
AcDbLine
 10
5.1533543700787403
 20
-4.5470509842519684
 30
0
 11
5.1537174409448818
 21
-4.5459853543307087
 31
0
  0
LINE
  5
1D2
330
22
100
AcDbEntity
  8
F.Silkscreen
  6
CONTINUOUS
100
AcDbLine
 10
5.1537174409448818
 20
-4.5459853543307087
 30
0
 11
5.1542199999999996
 21
-4.5448574409448819
 31
0
  0
LINE
  5
1D3
330
22
100
AcDbEntity
  8
F.Silkscreen
  6
CONTINUOUS
100
AcDbLine
 10
5.1542199999999996
 20
-4.5448574409448819
 30
0
 11
5.1547364566929135
 21
-4.5439492519685034
 31
0
  0
LINE
  5
1D4
330
22
100
AcDbEntity
  8
F.Silkscreen
  6
CONTINUOUS
100
AcDbLine
 10
5.1547364566929135
 20
-4.5439492519685034
 30
0
 11
5.1554143700787405
 21
-4.5430012992125981
 31
0
  0
LINE
  5
1D5
330
22
100
AcDbEntity
  8
F.Silkscreen
  6
CONTINUOUS
100
AcDbLine
 10
5.1554143700787405
 20
-4.5430012992125981
 30
0
 11
5.1561766535433069
 21
-4.542146062992126
 31
0
  0
LINE
  5
1D6
330
22
100
AcDbEntity
  8
F.Silkscreen
  6
CONTINUOUS
100
AcDbLine
 10
5.1561766535433069
 20
-4.542146062992126
 30
0
 11
5.1570240157480312
 21
-4.541398622047244
 31
0
  0
LINE
  5
1D7
330
22
100
AcDbEntity
  8
F.Silkscreen
  6
CONTINUOUS
100
AcDbLine
 10
5.1570240157480312
 20
-4.541398622047244
 30
0
 11
5.1578371259842521
 21
-4.5408354724409445
 31
0
  0
LINE
  5
1D8
330
22
100
AcDbEntity
  8
F.Silkscreen
  6
CONTINUOUS
100
AcDbLine
 10
5.1578371259842521
 20
-4.5408354724409445
 30
0
 11
5.1588483070866138
 21
-4.5402956692913383
 31
0
  0
LINE
  5
1D9
330
22
100
AcDbEntity
  8
F.Silkscreen
  6
CONTINUOUS
100
AcDbLine
 10
5.1588483070866138
 20
-4.5402956692913383
 30
0
 11
5.1599468110236222
 21
-4.5398665748031499
 31
0
  0
LINE
  5
1DA
330
22
100
AcDbEntity
  8
F.Silkscreen
  6
CONTINUOUS
100
AcDbLine
 10
5.1599468110236222
 20
-4.5398665748031499
 30
0
 11
5.1612870472440946
 21
-4.5395162204724411
 31
0
  0
LINE
  5
1DB
330
22
100
AcDbEntity
  8
F.Silkscreen
  6
CONTINUOUS
100
AcDbLine
 10
5.1612870472440946
 20
-4.5395162204724411
 30
0
 11
5.1625711811023622
 21
-4.5393224409448818
 31
0
  0
LINE
  5
1DC
330
22
100
AcDbEntity
  8
F.Silkscreen
  6
CONTINUOUS
100
AcDbLine
 10
5.1625711811023622
 20
-4.5393224409448818
 30
0
 11
5.1641202755905509
 21
-4.5392367716535436
 31
0
  0
LINE
  5
1DD
330
22
100
AcDbEntity
  8
F.Silkscreen
  6
CONTINUOUS
100
AcDbLine
 10
5.1641202755905509
 20
-4.5392367716535436
 30
0
 11
5.1654080314960629
 21
-4.5392830314960628
 31
0
  0
LINE
  5
1DE
330
22
100
AcDbEntity
  8
F.Silkscreen
  6
CONTINUOUS
100
AcDbLine
 10
5.1654080314960629
 20
-4.5392830314960628
 30
0
 11
5.1666777165354327
 21
-4.539463858267716
 31
0
  0
LINE
  5
1DF
330
22
100
AcDbEntity
  8
F.Silkscreen
  6
CONTINUOUS
100
AcDbLine
 10
5.1666777165354327
 20
-4.539463858267716
 30
0
 11
5.1679782283464561
 21
-4.5398128346456694
 31
0
  0
LINE
  5
1E0
330
22
100
AcDbEntity
  8
F.Silkscreen
  6
CONTINUOUS
100
AcDbLine
 10
5.1679782283464561
 20
-4.5398128346456694
 30
0
 11
5.1691095275590548
 21
-4.5402762992125982
 31
0
  0
LINE
  5
1E1
330
22
100
AcDbEntity
  8
F.Silkscreen
  6
CONTINUOUS
100
AcDbLine
 10
5.1691095275590548
 20
-4.5402762992125982
 30
0
 11
5.1700881496062987
 21
-4.5408202755905513
 31
0
  0
LINE
  5
1E2
330
22
100
AcDbEntity
  8
F.Silkscreen
  6
CONTINUOUS
100
AcDbLine
 10
5.1700881496062987
 20
-4.5408202755905513
 30
0
 11
5.1710956692913381
 21
-4.541547598425197
 31
0
  0
LINE
  5
1E3
330
22
100
AcDbEntity
  8
F.Silkscreen
  6
CONTINUOUS
100
AcDbLine
 10
5.1710956692913381
 20
-4.541547598425197
 30
0
 11
5.1720174803149606
 21
-4.5423937401574799
 31
0
  0
LINE
  5
1E4
330
22
100
AcDbEntity
  8
F.Silkscreen
  6
CONTINUOUS
100
AcDbLine
 10
5.1720174803149606
 20
-4.5423937401574799
 30
0
 11
5.1727774015748027
 21
-4.5432642125984248
 31
0
  0
LINE
  5
1E5
330
22
100
AcDbEntity
  8
F.Silkscreen
  6
CONTINUOUS
100
AcDbLine
 10
5.1727774015748027
 20
-4.5432642125984248
 30
0
 11
5.1735135039370075
 21
-4.5443172834645669
 31
0
  0
LINE
  5
1E6
330
22
100
AcDbEntity
  8
F.Silkscreen
  6
CONTINUOUS
100
AcDbLine
 10
5.1735135039370075
 20
-4.5443172834645669
 30
0
 11
5.1741527559055118
 21
-4.545478307086614
 31
0
  0
LINE
  5
1E7
330
22
100
AcDbEntity
  8
F.Silkscreen
  6
CONTINUOUS
100
AcDbLine
 10
5.1741527559055118
 20
-4.545478307086614
 30
0
 11
5.1746535826771654
 21
-4.546637440944882
 31
0
  0
LINE
  5
1E8
330
22
100
AcDbEntity
  8
F.Silkscreen
  6
CONTINUOUS
100
AcDbLine
 10
5.1746535826771654
 20
-4.546637440944882
 30
0
 11
5.1911496062992128
 21
-4.5375034251968502
 31
0
  0
LINE
  5
1E9
330
22
100
AcDbEntity
  8
F.Silkscreen
  6
CONTINUOUS
100
AcDbLine
 10
5.1911496062992128
 20
-4.5375034251968502
 30
0
 11
5.1914645669291337
 21
-4.5375034251968502
 31
0
  0
LINE
  5
1EA
330
22
100
AcDbEntity
  8
F.Silkscreen
  6
CONTINUOUS
100
AcDbLine
 10
5.1914645669291337
 20
-4.5375034251968502
 30
0
 11
5.1914646062992125
 21
-4.5430152362204721
 31
0
  0
LINE
  5
1EB
330
22
100
AcDbEntity
  8
F.Silkscreen
  6
CONTINUOUS
100
AcDbLine
 10
5.3168581889763775
 20
-4.4942636614173228
 30
0
 11
5.3192222440944876
 21
-4.4945474015748035
 31
0
  0
LINE
  5
1EC
330
22
100
AcDbEntity
  8
F.Silkscreen
  6
CONTINUOUS
100
AcDbLine
 10
5.3192222440944876
 20
-4.4945474015748035
 30
0
 11
5.3215613779527562
 21
-4.4950864960629922
 31
0
  0
LINE
  5
1ED
330
22
100
AcDbEntity
  8
F.Silkscreen
  6
CONTINUOUS
100
AcDbLine
 10
5.3215613779527562
 20
-4.4950864960629922
 30
0
 11
5.3228501574803149
 21
-4.4954963385826767
 31
0
  0
LINE
  5
1EE
330
22
100
AcDbEntity
  8
F.Silkscreen
  6
CONTINUOUS
100
AcDbLine
 10
5.3228501574803149
 20
-4.4954963385826767
 30
0
 11
5.3242542913385824
 21
-4.4960318897637794
 31
0
  0
LINE
  5
1EF
330
22
100
AcDbEntity
  8
F.Silkscreen
  6
CONTINUOUS
100
AcDbLine
 10
5.3242542913385824
 20
-4.4960318897637794
 30
0
 11
5.325475
 21
-4.4965793700787398
 31
0
  0
LINE
  5
1F0
330
22
100
AcDbEntity
  8
F.Silkscreen
  6
CONTINUOUS
100
AcDbLine
 10
5.325475
 20
-4.4965793700787398
 30
0
 11
5.3266303543307085
 21
-4.4971883464566931
 31
0
  0
LINE
  5
1F1
330
22
100
AcDbEntity
  8
F.Silkscreen
  6
CONTINUOUS
100
AcDbLine
 10
5.3266303543307085
 20
-4.4971883464566931
 30
0
 11
5.3277203149606294
 21
-4.4978588582677164
 31
0
  0
LINE
  5
1F2
330
22
100
AcDbEntity
  8
F.Silkscreen
  6
CONTINUOUS
100
AcDbLine
 10
5.3277203149606294
 20
-4.4978588582677164
 30
0
 11
5.3287449606299209
 21
-4.4985909055118105
 31
0
  0
LINE
  5
1F3
330
22
100
AcDbEntity
  8
F.Silkscreen
  6
CONTINUOUS
100
AcDbLine
 10
5.3287449606299209
 20
-4.4985909055118105
 30
0
 11
5.3297042125984246
 21
-4.4993844488188977
 31
0
  0
LINE
  5
1F4
330
22
100
AcDbEntity
  8
F.Silkscreen
  6
CONTINUOUS
100
AcDbLine
 10
5.3297042125984246
 20
-4.4993844488188977
 30
0
 11
5.3305981496062991
 21
-4.500239488188976
 31
0
  0
LINE
  5
1F5
330
22
100
AcDbEntity
  8
F.Silkscreen
  6
CONTINUOUS
100
AcDbLine
 10
5.3305981496062991
 20
-4.500239488188976
 30
0
 11
5.3305981102362203
 21
-4.4943733464566931
 31
0
  0
LINE
  5
1F6
330
22
100
AcDbEntity
  8
F.Silkscreen
  6
CONTINUOUS
100
AcDbLine
 10
5.3305981102362203
 20
-4.4943733464566931
 30
0
 11
5.3347713385826774
 21
-4.4943733464566931
 31
0
  0
LINE
  5
1F7
330
22
100
AcDbEntity
  8
F.Silkscreen
  6
CONTINUOUS
100
AcDbLine
 10
5.3347713385826774
 20
-4.4943733464566931
 30
0
 11
5.3347714173228349
 21
-4.5072867322834647
 31
0
  0
LINE
  5
1F8
330
22
100
AcDbEntity
  8
F.Silkscreen
  6
CONTINUOUS
100
AcDbLine
 10
5.3347714173228349
 20
-4.5072867322834647
 30
0
 11
5.3304407086614169
 21
-4.5072867322834647
 31
0
  0
LINE
  5
1F9
330
22
100
AcDbEntity
  8
F.Silkscreen
  6
CONTINUOUS
100
AcDbLine
 10
5.3304407086614169
 20
-4.5072867322834647
 30
0
 11
5.3301442519685036
 21
-4.5061810236220472
 31
0
  0
LINE
  5
1FA
330
22
100
AcDbEntity
  8
F.Silkscreen
  6
CONTINUOUS
100
AcDbLine
 10
5.3301442519685036
 20
-4.5061810236220472
 30
0
 11
5.3296978740157481
 21
-4.5051521653543309
 31
0
  0
LINE
  5
1FB
330
22
100
AcDbEntity
  8
F.Silkscreen
  6
CONTINUOUS
100
AcDbLine
 10
5.3296978740157481
 20
-4.5051521653543309
 30
0
 11
5.3291015748031496
 21
-4.5042001968503937
 31
0
  0
LINE
  5
1FC
330
22
100
AcDbEntity
  8
F.Silkscreen
  6
CONTINUOUS
100
AcDbLine
 10
5.3291015748031496
 20
-4.5042001968503937
 30
0
 11
5.3283552755905514
 21
-4.5033251574803153
 31
0
  0
LINE
  5
1FD
330
22
100
AcDbEntity
  8
F.Silkscreen
  6
CONTINUOUS
100
AcDbLine
 10
5.3283552755905514
 20
-4.5033251574803153
 30
0
 11
5.327459094488189
 21
-4.5025270078740158
 31
0
  0
LINE
  5
1FE
330
22
100
AcDbEntity
  8
F.Silkscreen
  6
CONTINUOUS
100
AcDbLine
 10
5.327459094488189
 20
-4.5025270078740158
 30
0
 11
5.3264129133858269
 21
-4.5018057086614176
 31
0
  0
LINE
  5
1FF
330
22
100
AcDbEntity
  8
F.Silkscreen
  6
CONTINUOUS
100
AcDbLine
 10
5.3264129133858269
 20
-4.5018057086614176
 30
0
 11
5.3252153149606301
 21
-4.5011722047244094
 31
0
  0
LINE
  5
200
330
22
100
AcDbEntity
  8
F.Silkscreen
  6
CONTINUOUS
100
AcDbLine
 10
5.3252153149606301
 20
-4.5011722047244094
 30
0
 11
5.3238929133858264
 21
-4.500638188976378
 31
0
  0
LINE
  5
201
330
22
100
AcDbEntity
  8
F.Silkscreen
  6
CONTINUOUS
100
AcDbLine
 10
5.3238929133858264
 20
-4.500638188976378
 30
0
 11
5.3224532677165355
 21
-4.5002002755905508
 31
0
  0
LINE
  5
202
330
22
100
AcDbEntity
  8
F.Silkscreen
  6
CONTINUOUS
100
AcDbLine
 10
5.3224532677165355
 20
-4.5002002755905508
 30
0
 11
5.3210572834645671
 21
-4.499888346456693
 31
0
  0
LINE
  5
203
330
22
100
AcDbEntity
  8
F.Silkscreen
  6
CONTINUOUS
100
AcDbLine
 10
5.3210572834645671
 20
-4.499888346456693
 30
0
 11
5.3193948425196851
 21
-4.4996330708661416
 31
0
  0
LINE
  5
204
330
22
100
AcDbEntity
  8
F.Silkscreen
  6
CONTINUOUS
100
AcDbLine
 10
5.3193948425196851
 20
-4.4996330708661416
 30
0
 11
5.3177983464566925
 21
-4.499485472440945
 31
0
  0
LINE
  5
205
330
22
100
AcDbEntity
  8
F.Silkscreen
  6
CONTINUOUS
100
AcDbLine
 10
5.3177983464566925
 20
-4.499485472440945
 30
0
 11
5.3159130708661415
 21
-4.4994128346456694
 31
0
  0
LINE
  5
206
330
22
100
AcDbEntity
  8
F.Silkscreen
  6
CONTINUOUS
100
AcDbLine
 10
5.3159130708661415
 20
-4.4994128346456694
 30
0
 11
5.3117573228346453
 21
-4.4994185826771655
 31
0
  0
LINE
  5
207
330
22
100
AcDbEntity
  8
F.Silkscreen
  6
CONTINUOUS
100
AcDbLine
 10
5.3117573228346453
 20
-4.4994185826771655
 30
0
 11
5.3102917322834644
 21
-4.499489645669291
 31
0
  0
LINE
  5
208
330
22
100
AcDbEntity
  8
F.Silkscreen
  6
CONTINUOUS
100
AcDbLine
 10
5.3102917322834644
 20
-4.499489645669291
 30
0
 11
5.3089171653543303
 21
-4.4996418897637795
 31
0
  0
LINE
  5
209
330
22
100
AcDbEntity
  8
F.Silkscreen
  6
CONTINUOUS
100
AcDbLine
 10
5.3089171653543303
 20
-4.4996418897637795
 30
0
 11
5.307633622047244
 21
-4.4998753543307082
 31
0
  0
LINE
  5
20A
330
22
100
AcDbEntity
  8
F.Silkscreen
  6
CONTINUOUS
100
AcDbLine
 10
5.307633622047244
 20
-4.4998753543307082
 30
0
 11
5.3064411417322832
 21
-4.5001900393700787
 31
0
  0
LINE
  5
20B
330
22
100
AcDbEntity
  8
F.Silkscreen
  6
CONTINUOUS
100
AcDbLine
 10
5.3064411417322832
 20
-4.5001900393700787
 30
0
 11
5.3053397244094489
 21
-4.5005859055118105
 31
0
  0
LINE
  5
20C
330
22
100
AcDbEntity
  8
F.Silkscreen
  6
CONTINUOUS
100
AcDbLine
 10
5.3053397244094489
 20
-4.5005859055118105
 30
0
 11
5.3043293307086614
 21
-4.5010629527559054
 31
0
  0
LINE
  5
20D
330
22
100
AcDbEntity
  8
F.Silkscreen
  6
CONTINUOUS
100
AcDbLine
 10
5.3043293307086614
 20
-4.5010629527559054
 30
0
 11
5.3034099606299208
 21
-4.5016212204724404
 31
0
  0
LINE
  5
20E
330
22
100
AcDbEntity
  8
F.Silkscreen
  6
CONTINUOUS
100
AcDbLine
 10
5.3034099606299208
 20
-4.5016212204724404
 30
0
 11
5.302578858267716
 21
-4.502259133858268
 31
0
  0
LINE
  5
20F
330
22
100
AcDbEntity
  8
F.Silkscreen
  6
CONTINUOUS
100
AcDbLine
 10
5.302578858267716
 20
-4.502259133858268
 30
0
 11
5.3018425196850396
 21
-4.5029603937007874
 31
0
  0
LINE
  5
210
330
22
100
AcDbEntity
  8
F.Silkscreen
  6
CONTINUOUS
100
AcDbLine
 10
5.3018425196850396
 20
-4.5029603937007874
 30
0
 11
5.3012095275590552
 21
-4.5037207480314958
 31
0
  0
LINE
  5
211
330
22
100
AcDbEntity
  8
F.Silkscreen
  6
CONTINUOUS
100
AcDbLine
 10
5.3012095275590552
 20
-4.5037207480314958
 30
0
 11
5.3006798818897636
 21
-4.5045401181102358
 31
0
  0
LINE
  5
212
330
22
100
AcDbEntity
  8
F.Silkscreen
  6
CONTINUOUS
100
AcDbLine
 10
5.3006798818897636
 20
-4.5045401181102358
 30
0
 11
5.3002535826771648
 21
-4.5054185826771649
 31
0
  0
LINE
  5
213
330
22
100
AcDbEntity
  8
F.Silkscreen
  6
CONTINUOUS
100
AcDbLine
 10
5.3002535826771648
 20
-4.5054185826771649
 30
0
 11
5.2999306299212599
 21
-4.5063561023622043
 31
0
  0
LINE
  5
214
330
22
100
AcDbEntity
  8
F.Silkscreen
  6
CONTINUOUS
100
AcDbLine
 10
5.2999306299212599
 20
-4.5063561023622043
 30
0
 11
5.2997110236220468
 21
-4.5073526377952753
 31
0
  0
LINE
  5
215
330
22
100
AcDbEntity
  8
F.Silkscreen
  6
CONTINUOUS
100
AcDbLine
 10
5.2997110236220468
 20
-4.5073526377952753
 30
0
 11
5.2995947637795275
 21
-4.5084082677165354
 31
0
  0
LINE
  5
216
330
22
100
AcDbEntity
  8
F.Silkscreen
  6
CONTINUOUS
100
AcDbLine
 10
5.2995947637795275
 20
-4.5084082677165354
 30
0
 11
5.2995876377952751
 21
-4.5096562598425196
 31
0
  0
LINE
  5
217
330
22
100
AcDbEntity
  8
F.Silkscreen
  6
CONTINUOUS
100
AcDbLine
 10
5.2995876377952751
 20
-4.5096562598425196
 30
0
 11
5.299692244094488
 21
-4.5107266141732278
 31
0
  0
LINE
  5
218
330
22
100
AcDbEntity
  8
F.Silkscreen
  6
CONTINUOUS
100
AcDbLine
 10
5.299692244094488
 20
-4.5107266141732278
 30
0
 11
5.2999014173228343
 21
-4.5117354724409449
 31
0
  0
LINE
  5
219
330
22
100
AcDbEntity
  8
F.Silkscreen
  6
CONTINUOUS
100
AcDbLine
 10
5.2999014173228343
 20
-4.5117354724409449
 30
0
 11
5.3002151181102359
 21
-4.5126828346456689
 31
0
  0
LINE
  5
21A
330
22
100
AcDbEntity
  8
F.Silkscreen
  6
CONTINUOUS
100
AcDbLine
 10
5.3002151181102359
 20
-4.5126828346456689
 30
0
 11
5.3006334645669293
 21
-4.5135686614173229
 31
0
  0
LINE
  5
21B
330
22
100
AcDbEntity
  8
F.Silkscreen
  6
CONTINUOUS
100
AcDbLine
 10
5.3006334645669293
 20
-4.5135686614173229
 30
0
 11
5.3011563385826772
 21
-4.5143929527559052
 31
0
  0
LINE
  5
21C
330
22
100
AcDbEntity
  8
F.Silkscreen
  6
CONTINUOUS
100
AcDbLine
 10
5.3011563385826772
 20
-4.5143929527559052
 30
0
 11
5.3017838188976381
 21
-4.5151557480314963
 31
0
  0
LINE
  5
21D
330
22
100
AcDbEntity
  8
F.Silkscreen
  6
CONTINUOUS
100
AcDbLine
 10
5.3017838188976381
 20
-4.5151557480314963
 30
0
 11
5.3025158661417322
 21
-4.5158570078740157
 31
0
  0
LINE
  5
21E
330
22
100
AcDbEntity
  8
F.Silkscreen
  6
CONTINUOUS
100
AcDbLine
 10
5.3025158661417322
 20
-4.5158570078740157
 30
0
 11
5.303350157480315
 21
-4.5164944881889761
 31
0
  0
LINE
  5
21F
330
22
100
AcDbEntity
  8
F.Silkscreen
  6
CONTINUOUS
100
AcDbLine
 10
5.303350157480315
 20
-4.5164944881889761
 30
0
 11
5.3042729133858266
 21
-4.5170542519685037
 31
0
  0
LINE
  5
220
330
22
100
AcDbEntity
  8
F.Silkscreen
  6
CONTINUOUS
100
AcDbLine
 10
5.3042729133858266
 20
-4.5170542519685037
 30
0
 11
5.3052817716535428
 21
-4.5175340551181105
 31
0
  0
LINE
  5
221
330
22
100
AcDbEntity
  8
F.Silkscreen
  6
CONTINUOUS
100
AcDbLine
 10
5.3052817716535428
 20
-4.5175340551181105
 30
0
 11
5.306235157480315
 21
-4.517888307086614
 31
0
  0
LINE
  5
222
330
22
100
AcDbEntity
  8
F.Silkscreen
  6
CONTINUOUS
100
AcDbLine
 10
5.306235157480315
 20
-4.517888307086614
 30
0
 11
5.3074055118110239
 21
-4.5182181889763777
 31
0
  0
LINE
  5
223
330
22
100
AcDbEntity
  8
F.Silkscreen
  6
CONTINUOUS
100
AcDbLine
 10
5.3074055118110239
 20
-4.5182181889763777
 30
0
 11
5.3085001968503933
 21
-4.5184412204724405
 31
0
  0
LINE
  5
224
330
22
100
AcDbEntity
  8
F.Silkscreen
  6
CONTINUOUS
100
AcDbLine
 10
5.3085001968503933
 20
-4.5184412204724405
 30
0
 11
5.3098320078740153
 21
-4.5186211417322832
 31
0
  0
LINE
  5
225
330
22
100
AcDbEntity
  8
F.Silkscreen
  6
CONTINUOUS
100
AcDbLine
 10
5.3098320078740153
 20
-4.5186211417322832
 30
0
 11
5.3119912204724411
 21
-4.5187410629921256
 31
0
  0
LINE
  5
226
330
22
100
AcDbEntity
  8
F.Silkscreen
  6
CONTINUOUS
100
AcDbLine
 10
5.3119912204724411
 20
-4.5187410629921256
 30
0
 11
5.316576181102362
 21
-4.5187251968503936
 31
0
  0
LINE
  5
227
330
22
100
AcDbEntity
  8
F.Silkscreen
  6
CONTINUOUS
100
AcDbLine
 10
5.316576181102362
 20
-4.5187251968503936
 30
0
 11
5.3189766535433067
 21
-4.5185596062992124
 31
0
  0
LINE
  5
228
330
22
100
AcDbEntity
  8
F.Silkscreen
  6
CONTINUOUS
100
AcDbLine
 10
5.3189766535433067
 20
-4.5185596062992124
 30
0
 11
5.3211789763779525
 21
-4.5182218503937008
 31
0
  0
LINE
  5
229
330
22
100
AcDbEntity
  8
F.Silkscreen
  6
CONTINUOUS
100
AcDbLine
 10
5.3211789763779525
 20
-4.5182218503937008
 30
0
 11
5.3230359842519688
 21
-4.5177572440944882
 31
0
  0
LINE
  5
22A
330
22
100
AcDbEntity
  8
F.Silkscreen
  6
CONTINUOUS
100
AcDbLine
 10
5.3230359842519688
 20
-4.5177572440944882
 30
0
 11
5.3248571653543308
 21
-4.5170883464566929
 31
0
  0
LINE
  5
22B
330
22
100
AcDbEntity
  8
F.Silkscreen
  6
CONTINUOUS
100
AcDbLine
 10
5.3248571653543308
 20
-4.5170883464566929
 30
0
 11
5.3258779921259842
 21
-4.5165912204724412
 31
0
  0
LINE
  5
22C
330
22
100
AcDbEntity
  8
F.Silkscreen
  6
CONTINUOUS
100
AcDbLine
 10
5.3258779921259842
 20
-4.5165912204724412
 30
0
 11
5.3269081889763781
 21
-4.515960590551181
 31
0
  0
LINE
  5
22D
330
22
100
AcDbEntity
  8
F.Silkscreen
  6
CONTINUOUS
100
AcDbLine
 10
5.3269081889763781
 20
-4.515960590551181
 30
0
 11
5.3278122834645671
 21
-4.5152583070866141
 31
0
  0
LINE
  5
22E
330
22
100
AcDbEntity
  8
F.Silkscreen
  6
CONTINUOUS
100
AcDbLine
 10
5.3278122834645671
 20
-4.5152583070866141
 30
0
 11
5.3285901968503939
 21
-4.5144844094488192
 31
0
  0
LINE
  5
22F
330
22
100
AcDbEntity
  8
F.Silkscreen
  6
CONTINUOUS
100
AcDbLine
 10
5.3285901968503939
 20
-4.5144844094488192
 30
0
 11
5.3292420472440947
 21
-4.5136388976377955
 31
0
  0
LINE
  5
230
330
22
100
AcDbEntity
  8
F.Silkscreen
  6
CONTINUOUS
100
AcDbLine
 10
5.3292420472440947
 20
-4.5136388976377955
 30
0
 11
5.3297677165354331
 21
-4.5127217322834641
 31
0
  0
LINE
  5
231
330
22
100
AcDbEntity
  8
F.Silkscreen
  6
CONTINUOUS
100
AcDbLine
 10
5.3297677165354331
 20
-4.5127217322834641
 30
0
 11
5.3301672834645668
 21
-4.5117329921259843
 31
0
  0
LINE
  5
232
330
22
100
AcDbEntity
  8
F.Silkscreen
  6
CONTINUOUS
100
AcDbLine
 10
5.3301672834645668
 20
-4.5117329921259843
 30
0
 11
5.3304407480314957
 21
-4.5106725590551182
 31
0
  0
LINE
  5
233
330
22
100
AcDbEntity
  8
F.Silkscreen
  6
CONTINUOUS
100
AcDbLine
 10
5.3304407480314957
 20
-4.5106725590551182
 30
0
 11
5.3347714566929136
 21
-4.5106725590551182
 31
0
  0
LINE
  5
234
330
22
100
AcDbEntity
  8
F.Silkscreen
  6
CONTINUOUS
100
AcDbLine
 10
5.3347714566929136
 20
-4.5106725590551182
 30
0
 11
5.3347715354330711
 21
-4.5238221653543302
 31
0
  0
LINE
  5
235
330
22
100
AcDbEntity
  8
F.Silkscreen
  6
CONTINUOUS
100
AcDbLine
 10
5.3347715354330711
 20
-4.5238221653543302
 30
0
 11
5.3305983070866141
 21
-4.5238221653543302
 31
0
  0
LINE
  5
236
330
22
100
AcDbEntity
  8
F.Silkscreen
  6
CONTINUOUS
100
AcDbLine
 10
5.3305983070866141
 20
-4.5238221653543302
 30
0
 11
5.3305982677165353
 21
-4.5179166535433071
 31
0
  0
LINE
  5
237
330
22
100
AcDbEntity
  8
F.Silkscreen
  6
CONTINUOUS
100
AcDbLine
 10
5.3305982677165353
 20
-4.5179166535433071
 30
0
 11
5.3295177559055116
 21
-4.5189367716535429
 31
0
  0
LINE
  5
238
330
22
100
AcDbEntity
  8
F.Silkscreen
  6
CONTINUOUS
100
AcDbLine
 10
5.3295177559055116
 20
-4.5189367716535429
 30
0
 11
5.3283431102362204
 21
-4.5198710236220467
 31
0
  0
LINE
  5
239
330
22
100
AcDbEntity
  8
F.Silkscreen
  6
CONTINUOUS
100
AcDbLine
 10
5.3283431102362204
 20
-4.5198710236220467
 30
0
 11
5.3270743700787397
 21
-4.5207194881889761
 31
0
  0
LINE
  5
23A
330
22
100
AcDbEntity
  8
F.Silkscreen
  6
CONTINUOUS
100
AcDbLine
 10
5.3270743700787397
 20
-4.5207194881889761
 30
0
 11
5.3258286614173231
 21
-4.5214218897637792
 31
0
  0
LINE
  5
23B
330
22
100
AcDbEntity
  8
F.Silkscreen
  6
CONTINUOUS
100
AcDbLine
 10
5.3258286614173231
 20
-4.5214218897637792
 30
0
 11
5.3243794881889759
 21
-4.5221058661417324
 31
0
  0
LINE
  5
23C
330
22
100
AcDbEntity
  8
F.Silkscreen
  6
CONTINUOUS
100
AcDbLine
 10
5.3243794881889759
 20
-4.5221058661417324
 30
0
 11
5.3229781102362201
 21
-4.5226469685039365
 31
0
  0
LINE
  5
23D
330
22
100
AcDbEntity
  8
F.Silkscreen
  6
CONTINUOUS
100
AcDbLine
 10
5.3229781102362201
 20
-4.5226469685039365
 30
0
 11
5.3214260629921259
 21
-4.523126811023622
 31
0
  0
LINE
  5
23E
330
22
100
AcDbEntity
  8
F.Silkscreen
  6
CONTINUOUS
100
AcDbLine
 10
5.3214260629921259
 20
-4.523126811023622
 30
0
 11
5.3198574409448813
 21
-4.5234959055118109
 31
0
  0
LINE
  5
23F
330
22
100
AcDbEntity
  8
F.Silkscreen
  6
CONTINUOUS
100
AcDbLine
 10
5.3198574409448813
 20
-4.5234959055118109
 30
0
 11
5.3181393307086617
 21
-4.5237708267716537
 31
0
  0
LINE
  5
240
330
22
100
AcDbEntity
  8
F.Silkscreen
  6
CONTINUOUS
100
AcDbLine
 10
5.3181393307086617
 20
-4.5237708267716537
 30
0
 11
5.3165360629921254
 21
-4.5239092519685036
 31
0
  0
LINE
  5
241
330
22
100
AcDbEntity
  8
F.Silkscreen
  6
CONTINUOUS
100
AcDbLine
 10
5.3165360629921254
 20
-4.5239092519685036
 30
0
 11
5.3112975590551184
 21
-4.523918307086614
 31
0
  0
LINE
  5
242
330
22
100
AcDbEntity
  8
F.Silkscreen
  6
CONTINUOUS
100
AcDbLine
 10
5.3112975590551184
 20
-4.523918307086614
 30
0
 11
5.3098096456692909
 21
-4.5238098818897639
 31
0
  0
LINE
  5
243
330
22
100
AcDbEntity
  8
F.Silkscreen
  6
CONTINUOUS
100
AcDbLine
 10
5.3098096456692909
 20
-4.5238098818897639
 30
0
 11
5.3083736220472444
 21
-4.5236111417322835
 31
0
  0
LINE
  5
244
330
22
100
AcDbEntity
  8
F.Silkscreen
  6
CONTINUOUS
100
AcDbLine
 10
5.3083736220472444
 20
-4.5236111417322835
 30
0
 11
5.3068539370078742
 21
-4.5232881102362201
 31
0
  0
LINE
  5
245
330
22
100
AcDbEntity
  8
F.Silkscreen
  6
CONTINUOUS
100
AcDbLine
 10
5.3068539370078742
 20
-4.5232881102362201
 30
0
 11
5.3055269291338583
 21
-4.5228996456692911
 31
0
  0
LINE
  5
246
330
22
100
AcDbEntity
  8
F.Silkscreen
  6
CONTINUOUS
100
AcDbLine
 10
5.3055269291338583
 20
-4.5228996456692911
 30
0
 11
5.3035116929133856
 21
-4.522090078740157
 31
0
  0
LINE
  5
247
330
22
100
AcDbEntity
  8
F.Silkscreen
  6
CONTINUOUS
100
AcDbLine
 10
5.3035116929133856
 20
-4.522090078740157
 30
0
 11
5.3015660629921255
 21
-4.5209806299212598
 31
0
  0
LINE
  5
248
330
22
100
AcDbEntity
  8
F.Silkscreen
  6
CONTINUOUS
100
AcDbLine
 10
5.3015660629921255
 20
-4.5209806299212598
 30
0
 11
5.2999632677165351
 21
-4.5197435433070865
 31
0
  0
LINE
  5
249
330
22
100
AcDbEntity
  8
F.Silkscreen
  6
CONTINUOUS
100
AcDbLine
 10
5.2999632677165351
 20
-4.5197435433070865
 30
0
 11
5.299158976377953
 21
-4.5189655118110235
 31
0
  0
LINE
  5
24A
330
22
100
AcDbEntity
  8
F.Silkscreen
  6
CONTINUOUS
100
AcDbLine
 10
5.299158976377953
 20
-4.5189655118110235
 30
0
 11
5.2985029133858266
 21
-4.5182242519685039
 31
0
  0
LINE
  5
24B
330
22
100
AcDbEntity
  8
F.Silkscreen
  6
CONTINUOUS
100
AcDbLine
 10
5.2985029133858266
 20
-4.5182242519685039
 30
0
 11
5.2973572047244097
 21
-4.5165996456692916
 31
0
  0
LINE
  5
24C
330
22
100
AcDbEntity
  8
F.Silkscreen
  6
CONTINUOUS
100
AcDbLine
 10
5.2973572047244097
 20
-4.5165996456692916
 30
0
 11
5.2968755511811025
 21
-4.515723031496063
 31
0
  0
LINE
  5
24D
330
22
100
AcDbEntity
  8
F.Silkscreen
  6
CONTINUOUS
100
AcDbLine
 10
5.2968755511811025
 20
-4.515723031496063
 30
0
 11
5.2964130708661417
 21
-4.5147045275590552
 31
0
  0
LINE
  5
24E
330
22
100
AcDbEntity
  8
F.Silkscreen
  6
CONTINUOUS
100
AcDbLine
 10
5.2964130708661417
 20
-4.5147045275590552
 30
0
 11
5.2960346850393698
 21
-4.5136517322834644
 31
0
  0
LINE
  5
24F
330
22
100
AcDbEntity
  8
F.Silkscreen
  6
CONTINUOUS
100
AcDbLine
 10
5.2960346850393698
 20
-4.5136517322834644
 30
0
 11
5.2957689370078738
 21
-4.5126871653543308
 31
0
  0
LINE
  5
250
330
22
100
AcDbEntity
  8
F.Silkscreen
  6
CONTINUOUS
100
AcDbLine
 10
5.2957689370078738
 20
-4.5126871653543308
 30
0
 11
5.2954367322834646
 21
-4.5106768503937005
 31
0
  0
LINE
  5
251
330
22
100
AcDbEntity
  8
F.Silkscreen
  6
CONTINUOUS
100
AcDbLine
 10
5.2954367322834646
 20
-4.5106768503937005
 30
0
 11
5.2953619685039373
 21
-4.5090980314960625
 31
0
  0
LINE
  5
252
330
22
100
AcDbEntity
  8
F.Silkscreen
  6
CONTINUOUS
100
AcDbLine
 10
5.2953619685039373
 20
-4.5090980314960625
 30
0
 11
5.2954353149606295
 21
-4.5075339763779523
 31
0
  0
LINE
  5
253
330
22
100
AcDbEntity
  8
F.Silkscreen
  6
CONTINUOUS
100
AcDbLine
 10
5.2954353149606295
 20
-4.5075339763779523
 30
0
 11
5.2956553937007875
 21
-4.5060308661417325
 31
0
  0
LINE
  5
254
330
22
100
AcDbEntity
  8
F.Silkscreen
  6
CONTINUOUS
100
AcDbLine
 10
5.2956553937007875
 20
-4.5060308661417325
 30
0
 11
5.2960221653543309
 21
-4.504588622047244
 31
0
  0
LINE
  5
255
330
22
100
AcDbEntity
  8
F.Silkscreen
  6
CONTINUOUS
100
AcDbLine
 10
5.2960221653543309
 20
-4.504588622047244
 30
0
 11
5.2965356692913383
 21
-4.5032072834645671
 31
0
  0
LINE
  5
256
330
22
100
AcDbEntity
  8
F.Silkscreen
  6
CONTINUOUS
100
AcDbLine
 10
5.2965356692913383
 20
-4.5032072834645671
 30
0
 11
5.297195866141732
 21
-4.5018868503937011
 31
0
  0
LINE
  5
257
330
22
100
AcDbEntity
  8
F.Silkscreen
  6
CONTINUOUS
100
AcDbLine
 10
5.297195866141732
 20
-4.5018868503937011
 30
0
 11
5.297996653543307
 21
-4.5006371259842517
 31
0
  0
LINE
  5
258
330
22
100
AcDbEntity
  8
F.Silkscreen
  6
CONTINUOUS
100
AcDbLine
 10
5.297996653543307
 20
-4.5006371259842517
 30
0
 11
5.2989179921259844
 21
-4.4994901574803148
 31
0
  0
LINE
  5
259
330
22
100
AcDbEntity
  8
F.Silkscreen
  6
CONTINUOUS
100
AcDbLine
 10
5.2989179921259844
 20
-4.4994901574803148
 30
0
 11
5.2999583464566928
 21
-4.4984483858267712
 31
0
  0
LINE
  5
25A
330
22
100
AcDbEntity
  8
F.Silkscreen
  6
CONTINUOUS
100
AcDbLine
 10
5.2999583464566928
 20
-4.4984483858267712
 30
0
 11
5.301117755905512
 21
-4.4975118110236219
 31
0
  0
LINE
  5
25B
330
22
100
AcDbEntity
  8
F.Silkscreen
  6
CONTINUOUS
100
AcDbLine
 10
5.301117755905512
 20
-4.4975118110236219
 30
0
 11
5.3023962204724411
 21
-4.4966803937007871
 31
0
  0
LINE
  5
25C
330
22
100
AcDbEntity
  8
F.Silkscreen
  6
CONTINUOUS
100
AcDbLine
 10
5.3023962204724411
 20
-4.4966803937007871
 30
0
 11
5.3037910629921257
 21
-4.4959554330708658
 31
0
  0
LINE
  5
25D
330
22
100
AcDbEntity
  8
F.Silkscreen
  6
CONTINUOUS
100
AcDbLine
 10
5.3037910629921257
 20
-4.4959554330708658
 30
0
 11
5.3052683858267713
 21
-4.4953528740157482
 31
0
  0
LINE
  5
25E
330
22
100
AcDbEntity
  8
F.Silkscreen
  6
CONTINUOUS
100
AcDbLine
 10
5.3052683858267713
 20
-4.4953528740157482
 30
0
 11
5.3068176377952758
 21
-4.4948776771653538
 31
0
  0
LINE
  5
25F
330
22
100
AcDbEntity
  8
F.Silkscreen
  6
CONTINUOUS
100
AcDbLine
 10
5.3068176377952758
 20
-4.4948776771653538
 30
0
 11
5.308438897637795
 21
-4.4945297637795276
 31
0
  0
LINE
  5
260
330
22
100
AcDbEntity
  8
F.Silkscreen
  6
CONTINUOUS
100
AcDbLine
 10
5.308438897637795
 20
-4.4945297637795276
 30
0
 11
5.3099882677165349
 21
-4.4943227559055119
 31
0
  0
LINE
  5
261
330
22
100
AcDbEntity
  8
F.Silkscreen
  6
CONTINUOUS
100
AcDbLine
 10
5.3099882677165349
 20
-4.4943227559055119
 30
0
 11
5.3118972834645666
 21
-4.4942160236220472
 31
0
  0
LINE
  5
262
330
22
100
AcDbEntity
  8
F.Silkscreen
  6
CONTINUOUS
100
AcDbLine
 10
5.3118972834645666
 20
-4.4942160236220472
 30
0
 11
5.3168581889763775
 21
-4.4942636614173228
 31
0
  0
LINE
  5
263
330
22
100
AcDbEntity
  8
F.Silkscreen
  6
CONTINUOUS
100
AcDbLine
 10
5.1823735433070865
 20
-4.5094944488188977
 30
0
 11
5.1836987401574799
 21
-4.5097277559055113
 31
0
  0
LINE
  5
264
330
22
100
AcDbEntity
  8
F.Silkscreen
  6
CONTINUOUS
100
AcDbLine
 10
5.1836987401574799
 20
-4.5097277559055113
 30
0
 11
5.1849383070866137
 21
-4.5100965354330711
 31
0
  0
LINE
  5
265
330
22
100
AcDbEntity
  8
F.Silkscreen
  6
CONTINUOUS
100
AcDbLine
 10
5.1849383070866137
 20
-4.5100965354330711
 30
0
 11
5.1860922047244093
 21
-4.5106007480314956
 31
0
  0
LINE
  5
266
330
22
100
AcDbEntity
  8
F.Silkscreen
  6
CONTINUOUS
100
AcDbLine
 10
5.1860922047244093
 20
-4.5106007480314956
 30
0
 11
5.1871605118110233
 21
-4.5112404724409449
 31
0
  0
LINE
  5
267
330
22
100
AcDbEntity
  8
F.Silkscreen
  6
CONTINUOUS
100
AcDbLine
 10
5.1871605118110233
 20
-4.5112404724409449
 30
0
 11
5.1881431102362203
 21
-4.5120156299212599
 31
0
  0
LINE
  5
268
330
22
100
AcDbEntity
  8
F.Silkscreen
  6
CONTINUOUS
100
AcDbLine
 10
5.1881431102362203
 20
-4.5120156299212599
 30
0
 11
5.1890398818897641
 21
-4.5129259448818893
 31
0
  0
LINE
  5
269
330
22
100
AcDbEntity
  8
F.Silkscreen
  6
CONTINUOUS
100
AcDbLine
 10
5.1890398818897641
 20
-4.5129259448818893
 30
0
 11
5.1898293700787397
 21
-4.5139387795275585
 31
0
  0
LINE
  5
26A
330
22
100
AcDbEntity
  8
F.Silkscreen
  6
CONTINUOUS
100
AcDbLine
 10
5.1898293700787397
 20
-4.5139387795275585
 30
0
 11
5.1904973622047246
 21
-4.5150325590551184
 31
0
  0
LINE
  5
26B
330
22
100
AcDbEntity
  8
F.Silkscreen
  6
CONTINUOUS
100
AcDbLine
 10
5.1904973622047246
 20
-4.5150325590551184
 30
0
 11
5.1910439370078736
 21
-4.5162073228346458
 31
0
  0
LINE
  5
26C
330
22
100
AcDbEntity
  8
F.Silkscreen
  6
CONTINUOUS
100
AcDbLine
 10
5.1910439370078736
 20
-4.5162073228346458
 30
0
 11
5.1914277952755903
 21
-4.5173195275590547
 31
0
  0
LINE
  5
26D
330
22
100
AcDbEntity
  8
F.Silkscreen
  6
CONTINUOUS
100
AcDbLine
 10
5.1914277952755903
 20
-4.5173195275590547
 30
0
 11
5.1917449606299213
 21
-4.5186472047244095
 31
0
  0
LINE
  5
26E
330
22
100
AcDbEntity
  8
F.Silkscreen
  6
CONTINUOUS
100
AcDbLine
 10
5.1917449606299213
 20
-4.5186472047244095
 30
0
 11
5.1919248818897641
 21
-4.5198953543307088
 31
0
  0
LINE
  5
26F
330
22
100
AcDbEntity
  8
F.Silkscreen
  6
CONTINUOUS
100
AcDbLine
 10
5.1919248818897641
 20
-4.5198953543307088
 30
0
 11
5.1920125984251966
 21
-4.5213760236220475
 31
0
  0
LINE
  5
270
330
22
100
AcDbEntity
  8
F.Silkscreen
  6
CONTINUOUS
100
AcDbLine
 10
5.1920125984251966
 20
-4.5213760236220475
 30
0
 11
5.191979842519685
 21
-4.522888622047244
 31
0
  0
LINE
  5
271
330
22
100
AcDbEntity
  8
F.Silkscreen
  6
CONTINUOUS
100
AcDbLine
 10
5.191979842519685
 20
-4.522888622047244
 30
0
 11
5.191828622047244
 21
-4.5243242913385826
 31
0
  0
LINE
  5
272
330
22
100
AcDbEntity
  8
F.Silkscreen
  6
CONTINUOUS
100
AcDbLine
 10
5.191828622047244
 20
-4.5243242913385826
 30
0
 11
5.1915948818897633
 21
-4.5255324803149604
 31
0
  0
LINE
  5
273
330
22
100
AcDbEntity
  8
F.Silkscreen
  6
CONTINUOUS
100
AcDbLine
 10
5.1915948818897633
 20
-4.5255324803149604
 30
0
 11
5.1912676377952751
 21
-4.5266766535433067
 31
0
  0
LINE
  5
274
330
22
100
AcDbEntity
  8
F.Silkscreen
  6
CONTINUOUS
100
AcDbLine
 10
5.1912676377952751
 20
-4.5266766535433067
 30
0
 11
5.1907876771653543
 21
-4.5278874015748034
 31
0
  0
LINE
  5
275
330
22
100
AcDbEntity
  8
F.Silkscreen
  6
CONTINUOUS
100
AcDbLine
 10
5.1907876771653543
 20
-4.5278874015748034
 30
0
 11
5.1902617322834645
 21
-4.5288956692913382
 31
0
  0
LINE
  5
276
330
22
100
AcDbEntity
  8
F.Silkscreen
  6
CONTINUOUS
100
AcDbLine
 10
5.1902617322834645
 20
-4.5288956692913382
 30
0
 11
5.1896422834645666
 21
-4.5298399212598426
 31
0
  0
LINE
  5
277
330
22
100
AcDbEntity
  8
F.Silkscreen
  6
CONTINUOUS
100
AcDbLine
 10
5.1896422834645666
 20
-4.5298399212598426
 30
0
 11
5.1888371653543306
 21
-4.5308244094488188
 31
0
  0
LINE
  5
278
330
22
100
AcDbEntity
  8
F.Silkscreen
  6
CONTINUOUS
100
AcDbLine
 10
5.1888371653543306
 20
-4.5308244094488188
 30
0
 11
5.1880546850393703
 21
-4.5316004724409451
 31
0
  0
LINE
  5
279
330
22
100
AcDbEntity
  8
F.Silkscreen
  6
CONTINUOUS
100
AcDbLine
 10
5.1880546850393703
 20
-4.5316004724409451
 30
0
 11
5.1872131496062988
 21
-4.5322694488188979
 31
0
  0
LINE
  5
27A
330
22
100
AcDbEntity
  8
F.Silkscreen
  6
CONTINUOUS
100
AcDbLine
 10
5.1872131496062988
 20
-4.5322694488188979
 30
0
 11
5.1861958267716535
 21
-4.5328940944881886
 31
0
  0
LINE
  5
27B
330
22
100
AcDbEntity
  8
F.Silkscreen
  6
CONTINUOUS
100
AcDbLine
 10
5.1861958267716535
 20
-4.5328940944881886
 30
0
 11
5.1851037795275587
 21
-4.5333833070866136
 31
0
  0
LINE
  5
27C
330
22
100
AcDbEntity
  8
F.Silkscreen
  6
CONTINUOUS
100
AcDbLine
 10
5.1851037795275587
 20
-4.5333833070866136
 30
0
 11
5.1838027165354328
 21
-4.5337679921259841
 31
0
  0
LINE
  5
27D
330
22
100
AcDbEntity
  8
F.Silkscreen
  6
CONTINUOUS
100
AcDbLine
 10
5.1838027165354328
 20
-4.5337679921259841
 30
0
 11
5.182552874015748
 21
-4.5339712204724405
 31
0
  0
LINE
  5
27E
330
22
100
AcDbEntity
  8
F.Silkscreen
  6
CONTINUOUS
100
AcDbLine
 10
5.182552874015748
 20
-4.5339712204724405
 30
0
 11
5.1812283070866139
 21
-4.5340389370078737
 31
0
  0
LINE
  5
27F
330
22
100
AcDbEntity
  8
F.Silkscreen
  6
CONTINUOUS
100
AcDbLine
 10
5.1812283070866139
 20
-4.5340389370078737
 30
0
 11
5.1812282677165351
 21
-4.5290783070866141
 31
0
  0
LINE
  5
280
330
22
100
AcDbEntity
  8
F.Silkscreen
  6
CONTINUOUS
100
AcDbLine
 10
5.1812282677165351
 20
-4.5290783070866141
 30
0
 11
5.1824238188976377
 21
-4.5289954724409451
 31
0
  0
LINE
  5
281
330
22
100
AcDbEntity
  8
F.Silkscreen
  6
CONTINUOUS
100
AcDbLine
 10
5.1824238188976377
 20
-4.5289954724409451
 30
0
 11
5.183595078740157
 21
-4.5287209448818899
 31
0
  0
LINE
  5
282
330
22
100
AcDbEntity
  8
F.Silkscreen
  6
CONTINUOUS
100
AcDbLine
 10
5.183595078740157
 20
-4.5287209448818899
 30
0
 11
5.1846457874015748
 21
-4.5282542519685034
 31
0
  0
LINE
  5
283
330
22
100
AcDbEntity
  8
F.Silkscreen
  6
CONTINUOUS
100
AcDbLine
 10
5.1846457874015748
 20
-4.5282542519685034
 30
0
 11
5.1855758661417326
 21
-4.5275954330708661
 31
0
  0
LINE
  5
284
330
22
100
AcDbEntity
  8
F.Silkscreen
  6
CONTINUOUS
100
AcDbLine
 10
5.1855758661417326
 20
-4.5275954330708661
 30
0
 11
5.1864408267716531
 21
-4.5266821653543303
 31
0
  0
LINE
  5
285
330
22
100
AcDbEntity
  8
F.Silkscreen
  6
CONTINUOUS
100
AcDbLine
 10
5.1864408267716531
 20
-4.5266821653543303
 30
0
 11
5.1870859448818898
 21
-4.5256847637795277
 31
0
  0
LINE
  5
286
330
22
100
AcDbEntity
  8
F.Silkscreen
  6
CONTINUOUS
100
AcDbLine
 10
5.1870859448818898
 20
-4.5256847637795277
 30
0
 11
5.1875539370078743
 21
-4.5245592519685038
 31
0
  0
LINE
  5
287
330
22
100
AcDbEntity
  8
F.Silkscreen
  6
CONTINUOUS
100
AcDbLine
 10
5.1875539370078743
 20
-4.5245592519685038
 30
0
 11
5.1878448425196853
 21
-4.5233056299212597
 31
0
  0
LINE
  5
288
330
22
100
AcDbEntity
  8
F.Silkscreen
  6
CONTINUOUS
100
AcDbLine
 10
5.1878448425196853
 20
-4.5233056299212597
 30
0
 11
5.1879587007874015
 21
-4.5219238976377953
 31
0
  0
LINE
  5
289
330
22
100
AcDbEntity
  8
F.Silkscreen
  6
CONTINUOUS
100
AcDbLine
 10
5.1879587007874015
 20
-4.5219238976377953
 30
0
 11
5.1878954330708664
 21
-4.5204320866141732
 31
0
  0
LINE
  5
28A
330
22
100
AcDbEntity
  8
F.Silkscreen
  6
CONTINUOUS
100
AcDbLine
 10
5.1878954330708664
 20
-4.5204320866141732
 30
0
 11
5.1876781496062989
 21
-4.519175433070866
 31
0
  0
LINE
  5
28B
330
22
100
AcDbEntity
  8
F.Silkscreen
  6
CONTINUOUS
100
AcDbLine
 10
5.1876781496062989
 20
-4.519175433070866
 30
0
 11
5.1872733464566929
 21
-4.5179783070866142
 31
0
  0
LINE
  5
28C
330
22
100
AcDbEntity
  8
F.Silkscreen
  6
CONTINUOUS
100
AcDbLine
 10
5.1872733464566929
 20
-4.5179783070866142
 30
0
 11
5.1867388976377953
 21
-4.5170118110236217
 31
0
  0
LINE
  5
28D
330
22
100
AcDbEntity
  8
F.Silkscreen
  6
CONTINUOUS
100
AcDbLine
 10
5.1867388976377953
 20
-4.5170118110236217
 30
0
 11
5.1860506299212599
 21
-4.5161850393700789
 31
0
  0
LINE
  5
28E
330
22
100
AcDbEntity
  8
F.Silkscreen
  6
CONTINUOUS
100
AcDbLine
 10
5.1860506299212599
 20
-4.5161850393700789
 30
0
 11
5.1851355511811024
 21
-4.515461614173228
 31
0
  0
LINE
  5
28F
330
22
100
AcDbEntity
  8
F.Silkscreen
  6
CONTINUOUS
100
AcDbLine
 10
5.1851355511811024
 20
-4.515461614173228
 30
0
 11
5.184147559055118
 21
-4.5149518110236215
 31
0
  0
LINE
  5
290
330
22
100
AcDbEntity
  8
F.Silkscreen
  6
CONTINUOUS
100
AcDbLine
 10
5.184147559055118
 20
-4.5149518110236215
 30
0
 11
5.1832074803149606
 21
-4.514642244094488
 31
0
  0
LINE
  5
291
330
22
100
AcDbEntity
  8
F.Silkscreen
  6
CONTINUOUS
100
AcDbLine
 10
5.1832074803149606
 20
-4.514642244094488
 30
0
 11
5.1821720866141732
 21
-4.5144443307086615
 31
0
  0
LINE
  5
292
330
22
100
AcDbEntity
  8
F.Silkscreen
  6
CONTINUOUS
100
AcDbLine
 10
5.1821720866141732
 20
-4.5144443307086615
 30
0
 11
5.1809337795275585
 21
-4.5143557480314955
 31
0
  0
LINE
  5
293
330
22
100
AcDbEntity
  8
F.Silkscreen
  6
CONTINUOUS
100
AcDbLine
 10
5.1809337795275585
 20
-4.5143557480314955
 30
0
 11
5.179795236220472
 21
-4.5143951968503933
 31
0
  0
LINE
  5
294
330
22
100
AcDbEntity
  8
F.Silkscreen
  6
CONTINUOUS
100
AcDbLine
 10
5.179795236220472
 20
-4.5143951968503933
 30
0
 11
5.1788448031496062
 21
-4.5145378346456688
 31
0
  0
LINE
  5
295
330
22
100
AcDbEntity
  8
F.Silkscreen
  6
CONTINUOUS
100
AcDbLine
 10
5.1788448031496062
 20
-4.5145378346456688
 30
0
 11
5.1778881496062992
 21
-4.5148124015748028
 31
0
  0
LINE
  5
296
330
22
100
AcDbEntity
  8
F.Silkscreen
  6
CONTINUOUS
100
AcDbLine
 10
5.1778881496062992
 20
-4.5148124015748028
 30
0
 11
5.1770245669291342
 21
-4.515210275590551
 31
0
  0
LINE
  5
297
330
22
100
AcDbEntity
  8
F.Silkscreen
  6
CONTINUOUS
100
AcDbLine
 10
5.1770245669291342
 20
-4.515210275590551
 30
0
 11
5.1763201968503934
 21
-4.515678976377953
 31
0
  0
LINE
  5
298
330
22
100
AcDbEntity
  8
F.Silkscreen
  6
CONTINUOUS
100
AcDbLine
 10
5.1763201968503934
 20
-4.515678976377953
 30
0
 11
5.175576496062992
 21
-4.5163758661417326
 31
0
  0
LINE
  5
299
330
22
100
AcDbEntity
  8
F.Silkscreen
  6
CONTINUOUS
100
AcDbLine
 10
5.175576496062992
 20
-4.5163758661417326
 30
0
 11
5.1749026771653543
 21
-4.5172867322834644
 31
0
  0
LINE
  5
29A
330
22
100
AcDbEntity
  8
F.Silkscreen
  6
CONTINUOUS
100
AcDbLine
 10
5.1749026771653543
 20
-4.5172867322834644
 30
0
 11
5.1744103937007875
 21
-4.5182601968503935
 31
0
  0
LINE
  5
29B
330
22
100
AcDbEntity
  8
F.Silkscreen
  6
CONTINUOUS
100
AcDbLine
 10
5.1744103937007875
 20
-4.5182601968503935
 30
0
 11
5.1740176771653541
 21
-4.5194585039370079
 31
0
  0
LINE
  5
29C
330
22
100
AcDbEntity
  8
F.Silkscreen
  6
CONTINUOUS
100
AcDbLine
 10
5.1740176771653541
 20
-4.5194585039370079
 30
0
 11
5.1737995669291337
 21
-4.5205892125984253
 31
0
  0
LINE
  5
29D
330
22
100
AcDbEntity
  8
F.Silkscreen
  6
CONTINUOUS
100
AcDbLine
 10
5.1737995669291337
 20
-4.5205892125984253
 30
0
 11
5.1736921259842514
 21
-4.5217099606299209
 31
0
  0
LINE
  5
29E
330
22
100
AcDbEntity
  8
F.Silkscreen
  6
CONTINUOUS
100
AcDbLine
 10
5.1736921259842514
 20
-4.5217099606299209
 30
0
 11
5.1736691732283466
 21
-4.5261649999999998
 31
0
  0
LINE
  5
29F
330
22
100
AcDbEntity
  8
F.Silkscreen
  6
CONTINUOUS
100
AcDbLine
 10
5.1736691732283466
 20
-4.5261649999999998
 30
0
 11
5.1696140551181102
 21
-4.5261649999999998
 31
0
  0
LINE
  5
2A0
330
22
100
AcDbEntity
  8
F.Silkscreen
  6
CONTINUOUS
100
AcDbLine
 10
5.1696140551181102
 20
-4.5261649999999998
 30
0
 11
5.1696064566929136
 21
-4.5220997244094487
 31
0
  0
LINE
  5
2A1
330
22
100
AcDbEntity
  8
F.Silkscreen
  6
CONTINUOUS
100
AcDbLine
 10
5.1696064566929136
 20
-4.5220997244094487
 30
0
 11
5.169434527559055
 21
-4.5204797244094488
 31
0
  0
LINE
  5
2A2
330
22
100
AcDbEntity
  8
F.Silkscreen
  6
CONTINUOUS
100
AcDbLine
 10
5.169434527559055
 20
-4.5204797244094488
 30
0
 11
5.1692145669291341
 21
-4.51956468503937
 31
0
  0
LINE
  5
2A3
330
22
100
AcDbEntity
  8
F.Silkscreen
  6
CONTINUOUS
100
AcDbLine
 10
5.1692145669291341
 20
-4.51956468503937
 30
0
 11
5.1688727559055119
 21
-4.518644724409449
 31
0
  0
LINE
  5
2A4
330
22
100
AcDbEntity
  8
F.Silkscreen
  6
CONTINUOUS
100
AcDbLine
 10
5.1688727559055119
 20
-4.518644724409449
 30
0
 11
5.1684262598425192
 21
-4.5178154724409447
 31
0
  0
LINE
  5
2A5
330
22
100
AcDbEntity
  8
F.Silkscreen
  6
CONTINUOUS
100
AcDbLine
 10
5.1684262598425192
 20
-4.5178154724409447
 30
0
 11
5.1679294881889764
 21
-4.5171403543307083
 31
0
  0
LINE
  5
2A6
330
22
100
AcDbEntity
  8
F.Silkscreen
  6
CONTINUOUS
100
AcDbLine
 10
5.1679294881889764
 20
-4.5171403543307083
 30
0
 11
5.1672404330708659
 21
-4.5164274409448817
 31
0
  0
LINE
  5
2A7
330
22
100
AcDbEntity
  8
F.Silkscreen
  6
CONTINUOUS
100
AcDbLine
 10
5.1672404330708659
 20
-4.5164274409448817
 30
0
 11
5.1665333070866142
 21
-4.5158936220472441
 31
0
  0
LINE
  5
2A8
330
22
100
AcDbEntity
  8
F.Silkscreen
  6
CONTINUOUS
100
AcDbLine
 10
5.1665333070866142
 20
-4.5158936220472441
 30
0
 11
5.165676968503937
 21
-4.5154465354330711
 31
0
  0
LINE
  5
2A9
330
22
100
AcDbEntity
  8
F.Silkscreen
  6
CONTINUOUS
100
AcDbLine
 10
5.165676968503937
 20
-4.5154465354330711
 30
0
 11
5.1648142125984249
 21
-4.5151607480314961
 31
0
  0
LINE
  5
2AA
330
22
100
AcDbEntity
  8
F.Silkscreen
  6
CONTINUOUS
100
AcDbLine
 10
5.1648142125984249
 20
-4.5151607480314961
 30
0
 11
5.1637881496062992
 21
-4.5149842913385827
 31
0
  0
LINE
  5
2AB
330
22
100
AcDbEntity
  8
F.Silkscreen
  6
CONTINUOUS
100
AcDbLine
 10
5.1637881496062992
 20
-4.5149842913385827
 30
0
 11
5.1627480314960632
 21
-4.5149462598425192
 31
0
  0
LINE
  5
2AC
330
22
100
AcDbEntity
  8
F.Silkscreen
  6
CONTINUOUS
100
AcDbLine
 10
5.1627480314960632
 20
-4.5149462598425192
 30
0
 11
5.1615438582677164
 21
-4.5150261023622047
 31
0
  0
LINE
  5
2AD
330
22
100
AcDbEntity
  8
F.Silkscreen
  6
CONTINUOUS
100
AcDbLine
 10
5.1615438582677164
 20
-4.5150261023622047
 30
0
 11
5.1604601181102359
 21
-4.5152256299212601
 31
0
  0
LINE
  5
2AE
330
22
100
AcDbEntity
  8
F.Silkscreen
  6
CONTINUOUS
100
AcDbLine
 10
5.1604601181102359
 20
-4.5152256299212601
 30
0
 11
5.1593479527559056
 21
-4.5156097637795272
 31
0
  0
LINE
  5
2AF
330
22
100
AcDbEntity
  8
F.Silkscreen
  6
CONTINUOUS
100
AcDbLine
 10
5.1593479527559056
 20
-4.5156097637795272
 30
0
 11
5.1583996456692915
 21
-4.5161568503937009
 31
0
  0
LINE
  5
2B0
330
22
100
AcDbEntity
  8
F.Silkscreen
  6
CONTINUOUS
100
AcDbLine
 10
5.1583996456692915
 20
-4.5161568503937009
 30
0
 11
5.1576152755905511
 21
-4.5168668897637794
 31
0
  0
LINE
  5
2B1
330
22
100
AcDbEntity
  8
F.Silkscreen
  6
CONTINUOUS
100
AcDbLine
 10
5.1576152755905511
 20
-4.5168668897637794
 30
0
 11
5.1569948031496065
 21
-4.5177398818897636
 31
0
  0
LINE
  5
2B2
330
22
100
AcDbEntity
  8
F.Silkscreen
  6
CONTINUOUS
100
AcDbLine
 10
5.1569948031496065
 20
-4.5177398818897636
 30
0
 11
5.1565382283464567
 21
-4.5187758267716536
 31
0
  0
LINE
  5
2B3
330
22
100
AcDbEntity
  8
F.Silkscreen
  6
CONTINUOUS
100
AcDbLine
 10
5.1565382283464567
 20
-4.5187758267716536
 30
0
 11
5.1562171259842522
 21
-4.5201593307086609
 31
0
  0
LINE
  5
2B4
330
22
100
AcDbEntity
  8
F.Silkscreen
  6
CONTINUOUS
100
AcDbLine
 10
5.1562171259842522
 20
-4.5201593307086609
 30
0
 11
5.156111771653543
 21
-4.5215444881889759
 31
0
  0
LINE
  5
2B5
330
22
100
AcDbEntity
  8
F.Silkscreen
  6
CONTINUOUS
100
AcDbLine
 10
5.156111771653543
 20
-4.5215444881889759
 30
0
 11
5.1561864566929136
 21
-4.5229975984251967
 31
0
  0
LINE
  5
2B6
330
22
100
AcDbEntity
  8
F.Silkscreen
  6
CONTINUOUS
100
AcDbLine
 10
5.1561864566929136
 20
-4.5229975984251967
 30
0
 11
5.1564642913385823
 21
-4.5242973622047247
 31
0
  0
LINE
  5
2B7
330
22
100
AcDbEntity
  8
F.Silkscreen
  6
CONTINUOUS
100
AcDbLine
 10
5.1564642913385823
 20
-4.5242973622047247
 30
0
 11
5.1569070472440943
 21
-4.5253816535433069
 31
0
  0
LINE
  5
2B8
330
22
100
AcDbEntity
  8
F.Silkscreen
  6
CONTINUOUS
100
AcDbLine
 10
5.1569070472440943
 20
-4.5253816535433069
 30
0
 11
5.1575779133858264
 21
-4.5264054724409446
 31
0
  0
LINE
  5
2B9
330
22
100
AcDbEntity
  8
F.Silkscreen
  6
CONTINUOUS
100
AcDbLine
 10
5.1575779133858264
 20
-4.5264054724409446
 30
0
 11
5.1584323622047243
 21
-4.5272865354330705
 31
0
  0
LINE
  5
2BA
330
22
100
AcDbEntity
  8
F.Silkscreen
  6
CONTINUOUS
100
AcDbLine
 10
5.1584323622047243
 20
-4.5272865354330705
 30
0
 11
5.1593498425196849
 21
-4.5279327165354326
 31
0
  0
LINE
  5
2BB
330
22
100
AcDbEntity
  8
F.Silkscreen
  6
CONTINUOUS
100
AcDbLine
 10
5.1593498425196849
 20
-4.5279327165354326
 30
0
 11
5.1603840944881885
 21
-4.5283942519685034
 31
0
  0
LINE
  5
2BC
330
22
100
AcDbEntity
  8
F.Silkscreen
  6
CONTINUOUS
100
AcDbLine
 10
5.1603840944881885
 20
-4.5283942519685034
 30
0
 11
5.1615351968503935
 21
-4.5286711811023617
 31
0
  0
LINE
  5
2BD
330
22
100
AcDbEntity
  8
F.Silkscreen
  6
CONTINUOUS
100
AcDbLine
 10
5.1615351968503935
 20
-4.5286711811023617
 30
0
 11
5.1628030708661417
 21
-4.5287635039370073
 31
0
  0
LINE
  5
2BE
330
22
100
AcDbEntity
  8
F.Silkscreen
  6
CONTINUOUS
100
AcDbLine
 10
5.1628030708661417
 20
-4.5287635039370073
 30
0
 11
5.1628031102362204
 21
-4.5336847637795277
 31
0
  0
LINE
  5
2BF
330
22
100
AcDbEntity
  8
F.Silkscreen
  6
CONTINUOUS
100
AcDbLine
 10
5.1628031102362204
 20
-4.5336847637795277
 30
0
 11
5.1615284251968498
 21
-4.5336185826771649
 31
0
  0
LINE
  5
2C0
330
22
100
AcDbEntity
  8
F.Silkscreen
  6
CONTINUOUS
100
AcDbLine
 10
5.1615284251968498
 20
-4.5336185826771649
 30
0
 11
5.1604489763779524
 21
-4.5334486614173226
 31
0
  0
LINE
  5
2C1
330
22
100
AcDbEntity
  8
F.Silkscreen
  6
CONTINUOUS
100
AcDbLine
 10
5.1604489763779524
 20
-4.5334486614173226
 30
0
 11
5.1592948818897639
 21
-4.5331324803149604
 31
0
  0
LINE
  5
2C2
330
22
100
AcDbEntity
  8
F.Silkscreen
  6
CONTINUOUS
100
AcDbLine
 10
5.1592948818897639
 20
-4.5331324803149604
 30
0
 11
5.1583226377952753
 21
-4.5327403149606296
 31
0
  0
LINE
  5
2C3
330
22
100
AcDbEntity
  8
F.Silkscreen
  6
CONTINUOUS
100
AcDbLine
 10
5.1583226377952753
 20
-4.5327403149606296
 30
0
 11
5.157289133858268
 21
-4.532174133858268
 31
0
  0
LINE
  5
2C4
330
22
100
AcDbEntity
  8
F.Silkscreen
  6
CONTINUOUS
100
AcDbLine
 10
5.157289133858268
 20
-4.532174133858268
 30
0
 11
5.1564240551181104
 21
-4.5315597637795273
 31
0
  0
LINE
  5
2C5
330
22
100
AcDbEntity
  8
F.Silkscreen
  6
CONTINUOUS
100
AcDbLine
 10
5.1564240551181104
 20
-4.5315597637795273
 30
0
 11
5.1555111417322834
 21
-4.5307435826771654
 31
0
  0
LINE
  5
2C6
330
22
100
AcDbEntity
  8
F.Silkscreen
  6
CONTINUOUS
100
AcDbLine
 10
5.1555111417322834
 20
-4.5307435826771654
 30
0
 11
5.1546648425196846
 21
-4.5297982677165356
 31
0
  0
LINE
  5
2C7
330
22
100
AcDbEntity
  8
F.Silkscreen
  6
CONTINUOUS
100
AcDbLine
 10
5.1546648425196846
 20
-4.5297982677165356
 30
0
 11
5.1538551181102363
 21
-4.5286517716535428
 31
0
  0
LINE
  5
2C8
330
22
100
AcDbEntity
  8
F.Silkscreen
  6
CONTINUOUS
100
AcDbLine
 10
5.1538551181102363
 20
-4.5286517716535428
 30
0
 11
5.1532545669291334
 21
-4.5275443307086611
 31
0
  0
LINE
  5
2C9
330
22
100
AcDbEntity
  8
F.Silkscreen
  6
CONTINUOUS
100
AcDbLine
 10
5.1532545669291334
 20
-4.5275443307086611
 30
0
 11
5.1527755118110239
 21
-4.5263652362204727
 31
0
  0
LINE
  5
2CA
330
22
100
AcDbEntity
  8
F.Silkscreen
  6
CONTINUOUS
100
AcDbLine
 10
5.1527755118110239
 20
-4.5263652362204727
 30
0
 11
5.1524178740157476
 21
-4.5251145275590554
 31
0
  0
LINE
  5
2CB
330
22
100
AcDbEntity
  8
F.Silkscreen
  6
CONTINUOUS
100
AcDbLine
 10
5.1524178740157476
 20
-4.5251145275590554
 30
0
 11
5.1521816929133859
 21
-4.5237922047244092
 31
0
  0
LINE
  5
2CC
330
22
100
AcDbEntity
  8
F.Silkscreen
  6
CONTINUOUS
100
AcDbLine
 10
5.1521816929133859
 20
-4.5237922047244092
 30
0
 11
5.1520617322834648
 21
-4.5222389370078737
 31
0
  0
LINE
  5
2CD
330
22
100
AcDbEntity
  8
F.Silkscreen
  6
CONTINUOUS
100
AcDbLine
 10
5.1520617322834648
 20
-4.5222389370078737
 30
0
 11
5.1520898425196853
 21
-4.5205787007874019
 31
0
  0
LINE
  5
2CE
330
22
100
AcDbEntity
  8
F.Silkscreen
  6
CONTINUOUS
100
AcDbLine
 10
5.1520898425196853
 20
-4.5205787007874019
 30
0
 11
5.1522370472440944
 21
-4.5191498818897635
 31
0
  0
LINE
  5
2CF
330
22
100
AcDbEntity
  8
F.Silkscreen
  6
CONTINUOUS
100
AcDbLine
 10
5.1522370472440944
 20
-4.5191498818897635
 30
0
 11
5.1524994881889761
 21
-4.517816062992126
 31
0
  0
LINE
  5
2D0
330
22
100
AcDbEntity
  8
F.Silkscreen
  6
CONTINUOUS
100
AcDbLine
 10
5.1524994881889761
 20
-4.517816062992126
 30
0
 11
5.1528771653543304
 21
-4.516577165354331
 31
0
  0
LINE
  5
2D1
330
22
100
AcDbEntity
  8
F.Silkscreen
  6
CONTINUOUS
100
AcDbLine
 10
5.1528771653543304
 20
-4.516577165354331
 30
0
 11
5.1533700787401573
 21
-4.5154333070866137
 31
0
  0
LINE
  5
2D2
330
22
100
AcDbEntity
  8
F.Silkscreen
  6
CONTINUOUS
100
AcDbLine
 10
5.1533700787401573
 20
-4.5154333070866137
 30
0
 11
5.1539782283464568
 21
-4.5143844094488186
 31
0
  0
LINE
  5
2D3
330
22
100
AcDbEntity
  8
F.Silkscreen
  6
CONTINUOUS
100
AcDbLine
 10
5.1539782283464568
 20
-4.5143844094488186
 30
0
 11
5.1547015748031493
 21
-4.5134305118110234
 31
0
  0
LINE
  5
2D4
330
22
100
AcDbEntity
  8
F.Silkscreen
  6
CONTINUOUS
100
AcDbLine
 10
5.1547015748031493
 20
-4.5134305118110234
 30
0
 11
5.1555342913385829
 21
-4.5125707480314956
 31
0
  0
LINE
  5
2D5
330
22
100
AcDbEntity
  8
F.Silkscreen
  6
CONTINUOUS
100
AcDbLine
 10
5.1555342913385829
 20
-4.5125707480314956
 30
0
 11
5.1564572047244095
 21
-4.5118302362204723
 31
0
  0
LINE
  5
2D6
330
22
100
AcDbEntity
  8
F.Silkscreen
  6
CONTINUOUS
100
AcDbLine
 10
5.1564572047244095
 20
-4.5118302362204723
 30
0
 11
5.1574688976377949
 21
-4.5112143307086612
 31
0
  0
LINE
  5
2D7
330
22
100
AcDbEntity
  8
F.Silkscreen
  6
CONTINUOUS
100
AcDbLine
 10
5.1574688976377949
 20
-4.5112143307086612
 30
0
 11
5.1584427165354327
 21
-4.5107714173228342
 31
0
  0
LINE
  5
2D8
330
22
100
AcDbEntity
  8
F.Silkscreen
  6
CONTINUOUS
100
AcDbLine
 10
5.1584427165354327
 20
-4.5107714173228342
 30
0
 11
5.1593522834645666
 21
-4.5104645669291337
 31
0
  0
LINE
  5
2D9
330
22
100
AcDbEntity
  8
F.Silkscreen
  6
CONTINUOUS
100
AcDbLine
 10
5.1593522834645666
 20
-4.5104645669291337
 30
0
 11
5.1604575590551178
 21
-4.5102062204724405
 31
0
  0
LINE
  5
2DA
330
22
100
AcDbEntity
  8
F.Silkscreen
  6
CONTINUOUS
100
AcDbLine
 10
5.1604575590551178
 20
-4.5102062204724405
 30
0
 11
5.1614822440944881
 21
-4.5100608661417319
 31
0
  0
LINE
  5
2DB
330
22
100
AcDbEntity
  8
F.Silkscreen
  6
CONTINUOUS
100
AcDbLine
 10
5.1614822440944881
 20
-4.5100608661417319
 30
0
 11
5.1627190157480314
 21
-4.5099870472440946
 31
0
  0
LINE
  5
2DC
330
22
100
AcDbEntity
  8
F.Silkscreen
  6
CONTINUOUS
100
AcDbLine
 10
5.1627190157480314
 20
-4.5099870472440946
 30
0
 11
5.1637550000000001
 21
-4.5100166535433068
 31
0
  0
LINE
  5
2DD
330
22
100
AcDbEntity
  8
F.Silkscreen
  6
CONTINUOUS
100
AcDbLine
 10
5.1637550000000001
 20
-4.5100166535433068
 30
0
 11
5.1646973228346456
 21
-4.5101619685039367
 31
0
  0
LINE
  5
2DE
330
22
100
AcDbEntity
  8
F.Silkscreen
  6
CONTINUOUS
100
AcDbLine
 10
5.1646973228346456
 20
-4.5101619685039367
 30
0
 11
5.1656258267716533
 21
-4.5104235826771655
 31
0
  0
LINE
  5
2DF
330
22
100
AcDbEntity
  8
F.Silkscreen
  6
CONTINUOUS
100
AcDbLine
 10
5.1656258267716533
 20
-4.5104235826771655
 30
0
 11
5.1666161023622044
 21
-4.5108381496062995
 31
0
  0
LINE
  5
2E0
330
22
100
AcDbEntity
  8
F.Silkscreen
  6
CONTINUOUS
100
AcDbLine
 10
5.1666161023622044
 20
-4.5108381496062995
 30
0
 11
5.1675157874015749
 21
-4.5113419685039373
 31
0
  0
LINE
  5
2E1
330
22
100
AcDbEntity
  8
F.Silkscreen
  6
CONTINUOUS
100
AcDbLine
 10
5.1675157874015749
 20
-4.5113419685039373
 30
0
 11
5.1683996456692913
 21
-4.5119578740157475
 31
0
  0
LINE
  5
2E2
330
22
100
AcDbEntity
  8
F.Silkscreen
  6
CONTINUOUS
100
AcDbLine
 10
5.1683996456692913
 20
-4.5119578740157475
 30
0
 11
5.1692116535433072
 21
-4.512661023622047
 31
0
  0
LINE
  5
2E3
330
22
100
AcDbEntity
  8
F.Silkscreen
  6
CONTINUOUS
100
AcDbLine
 10
5.1692116535433072
 20
-4.512661023622047
 30
0
 11
5.1698781889763774
 21
-4.513378503937008
 31
0
  0
LINE
  5
2E4
330
22
100
AcDbEntity
  8
F.Silkscreen
  6
CONTINUOUS
100
AcDbLine
 10
5.1698781889763774
 20
-4.513378503937008
 30
0
 11
5.1705204330708661
 21
-4.5142407874015751
 31
0
  0
LINE
  5
2E5
330
22
100
AcDbEntity
  8
F.Silkscreen
  6
CONTINUOUS
100
AcDbLine
 10
5.1705204330708661
 20
-4.5142407874015751
 30
0
 11
5.17107405511811
 21
-4.5151861023622049
 31
0
  0
LINE
  5
2E6
330
22
100
AcDbEntity
  8
F.Silkscreen
  6
CONTINUOUS
100
AcDbLine
 10
5.17107405511811
 20
-4.5151861023622049
 30
0
 11
5.1715037795275594
 21
-4.5161256299212598
 31
0
  0
LINE
  5
2E7
330
22
100
AcDbEntity
  8
F.Silkscreen
  6
CONTINUOUS
100
AcDbLine
 10
5.1715037795275594
 20
-4.5161256299212598
 30
0
 11
5.1721854330708661
 21
-4.5144280314960632
 31
0
  0
LINE
  5
2E8
330
22
100
AcDbEntity
  8
F.Silkscreen
  6
CONTINUOUS
100
AcDbLine
 10
5.1721854330708661
 20
-4.5144280314960632
 30
0
 11
5.1730788582677167
 21
-4.5129670866141733
 31
0
  0
LINE
  5
2E9
330
22
100
AcDbEntity
  8
F.Silkscreen
  6
CONTINUOUS
100
AcDbLine
 10
5.1730788582677167
 20
-4.5129670866141733
 30
0
 11
5.1736049606299215
 21
-4.5123253937007872
 31
0
  0
LINE
  5
2EA
330
22
100
AcDbEntity
  8
F.Silkscreen
  6
CONTINUOUS
100
AcDbLine
 10
5.1736049606299215
 20
-4.5123253937007872
 30
0
 11
5.1741840551181104
 21
-4.5117428346456689
 31
0
  0
LINE
  5
2EB
330
22
100
AcDbEntity
  8
F.Silkscreen
  6
CONTINUOUS
100
AcDbLine
 10
5.1741840551181104
 20
-4.5117428346456689
 30
0
 11
5.174816062992126
 21
-4.511219488188976
 31
0
  0
LINE
  5
2EC
330
22
100
AcDbEntity
  8
F.Silkscreen
  6
CONTINUOUS
100
AcDbLine
 10
5.174816062992126
 20
-4.511219488188976
 30
0
 11
5.1755741732283465
 21
-4.5107017322834642
 31
0
  0
LINE
  5
2ED
330
22
100
AcDbEntity
  8
F.Silkscreen
  6
CONTINUOUS
100
AcDbLine
 10
5.1755741732283465
 20
-4.5107017322834642
 30
0
 11
5.176299251968504
 21
-4.5103085433070866
 31
0
  0
LINE
  5
2EE
330
22
100
AcDbEntity
  8
F.Silkscreen
  6
CONTINUOUS
100
AcDbLine
 10
5.176299251968504
 20
-4.5103085433070866
 30
0
 11
5.1770648425196848
 21
-4.5099854330708657
 31
0
  0
LINE
  5
2EF
330
22
100
AcDbEntity
  8
F.Silkscreen
  6
CONTINUOUS
100
AcDbLine
 10
5.1770648425196848
 20
-4.5099854330708657
 30
0
 11
5.1786213779527559
 21
-4.5095662992125982
 31
0
  0
LINE
  5
2F0
330
22
100
AcDbEntity
  8
F.Silkscreen
  6
CONTINUOUS
100
AcDbLine
 10
5.1786213779527559
 20
-4.5095662992125982
 30
0
 11
5.1804269685039372
 21
-4.5093949999999996
 31
0
  0
LINE
  5
2F1
330
22
100
AcDbEntity
  8
F.Silkscreen
  6
CONTINUOUS
100
AcDbLine
 10
5.1804269685039372
 20
-4.5093949999999996
 30
0
 11
5.1823735433070865
 21
-4.5094944488188977
 31
0
  0
LINE
  5
2F2
330
22
100
AcDbEntity
  8
F.Silkscreen
  6
CONTINUOUS
100
AcDbLine
 10
5.2604801968503931
 20
-3.4652440157480315
 30
0
 11
5.2293935826771651
 21
-3.4652441338582678
 31
0
  0
LINE
  5
2F3
330
22
100
AcDbEntity
  8
F.Silkscreen
  6
CONTINUOUS
100
AcDbLine
 10
5.2293935826771651
 20
-3.4652441338582678
 30
0
 11
5.2293935826771651
 21
-3.4611496456692912
 31
0
  0
LINE
  5
2F4
330
22
100
AcDbEntity
  8
F.Silkscreen
  6
CONTINUOUS
100
AcDbLine
 10
5.2293935826771651
 20
-3.4611496456692912
 30
0
 11
5.2571416141732286
 21
-3.4611495669291337
 31
0
  0
LINE
  5
2F5
330
22
100
AcDbEntity
  8
F.Silkscreen
  6
CONTINUOUS
100
AcDbLine
 10
5.2571416141732286
 20
-3.4611495669291337
 30
0
 11
5.2571415354330711
 21
-3.4464094094488189
 31
0
  0
LINE
  5
2F6
330
22
100
AcDbEntity
  8
F.Silkscreen
  6
CONTINUOUS
100
AcDbLine
 10
5.2571415354330711
 20
-3.4464094094488189
 30
0
 11
5.2604801181102365
 21
-3.4464093700787402
 31
0
  0
LINE
  5
2F7
330
22
100
AcDbEntity
  8
F.Silkscreen
  6
CONTINUOUS
100
AcDbLine
 10
5.2604801181102365
 20
-3.4464093700787402
 30
0
 11
5.2604801968503931
 21
-3.4652440157480315
 31
0
  0
LINE
  5
2F8
330
22
100
AcDbEntity
  8
F.Silkscreen
  6
CONTINUOUS
100
AcDbLine
 10
5.2604801968503931
 20
-3.5932558267716534
 30
0
 11
5.2293935826771651
 21
-3.5932559448818897
 31
0
  0
LINE
  5
2F9
330
22
100
AcDbEntity
  8
F.Silkscreen
  6
CONTINUOUS
100
AcDbLine
 10
5.2293935826771651
 20
-3.5932559448818897
 30
0
 11
5.2293935826771651
 21
-3.5891614566929131
 31
0
  0
LINE
  5
2FA
330
22
100
AcDbEntity
  8
F.Silkscreen
  6
CONTINUOUS
100
AcDbLine
 10
5.2293935826771651
 20
-3.5891614566929131
 30
0
 11
5.2571416141732286
 21
-3.589161377952756
 31
0
  0
LINE
  5
2FB
330
22
100
AcDbEntity
  8
F.Silkscreen
  6
CONTINUOUS
100
AcDbLine
 10
5.2571416141732286
 20
-3.589161377952756
 30
0
 11
5.2571415354330711
 21
-3.5744212204724408
 31
0
  0
LINE
  5
2FC
330
22
100
AcDbEntity
  8
F.Silkscreen
  6
CONTINUOUS
100
AcDbLine
 10
5.2571415354330711
 20
-3.5744212204724408
 30
0
 11
5.2604801181102365
 21
-3.5744211811023621
 31
0
  0
LINE
  5
2FD
330
22
100
AcDbEntity
  8
F.Silkscreen
  6
CONTINUOUS
100
AcDbLine
 10
5.2604801181102365
 20
-3.5744211811023621
 30
0
 11
5.2604801968503931
 21
-3.5932558267716534
 31
0
  0
LINE
  5
2FE
330
22
100
AcDbEntity
  8
F.Silkscreen
  6
CONTINUOUS
100
AcDbLine
 10
5.3036417322834648
 20
-3.7425511811023622
 30
0
 11
5.3183818897637796
 21
-3.7425511811023622
 31
0
  0
LINE
  5
2FF
330
22
100
AcDbEntity
  8
F.Silkscreen
  6
CONTINUOUS
100
AcDbLine
 10
5.3183818897637796
 20
-3.7425511811023622
 30
0
 11
5.3183818897637796
 21
-3.7458897637795276
 31
0
  0
LINE
  5
300
330
22
100
AcDbEntity
  8
F.Silkscreen
  6
CONTINUOUS
100
AcDbLine
 10
5.3183818897637796
 20
-3.7458897637795276
 30
0
 11
5.2995472440944882
 21
-3.7458897637795276
 31
0
  0
LINE
  5
301
330
22
100
AcDbEntity
  8
F.Silkscreen
  6
CONTINUOUS
100
AcDbLine
 10
5.2995472440944882
 20
-3.7458897637795276
 30
0
 11
5.2995472440944882
 21
-3.7148031496062992
 31
0
  0
LINE
  5
302
330
22
100
AcDbEntity
  8
F.Silkscreen
  6
CONTINUOUS
100
AcDbLine
 10
5.2995472440944882
 20
-3.7148031496062992
 30
0
 11
5.3036417322834648
 21
-3.7148031496062992
 31
0
  0
LINE
  5
303
330
22
100
AcDbEntity
  8
F.Silkscreen
  6
CONTINUOUS
100
AcDbLine
 10
5.3036417322834648
 20
-3.7148031496062992
 30
0
 11
5.3036417322834648
 21
-3.7425511811023622
 31
0
  0
LINE
  5
304
330
22
100
AcDbEntity
  8
F.Silkscreen
  6
CONTINUOUS
100
AcDbLine
 10
5.2604800787401578
 20
-3.3156298425196851
 30
0
 11
5.2604800787401578
 21
-3.3192518897637795
 31
0
  0
LINE
  5
305
330
22
100
AcDbEntity
  8
F.Silkscreen
  6
CONTINUOUS
100
AcDbLine
 10
5.2604800787401578
 20
-3.3192518897637795
 30
0
 11
5.2293935039370076
 21
-3.3307795669291336
 31
0
  0
LINE
  5
306
330
22
100
AcDbEntity
  8
F.Silkscreen
  6
CONTINUOUS
100
AcDbLine
 10
5.2293935039370076
 20
-3.3307795669291336
 30
0
 11
5.2293935039370076
 21
-3.3263071259842518
 31
0
  0
LINE
  5
307
330
22
100
AcDbEntity
  8
F.Silkscreen
  6
CONTINUOUS
100
AcDbLine
 10
5.2293935039370076
 20
-3.3263071259842518
 30
0
 11
5.2550312598425197
 21
-3.3174881496062993
 31
0
  0
LINE
  5
308
330
22
100
AcDbEntity
  8
F.Silkscreen
  6
CONTINUOUS
100
AcDbLine
 10
5.2550312598425197
 20
-3.3174881496062993
 30
0
 11
5.2293934251968501
 21
-3.3085748425196848
 31
0
  0
LINE
  5
309
330
22
100
AcDbEntity
  8
F.Silkscreen
  6
CONTINUOUS
100
AcDbLine
 10
5.2293934251968501
 20
-3.3085748425196848
 30
0
 11
5.2293934251968501
 21
-3.3041024015748031
 31
0
  0
LINE
  5
30A
330
22
100
AcDbEntity
  8
F.Silkscreen
  6
CONTINUOUS
100
AcDbLine
 10
5.2293934251968501
 20
-3.3041024015748031
 30
0
 11
5.2604800787401578
 21
-3.3156298425196851
 31
0
  0
LINE
  5
30B
330
22
100
AcDbEntity
  8
F.Silkscreen
  6
CONTINUOUS
100
AcDbLine
 10
5.2604802755905506
 20
-3.3689211811023623
 30
0
 11
5.2341495669291334
 21
-3.3689212992125985
 31
0
  0
LINE
  5
30C
330
22
100
AcDbEntity
  8
F.Silkscreen
  6
CONTINUOUS
100
AcDbLine
 10
5.2341495669291334
 20
-3.3689212992125985
 30
0
 11
5.2370787401574805
 21
-3.3768898031496062
 31
0
  0
LINE
  5
30D
330
22
100
AcDbEntity
  8
F.Silkscreen
  6
CONTINUOUS
100
AcDbLine
 10
5.2370787401574805
 20
-3.3768898031496062
 30
0
 11
5.233488188976378
 21
-3.3768898031496062
 31
0
  0
LINE
  5
30E
330
22
100
AcDbEntity
  8
F.Silkscreen
  6
CONTINUOUS
100
AcDbLine
 10
5.233488188976378
 20
-3.3768898031496062
 30
0
 11
5.2292361811023618
 21
-3.3655512204724407
 31
0
  0
LINE
  5
30F
330
22
100
AcDbEntity
  8
F.Silkscreen
  6
CONTINUOUS
100
AcDbLine
 10
5.2292361811023618
 20
-3.3655512204724407
 30
0
 11
5.2292361811023618
 21
-3.3649527952755904
 31
0
  0
LINE
  5
310
330
22
100
AcDbEntity
  8
F.Silkscreen
  6
CONTINUOUS
100
AcDbLine
 10
5.2292361811023618
 20
-3.3649527952755904
 30
0
 11
5.2604802755905506
 21
-3.3649526771653542
 31
0
  0
LINE
  5
311
330
22
100
AcDbEntity
  8
F.Silkscreen
  6
CONTINUOUS
100
AcDbLine
 10
5.2604802755905506
 20
-3.3649526771653542
 30
0
 11
5.2604802755905506
 21
-3.3689211811023623
 31
0
  0
LINE
  5
312
330
22
100
AcDbEntity
  8
F.Silkscreen
  6
CONTINUOUS
100
AcDbLine
 10
6.447818897637795
 20
-3.4867204724409446
 30
0
 11
6.4438503937007869
 21
-3.4867204724409446
 31
0
  0
LINE
  5
313
330
22
100
AcDbEntity
  8
F.Silkscreen
  6
CONTINUOUS
100
AcDbLine
 10
6.4438503937007869
 20
-3.4867204724409446
 30
0
 11
6.4438503937007869
 21
-3.4603897637795273
 31
0
  0
LINE
  5
314
330
22
100
AcDbEntity
  8
F.Silkscreen
  6
CONTINUOUS
100
AcDbLine
 10
6.4438503937007869
 20
-3.4603897637795273
 30
0
 11
6.4358818897637793
 21
-3.4633188976377953
 31
0
  0
LINE
  5
315
330
22
100
AcDbEntity
  8
F.Silkscreen
  6
CONTINUOUS
100
AcDbLine
 10
6.4358818897637793
 20
-3.4633188976377953
 30
0
 11
6.4358818897637793
 21
-3.4597283464566928
 31
0
  0
LINE
  5
316
330
22
100
AcDbEntity
  8
F.Silkscreen
  6
CONTINUOUS
100
AcDbLine
 10
6.4358818897637793
 20
-3.4597283464566928
 30
0
 11
6.4472204724409448
 21
-3.4554763779527558
 31
0
  0
LINE
  5
317
330
22
100
AcDbEntity
  8
F.Silkscreen
  6
CONTINUOUS
100
AcDbLine
 10
6.4472204724409448
 20
-3.4554763779527558
 30
0
 11
6.447818897637795
 21
-3.4554763779527558
 31
0
  0
LINE
  5
318
330
22
100
AcDbEntity
  8
F.Silkscreen
  6
CONTINUOUS
100
AcDbLine
 10
6.447818897637795
 20
-3.4554763779527558
 30
0
 11
6.447818897637795
 21
-3.4867204724409446
 31
0
  0
LINE
  5
319
330
22
100
AcDbEntity
  8
F.Silkscreen
  6
CONTINUOUS
100
AcDbLine
 10
6.4952834645669286
 20
-3.481271653543307
 30
0
 11
6.5041968503937007
 21
-3.4556338582677166
 31
0
  0
LINE
  5
31A
330
22
100
AcDbEntity
  8
F.Silkscreen
  6
CONTINUOUS
100
AcDbLine
 10
6.5041968503937007
 20
-3.4556338582677166
 30
0
 11
6.5086692913385829
 21
-3.4556338582677166
 31
0
  0
LINE
  5
31B
330
22
100
AcDbEntity
  8
F.Silkscreen
  6
CONTINUOUS
100
AcDbLine
 10
6.5086692913385829
 20
-3.4556338582677166
 30
0
 11
6.4971417322834641
 21
-3.4867204724409446
 31
0
  0
LINE
  5
31C
330
22
100
AcDbEntity
  8
F.Silkscreen
  6
CONTINUOUS
100
AcDbLine
 10
6.4971417322834641
 20
-3.4867204724409446
 30
0
 11
6.4935196850393702
 21
-3.4867204724409446
 31
0
  0
LINE
  5
31D
330
22
100
AcDbEntity
  8
F.Silkscreen
  6
CONTINUOUS
100
AcDbLine
 10
6.4935196850393702
 20
-3.4867204724409446
 30
0
 11
6.4819921259842515
 21
-3.4556338582677166
 31
0
  0
LINE
  5
31E
330
22
100
AcDbEntity
  8
F.Silkscreen
  6
CONTINUOUS
100
AcDbLine
 10
6.4819921259842515
 20
-3.4556338582677166
 30
0
 11
6.4864645669291336
 21
-3.4556338582677166
 31
0
  0
LINE
  5
31F
330
22
100
AcDbEntity
  8
F.Silkscreen
  6
CONTINUOUS
100
AcDbLine
 10
6.4864645669291336
 20
-3.4556338582677166
 30
0
 11
6.4952834645669286
 21
-3.481271653543307
 31
0
  0
LINE
  5
320
330
22
100
AcDbEntity
  8
F.Silkscreen
  6
CONTINUOUS
100
AcDbLine
 10
5.248889724409449
 20
-3.607996023622047
 30
0
 11
5.2604802755905506
 21
-3.6079959842519682
 31
0
  0
LINE
  5
321
330
22
100
AcDbEntity
  8
F.Silkscreen
  6
CONTINUOUS
100
AcDbLine
 10
5.2604802755905506
 20
-3.6079959842519682
 30
0
 11
5.2604802755905506
 21
-3.6120904724409448
 31
0
  0
LINE
  5
322
330
22
100
AcDbEntity
  8
F.Silkscreen
  6
CONTINUOUS
100
AcDbLine
 10
5.2604802755905506
 20
-3.6120904724409448
 30
0
 11
5.248889724409449
 21
-3.6120905118110236
 31
0
  0
LINE
  5
323
330
22
100
AcDbEntity
  8
F.Silkscreen
  6
CONTINUOUS
100
AcDbLine
 10
5.248889724409449
 20
-3.6120905118110236
 30
0
 11
5.2293937007874014
 21
-3.6228307480314959
 31
0
  0
LINE
  5
324
330
22
100
AcDbEntity
  8
F.Silkscreen
  6
CONTINUOUS
100
AcDbLine
 10
5.2293937007874014
 20
-3.6228307480314959
 30
0
 11
5.2293937007874014
 21
-3.6181378346456694
 31
0
  0
LINE
  5
325
330
22
100
AcDbEntity
  8
F.Silkscreen
  6
CONTINUOUS
100
AcDbLine
 10
5.2293937007874014
 20
-3.6181378346456694
 30
0
 11
5.2449842125984247
 21
-3.610043307086614
 31
0
  0
LINE
  5
326
330
22
100
AcDbEntity
  8
F.Silkscreen
  6
CONTINUOUS
100
AcDbLine
 10
5.2449842125984247
 20
-3.610043307086614
 30
0
 11
5.2293936220472439
 21
-3.6019488582677166
 31
0
  0
LINE
  5
327
330
22
100
AcDbEntity
  8
F.Silkscreen
  6
CONTINUOUS
100
AcDbLine
 10
5.2293936220472439
 20
-3.6019488582677166
 30
0
 11
5.2293936220472439
 21
-3.5972874409448816
 31
0
  0
LINE
  5
328
330
22
100
AcDbEntity
  8
F.Silkscreen
  6
CONTINUOUS
100
AcDbLine
 10
5.2293936220472439
 20
-3.5972874409448816
 30
0
 11
5.248889724409449
 21
-3.607996023622047
 31
0
  0
LINE
  5
329
330
22
100
AcDbEntity
  8
F.Silkscreen
  6
CONTINUOUS
100
AcDbLine
 10
6.4830708661417322
 20
-3.5823031496062989
 30
0
 11
6.4830708661417322
 21
-3.5582401574803151
 31
0
  0
LINE
  5
32A
330
22
100
AcDbEntity
  8
F.Silkscreen
  6
CONTINUOUS
100
AcDbLine
 10
6.4830708661417322
 20
-3.5582401574803151
 30
0
 11
6.4871338582677165
 21
-3.5582401574803151
 31
0
  0
LINE
  5
32B
330
22
100
AcDbEntity
  8
F.Silkscreen
  6
CONTINUOUS
100
AcDbLine
 10
6.4871338582677165
 20
-3.5582401574803151
 30
0
 11
6.4871338582677165
 21
-3.5893267716535431
 31
0
  0
LINE
  5
32C
330
22
100
AcDbEntity
  8
F.Silkscreen
  6
CONTINUOUS
100
AcDbLine
 10
6.4871338582677165
 20
-3.5893267716535431
 30
0
 11
6.4830393700787399
 21
-3.5893267716535431
 31
0
  0
LINE
  5
32D
330
22
100
AcDbEntity
  8
F.Silkscreen
  6
CONTINUOUS
100
AcDbLine
 10
6.4830393700787399
 20
-3.5893267716535431
 30
0
 11
6.4673543307086616
 21
-3.5653582677165354
 31
0
  0
LINE
  5
32E
330
22
100
AcDbEntity
  8
F.Silkscreen
  6
CONTINUOUS
100
AcDbLine
 10
6.4673543307086616
 20
-3.5653582677165354
 30
0
 11
6.4673543307086616
 21
-3.5893267716535431
 31
0
  0
LINE
  5
32F
330
22
100
AcDbEntity
  8
F.Silkscreen
  6
CONTINUOUS
100
AcDbLine
 10
6.4673543307086616
 20
-3.5893267716535431
 30
0
 11
6.463259842519685
 21
-3.5893267716535431
 31
0
  0
LINE
  5
330
330
22
100
AcDbEntity
  8
F.Silkscreen
  6
CONTINUOUS
100
AcDbLine
 10
6.463259842519685
 20
-3.5893267716535431
 30
0
 11
6.463259842519685
 21
-3.5582401574803151
 31
0
  0
LINE
  5
331
330
22
100
AcDbEntity
  8
F.Silkscreen
  6
CONTINUOUS
100
AcDbLine
 10
6.463259842519685
 20
-3.5582401574803151
 30
0
 11
6.4673543307086616
 21
-3.5582401574803151
 31
0
  0
LINE
  5
332
330
22
100
AcDbEntity
  8
F.Silkscreen
  6
CONTINUOUS
100
AcDbLine
 10
6.4673543307086616
 20
-3.5582401574803151
 30
0
 11
6.4830708661417322
 21
-3.5823031496062989
 31
0
  0
LINE
  5
333
330
22
100
AcDbEntity
  8
F.Silkscreen
  6
CONTINUOUS
100
AcDbLine
 10
5.2604801181102365
 20
-3.4417164566929133
 30
0
 11
5.2293935039370076
 21
-3.4417165748031495
 31
0
  0
LINE
  5
334
330
22
100
AcDbEntity
  8
F.Silkscreen
  6
CONTINUOUS
100
AcDbLine
 10
5.2293935039370076
 20
-3.4417165748031495
 30
0
 11
5.2293934251968501
 21
-3.4221890157480312
 31
0
  0
LINE
  5
335
330
22
100
AcDbEntity
  8
F.Silkscreen
  6
CONTINUOUS
100
AcDbLine
 10
5.2293934251968501
 20
-3.4221890157480312
 30
0
 11
5.232763503937008
 21
-3.4221890157480312
 31
0
  0
LINE
  5
336
330
22
100
AcDbEntity
  8
F.Silkscreen
  6
CONTINUOUS
100
AcDbLine
 10
5.232763503937008
 20
-3.4221890157480312
 30
0
 11
5.2327635826771655
 21
-3.4376220866141733
 31
0
  0
LINE
  5
337
330
22
100
AcDbEntity
  8
F.Silkscreen
  6
CONTINUOUS
100
AcDbLine
 10
5.2327635826771655
 20
-3.4376220866141733
 30
0
 11
5.2427478346456695
 21
-3.4376220472440946
 31
0
  0
LINE
  5
338
330
22
100
AcDbEntity
  8
F.Silkscreen
  6
CONTINUOUS
100
AcDbLine
 10
5.2427478346456695
 20
-3.4376220472440946
 30
0
 11
5.242747755905512
 21
-3.4241417322834646
 31
0
  0
LINE
  5
339
330
22
100
AcDbEntity
  8
F.Silkscreen
  6
CONTINUOUS
100
AcDbLine
 10
5.242747755905512
 20
-3.4241417322834646
 30
0
 11
5.2461178346456689
 21
-3.4241417322834646
 31
0
  0
LINE
  5
33A
330
22
100
AcDbEntity
  8
F.Silkscreen
  6
CONTINUOUS
100
AcDbLine
 10
5.2461178346456689
 20
-3.4241417322834646
 30
0
 11
5.2461179133858264
 21
-3.4376220472440946
 31
0
  0
LINE
  5
33B
330
22
100
AcDbEntity
  8
F.Silkscreen
  6
CONTINUOUS
100
AcDbLine
 10
5.2461179133858264
 20
-3.4376220472440946
 30
0
 11
5.2571415354330711
 21
-3.4376220078740158
 31
0
  0
LINE
  5
33C
330
22
100
AcDbEntity
  8
F.Silkscreen
  6
CONTINUOUS
100
AcDbLine
 10
5.2571415354330711
 20
-3.4376220078740158
 30
0
 11
5.2571414566929136
 21
-3.421968464566929
 31
0
  0
LINE
  5
33D
330
22
100
AcDbEntity
  8
F.Silkscreen
  6
CONTINUOUS
100
AcDbLine
 10
5.2571414566929136
 20
-3.421968464566929
 30
0
 11
5.260480039370079
 21
-3.4219684251968503
 31
0
  0
LINE
  5
33E
330
22
100
AcDbEntity
  8
F.Silkscreen
  6
CONTINUOUS
100
AcDbLine
 10
5.260480039370079
 20
-3.4219684251968503
 30
0
 11
5.2604801181102365
 21
-3.4417164566929133
 31
0
  0
LINE
  5
33F
330
22
100
AcDbEntity
  8
F.Silkscreen
  6
CONTINUOUS
100
AcDbLine
 10
5.2604801181102365
 20
-3.5697282677165352
 30
0
 11
5.2293935039370076
 21
-3.5697283858267714
 31
0
  0
LINE
  5
340
330
22
100
AcDbEntity
  8
F.Silkscreen
  6
CONTINUOUS
100
AcDbLine
 10
5.2293935039370076
 20
-3.5697283858267714
 30
0
 11
5.2293934251968501
 21
-3.5502008267716536
 31
0
  0
LINE
  5
341
330
22
100
AcDbEntity
  8
F.Silkscreen
  6
CONTINUOUS
100
AcDbLine
 10
5.2293934251968501
 20
-3.5502008267716536
 30
0
 11
5.232763503937008
 21
-3.5502008267716536
 31
0
  0
LINE
  5
342
330
22
100
AcDbEntity
  8
F.Silkscreen
  6
CONTINUOUS
100
AcDbLine
 10
5.232763503937008
 20
-3.5502008267716536
 30
0
 11
5.2327635826771655
 21
-3.5656338976377953
 31
0
  0
LINE
  5
343
330
22
100
AcDbEntity
  8
F.Silkscreen
  6
CONTINUOUS
100
AcDbLine
 10
5.2327635826771655
 20
-3.5656338976377953
 30
0
 11
5.2427478346456695
 21
-3.5656338582677165
 31
0
  0
LINE
  5
344
330
22
100
AcDbEntity
  8
F.Silkscreen
  6
CONTINUOUS
100
AcDbLine
 10
5.2427478346456695
 20
-3.5656338582677165
 30
0
 11
5.242747755905512
 21
-3.5521535433070865
 31
0
  0
LINE
  5
345
330
22
100
AcDbEntity
  8
F.Silkscreen
  6
CONTINUOUS
100
AcDbLine
 10
5.242747755905512
 20
-3.5521535433070865
 30
0
 11
5.2461178346456689
 21
-3.5521535433070865
 31
0
  0
LINE
  5
346
330
22
100
AcDbEntity
  8
F.Silkscreen
  6
CONTINUOUS
100
AcDbLine
 10
5.2461178346456689
 20
-3.5521535433070865
 30
0
 11
5.2461179133858264
 21
-3.5656338582677165
 31
0
  0
LINE
  5
347
330
22
100
AcDbEntity
  8
F.Silkscreen
  6
CONTINUOUS
100
AcDbLine
 10
5.2461179133858264
 20
-3.5656338582677165
 30
0
 11
5.2571415354330711
 21
-3.5656338188976378
 31
0
  0
LINE
  5
348
330
22
100
AcDbEntity
  8
F.Silkscreen
  6
CONTINUOUS
100
AcDbLine
 10
5.2571415354330711
 20
-3.5656338188976378
 30
0
 11
5.2571414566929136
 21
-3.549980275590551
 31
0
  0
LINE
  5
349
330
22
100
AcDbEntity
  8
F.Silkscreen
  6
CONTINUOUS
100
AcDbLine
 10
5.2571414566929136
 20
-3.549980275590551
 30
0
 11
5.260480039370079
 21
-3.5499802362204722
 31
0
  0
LINE
  5
34A
330
22
100
AcDbEntity
  8
F.Silkscreen
  6
CONTINUOUS
100
AcDbLine
 10
5.260480039370079
 20
-3.5499802362204722
 30
0
 11
5.2604801181102365
 21
-3.5697282677165352
 31
0
  0
LINE
  5
34B
330
22
100
AcDbEntity
  8
F.Silkscreen
  6
CONTINUOUS
100
AcDbLine
 10
5.3426023622047243
 20
-3.7181732283464566
 30
0
 11
5.3271692913385822
 21
-3.7181732283464566
 31
0
  0
LINE
  5
34C
330
22
100
AcDbEntity
  8
F.Silkscreen
  6
CONTINUOUS
100
AcDbLine
 10
5.3271692913385822
 20
-3.7181732283464566
 30
0
 11
5.3271692913385822
 21
-3.7281574803149606
 31
0
  0
LINE
  5
34D
330
22
100
AcDbEntity
  8
F.Silkscreen
  6
CONTINUOUS
100
AcDbLine
 10
5.3271692913385822
 20
-3.7281574803149606
 30
0
 11
5.3406496062992126
 21
-3.7281574803149606
 31
0
  0
LINE
  5
34E
330
22
100
AcDbEntity
  8
F.Silkscreen
  6
CONTINUOUS
100
AcDbLine
 10
5.3406496062992126
 20
-3.7281574803149606
 30
0
 11
5.3406496062992126
 21
-3.731527559055118
 31
0
  0
LINE
  5
34F
330
22
100
AcDbEntity
  8
F.Silkscreen
  6
CONTINUOUS
100
AcDbLine
 10
5.3406496062992126
 20
-3.731527559055118
 30
0
 11
5.3271692913385822
 21
-3.731527559055118
 31
0
  0
LINE
  5
350
330
22
100
AcDbEntity
  8
F.Silkscreen
  6
CONTINUOUS
100
AcDbLine
 10
5.3271692913385822
 20
-3.731527559055118
 30
0
 11
5.3271692913385822
 21
-3.7425511811023622
 31
0
  0
LINE
  5
351
330
22
100
AcDbEntity
  8
F.Silkscreen
  6
CONTINUOUS
100
AcDbLine
 10
5.3271692913385822
 20
-3.7425511811023622
 30
0
 11
5.342822834645669
 21
-3.7425511811023622
 31
0
  0
LINE
  5
352
330
22
100
AcDbEntity
  8
F.Silkscreen
  6
CONTINUOUS
100
AcDbLine
 10
5.342822834645669
 20
-3.7425511811023622
 30
0
 11
5.342822834645669
 21
-3.7458897637795276
 31
0
  0
LINE
  5
353
330
22
100
AcDbEntity
  8
F.Silkscreen
  6
CONTINUOUS
100
AcDbLine
 10
5.342822834645669
 20
-3.7458897637795276
 30
0
 11
5.3230748031496065
 21
-3.7458897637795276
 31
0
  0
LINE
  5
354
330
22
100
AcDbEntity
  8
F.Silkscreen
  6
CONTINUOUS
100
AcDbLine
 10
5.3230748031496065
 20
-3.7458897637795276
 30
0
 11
5.3230748031496065
 21
-3.7148031496062992
 31
0
  0
LINE
  5
355
330
22
100
AcDbEntity
  8
F.Silkscreen
  6
CONTINUOUS
100
AcDbLine
 10
5.3230748031496065
 20
-3.7148031496062992
 30
0
 11
5.3426023622047243
 21
-3.7148031496062992
 31
0
  0
LINE
  5
356
330
22
100
AcDbEntity
  8
F.Silkscreen
  6
CONTINUOUS
100
AcDbLine
 10
5.3426023622047243
 20
-3.7148031496062992
 30
0
 11
5.3426023622047243
 21
-3.7181732283464566
 31
0
  0
LINE
  5
357
330
22
100
AcDbEntity
  8
F.Silkscreen
  6
CONTINUOUS
100
AcDbLine
 10
5.2604802362204719
 20
-3.4740314173228346
 30
0
 11
5.2479133464566932
 21
-3.4807716535433069
 31
0
  0
LINE
  5
358
330
22
100
AcDbEntity
  8
F.Silkscreen
  6
CONTINUOUS
100
AcDbLine
 10
5.2479133464566932
 20
-3.4807716535433069
 30
0
 11
5.2479133464566932
 21
-3.4880787401574804
 31
0
  0
LINE
  5
359
330
22
100
AcDbEntity
  8
F.Silkscreen
  6
CONTINUOUS
100
AcDbLine
 10
5.2479133464566932
 20
-3.4880787401574804
 30
0
 11
5.2604802755905506
 21
-3.4880786614173229
 31
0
  0
LINE
  5
35A
330
22
100
AcDbEntity
  8
F.Silkscreen
  6
CONTINUOUS
100
AcDbLine
 10
5.2604802755905506
 20
-3.4880786614173229
 30
0
 11
5.2604803149606294
 21
-3.4922046456692915
 31
0
  0
LINE
  5
35B
330
22
100
AcDbEntity
  8
F.Silkscreen
  6
CONTINUOUS
100
AcDbLine
 10
5.2604803149606294
 20
-3.4922046456692915
 30
0
 11
5.2293937007874014
 21
-3.4922047637795273
 31
0
  0
LINE
  5
35C
330
22
100
AcDbEntity
  8
F.Silkscreen
  6
CONTINUOUS
100
AcDbLine
 10
5.2293937007874014
 20
-3.4922047637795273
 30
0
 11
5.2293956692913381
 21
-3.4880787795275592
 31
0
  0
LINE
  5
35D
330
22
100
AcDbEntity
  8
F.Silkscreen
  6
CONTINUOUS
100
AcDbLine
 10
5.2293956692913381
 20
-3.4880787795275592
 30
0
 11
5.2327637401574805
 21
-3.4880787795275592
 31
0
  0
LINE
  5
35E
330
22
100
AcDbEntity
  8
F.Silkscreen
  6
CONTINUOUS
100
AcDbLine
 10
5.2327637401574805
 20
-3.4880787795275592
 30
0
 11
5.2445432677165353
 21
-3.4880787401574804
 31
0
  0
LINE
  5
35F
330
22
100
AcDbEntity
  8
F.Silkscreen
  6
CONTINUOUS
100
AcDbLine
 10
5.2445432677165353
 20
-3.4880787401574804
 30
0
 11
5.2445428740157478
 21
-3.4816843700787401
 31
0
  0
LINE
  5
360
330
22
100
AcDbEntity
  8
F.Silkscreen
  6
CONTINUOUS
100
AcDbLine
 10
5.2445428740157478
 20
-3.4816843700787401
 30
0
 11
5.2444567322834645
 21
-3.480416653543307
 31
0
  0
LINE
  5
361
330
22
100
AcDbEntity
  8
F.Silkscreen
  6
CONTINUOUS
100
AcDbLine
 10
5.2444567322834645
 20
-3.480416653543307
 30
0
 11
5.2442629527559053
 21
-3.4794259842519684
 31
0
  0
LINE
  5
362
330
22
100
AcDbEntity
  8
F.Silkscreen
  6
CONTINUOUS
100
AcDbLine
 10
5.2442629527559053
 20
-3.4794259842519684
 30
0
 11
5.243958464566929
 21
-3.478523937007874
 31
0
  0
LINE
  5
363
330
22
100
AcDbEntity
  8
F.Silkscreen
  6
CONTINUOUS
100
AcDbLine
 10
5.243958464566929
 20
-3.478523937007874
 30
0
 11
5.2435820472440939
 21
-3.4777748425196848
 31
0
  0
LINE
  5
364
330
22
100
AcDbEntity
  8
F.Silkscreen
  6
CONTINUOUS
100
AcDbLine
 10
5.2435820472440939
 20
-3.4777748425196848
 30
0
 11
5.2430653149606297
 21
-3.4770425590551182
 31
0
  0
LINE
  5
365
330
22
100
AcDbEntity
  8
F.Silkscreen
  6
CONTINUOUS
100
AcDbLine
 10
5.2430653149606297
 20
-3.4770425590551182
 30
0
 11
5.2422844881889761
 21
-3.4762738976377952
 31
0
  0
LINE
  5
366
330
22
100
AcDbEntity
  8
F.Silkscreen
  6
CONTINUOUS
100
AcDbLine
 10
5.2422844881889761
 20
-3.4762738976377952
 30
0
 11
5.2413855118110231
 21
-3.4757018897637795
 31
0
  0
LINE
  5
367
330
22
100
AcDbEntity
  8
F.Silkscreen
  6
CONTINUOUS
100
AcDbLine
 10
5.2413855118110231
 20
-3.4757018897637795
 30
0
 11
5.2403688976377953
 21
-3.4753271653543307
 31
0
  0
LINE
  5
368
330
22
100
AcDbEntity
  8
F.Silkscreen
  6
CONTINUOUS
100
AcDbLine
 10
5.2403688976377953
 20
-3.4753271653543307
 30
0
 11
5.2393138976377953
 21
-3.4751553543307088
 31
0
  0
LINE
  5
369
330
22
100
AcDbEntity
  8
F.Silkscreen
  6
CONTINUOUS
100
AcDbLine
 10
5.2393138976377953
 20
-3.4751553543307088
 30
0
 11
5.2379597637795277
 21
-3.4751675196850393
 31
0
  0
LINE
  5
36A
330
22
100
AcDbEntity
  8
F.Silkscreen
  6
CONTINUOUS
100
AcDbLine
 10
5.2379597637795277
 20
-3.4751675196850393
 30
0
 11
5.2367651968503939
 21
-3.4753730708661417
 31
0
  0
LINE
  5
36B
330
22
100
AcDbEntity
  8
F.Silkscreen
  6
CONTINUOUS
100
AcDbLine
 10
5.2367651968503939
 20
-3.4753730708661417
 30
0
 11
5.2357193700787397
 21
-3.4757654724409446
 31
0
  0
LINE
  5
36C
330
22
100
AcDbEntity
  8
F.Silkscreen
  6
CONTINUOUS
100
AcDbLine
 10
5.2357193700787397
 20
-3.4757654724409446
 30
0
 11
5.2347678346456687
 21
-3.4763899606299211
 31
0
  0
LINE
  5
36D
330
22
100
AcDbEntity
  8
F.Silkscreen
  6
CONTINUOUS
100
AcDbLine
 10
5.2347678346456687
 20
-3.4763899606299211
 30
0
 11
5.2341201181102361
 21
-3.4770571259842518
 31
0
  0
LINE
  5
36E
330
22
100
AcDbEntity
  8
F.Silkscreen
  6
CONTINUOUS
100
AcDbLine
 10
5.2341201181102361
 20
-3.4770571259842518
 30
0
 11
5.2335960236220469
 21
-3.4778616141732281
 31
0
  0
LINE
  5
36F
330
22
100
AcDbEntity
  8
F.Silkscreen
  6
CONTINUOUS
100
AcDbLine
 10
5.2335960236220469
 20
-3.4778616141732281
 30
0
 11
5.2331740157480313
 21
-3.4788675196850392
 31
0
  0
LINE
  5
370
330
22
100
AcDbEntity
  8
F.Silkscreen
  6
CONTINUOUS
100
AcDbLine
 10
5.2331740157480313
 20
-3.4788675196850392
 30
0
 11
5.2329144488188977
 21
-3.4799311417322834
 31
0
  0
LINE
  5
371
330
22
100
AcDbEntity
  8
F.Silkscreen
  6
CONTINUOUS
100
AcDbLine
 10
5.2329144488188977
 20
-3.4799311417322834
 30
0
 11
5.2327652362204722
 21
-3.4816097637795274
 31
0
  0
LINE
  5
372
330
22
100
AcDbEntity
  8
F.Silkscreen
  6
CONTINUOUS
100
AcDbLine
 10
5.2327652362204722
 20
-3.4816097637795274
 30
0
 11
5.2327637401574805
 21
-3.4880787795275592
 31
0
  0
LINE
  5
373
330
22
100
AcDbEntity
  8
F.Silkscreen
  6
CONTINUOUS
100
AcDbLine
 10
5.2327637401574805
 20
-3.4880787795275592
 30
0
 11
5.2293956692913381
 21
-3.4880787795275592
 31
0
  0
LINE
  5
374
330
22
100
AcDbEntity
  8
F.Silkscreen
  6
CONTINUOUS
100
AcDbLine
 10
5.2293956692913381
 20
-3.4880787795275592
 30
0
 11
5.229398897637795
 21
-3.481417834645669
 31
0
  0
LINE
  5
375
330
22
100
AcDbEntity
  8
F.Silkscreen
  6
CONTINUOUS
100
AcDbLine
 10
5.229398897637795
 20
-3.481417834645669
 30
0
 11
5.2294924015748032
 21
-3.4798701181102363
 31
0
  0
LINE
  5
376
330
22
100
AcDbEntity
  8
F.Silkscreen
  6
CONTINUOUS
100
AcDbLine
 10
5.2294924015748032
 20
-3.4798701181102363
 30
0
 11
5.2297302362204725
 21
-3.4783061417322836
 31
0
  0
LINE
  5
377
330
22
100
AcDbEntity
  8
F.Silkscreen
  6
CONTINUOUS
100
AcDbLine
 10
5.2297302362204725
 20
-3.4783061417322836
 30
0
 11
5.2299920472440942
 21
-3.4772598818897635
 31
0
  0
LINE
  5
378
330
22
100
AcDbEntity
  8
F.Silkscreen
  6
CONTINUOUS
100
AcDbLine
 10
5.2299920472440942
 20
-3.4772598818897635
 30
0
 11
5.2302825196850389
 21
-3.4764074015748032
 31
0
  0
LINE
  5
379
330
22
100
AcDbEntity
  8
F.Silkscreen
  6
CONTINUOUS
100
AcDbLine
 10
5.2302825196850389
 20
-3.4764074015748032
 30
0
 11
5.2306301968503934
 21
-3.4756136614173228
 31
0
  0
LINE
  5
37A
330
22
100
AcDbEntity
  8
F.Silkscreen
  6
CONTINUOUS
100
AcDbLine
 10
5.2306301968503934
 20
-3.4756136614173228
 30
0
 11
5.2310977165354329
 21
-3.4747785433070866
 31
0
  0
LINE
  5
37B
330
22
100
AcDbEntity
  8
F.Silkscreen
  6
CONTINUOUS
100
AcDbLine
 10
5.2310977165354329
 20
-3.4747785433070866
 30
0
 11
5.2316400393700784
 21
-3.4740201574803149
 31
0
  0
LINE
  5
37C
330
22
100
AcDbEntity
  8
F.Silkscreen
  6
CONTINUOUS
100
AcDbLine
 10
5.2316400393700784
 20
-3.4740201574803149
 30
0
 11
5.2322498818897634
 21
-3.4733359842519684
 31
0
  0
LINE
  5
37D
330
22
100
AcDbEntity
  8
F.Silkscreen
  6
CONTINUOUS
100
AcDbLine
 10
5.2322498818897634
 20
-3.4733359842519684
 30
0
 11
5.2329277952755904
 21
-3.4727380314960627
 31
0
  0
LINE
  5
37E
330
22
100
AcDbEntity
  8
F.Silkscreen
  6
CONTINUOUS
100
AcDbLine
 10
5.2329277952755904
 20
-3.4727380314960627
 30
0
 11
5.2335782677165357
 21
-3.4722875196850391
 31
0
  0
LINE
  5
37F
330
22
100
AcDbEntity
  8
F.Silkscreen
  6
CONTINUOUS
100
AcDbLine
 10
5.2335782677165357
 20
-3.4722875196850391
 30
0
 11
5.2343872047244098
 21
-3.4718556692913385
 31
0
  0
LINE
  5
380
330
22
100
AcDbEntity
  8
F.Silkscreen
  6
CONTINUOUS
100
AcDbLine
 10
5.2343872047244098
 20
-3.4718556692913385
 30
0
 11
5.2352660236220467
 21
-3.4715124015748029
 31
0
  0
LINE
  5
381
330
22
100
AcDbEntity
  8
F.Silkscreen
  6
CONTINUOUS
100
AcDbLine
 10
5.2352660236220467
 20
-3.4715124015748029
 30
0
 11
5.2363382283464563
 21
-3.471232125984252
 31
0
  0
LINE
  5
382
330
22
100
AcDbEntity
  8
F.Silkscreen
  6
CONTINUOUS
100
AcDbLine
 10
5.2363382283464563
 20
-3.471232125984252
 30
0
 11
5.2373655118110234
 21
-3.4710770866141734
 31
0
  0
LINE
  5
383
330
22
100
AcDbEntity
  8
F.Silkscreen
  6
CONTINUOUS
100
AcDbLine
 10
5.2373655118110234
 20
-3.4710770866141734
 30
0
 11
5.238604803149606
 21
-3.4710085826771651
 31
0
  0
LINE
  5
384
330
22
100
AcDbEntity
  8
F.Silkscreen
  6
CONTINUOUS
100
AcDbLine
 10
5.238604803149606
 20
-3.4710085826771651
 30
0
 11
5.2396349999999998
 21
-3.4710455511811023
 31
0
  0
LINE
  5
385
330
22
100
AcDbEntity
  8
F.Silkscreen
  6
CONTINUOUS
100
AcDbLine
 10
5.2396349999999998
 20
-3.4710455511811023
 30
0
 11
5.2407329921259844
 21
-3.4712072047244096
 31
0
  0
LINE
  5
386
330
22
100
AcDbEntity
  8
F.Silkscreen
  6
CONTINUOUS
100
AcDbLine
 10
5.2407329921259844
 20
-3.4712072047244096
 30
0
 11
5.2416911811023619
 21
-3.4714694488188975
 31
0
  0
LINE
  5
387
330
22
100
AcDbEntity
  8
F.Silkscreen
  6
CONTINUOUS
100
AcDbLine
 10
5.2416911811023619
 20
-3.4714694488188975
 30
0
 11
5.2425227952755904
 21
-3.4718051574803148
 31
0
  0
LINE
  5
388
330
22
100
AcDbEntity
  8
F.Silkscreen
  6
CONTINUOUS
100
AcDbLine
 10
5.2425227952755904
 20
-3.4718051574803148
 30
0
 11
5.2433790944881888
 21
-3.4722753937007873
 31
0
  0
LINE
  5
389
330
22
100
AcDbEntity
  8
F.Silkscreen
  6
CONTINUOUS
100
AcDbLine
 10
5.2433790944881888
 20
-3.4722753937007873
 30
0
 11
5.2441851181102361
 21
-3.472857244094488
 31
0
  0
LINE
  5
38A
330
22
100
AcDbEntity
  8
F.Silkscreen
  6
CONTINUOUS
100
AcDbLine
 10
5.2441851181102361
 20
-3.472857244094488
 30
0
 11
5.2449225590551176
 21
-3.4735341732283462
 31
0
  0
LINE
  5
38B
330
22
100
AcDbEntity
  8
F.Silkscreen
  6
CONTINUOUS
100
AcDbLine
 10
5.2449225590551176
 20
-3.4735341732283462
 30
0
 11
5.2455304724409446
 21
-3.4742305511811025
 31
0
  0
LINE
  5
38C
330
22
100
AcDbEntity
  8
F.Silkscreen
  6
CONTINUOUS
100
AcDbLine
 10
5.2455304724409446
 20
-3.4742305511811025
 30
0
 11
5.2461193700787403
 21
-3.475072992125984
 31
0
  0
LINE
  5
38D
330
22
100
AcDbEntity
  8
F.Silkscreen
  6
CONTINUOUS
100
AcDbLine
 10
5.2461193700787403
 20
-3.475072992125984
 30
0
 11
5.2465911023622045
 21
-3.4759211417322833
 31
0
  0
LINE
  5
38E
330
22
100
AcDbEntity
  8
F.Silkscreen
  6
CONTINUOUS
100
AcDbLine
 10
5.2465911023622045
 20
-3.4759211417322833
 30
0
 11
5.2470314173228347
 21
-3.4769291338582677
 31
0
  0
LINE
  5
38F
330
22
100
AcDbEntity
  8
F.Silkscreen
  6
CONTINUOUS
100
AcDbLine
 10
5.2470314173228347
 20
-3.4769291338582677
 30
0
 11
5.2602282677165357
 21
-3.4696219685039371
 31
0
  0
LINE
  5
390
330
22
100
AcDbEntity
  8
F.Silkscreen
  6
CONTINUOUS
100
AcDbLine
 10
5.2602282677165357
 20
-3.4696219685039371
 30
0
 11
5.2604802362204719
 21
-3.4696219685039371
 31
0
  0
LINE
  5
391
330
22
100
AcDbEntity
  8
F.Silkscreen
  6
CONTINUOUS
100
AcDbLine
 10
5.2604802362204719
 20
-3.4696219685039371
 30
0
 11
5.2604802362204719
 21
-3.4740314173228346
 31
0
  0
LINE
  5
392
330
22
100
AcDbEntity
  8
F.Silkscreen
  6
CONTINUOUS
100
AcDbLine
 10
5.2604801968503931
 20
-3.3533621259842521
 30
0
 11
5.2576455511811027
 21
-3.3533621653543308
 31
0
  0
LINE
  5
393
330
22
100
AcDbEntity
  8
F.Silkscreen
  6
CONTINUOUS
100
AcDbLine
 10
5.2576455511811027
 20
-3.3533621653543308
 30
0
 11
5.2456770078740158
 21
-3.3425905511811025
 31
0
  0
LINE
  5
394
330
22
100
AcDbEntity
  8
F.Silkscreen
  6
CONTINUOUS
100
AcDbLine
 10
5.2456770078740158
 20
-3.3425905511811025
 30
0
 11
5.2437872440944879
 21
-3.3410034251968503
 31
0
  0
LINE
  5
395
330
22
100
AcDbEntity
  8
F.Silkscreen
  6
CONTINUOUS
100
AcDbLine
 10
5.2437872440944879
 20
-3.3410034251968503
 30
0
 11
5.2423662204724408
 21
-3.3399562598425194
 31
0
  0
LINE
  5
396
330
22
100
AcDbEntity
  8
F.Silkscreen
  6
CONTINUOUS
100
AcDbLine
 10
5.2423662204724408
 20
-3.3399562598425194
 30
0
 11
5.2411611417322836
 21
-3.3392292125984251
 31
0
  0
LINE
  5
397
330
22
100
AcDbEntity
  8
F.Silkscreen
  6
CONTINUOUS
100
AcDbLine
 10
5.2411611417322836
 20
-3.3392292125984251
 30
0
 11
5.239974251968504
 21
-3.3387460629921257
 31
0
  0
LINE
  5
398
330
22
100
AcDbEntity
  8
F.Silkscreen
  6
CONTINUOUS
100
AcDbLine
 10
5.239974251968504
 20
-3.3387460629921257
 30
0
 11
5.2387575984251971
 21
-3.3384713385826772
 31
0
  0
LINE
  5
399
330
22
100
AcDbEntity
  8
F.Silkscreen
  6
CONTINUOUS
100
AcDbLine
 10
5.2387575984251971
 20
-3.3384713385826772
 30
0
 11
5.2374403149606295
 21
-3.3384072440944883
 31
0
  0
LINE
  5
39A
330
22
100
AcDbEntity
  8
F.Silkscreen
  6
CONTINUOUS
100
AcDbLine
 10
5.2374403149606295
 20
-3.3384072440944883
 30
0
 11
5.2361768897637795
 21
-3.3385727952755904
 31
0
  0
LINE
  5
39B
330
22
100
AcDbEntity
  8
F.Silkscreen
  6
CONTINUOUS
100
AcDbLine
 10
5.2361768897637795
 20
-3.3385727952755904
 30
0
 11
5.2350529921259845
 21
-3.338967559055118
 31
0
  0
LINE
  5
39C
330
22
100
AcDbEntity
  8
F.Silkscreen
  6
CONTINUOUS
100
AcDbLine
 10
5.2350529921259845
 20
-3.338967559055118
 30
0
 11
5.2340686220472437
 21
-3.339591496062992
 31
0
  0
LINE
  5
39D
330
22
100
AcDbEntity
  8
F.Silkscreen
  6
CONTINUOUS
100
AcDbLine
 10
5.2340686220472437
 20
-3.339591496062992
 30
0
 11
5.2332363385826772
 21
-3.3404398818897638
 31
0
  0
LINE
  5
39E
330
22
100
AcDbEntity
  8
F.Silkscreen
  6
CONTINUOUS
100
AcDbLine
 10
5.2332363385826772
 20
-3.3404398818897638
 30
0
 11
5.2326676771653542
 21
-3.3413924409448819
 31
0
  0
LINE
  5
39F
330
22
100
AcDbEntity
  8
F.Silkscreen
  6
CONTINUOUS
100
AcDbLine
 10
5.2326676771653542
 20
-3.3413924409448819
 30
0
 11
5.2323212992125985
 21
-3.3424827952755907
 31
0
  0
LINE
  5
3A0
330
22
100
AcDbEntity
  8
F.Silkscreen
  6
CONTINUOUS
100
AcDbLine
 10
5.2323212992125985
 20
-3.3424827952755907
 30
0
 11
5.2321970866141729
 21
-3.343710905511811
 31
0
  0
LINE
  5
3A1
330
22
100
AcDbEntity
  8
F.Silkscreen
  6
CONTINUOUS
100
AcDbLine
 10
5.2321970866141729
 20
-3.343710905511811
 30
0
 11
5.2323010629921258
 21
-3.3451850787401574
 31
0
  0
LINE
  5
3A2
330
22
100
AcDbEntity
  8
F.Silkscreen
  6
CONTINUOUS
100
AcDbLine
 10
5.2323010629921258
 20
-3.3451850787401574
 30
0
 11
5.23261405511811
 21
-3.3464173622047242
 31
0
  0
LINE
  5
3A3
330
22
100
AcDbEntity
  8
F.Silkscreen
  6
CONTINUOUS
100
AcDbLine
 10
5.23261405511811
 20
-3.3464173622047242
 30
0
 11
5.2331357086614174
 21
-3.3474842913385827
 31
0
  0
LINE
  5
3A4
330
22
100
AcDbEntity
  8
F.Silkscreen
  6
CONTINUOUS
100
AcDbLine
 10
5.2331357086614174
 20
-3.3474842913385827
 30
0
 11
5.2338660236220473
 21
-3.3483858661417321
 31
0
  0
LINE
  5
3A5
330
22
100
AcDbEntity
  8
F.Silkscreen
  6
CONTINUOUS
100
AcDbLine
 10
5.2338660236220473
 20
-3.3483858661417321
 30
0
 11
5.2347971259842518
 21
-3.349088622047244
 31
0
  0
LINE
  5
3A6
330
22
100
AcDbEntity
  8
F.Silkscreen
  6
CONTINUOUS
100
AcDbLine
 10
5.2347971259842518
 20
-3.349088622047244
 30
0
 11
5.2358896456692916
 21
-3.3495905905511809
 31
0
  0
LINE
  5
3A7
330
22
100
AcDbEntity
  8
F.Silkscreen
  6
CONTINUOUS
100
AcDbLine
 10
5.2358896456692916
 20
-3.3495905905511809
 30
0
 11
5.2371435826771648
 21
-3.3498917716535432
 31
0
  0
LINE
  5
3A8
330
22
100
AcDbEntity
  8
F.Silkscreen
  6
CONTINUOUS
100
AcDbLine
 10
5.2371435826771648
 20
-3.3498917716535432
 30
0
 11
5.2385589370078742
 21
-3.3499921259842518
 31
0
  0
LINE
  5
3A9
330
22
100
AcDbEntity
  8
F.Silkscreen
  6
CONTINUOUS
100
AcDbLine
 10
5.2385589370078742
 20
-3.3499921259842518
 30
0
 11
5.238558976377953
 21
-3.3539606299212599
 31
0
  0
LINE
  5
3AA
330
22
100
AcDbEntity
  8
F.Silkscreen
  6
CONTINUOUS
100
AcDbLine
 10
5.238558976377953
 20
-3.3539606299212599
 30
0
 11
5.2372512992125984
 21
-3.3538929921259841
 31
0
  0
LINE
  5
3AB
330
22
100
AcDbEntity
  8
F.Silkscreen
  6
CONTINUOUS
100
AcDbLine
 10
5.2372512992125984
 20
-3.3538929921259841
 30
0
 11
5.2359070078740153
 21
-3.3536622440944881
 31
0
  0
LINE
  5
3AC
330
22
100
AcDbEntity
  8
F.Silkscreen
  6
CONTINUOUS
100
AcDbLine
 10
5.2359070078740153
 20
-3.3536622440944881
 30
0
 11
5.2347704724409452
 21
-3.3533103937007875
 31
0
  0
LINE
  5
3AD
330
22
100
AcDbEntity
  8
F.Silkscreen
  6
CONTINUOUS
100
AcDbLine
 10
5.2347704724409452
 20
-3.3533103937007875
 30
0
 11
5.2336144881889766
 21
-3.3527670078740157
 31
0
  0
LINE
  5
3AE
330
22
100
AcDbEntity
  8
F.Silkscreen
  6
CONTINUOUS
100
AcDbLine
 10
5.2336144881889766
 20
-3.3527670078740157
 30
0
 11
5.2325570866141735
 21
-3.3520598818897636
 31
0
  0
LINE
  5
3AF
330
22
100
AcDbEntity
  8
F.Silkscreen
  6
CONTINUOUS
100
AcDbLine
 10
5.2325570866141735
 20
-3.3520598818897636
 30
0
 11
5.2316814173228341
 21
-3.351274960629921
 31
0
  0
LINE
  5
3B0
330
22
100
AcDbEntity
  8
F.Silkscreen
  6
CONTINUOUS
100
AcDbLine
 10
5.2316814173228341
 20
-3.351274960629921
 30
0
 11
5.2308361417322837
 21
-3.3502775196850392
 31
0
  0
LINE
  5
3B1
330
22
100
AcDbEntity
  8
F.Silkscreen
  6
CONTINUOUS
100
AcDbLine
 10
5.2308361417322837
 20
-3.3502775196850392
 30
0
 11
5.2302031496062993
 21
-3.3492752755905513
 31
0
  0
LINE
  5
3B2
330
22
100
AcDbEntity
  8
F.Silkscreen
  6
CONTINUOUS
100
AcDbLine
 10
5.2302031496062993
 20
-3.3492752755905513
 30
0
 11
5.2296993307086614
 21
-3.3481822834645669
 31
0
  0
LINE
  5
3B3
330
22
100
AcDbEntity
  8
F.Silkscreen
  6
CONTINUOUS
100
AcDbLine
 10
5.2296993307086614
 20
-3.3481822834645669
 30
0
 11
5.2293246850393702
 21
-3.3469985826771653
 31
0
  0
LINE
  5
3B4
330
22
100
AcDbEntity
  8
F.Silkscreen
  6
CONTINUOUS
100
AcDbLine
 10
5.2293246850393702
 20
-3.3469985826771653
 30
0
 11
5.2290792125984247
 21
-3.3457241338582677
 31
0
  0
LINE
  5
3B5
330
22
100
AcDbEntity
  8
F.Silkscreen
  6
CONTINUOUS
100
AcDbLine
 10
5.2290792125984247
 20
-3.3457241338582677
 30
0
 11
5.2289584251968506
 21
-3.3442174409448819
 31
0
  0
LINE
  5
3B6
330
22
100
AcDbEntity
  8
F.Silkscreen
  6
CONTINUOUS
100
AcDbLine
 10
5.2289584251968506
 20
-3.3442174409448819
 30
0
 11
5.2289880314960628
 21
-3.3427293700787399
 31
0
  0
LINE
  5
3B7
330
22
100
AcDbEntity
  8
F.Silkscreen
  6
CONTINUOUS
100
AcDbLine
 10
5.2289880314960628
 20
-3.3427293700787399
 30
0
 11
5.2291524803149603
 21
-3.3413677559055119
 31
0
  0
LINE
  5
3B8
330
22
100
AcDbEntity
  8
F.Silkscreen
  6
CONTINUOUS
100
AcDbLine
 10
5.2291524803149603
 20
-3.3413677559055119
 30
0
 11
5.2294508661417325
 21
-3.3401140551181103
 31
0
  0
LINE
  5
3B9
330
22
100
AcDbEntity
  8
F.Silkscreen
  6
CONTINUOUS
100
AcDbLine
 10
5.2294508661417325
 20
-3.3401140551181103
 30
0
 11
5.2298832677165352
 21
-3.3389682677165355
 31
0
  0
LINE
  5
3BA
330
22
100
AcDbEntity
  8
F.Silkscreen
  6
CONTINUOUS
100
AcDbLine
 10
5.2298832677165352
 20
-3.3389682677165355
 30
0
 11
5.2303926377952754
 21
-3.3380203149606298
 31
0
  0
LINE
  5
3BB
330
22
100
AcDbEntity
  8
F.Silkscreen
  6
CONTINUOUS
100
AcDbLine
 10
5.2303926377952754
 20
-3.3380203149606298
 30
0
 11
5.2310807874015746
 21
-3.3370805511811024
 31
0
  0
LINE
  5
3BC
330
22
100
AcDbEntity
  8
F.Silkscreen
  6
CONTINUOUS
100
AcDbLine
 10
5.2310807874015746
 20
-3.3370805511811024
 30
0
 11
5.2318886220472436
 21
-3.3362624803149608
 31
0
  0
LINE
  5
3BD
330
22
100
AcDbEntity
  8
F.Silkscreen
  6
CONTINUOUS
100
AcDbLine
 10
5.2318886220472436
 20
-3.3362624803149608
 30
0
 11
5.2327883464566929
 21
-3.3355925590551179
 31
0
  0
LINE
  5
3BE
330
22
100
AcDbEntity
  8
F.Silkscreen
  6
CONTINUOUS
100
AcDbLine
 10
5.2327883464566929
 20
-3.3355925590551179
 30
0
 11
5.233685393700787
 21
-3.3351127165354328
 31
0
  0
LINE
  5
3BF
330
22
100
AcDbEntity
  8
F.Silkscreen
  6
CONTINUOUS
100
AcDbLine
 10
5.233685393700787
 20
-3.3351127165354328
 30
0
 11
5.2347591732283467
 21
-3.3347270078740157
 31
0
  0
LINE
  5
3C0
330
22
100
AcDbEntity
  8
F.Silkscreen
  6
CONTINUOUS
100
AcDbLine
 10
5.2347591732283467
 20
-3.3347270078740157
 30
0
 11
5.2358144881889759
 21
-3.3345055511811021
 31
0
  0
LINE
  5
3C1
330
22
100
AcDbEntity
  8
F.Silkscreen
  6
CONTINUOUS
100
AcDbLine
 10
5.2358144881889759
 20
-3.3345055511811021
 30
0
 11
5.2370623622047239
 21
-3.3344040551181102
 31
0
  0
LINE
  5
3C2
330
22
100
AcDbEntity
  8
F.Silkscreen
  6
CONTINUOUS
100
AcDbLine
 10
5.2370623622047239
 20
-3.3344040551181102
 30
0
 11
5.2378769291338578
 21
-3.3344244881889762
 31
0
  0
LINE
  5
3C3
330
22
100
AcDbEntity
  8
F.Silkscreen
  6
CONTINUOUS
100
AcDbLine
 10
5.2378769291338578
 20
-3.3344244881889762
 30
0
 11
5.2387700393700785
 21
-3.3345446062992123
 31
0
  0
LINE
  5
3C4
330
22
100
AcDbEntity
  8
F.Silkscreen
  6
CONTINUOUS
100
AcDbLine
 10
5.2387700393700785
 20
-3.3345446062992123
 30
0
 11
5.2396947244094489
 21
-3.334767716535433
 31
0
  0
LINE
  5
3C5
330
22
100
AcDbEntity
  8
F.Silkscreen
  6
CONTINUOUS
100
AcDbLine
 10
5.2396947244094489
 20
-3.334767716535433
 30
0
 11
5.2406509448818897
 21
-3.3350938188976378
 31
0
  0
LINE
  5
3C6
330
22
100
AcDbEntity
  8
F.Silkscreen
  6
CONTINUOUS
100
AcDbLine
 10
5.2406509448818897
 20
-3.3350938188976378
 30
0
 11
5.2416387401574802
 21
-3.3355228740157479
 31
0
  0
LINE
  5
3C7
330
22
100
AcDbEntity
  8
F.Silkscreen
  6
CONTINUOUS
100
AcDbLine
 10
5.2416387401574802
 20
-3.3355228740157479
 30
0
 11
5.2426580708661419
 21
-3.3360549212598425
 31
0
  0
LINE
  5
3C8
330
22
100
AcDbEntity
  8
F.Silkscreen
  6
CONTINUOUS
100
AcDbLine
 10
5.2426580708661419
 20
-3.3360549212598425
 30
0
 11
5.2446088582677168
 21
-3.3372977952755907
 31
0
  0
LINE
  5
3C9
330
22
100
AcDbEntity
  8
F.Silkscreen
  6
CONTINUOUS
100
AcDbLine
 10
5.2446088582677168
 20
-3.3372977952755907
 30
0
 11
5.2460942125984253
 21
-3.3384190944881889
 31
0
  0
LINE
  5
3CA
330
22
100
AcDbEntity
  8
F.Silkscreen
  6
CONTINUOUS
100
AcDbLine
 10
5.2460942125984253
 20
-3.3384190944881889
 30
0
 11
5.2476356692913386
 21
-3.3397235039370079
 31
0
  0
LINE
  5
3CB
330
22
100
AcDbEntity
  8
F.Silkscreen
  6
CONTINUOUS
100
AcDbLine
 10
5.2476356692913386
 20
-3.3397235039370079
 30
0
 11
5.2572675984251971
 21
-3.3486062598425197
 31
0
  0
LINE
  5
3CC
330
22
100
AcDbEntity
  8
F.Silkscreen
  6
CONTINUOUS
100
AcDbLine
 10
5.2572675984251971
 20
-3.3486062598425197
 30
0
 11
5.2572675590551183
 21
-3.3329842125984253
 31
0
  0
LINE
  5
3CD
330
22
100
AcDbEntity
  8
F.Silkscreen
  6
CONTINUOUS
100
AcDbLine
 10
5.2572675590551183
 20
-3.3329842125984253
 30
0
 11
5.2604801574803153
 21
-3.3329841732283465
 31
0
  0
LINE
  5
3CE
330
22
100
AcDbEntity
  8
F.Silkscreen
  6
CONTINUOUS
100
AcDbLine
 10
5.2604801574803153
 20
-3.3329841732283465
 30
0
 11
5.2604801968503931
 21
-3.3533621259842521
 31
0
  0
LINE
  5
3CF
330
22
100
AcDbEntity
  8
F.Silkscreen
  6
CONTINUOUS
100
AcDbLine
 10
6.4700423228346455
 20
-3.4552283464566926
 30
0
 11
6.4714039763779523
 21
-3.4553927952755905
 31
0
  0
LINE
  5
3D0
330
22
100
AcDbEntity
  8
F.Silkscreen
  6
CONTINUOUS
100
AcDbLine
 10
6.4714039763779523
 20
-3.4553927952755905
 30
0
 11
6.4726576771653539
 21
-3.4556911811023623
 31
0
  0
LINE
  5
3D1
330
22
100
AcDbEntity
  8
F.Silkscreen
  6
CONTINUOUS
100
AcDbLine
 10
6.4726576771653539
 20
-3.4556911811023623
 30
0
 11
6.4738034251968504
 21
-3.4561235826771655
 31
0
  0
LINE
  5
3D2
330
22
100
AcDbEntity
  8
F.Silkscreen
  6
CONTINUOUS
100
AcDbLine
 10
6.4738034251968504
 20
-3.4561235826771655
 30
0
 11
6.4747514173228344
 21
-3.4566329527559057
 31
0
  0
LINE
  5
3D3
330
22
100
AcDbEntity
  8
F.Silkscreen
  6
CONTINUOUS
100
AcDbLine
 10
6.4747514173228344
 20
-3.4566329527559057
 30
0
 11
6.4756911417322831
 21
-3.4573211023622048
 31
0
  0
LINE
  5
3D4
330
22
100
AcDbEntity
  8
F.Silkscreen
  6
CONTINUOUS
100
AcDbLine
 10
6.4756911417322831
 20
-3.4573211023622048
 30
0
 11
6.4765092125984252
 21
-3.4581289370078738
 31
0
  0
LINE
  5
3D5
330
22
100
AcDbEntity
  8
F.Silkscreen
  6
CONTINUOUS
100
AcDbLine
 10
6.4765092125984252
 20
-3.4581289370078738
 30
0
 11
6.4771791338582672
 21
-3.4590286614173227
 31
0
  0
LINE
  5
3D6
330
22
100
AcDbEntity
  8
F.Silkscreen
  6
CONTINUOUS
100
AcDbLine
 10
6.4771791338582672
 20
-3.4590286614173227
 30
0
 11
6.4776589763779526
 21
-3.4599257086614172
 31
0
  0
LINE
  5
3D7
330
22
100
AcDbEntity
  8
F.Silkscreen
  6
CONTINUOUS
100
AcDbLine
 10
6.4776589763779526
 20
-3.4599257086614172
 30
0
 11
6.4780446456692911
 21
-3.4609995275590548
 31
0
  0
LINE
  5
3D8
330
22
100
AcDbEntity
  8
F.Silkscreen
  6
CONTINUOUS
100
AcDbLine
 10
6.4780446456692911
 20
-3.4609995275590548
 30
0
 11
6.4782661023622046
 21
-3.4620548031496061
 31
0
  0
LINE
  5
3D9
330
22
100
AcDbEntity
  8
F.Silkscreen
  6
CONTINUOUS
100
AcDbLine
 10
6.4782661023622046
 20
-3.4620548031496061
 30
0
 11
6.4783676377952757
 21
-3.4633026771653541
 31
0
  0
LINE
  5
3DA
330
22
100
AcDbEntity
  8
F.Silkscreen
  6
CONTINUOUS
100
AcDbLine
 10
6.4783676377952757
 20
-3.4633026771653541
 30
0
 11
6.4783472047244093
 21
-3.4641172440944881
 31
0
  0
LINE
  5
3DB
330
22
100
AcDbEntity
  8
F.Silkscreen
  6
CONTINUOUS
100
AcDbLine
 10
6.4783472047244093
 20
-3.4641172440944881
 30
0
 11
6.4782270472440944
 21
-3.4650103543307087
 31
0
  0
LINE
  5
3DC
330
22
100
AcDbEntity
  8
F.Silkscreen
  6
CONTINUOUS
100
AcDbLine
 10
6.4782270472440944
 20
-3.4650103543307087
 30
0
 11
6.4780039370078741
 21
-3.4659350393700787
 31
0
  0
LINE
  5
3DD
330
22
100
AcDbEntity
  8
F.Silkscreen
  6
CONTINUOUS
100
AcDbLine
 10
6.4780039370078741
 20
-3.4659350393700787
 30
0
 11
6.4776778346456689
 21
-3.4668912598425194
 31
0
  0
LINE
  5
3DE
330
22
100
AcDbEntity
  8
F.Silkscreen
  6
CONTINUOUS
100
AcDbLine
 10
6.4776778346456689
 20
-3.4668912598425194
 30
0
 11
6.4772487795275593
 21
-3.46787905511811
 31
0
  0
LINE
  5
3DF
330
22
100
AcDbEntity
  8
F.Silkscreen
  6
CONTINUOUS
100
AcDbLine
 10
6.4772487795275593
 20
-3.46787905511811
 30
0
 11
6.4767167322834647
 21
-3.4688984251968504
 31
0
  0
LINE
  5
3E0
330
22
100
AcDbEntity
  8
F.Silkscreen
  6
CONTINUOUS
100
AcDbLine
 10
6.4767167322834647
 20
-3.4688984251968504
 30
0
 11
6.4754738582677165
 21
-3.4708491732283462
 31
0
  0
LINE
  5
3E1
330
22
100
AcDbEntity
  8
F.Silkscreen
  6
CONTINUOUS
100
AcDbLine
 10
6.4754738582677165
 20
-3.4708491732283462
 30
0
 11
6.4743525196850396
 21
-3.4723345275590551
 31
0
  0
LINE
  5
3E2
330
22
100
AcDbEntity
  8
F.Silkscreen
  6
CONTINUOUS
100
AcDbLine
 10
6.4743525196850396
 20
-3.4723345275590551
 30
0
 11
6.4730481496062993
 21
-3.4738759842519684
 31
0
  0
LINE
  5
3E3
330
22
100
AcDbEntity
  8
F.Silkscreen
  6
CONTINUOUS
100
AcDbLine
 10
6.4730481496062993
 20
-3.4738759842519684
 30
0
 11
6.4641653543307083
 21
-3.4835078740157481
 31
0
  0
LINE
  5
3E4
330
22
100
AcDbEntity
  8
F.Silkscreen
  6
CONTINUOUS
100
AcDbLine
 10
6.4641653543307083
 20
-3.4835078740157481
 30
0
 11
6.4797874015748027
 21
-3.4835078740157481
 31
0
  0
LINE
  5
3E5
330
22
100
AcDbEntity
  8
F.Silkscreen
  6
CONTINUOUS
100
AcDbLine
 10
6.4797874015748027
 20
-3.4835078740157481
 30
0
 11
6.4797874015748027
 21
-3.4867204724409446
 31
0
  0
LINE
  5
3E6
330
22
100
AcDbEntity
  8
F.Silkscreen
  6
CONTINUOUS
100
AcDbLine
 10
6.4797874015748027
 20
-3.4867204724409446
 30
0
 11
6.4594094488188976
 21
-3.4867204724409446
 31
0
  0
LINE
  5
3E7
330
22
100
AcDbEntity
  8
F.Silkscreen
  6
CONTINUOUS
100
AcDbLine
 10
6.4594094488188976
 20
-3.4867204724409446
 30
0
 11
6.4594094488188976
 21
-3.4838858267716533
 31
0
  0
LINE
  5
3E8
330
22
100
AcDbEntity
  8
F.Silkscreen
  6
CONTINUOUS
100
AcDbLine
 10
6.4594094488188976
 20
-3.4838858267716533
 30
0
 11
6.4701811023622042
 21
-3.4719173228346456
 31
0
  0
LINE
  5
3E9
330
22
100
AcDbEntity
  8
F.Silkscreen
  6
CONTINUOUS
100
AcDbLine
 10
6.4701811023622042
 20
-3.4719173228346456
 30
0
 11
6.4717682283464564
 21
-3.4700275590551182
 31
0
  0
LINE
  5
3EA
330
22
100
AcDbEntity
  8
F.Silkscreen
  6
CONTINUOUS
100
AcDbLine
 10
6.4717682283464564
 20
-3.4700275590551182
 30
0
 11
6.4728153937007873
 21
-3.4686065354330706
 31
0
  0
LINE
  5
3EB
330
22
100
AcDbEntity
  8
F.Silkscreen
  6
CONTINUOUS
100
AcDbLine
 10
6.4728153937007873
 20
-3.4686065354330706
 30
0
 11
6.4735424409448816
 21
-3.4674014566929134
 31
0
  0
LINE
  5
3EC
330
22
100
AcDbEntity
  8
F.Silkscreen
  6
CONTINUOUS
100
AcDbLine
 10
6.4735424409448816
 20
-3.4674014566929134
 30
0
 11
6.4740255905511805
 21
-3.4662145669291338
 31
0
  0
LINE
  5
3ED
330
22
100
AcDbEntity
  8
F.Silkscreen
  6
CONTINUOUS
100
AcDbLine
 10
6.4740255905511805
 20
-3.4662145669291338
 30
0
 11
6.4743003149606295
 21
-3.4649979133858269
 31
0
  0
LINE
  5
3EE
330
22
100
AcDbEntity
  8
F.Silkscreen
  6
CONTINUOUS
100
AcDbLine
 10
6.4743003149606295
 20
-3.4649979133858269
 30
0
 11
6.4743644094488184
 21
-3.4636805905511809
 31
0
  0
LINE
  5
3EF
330
22
100
AcDbEntity
  8
F.Silkscreen
  6
CONTINUOUS
100
AcDbLine
 10
6.4743644094488184
 20
-3.4636805905511809
 30
0
 11
6.4741988976377955
 21
-3.4624172047244093
 31
0
  0
LINE
  5
3F0
330
22
100
AcDbEntity
  8
F.Silkscreen
  6
CONTINUOUS
100
AcDbLine
 10
6.4741988976377955
 20
-3.4624172047244093
 30
0
 11
6.4738041338582679
 21
-3.4612933070866143
 31
0
  0
LINE
  5
3F1
330
22
100
AcDbEntity
  8
F.Silkscreen
  6
CONTINUOUS
100
AcDbLine
 10
6.4738041338582679
 20
-3.4612933070866143
 30
0
 11
6.4731801968503939
 21
-3.4603089370078739
 31
0
  0
LINE
  5
3F2
330
22
100
AcDbEntity
  8
F.Silkscreen
  6
CONTINUOUS
100
AcDbLine
 10
6.4731801968503939
 20
-3.4603089370078739
 30
0
 11
6.4723318110236221
 21
-3.4594766141732283
 31
0
  0
LINE
  5
3F3
330
22
100
AcDbEntity
  8
F.Silkscreen
  6
CONTINUOUS
100
AcDbLine
 10
6.4723318110236221
 20
-3.4594766141732283
 30
0
 11
6.4713792519685036
 21
-3.458907992125984
 31
0
  0
LINE
  5
3F4
330
22
100
AcDbEntity
  8
F.Silkscreen
  6
CONTINUOUS
100
AcDbLine
 10
6.4713792519685036
 20
-3.458907992125984
 30
0
 11
6.4702888976377952
 21
-3.4585615748031495
 31
0
  0
LINE
  5
3F5
330
22
100
AcDbEntity
  8
F.Silkscreen
  6
CONTINUOUS
100
AcDbLine
 10
6.4702888976377952
 20
-3.4585615748031495
 30
0
 11
6.4690607874015749
 21
-3.4584374015748032
 31
0
  0
LINE
  5
3F6
330
22
100
AcDbEntity
  8
F.Silkscreen
  6
CONTINUOUS
100
AcDbLine
 10
6.4690607874015749
 20
-3.4584374015748032
 30
0
 11
6.4675866141732286
 21
-3.4585413385826769
 31
0
  0
LINE
  5
3F7
330
22
100
AcDbEntity
  8
F.Silkscreen
  6
CONTINUOUS
100
AcDbLine
 10
6.4675866141732286
 20
-3.4585413385826769
 30
0
 11
6.4663543307086613
 21
-3.4588543307086614
 31
0
  0
LINE
  5
3F8
330
22
100
AcDbEntity
  8
F.Silkscreen
  6
CONTINUOUS
100
AcDbLine
 10
6.4663543307086613
 20
-3.4588543307086614
 30
0
 11
6.4652874015748028
 21
-3.4593759842519685
 31
0
  0
LINE
  5
3F9
330
22
100
AcDbEntity
  8
F.Silkscreen
  6
CONTINUOUS
100
AcDbLine
 10
6.4652874015748028
 20
-3.4593759842519685
 30
0
 11
6.464385826771653
 21
-3.4601062992125984
 31
0
  0
LINE
  5
3FA
330
22
100
AcDbEntity
  8
F.Silkscreen
  6
CONTINUOUS
100
AcDbLine
 10
6.464385826771653
 20
-3.4601062992125984
 30
0
 11
6.4636830708661419
 21
-3.4610374015748029
 31
0
  0
LINE
  5
3FB
330
22
100
AcDbEntity
  8
F.Silkscreen
  6
CONTINUOUS
100
AcDbLine
 10
6.4636830708661419
 20
-3.4610374015748029
 30
0
 11
6.4631811023622046
 21
-3.4621299212598426
 31
0
  0
LINE
  5
3FC
330
22
100
AcDbEntity
  8
F.Silkscreen
  6
CONTINUOUS
100
AcDbLine
 10
6.4631811023622046
 20
-3.4621299212598426
 30
0
 11
6.4628799212598427
 21
-3.4633838582677163
 31
0
  0
LINE
  5
3FD
330
22
100
AcDbEntity
  8
F.Silkscreen
  6
CONTINUOUS
100
AcDbLine
 10
6.4628799212598427
 20
-3.4633838582677163
 30
0
 11
6.4627795275590554
 21
-3.4647992125984253
 31
0
  0
LINE
  5
3FE
330
22
100
AcDbEntity
  8
F.Silkscreen
  6
CONTINUOUS
100
AcDbLine
 10
6.4627795275590554
 20
-3.4647992125984253
 30
0
 11
6.4588110236220473
 21
-3.4647992125984253
 31
0
  0
LINE
  5
3FF
330
22
100
AcDbEntity
  8
F.Silkscreen
  6
CONTINUOUS
100
AcDbLine
 10
6.4588110236220473
 20
-3.4647992125984253
 30
0
 11
6.4588787007874018
 21
-3.4634915354330706
 31
0
  0
LINE
  5
400
330
22
100
AcDbEntity
  8
F.Silkscreen
  6
CONTINUOUS
100
AcDbLine
 10
6.4588787007874018
 20
-3.4634915354330706
 30
0
 11
6.4591094488188974
 21
-3.462147244094488
 31
0
  0
LINE
  5
401
330
22
100
AcDbEntity
  8
F.Silkscreen
  6
CONTINUOUS
100
AcDbLine
 10
6.4591094488188974
 20
-3.462147244094488
 30
0
 11
6.4594612992125979
 21
-3.4610107480314958
 31
0
  0
LINE
  5
402
330
22
100
AcDbEntity
  8
F.Silkscreen
  6
CONTINUOUS
100
AcDbLine
 10
6.4594612992125979
 20
-3.4610107480314958
 30
0
 11
6.4600046850393698
 21
-3.4598547244094489
 31
0
  0
LINE
  5
403
330
22
100
AcDbEntity
  8
F.Silkscreen
  6
CONTINUOUS
100
AcDbLine
 10
6.4600046850393698
 20
-3.4598547244094489
 30
0
 11
6.4607118110236215
 21
-3.4587973622047241
 31
0
  0
LINE
  5
404
330
22
100
AcDbEntity
  8
F.Silkscreen
  6
CONTINUOUS
100
AcDbLine
 10
6.4607118110236215
 20
-3.4587973622047241
 30
0
 11
6.4614967322834644
 21
-3.4579216535433068
 31
0
  0
LINE
  5
405
330
22
100
AcDbEntity
  8
F.Silkscreen
  6
CONTINUOUS
100
AcDbLine
 10
6.4614967322834644
 20
-3.4579216535433068
 30
0
 11
6.4624941732283467
 21
-3.4570764173228348
 31
0
  0
LINE
  5
406
330
22
100
AcDbEntity
  8
F.Silkscreen
  6
CONTINUOUS
100
AcDbLine
 10
6.4624941732283467
 20
-3.4570764173228348
 30
0
 11
6.4634964173228342
 21
-3.4564433858267716
 31
0
  0
LINE
  5
407
330
22
100
AcDbEntity
  8
F.Silkscreen
  6
CONTINUOUS
100
AcDbLine
 10
6.4634964173228342
 20
-3.4564433858267716
 30
0
 11
6.464589409448819
 21
-3.4559396062992125
 31
0
  0
LINE
  5
408
330
22
100
AcDbEntity
  8
F.Silkscreen
  6
CONTINUOUS
100
AcDbLine
 10
6.464589409448819
 20
-3.4559396062992125
 30
0
 11
6.4657731496062993
 21
-3.4555649606299212
 31
0
  0
LINE
  5
409
330
22
100
AcDbEntity
  8
F.Silkscreen
  6
CONTINUOUS
100
AcDbLine
 10
6.4657731496062993
 20
-3.4555649606299212
 30
0
 11
6.4670475984251965
 21
-3.4553195275590549
 31
0
  0
LINE
  5
40A
330
22
100
AcDbEntity
  8
F.Silkscreen
  6
CONTINUOUS
100
AcDbLine
 10
6.4670475984251965
 20
-3.4553195275590549
 30
0
 11
6.4685542913385827
 21
-3.4551987401574804
 31
0
  0
LINE
  5
40B
330
22
100
AcDbEntity
  8
F.Silkscreen
  6
CONTINUOUS
100
AcDbLine
 10
6.4685542913385827
 20
-3.4551987401574804
 30
0
 11
6.4700423228346455
 21
-3.4552283464566926
 31
0
  0
LINE
  5
40C
330
22
100
AcDbEntity
  8
F.Silkscreen
  6
CONTINUOUS
100
AcDbLine
 10
5.3568078346456689
 20
-3.7148035826771655
 30
0
 11
5.3584134645669286
 21
-3.71488905511811
 31
0
  0
LINE
  5
40D
330
22
100
AcDbEntity
  8
F.Silkscreen
  6
CONTINUOUS
100
AcDbLine
 10
5.3584134645669286
 20
-3.71488905511811
 30
0
 11
5.3598263385826774
 21
-3.7150994488188975
 31
0
  0
LINE
  5
40E
330
22
100
AcDbEntity
  8
F.Silkscreen
  6
CONTINUOUS
100
AcDbLine
 10
5.3598263385826774
 20
-3.7150994488188975
 30
0
 11
5.3610631496062995
 21
-3.7154031889763779
 31
0
  0
LINE
  5
40F
330
22
100
AcDbEntity
  8
F.Silkscreen
  6
CONTINUOUS
100
AcDbLine
 10
5.3610631496062995
 20
-3.7154031889763779
 30
0
 11
5.3622440944881893
 21
-3.7158129921259841
 31
0
  0
LINE
  5
410
330
22
100
AcDbEntity
  8
F.Silkscreen
  6
CONTINUOUS
100
AcDbLine
 10
5.3622440944881893
 20
-3.7158129921259841
 30
0
 11
5.3634687401574803
 21
-3.7163810236220471
 31
0
  0
LINE
  5
411
330
22
100
AcDbEntity
  8
F.Silkscreen
  6
CONTINUOUS
100
AcDbLine
 10
5.3634687401574803
 20
-3.7163810236220471
 30
0
 11
5.3647111417322835
 21
-3.7171332283464564
 31
0
  0
LINE
  5
412
330
22
100
AcDbEntity
  8
F.Silkscreen
  6
CONTINUOUS
100
AcDbLine
 10
5.3647111417322835
 20
-3.7171332283464564
 30
0
 11
5.3657558661417317
 21
-3.7179393307086612
 31
0
  0
LINE
  5
413
330
22
100
AcDbEntity
  8
F.Silkscreen
  6
CONTINUOUS
100
AcDbLine
 10
5.3657558661417317
 20
-3.7179393307086612
 30
0
 11
5.3667009448818899
 21
-3.7188517322834644
 31
0
  0
LINE
  5
414
330
22
100
AcDbEntity
  8
F.Silkscreen
  6
CONTINUOUS
100
AcDbLine
 10
5.3667009448818899
 20
-3.7188517322834644
 30
0
 11
5.3676122834645668
 21
-3.7199601181102362
 31
0
  0
LINE
  5
415
330
22
100
AcDbEntity
  8
F.Silkscreen
  6
CONTINUOUS
100
AcDbLine
 10
5.3676122834645668
 20
-3.7199601181102362
 30
0
 11
5.368349763779527
 21
-3.7210939763779525
 31
0
  0
LINE
  5
416
330
22
100
AcDbEntity
  8
F.Silkscreen
  6
CONTINUOUS
100
AcDbLine
 10
5.368349763779527
 20
-3.7210939763779525
 30
0
 11
5.3690331889763776
 21
-3.7224359055118108
 31
0
  0
LINE
  5
417
330
22
100
AcDbEntity
  8
F.Silkscreen
  6
CONTINUOUS
100
AcDbLine
 10
5.3690331889763776
 20
-3.7224359055118108
 30
0
 11
5.3695438188976379
 21
-3.7237504330708662
 31
0
  0
LINE
  5
418
330
22
100
AcDbEntity
  8
F.Silkscreen
  6
CONTINUOUS
100
AcDbLine
 10
5.3695438188976379
 20
-3.7237504330708662
 30
0
 11
5.3699645669291334
 21
-3.7252519685039371
 31
0
  0
LINE
  5
419
330
22
100
AcDbEntity
  8
F.Silkscreen
  6
CONTINUOUS
100
AcDbLine
 10
5.3699645669291334
 20
-3.7252519685039371
 30
0
 11
5.3702475590551177
 21
-3.726834094488189
 31
0
  0
LINE
  5
41A
330
22
100
AcDbEntity
  8
F.Silkscreen
  6
CONTINUOUS
100
AcDbLine
 10
5.3702475590551177
 20
-3.726834094488189
 30
0
 11
5.3703927952755901
 21
-3.7284967716535431
 31
0
  0
LINE
  5
41B
330
22
100
AcDbEntity
  8
F.Silkscreen
  6
CONTINUOUS
100
AcDbLine
 10
5.3703927952755901
 20
-3.7284967716535431
 30
0
 11
5.3704096456692909
 21
-3.7316865354330706
 31
0
  0
LINE
  5
41C
330
22
100
AcDbEntity
  8
F.Silkscreen
  6
CONTINUOUS
100
AcDbLine
 10
5.3704096456692909
 20
-3.7316865354330706
 30
0
 11
5.3703199606299208
 21
-3.7332819685039369
 31
0
  0
LINE
  5
41D
330
22
100
AcDbEntity
  8
F.Silkscreen
  6
CONTINUOUS
100
AcDbLine
 10
5.3703199606299208
 20
-3.7332819685039369
 30
0
 11
5.3700878346456689
 21
-3.7349228740157479
 31
0
  0
LINE
  5
41E
330
22
100
AcDbEntity
  8
F.Silkscreen
  6
CONTINUOUS
100
AcDbLine
 10
5.3700878346456689
 20
-3.7349228740157479
 30
0
 11
5.369749015748031
 21
-3.7363567716535431
 31
0
  0
LINE
  5
41F
330
22
100
AcDbEntity
  8
F.Silkscreen
  6
CONTINUOUS
100
AcDbLine
 10
5.369749015748031
 20
-3.7363567716535431
 30
0
 11
5.3692905905511807
 21
-3.7377132283464567
 31
0
  0
LINE
  5
420
330
22
100
AcDbEntity
  8
F.Silkscreen
  6
CONTINUOUS
100
AcDbLine
 10
5.3692905905511807
 20
-3.7377132283464567
 30
0
 11
5.3686590944881889
 21
-3.7390950787401573
 31
0
  0
LINE
  5
421
330
22
100
AcDbEntity
  8
F.Silkscreen
  6
CONTINUOUS
100
AcDbLine
 10
5.3686590944881889
 20
-3.7390950787401573
 30
0
 11
5.3680238582677164
 21
-3.7401780314960629
 31
0
  0
LINE
  5
422
330
22
100
AcDbEntity
  8
F.Silkscreen
  6
CONTINUOUS
100
AcDbLine
 10
5.3680238582677164
 20
-3.7401780314960629
 30
0
 11
5.3673030314960632
 21
-3.7411697637795274
 31
0
  0
LINE
  5
423
330
22
100
AcDbEntity
  8
F.Silkscreen
  6
CONTINUOUS
100
AcDbLine
 10
5.3673030314960632
 20
-3.7411697637795274
 30
0
 11
5.3664966141732284
 21
-3.7420703543307088
 31
0
  0
LINE
  5
424
330
22
100
AcDbEntity
  8
F.Silkscreen
  6
CONTINUOUS
100
AcDbLine
 10
5.3664966141732284
 20
-3.7420703543307088
 30
0
 11
5.3656892125984248
 21
-3.7428099212598425
 31
0
  0
LINE
  5
425
330
22
100
AcDbEntity
  8
F.Silkscreen
  6
CONTINUOUS
100
AcDbLine
 10
5.3656892125984248
 20
-3.7428099212598425
 30
0
 11
5.3647193700787401
 21
-3.7435364173228347
 31
0
  0
LINE
  5
426
330
22
100
AcDbEntity
  8
F.Silkscreen
  6
CONTINUOUS
100
AcDbLine
 10
5.3647193700787401
 20
-3.7435364173228347
 30
0
 11
5.3636643307086613
 21
-3.7441734645669289
 31
0
  0
LINE
  5
427
330
22
100
AcDbEntity
  8
F.Silkscreen
  6
CONTINUOUS
100
AcDbLine
 10
5.3636643307086613
 20
-3.7441734645669289
 30
0
 11
5.3625398031496063
 21
-3.7447195669291338
 31
0
  0
LINE
  5
428
330
22
100
AcDbEntity
  8
F.Silkscreen
  6
CONTINUOUS
100
AcDbLine
 10
5.3625398031496063
 20
-3.7447195669291338
 30
0
 11
5.3614641732283461
 21
-3.7451255511811024
 31
0
  0
LINE
  5
429
330
22
100
AcDbEntity
  8
F.Silkscreen
  6
CONTINUOUS
100
AcDbLine
 10
5.3614641732283461
 20
-3.7451255511811024
 30
0
 11
5.359519173228346
 21
-3.7456181102362205
 31
0
  0
LINE
  5
42A
330
22
100
AcDbEntity
  8
F.Silkscreen
  6
CONTINUOUS
100
AcDbLine
 10
5.359519173228346
 20
-3.7456181102362205
 30
0
 11
5.3574275196850394
 21
-3.7458617716535434
 31
0
  0
LINE
  5
42B
330
22
100
AcDbEntity
  8
F.Silkscreen
  6
CONTINUOUS
100
AcDbLine
 10
5.3574275196850394
 20
-3.7458617716535434
 30
0
 11
5.3479251968503938
 21
-3.7458897637795276
 31
0
  0
LINE
  5
42C
330
22
100
AcDbEntity
  8
F.Silkscreen
  6
CONTINUOUS
100
AcDbLine
 10
5.3479251968503938
 20
-3.7458897637795276
 30
0
 11
5.3479251968503938
 21
-3.7425511811023622
 31
0
  0
LINE
  5
42D
330
22
100
AcDbEntity
  8
F.Silkscreen
  6
CONTINUOUS
100
AcDbLine
 10
5.3479251968503938
 20
-3.7425511811023622
 30
0
 11
5.3479251968503938
 21
-3.7181732283464566
 31
0
  0
LINE
  5
42E
330
22
100
AcDbEntity
  8
F.Silkscreen
  6
CONTINUOUS
100
AcDbLine
 10
5.3479251968503938
 20
-3.7181732283464566
 30
0
 11
5.3520196850393695
 21
-3.7181732283464566
 31
0
  0
LINE
  5
42F
330
22
100
AcDbEntity
  8
F.Silkscreen
  6
CONTINUOUS
100
AcDbLine
 10
5.3520196850393695
 20
-3.7181732283464566
 30
0
 11
5.3520196850393695
 21
-3.7425511811023622
 31
0
  0
LINE
  5
430
330
22
100
AcDbEntity
  8
F.Silkscreen
  6
CONTINUOUS
100
AcDbLine
 10
5.3520196850393695
 20
-3.7425511811023622
 30
0
 11
5.3573432283464566
 21
-3.7425157480314959
 31
0
  0
LINE
  5
431
330
22
100
AcDbEntity
  8
F.Silkscreen
  6
CONTINUOUS
100
AcDbLine
 10
5.3573432283464566
 20
-3.7425157480314959
 30
0
 11
5.3586978346456693
 21
-3.7423422834645668
 31
0
  0
LINE
  5
432
330
22
100
AcDbEntity
  8
F.Silkscreen
  6
CONTINUOUS
100
AcDbLine
 10
5.3586978346456693
 20
-3.7423422834645668
 30
0
 11
5.3600706299212595
 21
-3.7419844881889763
 31
0
  0
LINE
  5
433
330
22
100
AcDbEntity
  8
F.Silkscreen
  6
CONTINUOUS
100
AcDbLine
 10
5.3600706299212595
 20
-3.7419844881889763
 30
0
 11
5.3609918897637794
 21
-3.7416144094488186
 31
0
  0
LINE
  5
434
330
22
100
AcDbEntity
  8
F.Silkscreen
  6
CONTINUOUS
100
AcDbLine
 10
5.3609918897637794
 20
-3.7416144094488186
 30
0
 11
5.3619506299212594
 21
-3.7410874803149605
 31
0
  0
LINE
  5
435
330
22
100
AcDbEntity
  8
F.Silkscreen
  6
CONTINUOUS
100
AcDbLine
 10
5.3619506299212594
 20
-3.7410874803149605
 30
0
 11
5.362733858267716
 21
-3.7405208267716534
 31
0
  0
LINE
  5
436
330
22
100
AcDbEntity
  8
F.Silkscreen
  6
CONTINUOUS
100
AcDbLine
 10
5.362733858267716
 20
-3.7405208267716534
 30
0
 11
5.3635373228346452
 21
-3.7397727165354331
 31
0
  0
LINE
  5
437
330
22
100
AcDbEntity
  8
F.Silkscreen
  6
CONTINUOUS
100
AcDbLine
 10
5.3635373228346452
 20
-3.7397727165354331
 30
0
 11
5.3642518110236219
 21
-3.7389131496062991
 31
0
  0
LINE
  5
438
330
22
100
AcDbEntity
  8
F.Silkscreen
  6
CONTINUOUS
100
AcDbLine
 10
5.3642518110236219
 20
-3.7389131496062991
 30
0
 11
5.3647995669291335
 21
-3.7380660629921261
 31
0
  0
LINE
  5
439
330
22
100
AcDbEntity
  8
F.Silkscreen
  6
CONTINUOUS
100
AcDbLine
 10
5.3647995669291335
 20
-3.7380660629921261
 30
0
 11
5.3652646062992124
 21
-3.7371412598425198
 31
0
  0
LINE
  5
43A
330
22
100
AcDbEntity
  8
F.Silkscreen
  6
CONTINUOUS
100
AcDbLine
 10
5.3652646062992124
 20
-3.7371412598425198
 30
0
 11
5.3656889763779523
 21
-3.7360078740157481
 31
0
  0
LINE
  5
43B
330
22
100
AcDbEntity
  8
F.Silkscreen
  6
CONTINUOUS
100
AcDbLine
 10
5.3656889763779523
 20
-3.7360078740157481
 30
0
 11
5.3660377559055119
 21
-3.734633149606299
 31
0
  0
LINE
  5
43C
330
22
100
AcDbEntity
  8
F.Silkscreen
  6
CONTINUOUS
100
AcDbLine
 10
5.3660377559055119
 20
-3.734633149606299
 30
0
 11
5.366257362204724
 21
-3.7331369291338583
 31
0
  0
LINE
  5
43D
330
22
100
AcDbEntity
  8
F.Silkscreen
  6
CONTINUOUS
100
AcDbLine
 10
5.366257362204724
 20
-3.7331369291338583
 30
0
 11
5.3663445669291336
 21
-3.7316864566929131
 31
0
  0
LINE
  5
43E
330
22
100
AcDbEntity
  8
F.Silkscreen
  6
CONTINUOUS
100
AcDbLine
 10
5.3663445669291336
 20
-3.7316864566929131
 30
0
 11
5.366349803149606
 21
-3.7292210236220473
 31
0
  0
LINE
  5
43F
330
22
100
AcDbEntity
  8
F.Silkscreen
  6
CONTINUOUS
100
AcDbLine
 10
5.366349803149606
 20
-3.7292210236220473
 30
0
 11
5.3662896456692915
 21
-3.7277891732283464
 31
0
  0
LINE
  5
440
330
22
100
AcDbEntity
  8
F.Silkscreen
  6
CONTINUOUS
100
AcDbLine
 10
5.3662896456692915
 20
-3.7277891732283464
 30
0
 11
5.3661535826771649
 21
-3.7265938188976375
 31
0
  0
LINE
  5
441
330
22
100
AcDbEntity
  8
F.Silkscreen
  6
CONTINUOUS
100
AcDbLine
 10
5.3661535826771649
 20
-3.7265938188976375
 30
0
 11
5.3659397637795276
 21
-3.7254712598425197
 31
0
  0
LINE
  5
442
330
22
100
AcDbEntity
  8
F.Silkscreen
  6
CONTINUOUS
100
AcDbLine
 10
5.3659397637795276
 20
-3.7254712598425197
 30
0
 11
5.3656062598425196
 21
-3.7242954724409447
 31
0
  0
LINE
  5
443
330
22
100
AcDbEntity
  8
F.Silkscreen
  6
CONTINUOUS
100
AcDbLine
 10
5.3656062598425196
 20
-3.7242954724409447
 30
0
 11
5.3648918503937004
 21
-3.7226496850393702
 31
0
  0
LINE
  5
444
330
22
100
AcDbEntity
  8
F.Silkscreen
  6
CONTINUOUS
100
AcDbLine
 10
5.3648918503937004
 20
-3.7226496850393702
 30
0
 11
5.3644453543307087
 21
-3.7219104330708661
 31
0
  0
LINE
  5
445
330
22
100
AcDbEntity
  8
F.Silkscreen
  6
CONTINUOUS
100
AcDbLine
 10
5.3644453543307087
 20
-3.7219104330708661
 30
0
 11
5.3638622047244091
 21
-3.7211338582677165
 31
0
  0
LINE
  5
446
330
22
100
AcDbEntity
  8
F.Silkscreen
  6
CONTINUOUS
100
AcDbLine
 10
5.3638622047244091
 20
-3.7211338582677165
 30
0
 11
5.3632076771653541
 21
-3.7204468503937007
 31
0
  0
LINE
  5
447
330
22
100
AcDbEntity
  8
F.Silkscreen
  6
CONTINUOUS
100
AcDbLine
 10
5.3632076771653541
 20
-3.7204468503937007
 30
0
 11
5.3625816929133858
 21
-3.7199200000000001
 31
0
  0
LINE
  5
448
330
22
100
AcDbEntity
  8
F.Silkscreen
  6
CONTINUOUS
100
AcDbLine
 10
5.3625816929133858
 20
-3.7199200000000001
 30
0
 11
5.3619059448818893
 21
-3.7194624803149607
 31
0
  0
LINE
  5
449
330
22
100
AcDbEntity
  8
F.Silkscreen
  6
CONTINUOUS
100
AcDbLine
 10
5.3619059448818893
 20
-3.7194624803149607
 30
0
 11
5.3610727559055116
 21
-3.7190244881889765
 31
0
  0
LINE
  5
44A
330
22
100
AcDbEntity
  8
F.Silkscreen
  6
CONTINUOUS
100
AcDbLine
 10
5.3610727559055116
 20
-3.7190244881889765
 30
0
 11
5.3595803149606294
 21
-3.7185058661417321
 31
0
  0
LINE
  5
44B
330
22
100
AcDbEntity
  8
F.Silkscreen
  6
CONTINUOUS
100
AcDbLine
 10
5.3595803149606294
 20
-3.7185058661417321
 30
0
 11
5.3579163385826769
 21
-3.7182263779527558
 31
0
  0
LINE
  5
44C
330
22
100
AcDbEntity
  8
F.Silkscreen
  6
CONTINUOUS
100
AcDbLine
 10
5.3579163385826769
 20
-3.7182263779527558
 30
0
 11
5.3568070866141735
 21
-3.7181732283464566
 31
0
  0
LINE
  5
44D
330
22
100
AcDbEntity
  8
F.Silkscreen
  6
CONTINUOUS
100
AcDbLine
 10
5.3568070866141735
 20
-3.7181732283464566
 30
0
 11
5.3520196850393695
 21
-3.7181732283464566
 31
0
  0
LINE
  5
44E
330
22
100
AcDbEntity
  8
F.Silkscreen
  6
CONTINUOUS
100
AcDbLine
 10
5.3520196850393695
 20
-3.7181732283464566
 30
0
 11
5.3479251968503938
 21
-3.7181732283464566
 31
0
  0
LINE
  5
44F
330
22
100
AcDbEntity
  8
F.Silkscreen
  6
CONTINUOUS
100
AcDbLine
 10
5.3479251968503938
 20
-3.7181732283464566
 30
0
 11
5.3479251968503938
 21
-3.7148031496062992
 31
0
  0
LINE
  5
450
330
22
100
AcDbEntity
  8
F.Silkscreen
  6
CONTINUOUS
100
AcDbLine
 10
5.3479251968503938
 20
-3.7148031496062992
 30
0
 11
5.3568078346456689
 21
-3.7148035826771655
 31
0
  0
LINE
  5
451
330
22
100
AcDbEntity
  8
F.Silkscreen
  6
CONTINUOUS
100
AcDbLine
 10
6.5033235826771651
 20
-3.5582405905511809
 30
0
 11
6.5049292125984248
 21
-3.5583260629921258
 31
0
  0
LINE
  5
452
330
22
100
AcDbEntity
  8
F.Silkscreen
  6
CONTINUOUS
100
AcDbLine
 10
6.5049292125984248
 20
-3.5583260629921258
 30
0
 11
6.5063420866141728
 21
-3.5585364566929134
 31
0
  0
LINE
  5
453
330
22
100
AcDbEntity
  8
F.Silkscreen
  6
CONTINUOUS
100
AcDbLine
 10
6.5063420866141728
 20
-3.5585364566929134
 30
0
 11
6.5075788976377948
 21
-3.5588401968503938
 31
0
  0
LINE
  5
454
330
22
100
AcDbEntity
  8
F.Silkscreen
  6
CONTINUOUS
100
AcDbLine
 10
6.5075788976377948
 20
-3.5588401968503938
 30
0
 11
6.5088644488188976
 21
-3.5592925196850391
 31
0
  0
LINE
  5
455
330
22
100
AcDbEntity
  8
F.Silkscreen
  6
CONTINUOUS
100
AcDbLine
 10
6.5088644488188976
 20
-3.5592925196850391
 30
0
 11
6.5099844881889766
 21
-3.559818031496063
 31
0
  0
LINE
  5
456
330
22
100
AcDbEntity
  8
F.Silkscreen
  6
CONTINUOUS
100
AcDbLine
 10
6.5099844881889766
 20
-3.559818031496063
 30
0
 11
6.5112268897637797
 21
-3.5605702362204723
 31
0
  0
LINE
  5
457
330
22
100
AcDbEntity
  8
F.Silkscreen
  6
CONTINUOUS
100
AcDbLine
 10
6.5112268897637797
 20
-3.5605702362204723
 30
0
 11
6.512271614173228
 21
-3.5613763385826771
 31
0
  0
LINE
  5
458
330
22
100
AcDbEntity
  8
F.Silkscreen
  6
CONTINUOUS
100
AcDbLine
 10
6.512271614173228
 20
-3.5613763385826771
 30
0
 11
6.5132909448818896
 21
-3.5623695669291338
 31
0
  0
LINE
  5
459
330
22
100
AcDbEntity
  8
F.Silkscreen
  6
CONTINUOUS
100
AcDbLine
 10
6.5132909448818896
 20
-3.5623695669291338
 30
0
 11
6.514128031496063
 21
-3.5633971259842521
 31
0
  0
LINE
  5
45A
330
22
100
AcDbEntity
  8
F.Silkscreen
  6
CONTINUOUS
100
AcDbLine
 10
6.514128031496063
 20
-3.5633971259842521
 30
0
 11
6.5148655118110232
 21
-3.5645309842519683
 31
0
  0
LINE
  5
45B
330
22
100
AcDbEntity
  8
F.Silkscreen
  6
CONTINUOUS
100
AcDbLine
 10
6.5148655118110232
 20
-3.5645309842519683
 30
0
 11
6.5155489370078739
 21
-3.5658729133858267
 31
0
  0
LINE
  5
45C
330
22
100
AcDbEntity
  8
F.Silkscreen
  6
CONTINUOUS
100
AcDbLine
 10
6.5155489370078739
 20
-3.5658729133858267
 30
0
 11
6.5160595669291341
 21
-3.5671874409448816
 31
0
  0
LINE
  5
45D
330
22
100
AcDbEntity
  8
F.Silkscreen
  6
CONTINUOUS
100
AcDbLine
 10
6.5160595669291341
 20
-3.5671874409448816
 30
0
 11
6.5164803149606296
 21
-3.5686889763779526
 31
0
  0
LINE
  5
45E
330
22
100
AcDbEntity
  8
F.Silkscreen
  6
CONTINUOUS
100
AcDbLine
 10
6.5164803149606296
 20
-3.5686889763779526
 30
0
 11
6.516763307086614
 21
-3.5702711023622045
 31
0
  0
LINE
  5
45F
330
22
100
AcDbEntity
  8
F.Silkscreen
  6
CONTINUOUS
100
AcDbLine
 10
6.516763307086614
 20
-3.5702711023622045
 30
0
 11
6.5169085433070864
 21
-3.571933779527559
 31
0
  0
LINE
  5
460
330
22
100
AcDbEntity
  8
F.Silkscreen
  6
CONTINUOUS
100
AcDbLine
 10
6.5169085433070864
 20
-3.571933779527559
 30
0
 11
6.5169253937007872
 21
-3.5751235433070865
 31
0
  0
LINE
  5
461
330
22
100
AcDbEntity
  8
F.Silkscreen
  6
CONTINUOUS
100
AcDbLine
 10
6.5169253937007872
 20
-3.5751235433070865
 30
0
 11
6.516835708661417
 21
-3.5767189763779528
 31
0
  0
LINE
  5
462
330
22
100
AcDbEntity
  8
F.Silkscreen
  6
CONTINUOUS
100
AcDbLine
 10
6.516835708661417
 20
-3.5767189763779528
 30
0
 11
6.5166035826771651
 21
-3.5783598818897637
 31
0
  0
LINE
  5
463
330
22
100
AcDbEntity
  8
F.Silkscreen
  6
CONTINUOUS
100
AcDbLine
 10
6.5166035826771651
 20
-3.5783598818897637
 30
0
 11
6.5162647637795272
 21
-3.579793779527559
 31
0
  0
LINE
  5
464
330
22
100
AcDbEntity
  8
F.Silkscreen
  6
CONTINUOUS
100
AcDbLine
 10
6.5162647637795272
 20
-3.579793779527559
 30
0
 11
6.515806338582677
 21
-3.5811502362204726
 31
0
  0
LINE
  5
465
330
22
100
AcDbEntity
  8
F.Silkscreen
  6
CONTINUOUS
100
AcDbLine
 10
6.515806338582677
 20
-3.5811502362204726
 30
0
 11
6.5151748425196851
 21
-3.5825320866141732
 31
0
  0
LINE
  5
466
330
22
100
AcDbEntity
  8
F.Silkscreen
  6
CONTINUOUS
100
AcDbLine
 10
6.5151748425196851
 20
-3.5825320866141732
 30
0
 11
6.5145396062992127
 21
-3.5836150393700787
 31
0
  0
LINE
  5
467
330
22
100
AcDbEntity
  8
F.Silkscreen
  6
CONTINUOUS
100
AcDbLine
 10
6.5145396062992127
 20
-3.5836150393700787
 30
0
 11
6.5138187795275586
 21
-3.5846067716535432
 31
0
  0
LINE
  5
468
330
22
100
AcDbEntity
  8
F.Silkscreen
  6
CONTINUOUS
100
AcDbLine
 10
6.5138187795275586
 20
-3.5846067716535432
 30
0
 11
6.5130123622047247
 21
-3.5855073622047242
 31
0
  0
LINE
  5
469
330
22
100
AcDbEntity
  8
F.Silkscreen
  6
CONTINUOUS
100
AcDbLine
 10
6.5130123622047247
 20
-3.5855073622047242
 30
0
 11
6.512204960629921
 21
-3.5862469291338583
 31
0
  0
LINE
  5
46A
330
22
100
AcDbEntity
  8
F.Silkscreen
  6
CONTINUOUS
100
AcDbLine
 10
6.512204960629921
 20
-3.5862469291338583
 30
0
 11
6.5112351181102364
 21
-3.5869734251968501
 31
0
  0
LINE
  5
46B
330
22
100
AcDbEntity
  8
F.Silkscreen
  6
CONTINUOUS
100
AcDbLine
 10
6.5112351181102364
 20
-3.5869734251968501
 30
0
 11
6.5101800787401576
 21
-3.5876104724409448
 31
0
  0
LINE
  5
46C
330
22
100
AcDbEntity
  8
F.Silkscreen
  6
CONTINUOUS
100
AcDbLine
 10
6.5101800787401576
 20
-3.5876104724409448
 30
0
 11
6.5090555511811026
 21
-3.5881565748031496
 31
0
  0
LINE
  5
46D
330
22
100
AcDbEntity
  8
F.Silkscreen
  6
CONTINUOUS
100
AcDbLine
 10
6.5090555511811026
 20
-3.5881565748031496
 30
0
 11
6.5079799212598424
 21
-3.5885625590551182
 31
0
  0
LINE
  5
46E
330
22
100
AcDbEntity
  8
F.Silkscreen
  6
CONTINUOUS
100
AcDbLine
 10
6.5079799212598424
 20
-3.5885625590551182
 30
0
 11
6.506034960629921
 21
-3.5890551181102359
 31
0
  0
LINE
  5
46F
330
22
100
AcDbEntity
  8
F.Silkscreen
  6
CONTINUOUS
100
AcDbLine
 10
6.506034960629921
 20
-3.5890551181102359
 30
0
 11
6.5039432677165356
 21
-3.5892987795275588
 31
0
  0
LINE
  5
470
330
22
100
AcDbEntity
  8
F.Silkscreen
  6
CONTINUOUS
100
AcDbLine
 10
6.5039432677165356
 20
-3.5892987795275588
 30
0
 11
6.4944409448818901
 21
-3.5893267716535431
 31
0
  0
LINE
  5
471
330
22
100
AcDbEntity
  8
F.Silkscreen
  6
CONTINUOUS
100
AcDbLine
 10
6.4944409448818901
 20
-3.5893267716535431
 30
0
 11
6.4944409448818901
 21
-3.5859881889763781
 31
0
  0
LINE
  5
472
330
22
100
AcDbEntity
  8
F.Silkscreen
  6
CONTINUOUS
100
AcDbLine
 10
6.4944409448818901
 20
-3.5859881889763781
 30
0
 11
6.4944409448818901
 21
-3.5616102362204725
 31
0
  0
LINE
  5
473
330
22
100
AcDbEntity
  8
F.Silkscreen
  6
CONTINUOUS
100
AcDbLine
 10
6.4944409448818901
 20
-3.5616102362204725
 30
0
 11
6.4985354330708658
 21
-3.5616102362204725
 31
0
  0
LINE
  5
474
330
22
100
AcDbEntity
  8
F.Silkscreen
  6
CONTINUOUS
100
AcDbLine
 10
6.4985354330708658
 20
-3.5616102362204725
 30
0
 11
6.4985354330708658
 21
-3.5859881889763781
 31
0
  0
LINE
  5
475
330
22
100
AcDbEntity
  8
F.Silkscreen
  6
CONTINUOUS
100
AcDbLine
 10
6.4985354330708658
 20
-3.5859881889763781
 30
0
 11
6.5038589763779528
 21
-3.5859527559055118
 31
0
  0
LINE
  5
476
330
22
100
AcDbEntity
  8
F.Silkscreen
  6
CONTINUOUS
100
AcDbLine
 10
6.5038589763779528
 20
-3.5859527559055118
 30
0
 11
6.50534342519685
 21
-3.5857540157480314
 31
0
  0
LINE
  5
477
330
22
100
AcDbEntity
  8
F.Silkscreen
  6
CONTINUOUS
100
AcDbLine
 10
6.50534342519685
 20
-3.5857540157480314
 30
0
 11
6.5065863779527557
 21
-3.5854214960629922
 31
0
  0
LINE
  5
478
330
22
100
AcDbEntity
  8
F.Silkscreen
  6
CONTINUOUS
100
AcDbLine
 10
6.5065863779527557
 20
-3.5854214960629922
 30
0
 11
6.5076182283464563
 21
-3.5849986614173228
 31
0
  0
LINE
  5
479
330
22
100
AcDbEntity
  8
F.Silkscreen
  6
CONTINUOUS
100
AcDbLine
 10
6.5076182283464563
 20
-3.5849986614173228
 30
0
 11
6.5084663779527556
 21
-3.5845244881889764
 31
0
  0
LINE
  5
47A
330
22
100
AcDbEntity
  8
F.Silkscreen
  6
CONTINUOUS
100
AcDbLine
 10
6.5084663779527556
 20
-3.5845244881889764
 30
0
 11
6.5092496062992122
 21
-3.5839578346456693
 31
0
  0
LINE
  5
47B
330
22
100
AcDbEntity
  8
F.Silkscreen
  6
CONTINUOUS
100
AcDbLine
 10
6.5092496062992122
 20
-3.5839578346456693
 30
0
 11
6.5100530708661415
 21
-3.5832097244094485
 31
0
  0
LINE
  5
47C
330
22
100
AcDbEntity
  8
F.Silkscreen
  6
CONTINUOUS
100
AcDbLine
 10
6.5100530708661415
 20
-3.5832097244094485
 30
0
 11
6.5107675590551182
 21
-3.5823501574803149
 31
0
  0
LINE
  5
47D
330
22
100
AcDbEntity
  8
F.Silkscreen
  6
CONTINUOUS
100
AcDbLine
 10
6.5107675590551182
 20
-3.5823501574803149
 30
0
 11
6.5113153149606298
 21
-3.5815030708661415
 31
0
  0
LINE
  5
47E
330
22
100
AcDbEntity
  8
F.Silkscreen
  6
CONTINUOUS
100
AcDbLine
 10
6.5113153149606298
 20
-3.5815030708661415
 30
0
 11
6.5118326771653541
 21
-3.5804571653543307
 31
0
  0
LINE
  5
47F
330
22
100
AcDbEntity
  8
F.Silkscreen
  6
CONTINUOUS
100
AcDbLine
 10
6.5118326771653541
 20
-3.5804571653543307
 30
0
 11
6.5122047244094485
 21
-3.5794448818897635
 31
0
  0
LINE
  5
480
330
22
100
AcDbEntity
  8
F.Silkscreen
  6
CONTINUOUS
100
AcDbLine
 10
6.5122047244094485
 20
-3.5794448818897635
 30
0
 11
6.5125535039370082
 21
-3.5780701574803149
 31
0
  0
LINE
  5
481
330
22
100
AcDbEntity
  8
F.Silkscreen
  6
CONTINUOUS
100
AcDbLine
 10
6.5125535039370082
 20
-3.5780701574803149
 30
0
 11
6.5127731496062991
 21
-3.5765739370078737
 31
0
  0
LINE
  5
482
330
22
100
AcDbEntity
  8
F.Silkscreen
  6
CONTINUOUS
100
AcDbLine
 10
6.5127731496062991
 20
-3.5765739370078737
 30
0
 11
6.5128603149606299
 21
-3.575123464566929
 31
0
  0
LINE
  5
483
330
22
100
AcDbEntity
  8
F.Silkscreen
  6
CONTINUOUS
100
AcDbLine
 10
6.5128603149606299
 20
-3.575123464566929
 30
0
 11
6.5128655511811022
 21
-3.5726580314960628
 31
0
  0
LINE
  5
484
330
22
100
AcDbEntity
  8
F.Silkscreen
  6
CONTINUOUS
100
AcDbLine
 10
6.5128655511811022
 20
-3.5726580314960628
 30
0
 11
6.5128053937007868
 21
-3.5712261811023622
 31
0
  0
LINE
  5
485
330
22
100
AcDbEntity
  8
F.Silkscreen
  6
CONTINUOUS
100
AcDbLine
 10
6.5128053937007868
 20
-3.5712261811023622
 30
0
 11
6.5126693307086612
 21
-3.5700308267716534
 31
0
  0
LINE
  5
486
330
22
100
AcDbEntity
  8
F.Silkscreen
  6
CONTINUOUS
100
AcDbLine
 10
6.5126693307086612
 20
-3.5700308267716534
 30
0
 11
6.512423307086614
 21
-3.5687730708661416
 31
0
  0
LINE
  5
487
330
22
100
AcDbEntity
  8
F.Silkscreen
  6
CONTINUOUS
100
AcDbLine
 10
6.512423307086614
 20
-3.5687730708661416
 30
0
 11
6.5121220078740158
 21
-3.5677324803149606
 31
0
  0
LINE
  5
488
330
22
100
AcDbEntity
  8
F.Silkscreen
  6
CONTINUOUS
100
AcDbLine
 10
6.5121220078740158
 20
-3.5677324803149606
 30
0
 11
6.5114075984251967
 21
-3.5660866929133856
 31
0
  0
LINE
  5
489
330
22
100
AcDbEntity
  8
F.Silkscreen
  6
CONTINUOUS
100
AcDbLine
 10
6.5114075984251967
 20
-3.5660866929133856
 30
0
 11
6.5109611417322837
 21
-3.565347440944882
 31
0
  0
LINE
  5
48A
330
22
100
AcDbEntity
  8
F.Silkscreen
  6
CONTINUOUS
100
AcDbLine
 10
6.5109611417322837
 20
-3.565347440944882
 30
0
 11
6.5103779527559054
 21
-3.5645708661417324
 31
0
  0
LINE
  5
48B
330
22
100
AcDbEntity
  8
F.Silkscreen
  6
CONTINUOUS
100
AcDbLine
 10
6.5103779527559054
 20
-3.5645708661417324
 30
0
 11
6.5097234251968503
 21
-3.5638838582677166
 31
0
  0
LINE
  5
48C
330
22
100
AcDbEntity
  8
F.Silkscreen
  6
CONTINUOUS
100
AcDbLine
 10
6.5097234251968503
 20
-3.5638838582677166
 30
0
 11
6.5090974409448821
 21
-3.5633570078740155
 31
0
  0
LINE
  5
48D
330
22
100
AcDbEntity
  8
F.Silkscreen
  6
CONTINUOUS
100
AcDbLine
 10
6.5090974409448821
 20
-3.5633570078740155
 30
0
 11
6.5084216929133856
 21
-3.5628994881889762
 31
0
  0
LINE
  5
48E
330
22
100
AcDbEntity
  8
F.Silkscreen
  6
CONTINUOUS
100
AcDbLine
 10
6.5084216929133856
 20
-3.5628994881889762
 30
0
 11
6.5075885039370078
 21
-3.5624614960629919
 31
0
  0
LINE
  5
48F
330
22
100
AcDbEntity
  8
F.Silkscreen
  6
CONTINUOUS
100
AcDbLine
 10
6.5075885039370078
 20
-3.5624614960629919
 30
0
 11
6.5060960629921256
 21
-3.5619428740157479
 31
0
  0
LINE
  5
490
330
22
100
AcDbEntity
  8
F.Silkscreen
  6
CONTINUOUS
100
AcDbLine
 10
6.5060960629921256
 20
-3.5619428740157479
 30
0
 11
6.5044320866141732
 21
-3.5616633858267717
 31
0
  0
LINE
  5
491
330
22
100
AcDbEntity
  8
F.Silkscreen
  6
CONTINUOUS
100
AcDbLine
 10
6.5044320866141732
 20
-3.5616633858267717
 30
0
 11
6.5033228346456688
 21
-3.5616102362204725
 31
0
  0
LINE
  5
492
330
22
100
AcDbEntity
  8
F.Silkscreen
  6
CONTINUOUS
100
AcDbLine
 10
6.5033228346456688
 20
-3.5616102362204725
 30
0
 11
6.4985354330708658
 21
-3.5616102362204725
 31
0
  0
LINE
  5
493
330
22
100
AcDbEntity
  8
F.Silkscreen
  6
CONTINUOUS
100
AcDbLine
 10
6.4985354330708658
 20
-3.5616102362204725
 30
0
 11
6.4944409448818901
 21
-3.5616102362204725
 31
0
  0
LINE
  5
494
330
22
100
AcDbEntity
  8
F.Silkscreen
  6
CONTINUOUS
100
AcDbLine
 10
6.4944409448818901
 20
-3.5616102362204725
 30
0
 11
6.4944409448818901
 21
-3.5582401574803151
 31
0
  0
LINE
  5
495
330
22
100
AcDbEntity
  8
F.Silkscreen
  6
CONTINUOUS
100
AcDbLine
 10
6.4944409448818901
 20
-3.5582401574803151
 30
0
 11
6.5033235826771651
 21
-3.5582405905511809
 31
0
  0
LINE
  5
496
330
22
100
AcDbEntity
  8
F.Silkscreen
  6
CONTINUOUS
100
AcDbLine
 10
5.2478721259842516
 20
-3.394471377952756
 30
0
 11
5.249513031496063
 21
-3.3947034645669292
 31
0
  0
LINE
  5
497
330
22
100
AcDbEntity
  8
F.Silkscreen
  6
CONTINUOUS
100
AcDbLine
 10
5.249513031496063
 20
-3.3947034645669292
 30
0
 11
5.2509469685039365
 21
-3.395042283464567
 31
0
  0
LINE
  5
498
330
22
100
AcDbEntity
  8
F.Silkscreen
  6
CONTINUOUS
100
AcDbLine
 10
5.2509469685039365
 20
-3.395042283464567
 30
0
 11
5.2523033858267718
 21
-3.3955007086614173
 31
0
  0
LINE
  5
499
330
22
100
AcDbEntity
  8
F.Silkscreen
  6
CONTINUOUS
100
AcDbLine
 10
5.2523033858267718
 20
-3.3955007086614173
 30
0
 11
5.2536852755905512
 21
-3.3961322047244096
 31
0
  0
LINE
  5
49A
330
22
100
AcDbEntity
  8
F.Silkscreen
  6
CONTINUOUS
100
AcDbLine
 10
5.2536852755905512
 20
-3.3961322047244096
 30
0
 11
5.2546735433070868
 21
-3.3967061417322832
 31
0
  0
LINE
  5
49B
330
22
100
AcDbEntity
  8
F.Silkscreen
  6
CONTINUOUS
100
AcDbLine
 10
5.2546735433070868
 20
-3.3967061417322832
 30
0
 11
5.255673582677165
 21
-3.3974191732283465
 31
0
  0
LINE
  5
49C
330
22
100
AcDbEntity
  8
F.Silkscreen
  6
CONTINUOUS
100
AcDbLine
 10
5.255673582677165
 20
-3.3974191732283465
 30
0
 11
5.2565824409448814
 21
-3.3982178346456693
 31
0
  0
LINE
  5
49D
330
22
100
AcDbEntity
  8
F.Silkscreen
  6
CONTINUOUS
100
AcDbLine
 10
5.2565824409448814
 20
-3.3982178346456693
 30
0
 11
5.2574001181102359
 21
-3.3991020472440945
 31
0
  0
LINE
  5
49E
330
22
100
AcDbEntity
  8
F.Silkscreen
  6
CONTINUOUS
100
AcDbLine
 10
5.2574001181102359
 20
-3.3991020472440945
 30
0
 11
5.2581266141732286
 21
-3.4000718897637796
 31
0
  0
LINE
  5
49F
330
22
100
AcDbEntity
  8
F.Silkscreen
  6
CONTINUOUS
100
AcDbLine
 10
5.2581266141732286
 20
-3.4000718897637796
 30
0
 11
5.2587636614173228
 21
-3.4011269291338584
 31
0
  0
LINE
  5
4A0
330
22
100
AcDbEntity
  8
F.Silkscreen
  6
CONTINUOUS
100
AcDbLine
 10
5.2587636614173228
 20
-3.4011269291338584
 30
0
 11
5.2593097637795276
 21
-3.4022514960629922
 31
0
  0
LINE
  5
4A1
330
22
100
AcDbEntity
  8
F.Silkscreen
  6
CONTINUOUS
100
AcDbLine
 10
5.2593097637795276
 20
-3.4022514960629922
 30
0
 11
5.2597157480314962
 21
-3.4033270866141732
 31
0
  0
LINE
  5
4A2
330
22
100
AcDbEntity
  8
F.Silkscreen
  6
CONTINUOUS
100
AcDbLine
 10
5.2597157480314962
 20
-3.4033270866141732
 30
0
 11
5.2602083464566931
 21
-3.4052720866141732
 31
0
  0
LINE
  5
4A3
330
22
100
AcDbEntity
  8
F.Silkscreen
  6
CONTINUOUS
100
AcDbLine
 10
5.2602083464566931
 20
-3.4052720866141732
 30
0
 11
5.260452007874016
 21
-3.4073637401574803
 31
0
  0
LINE
  5
4A4
330
22
100
AcDbEntity
  8
F.Silkscreen
  6
CONTINUOUS
100
AcDbLine
 10
5.260452007874016
 20
-3.4073637401574803
 30
0
 11
5.260480039370079
 21
-3.4168660629921259
 31
0
  0
LINE
  5
4A5
330
22
100
AcDbEntity
  8
F.Silkscreen
  6
CONTINUOUS
100
AcDbLine
 10
5.260480039370079
 20
-3.4168660629921259
 30
0
 11
5.2293934251968501
 21
-3.4168661811023622
 31
0
  0
LINE
  5
4A6
330
22
100
AcDbEntity
  8
F.Silkscreen
  6
CONTINUOUS
100
AcDbLine
 10
5.2293934251968501
 20
-3.4168661811023622
 30
0
 11
5.2293936220472439
 21
-3.4127716929133856
 31
0
  0
LINE
  5
4A7
330
22
100
AcDbEntity
  8
F.Silkscreen
  6
CONTINUOUS
100
AcDbLine
 10
5.2293936220472439
 20
-3.4127716929133856
 30
0
 11
5.2327634645669292
 21
-3.4127716929133856
 31
0
  0
LINE
  5
4A8
330
22
100
AcDbEntity
  8
F.Silkscreen
  6
CONTINUOUS
100
AcDbLine
 10
5.2327634645669292
 20
-3.4127716929133856
 30
0
 11
5.2571414173228348
 21
-3.4127716141732281
 31
0
  0
LINE
  5
4A9
330
22
100
AcDbEntity
  8
F.Silkscreen
  6
CONTINUOUS
100
AcDbLine
 10
5.2571414173228348
 20
-3.4127716141732281
 30
0
 11
5.2571059842519681
 21
-3.4074480314960631
 31
0
  0
LINE
  5
4AA
330
22
100
AcDbEntity
  8
F.Silkscreen
  6
CONTINUOUS
100
AcDbLine
 10
5.2571059842519681
 20
-3.4074480314960631
 30
0
 11
5.256907204724409
 21
-3.4059635826771655
 31
0
  0
LINE
  5
4AB
330
22
100
AcDbEntity
  8
F.Silkscreen
  6
CONTINUOUS
100
AcDbLine
 10
5.256907204724409
 20
-3.4059635826771655
 30
0
 11
5.2565747244094485
 21
-3.4047206692913385
 31
0
  0
LINE
  5
4AC
330
22
100
AcDbEntity
  8
F.Silkscreen
  6
CONTINUOUS
100
AcDbLine
 10
5.2565747244094485
 20
-3.4047206692913385
 30
0
 11
5.2562046456692908
 21
-3.4037994094488186
 31
0
  0
LINE
  5
4AD
330
22
100
AcDbEntity
  8
F.Silkscreen
  6
CONTINUOUS
100
AcDbLine
 10
5.2562046456692908
 20
-3.4037994094488186
 30
0
 11
5.2556777165354331
 21
-3.4028406299212599
 31
0
  0
LINE
  5
4AE
330
22
100
AcDbEntity
  8
F.Silkscreen
  6
CONTINUOUS
100
AcDbLine
 10
5.2556777165354331
 20
-3.4028406299212599
 30
0
 11
5.2551110236220469
 21
-3.4020574409448816
 31
0
  0
LINE
  5
4AF
330
22
100
AcDbEntity
  8
F.Silkscreen
  6
CONTINUOUS
100
AcDbLine
 10
5.2551110236220469
 20
-3.4020574409448816
 30
0
 11
5.2543629133858269
 21
-3.4012539763779528
 31
0
  0
LINE
  5
4B0
330
22
100
AcDbEntity
  8
F.Silkscreen
  6
CONTINUOUS
100
AcDbLine
 10
5.2543629133858269
 20
-3.4012539763779528
 30
0
 11
5.2535033464566929
 21
-3.4005394881889761
 31
0
  0
LINE
  5
4B1
330
22
100
AcDbEntity
  8
F.Silkscreen
  6
CONTINUOUS
100
AcDbLine
 10
5.2535033464566929
 20
-3.4005394881889761
 30
0
 11
5.2526562598425199
 21
-3.3999917716535433
 31
0
  0
LINE
  5
4B2
330
22
100
AcDbEntity
  8
F.Silkscreen
  6
CONTINUOUS
100
AcDbLine
 10
5.2526562598425199
 20
-3.3999917716535433
 30
0
 11
5.2517314566929132
 21
-3.3995266929133856
 31
0
  0
LINE
  5
4B3
330
22
100
AcDbEntity
  8
F.Silkscreen
  6
CONTINUOUS
100
AcDbLine
 10
5.2517314566929132
 20
-3.3995266929133856
 30
0
 11
5.2505980708661415
 21
-3.3991023228346458
 31
0
  0
LINE
  5
4B4
330
22
100
AcDbEntity
  8
F.Silkscreen
  6
CONTINUOUS
100
AcDbLine
 10
5.2505980708661415
 20
-3.3991023228346458
 30
0
 11
5.2492233464566924
 21
-3.3987535433070866
 31
0
  0
LINE
  5
4B5
330
22
100
AcDbEntity
  8
F.Silkscreen
  6
CONTINUOUS
100
AcDbLine
 10
5.2492233464566924
 20
-3.3987535433070866
 30
0
 11
5.2477271259842517
 21
-3.398533937007874
 31
0
  0
LINE
  5
4B6
330
22
100
AcDbEntity
  8
F.Silkscreen
  6
CONTINUOUS
100
AcDbLine
 10
5.2477271259842517
 20
-3.398533937007874
 30
0
 11
5.2462766535433074
 21
-3.3984467322834644
 31
0
  0
LINE
  5
4B7
330
22
100
AcDbEntity
  8
F.Silkscreen
  6
CONTINUOUS
100
AcDbLine
 10
5.2462766535433074
 20
-3.3984467322834644
 30
0
 11
5.2438112204724412
 21
-3.3984415354330708
 31
0
  0
LINE
  5
4B8
330
22
100
AcDbEntity
  8
F.Silkscreen
  6
CONTINUOUS
100
AcDbLine
 10
5.2438112204724412
 20
-3.3984415354330708
 30
0
 11
5.2423793700787398
 21
-3.3985016929133858
 31
0
  0
LINE
  5
4B9
330
22
100
AcDbEntity
  8
F.Silkscreen
  6
CONTINUOUS
100
AcDbLine
 10
5.2423793700787398
 20
-3.3985016929133858
 30
0
 11
5.2411840157480309
 21
-3.3986377559055119
 31
0
  0
LINE
  5
4BA
330
22
100
AcDbEntity
  8
F.Silkscreen
  6
CONTINUOUS
100
AcDbLine
 10
5.2411840157480309
 20
-3.3986377559055119
 30
0
 11
5.2400614566929136
 21
-3.3988516141732283
 31
0
  0
LINE
  5
4BB
330
22
100
AcDbEntity
  8
F.Silkscreen
  6
CONTINUOUS
100
AcDbLine
 10
5.2400614566929136
 20
-3.3988516141732283
 30
0
 11
5.2388856692913386
 21
-3.3991851181102359
 31
0
  0
LINE
  5
4BC
330
22
100
AcDbEntity
  8
F.Silkscreen
  6
CONTINUOUS
100
AcDbLine
 10
5.2388856692913386
 20
-3.3991851181102359
 30
0
 11
5.2379179133858269
 21
-3.3995641732283466
 31
0
  0
LINE
  5
4BD
330
22
100
AcDbEntity
  8
F.Silkscreen
  6
CONTINUOUS
100
AcDbLine
 10
5.2379179133858269
 20
-3.3995641732283466
 30
0
 11
5.2371308661417322
 21
-3.3999596456692913
 31
0
  0
LINE
  5
4BE
330
22
100
AcDbEntity
  8
F.Silkscreen
  6
CONTINUOUS
100
AcDbLine
 10
5.2371308661417322
 20
-3.3999596456692913
 30
0
 11
5.2363995669291334
 21
-3.4004146456692914
 31
0
  0
LINE
  5
4BF
330
22
100
AcDbEntity
  8
F.Silkscreen
  6
CONTINUOUS
100
AcDbLine
 10
5.2363995669291334
 20
-3.4004146456692914
 30
0
 11
5.2357240551181103
 21
-3.4009291732283464
 31
0
  0
LINE
  5
4C0
330
22
100
AcDbEntity
  8
F.Silkscreen
  6
CONTINUOUS
100
AcDbLine
 10
5.2357240551181103
 20
-3.4009291732283464
 30
0
 11
5.2350370472440941
 21
-3.4015837007874015
 31
0
  0
LINE
  5
4C1
330
22
100
AcDbEntity
  8
F.Silkscreen
  6
CONTINUOUS
100
AcDbLine
 10
5.2350370472440941
 20
-3.4015837007874015
 30
0
 11
5.234510196850394
 21
-3.4022096850393702
 31
0
  0
LINE
  5
4C2
330
22
100
AcDbEntity
  8
F.Silkscreen
  6
CONTINUOUS
100
AcDbLine
 10
5.234510196850394
 20
-3.4022096850393702
 30
0
 11
5.2340526771653542
 21
-3.4028854330708662
 31
0
  0
LINE
  5
4C3
330
22
100
AcDbEntity
  8
F.Silkscreen
  6
CONTINUOUS
100
AcDbLine
 10
5.2340526771653542
 20
-3.4028854330708662
 30
0
 11
5.2336146850393703
 21
-3.4037185826771652
 31
0
  0
LINE
  5
4C4
330
22
100
AcDbEntity
  8
F.Silkscreen
  6
CONTINUOUS
100
AcDbLine
 10
5.2336146850393703
 20
-3.4037185826771652
 30
0
 11
5.2330961023622047
 21
-3.4052110629921257
 31
0
  0
LINE
  5
4C5
330
22
100
AcDbEntity
  8
F.Silkscreen
  6
CONTINUOUS
100
AcDbLine
 10
5.2330961023622047
 20
-3.4052110629921257
 30
0
 11
5.2328166141732284
 21
-3.4068750393700786
 31
0
  0
LINE
  5
4C6
330
22
100
AcDbEntity
  8
F.Silkscreen
  6
CONTINUOUS
100
AcDbLine
 10
5.2328166141732284
 20
-3.4068750393700786
 30
0
 11
5.2327634645669292
 21
-3.4079842913385825
 31
0
  0
LINE
  5
4C7
330
22
100
AcDbEntity
  8
F.Silkscreen
  6
CONTINUOUS
100
AcDbLine
 10
5.2327634645669292
 20
-3.4079842913385825
 30
0
 11
5.2327634645669292
 21
-3.4127716929133856
 31
0
  0
LINE
  5
4C8
330
22
100
AcDbEntity
  8
F.Silkscreen
  6
CONTINUOUS
100
AcDbLine
 10
5.2327634645669292
 20
-3.4127716929133856
 30
0
 11
5.2293936220472439
 21
-3.4127716929133856
 31
0
  0
LINE
  5
4C9
330
22
100
AcDbEntity
  8
F.Silkscreen
  6
CONTINUOUS
100
AcDbLine
 10
5.2293936220472439
 20
-3.4127716929133856
 30
0
 11
5.2293938188976377
 21
-3.4079842913385825
 31
0
  0
LINE
  5
4CA
330
22
100
AcDbEntity
  8
F.Silkscreen
  6
CONTINUOUS
100
AcDbLine
 10
5.2293938188976377
 20
-3.4079842913385825
 30
0
 11
5.2293938188976377
 21
-3.4079835433070866
 31
0
  0
LINE
  5
4CB
330
22
100
AcDbEntity
  8
F.Silkscreen
  6
CONTINUOUS
100
AcDbLine
 10
5.2293938188976377
 20
-3.4079835433070866
 30
0
 11
5.2294792913385821
 21
-3.4063779527559053
 31
0
  0
LINE
  5
4CC
330
22
100
AcDbEntity
  8
F.Silkscreen
  6
CONTINUOUS
100
AcDbLine
 10
5.2294792913385821
 20
-3.4063779527559053
 30
0
 11
5.229689645669291
 21
-3.4049650393700786
 31
0
  0
LINE
  5
4CD
330
22
100
AcDbEntity
  8
F.Silkscreen
  6
CONTINUOUS
100
AcDbLine
 10
5.229689645669291
 20
-3.4049650393700786
 30
0
 11
5.2299933858267718
 21
-3.4037282677165352
 31
0
  0
LINE
  5
4CE
330
22
100
AcDbEntity
  8
F.Silkscreen
  6
CONTINUOUS
100
AcDbLine
 10
5.2299933858267718
 20
-3.4037282677165352
 30
0
 11
5.2304031889763776
 21
-3.4025472834645667
 31
0
  0
LINE
  5
4CF
330
22
100
AcDbEntity
  8
F.Silkscreen
  6
CONTINUOUS
100
AcDbLine
 10
5.2304031889763776
 20
-3.4025472834645667
 30
0
 11
5.2309712204724406
 21
-3.4013226377952757
 31
0
  0
LINE
  5
4D0
330
22
100
AcDbEntity
  8
F.Silkscreen
  6
CONTINUOUS
100
AcDbLine
 10
5.2309712204724406
 20
-3.4013226377952757
 30
0
 11
5.2317234251968499
 21
-3.4000802362204725
 31
0
  0
LINE
  5
4D1
330
22
100
AcDbEntity
  8
F.Silkscreen
  6
CONTINUOUS
100
AcDbLine
 10
5.2317234251968499
 20
-3.4000802362204725
 30
0
 11
5.2325295275590546
 21
-3.3990355118110234
 31
0
  0
LINE
  5
4D2
330
22
100
AcDbEntity
  8
F.Silkscreen
  6
CONTINUOUS
100
AcDbLine
 10
5.2325295275590546
 20
-3.3990355118110234
 30
0
 11
5.2334419291338579
 21
-3.3980904330708661
 31
0
  0
LINE
  5
4D3
330
22
100
AcDbEntity
  8
F.Silkscreen
  6
CONTINUOUS
100
AcDbLine
 10
5.2334419291338579
 20
-3.3980904330708661
 30
0
 11
5.2345503149606296
 21
-3.39717905511811
 31
0
  0
LINE
  5
4D4
330
22
100
AcDbEntity
  8
F.Silkscreen
  6
CONTINUOUS
100
AcDbLine
 10
5.2345503149606296
 20
-3.39717905511811
 30
0
 11
5.2356841732283463
 21
-3.3964416141732281
 31
0
  0
LINE
  5
4D5
330
22
100
AcDbEntity
  8
F.Silkscreen
  6
CONTINUOUS
100
AcDbLine
 10
5.2356841732283463
 20
-3.3964416141732281
 30
0
 11
5.2370260629921255
 21
-3.3957581889763779
 31
0
  0
LINE
  5
4D6
330
22
100
AcDbEntity
  8
F.Silkscreen
  6
CONTINUOUS
100
AcDbLine
 10
5.2370260629921255
 20
-3.3957581889763779
 30
0
 11
5.2383405905511813
 21
-3.3952475196850394
 31
0
  0
LINE
  5
4D7
330
22
100
AcDbEntity
  8
F.Silkscreen
  6
CONTINUOUS
100
AcDbLine
 10
5.2383405905511813
 20
-3.3952475196850394
 30
0
 11
5.2398421653543306
 21
-3.3948267716535434
 31
0
  0
LINE
  5
4D8
330
22
100
AcDbEntity
  8
F.Silkscreen
  6
CONTINUOUS
100
AcDbLine
 10
5.2398421653543306
 20
-3.3948267716535434
 30
0
 11
5.2414242519685041
 21
-3.394543779527559
 31
0
  0
LINE
  5
4D9
330
22
100
AcDbEntity
  8
F.Silkscreen
  6
CONTINUOUS
100
AcDbLine
 10
5.2414242519685041
 20
-3.394543779527559
 30
0
 11
5.2430869685039365
 21
-3.3943985433070867
 31
0
  0
LINE
  5
4DA
330
22
100
AcDbEntity
  8
F.Silkscreen
  6
CONTINUOUS
100
AcDbLine
 10
5.2430869685039365
 20
-3.3943985433070867
 30
0
 11
5.246276732283464
 21
-3.3943816929133859
 31
0
  0
LINE
  5
4DB
330
22
100
AcDbEntity
  8
F.Silkscreen
  6
CONTINUOUS
100
AcDbLine
 10
5.246276732283464
 20
-3.3943816929133859
 30
0
 11
5.2478721259842516
 21
-3.394471377952756
 31
0
  0
LINE
  5
4DC
330
22
100
AcDbEntity
  8
F.Silkscreen
  6
CONTINUOUS
100
AcDbLine
 10
5.2478721653543303
 20
-3.5224831889763779
 30
0
 11
5.249513031496063
 21
-3.5227152755905511
 31
0
  0
LINE
  5
4DD
330
22
100
AcDbEntity
  8
F.Silkscreen
  6
CONTINUOUS
100
AcDbLine
 10
5.249513031496063
 20
-3.5227152755905511
 30
0
 11
5.2509469685039365
 21
-3.523054094488189
 31
0
  0
LINE
  5
4DE
330
22
100
AcDbEntity
  8
F.Silkscreen
  6
CONTINUOUS
100
AcDbLine
 10
5.2509469685039365
 20
-3.523054094488189
 30
0
 11
5.2523033858267718
 21
-3.5235125196850392
 31
0
  0
LINE
  5
4DF
330
22
100
AcDbEntity
  8
F.Silkscreen
  6
CONTINUOUS
100
AcDbLine
 10
5.2523033858267718
 20
-3.5235125196850392
 30
0
 11
5.2536852755905512
 21
-3.5241440157480315
 31
0
  0
LINE
  5
4E0
330
22
100
AcDbEntity
  8
F.Silkscreen
  6
CONTINUOUS
100
AcDbLine
 10
5.2536852755905512
 20
-3.5241440157480315
 30
0
 11
5.2547682283464567
 21
-3.5247792519685039
 31
0
  0
LINE
  5
4E1
330
22
100
AcDbEntity
  8
F.Silkscreen
  6
CONTINUOUS
100
AcDbLine
 10
5.2547682283464567
 20
-3.5247792519685039
 30
0
 11
5.2557599606299208
 21
-3.5255000787401576
 31
0
  0
LINE
  5
4E2
330
22
100
AcDbEntity
  8
F.Silkscreen
  6
CONTINUOUS
100
AcDbLine
 10
5.2557599606299208
 20
-3.5255000787401576
 30
0
 11
5.2566605511811026
 21
-3.526306496062992
 31
0
  0
LINE
  5
4E3
330
22
100
AcDbEntity
  8
F.Silkscreen
  6
CONTINUOUS
100
AcDbLine
 10
5.2566605511811026
 20
-3.526306496062992
 30
0
 11
5.2574001181102359
 21
-3.5271138582677164
 31
0
  0
LINE
  5
4E4
330
22
100
AcDbEntity
  8
F.Silkscreen
  6
CONTINUOUS
100
AcDbLine
 10
5.2574001181102359
 20
-3.5271138582677164
 30
0
 11
5.2581266141732286
 21
-3.5280837007874015
 31
0
  0
LINE
  5
4E5
330
22
100
AcDbEntity
  8
F.Silkscreen
  6
CONTINUOUS
100
AcDbLine
 10
5.2581266141732286
 20
-3.5280837007874015
 30
0
 11
5.2587636614173228
 21
-3.5291387401574803
 31
0
  0
LINE
  5
4E6
330
22
100
AcDbEntity
  8
F.Silkscreen
  6
CONTINUOUS
100
AcDbLine
 10
5.2587636614173228
 20
-3.5291387401574803
 30
0
 11
5.2592644094488188
 21
-3.5301585433070866
 31
0
  0
LINE
  5
4E7
330
22
100
AcDbEntity
  8
F.Silkscreen
  6
CONTINUOUS
100
AcDbLine
 10
5.2592644094488188
 20
-3.5301585433070866
 30
0
 11
5.2597157480314962
 21
-3.5313388976377951
 31
0
  0
LINE
  5
4E8
330
22
100
AcDbEntity
  8
F.Silkscreen
  6
CONTINUOUS
100
AcDbLine
 10
5.2597157480314962
 20
-3.5313388976377951
 30
0
 11
5.2602083464566931
 21
-3.5332838976377952
 31
0
  0
LINE
  5
4E9
330
22
100
AcDbEntity
  8
F.Silkscreen
  6
CONTINUOUS
100
AcDbLine
 10
5.2602083464566931
 20
-3.5332838976377952
 30
0
 11
5.260452007874016
 21
-3.5353755511811022
 31
0
  0
LINE
  5
4EA
330
22
100
AcDbEntity
  8
F.Silkscreen
  6
CONTINUOUS
100
AcDbLine
 10
5.260452007874016
 20
-3.5353755511811022
 30
0
 11
5.260480039370079
 21
-3.5448778740157478
 31
0
  0
LINE
  5
4EB
330
22
100
AcDbEntity
  8
F.Silkscreen
  6
CONTINUOUS
100
AcDbLine
 10
5.260480039370079
 20
-3.5448778740157478
 30
0
 11
5.2293934251968501
 21
-3.5448779921259841
 31
0
  0
LINE
  5
4EC
330
22
100
AcDbEntity
  8
F.Silkscreen
  6
CONTINUOUS
100
AcDbLine
 10
5.2293934251968501
 20
-3.5448779921259841
 30
0
 11
5.2293936220472439
 21
-3.5407835039370079
 31
0
  0
LINE
  5
4ED
330
22
100
AcDbEntity
  8
F.Silkscreen
  6
CONTINUOUS
100
AcDbLine
 10
5.2293936220472439
 20
-3.5407835039370079
 30
0
 11
5.2327634645669292
 21
-3.5407835039370079
 31
0
  0
LINE
  5
4EE
330
22
100
AcDbEntity
  8
F.Silkscreen
  6
CONTINUOUS
100
AcDbLine
 10
5.2327634645669292
 20
-3.5407835039370079
 30
0
 11
5.2571414173228348
 21
-3.5407834251968504
 31
0
  0
LINE
  5
4EF
330
22
100
AcDbEntity
  8
F.Silkscreen
  6
CONTINUOUS
100
AcDbLine
 10
5.2571414173228348
 20
-3.5407834251968504
 30
0
 11
5.2571059842519681
 21
-3.535459842519685
 31
0
  0
LINE
  5
4F0
330
22
100
AcDbEntity
  8
F.Silkscreen
  6
CONTINUOUS
100
AcDbLine
 10
5.2571059842519681
 20
-3.535459842519685
 30
0
 11
5.2569325196850389
 21
-3.5341052755905511
 31
0
  0
LINE
  5
4F1
330
22
100
AcDbEntity
  8
F.Silkscreen
  6
CONTINUOUS
100
AcDbLine
 10
5.2569325196850389
 20
-3.5341052755905511
 30
0
 11
5.2565747244094485
 21
-3.5327324803149605
 31
0
  0
LINE
  5
4F2
330
22
100
AcDbEntity
  8
F.Silkscreen
  6
CONTINUOUS
100
AcDbLine
 10
5.2565747244094485
 20
-3.5327324803149605
 30
0
 11
5.2561518503937004
 21
-3.5317006299212599
 31
0
  0
LINE
  5
4F3
330
22
100
AcDbEntity
  8
F.Silkscreen
  6
CONTINUOUS
100
AcDbLine
 10
5.2561518503937004
 20
-3.5317006299212599
 30
0
 11
5.2556777165354331
 21
-3.5308524409448818
 31
0
  0
LINE
  5
4F4
330
22
100
AcDbEntity
  8
F.Silkscreen
  6
CONTINUOUS
100
AcDbLine
 10
5.2556777165354331
 20
-3.5308524409448818
 30
0
 11
5.2551110236220469
 21
-3.530069251968504
 31
0
  0
LINE
  5
4F5
330
22
100
AcDbEntity
  8
F.Silkscreen
  6
CONTINUOUS
100
AcDbLine
 10
5.2551110236220469
 20
-3.530069251968504
 30
0
 11
5.2543629133858269
 21
-3.5292657874015747
 31
0
  0
LINE
  5
4F6
330
22
100
AcDbEntity
  8
F.Silkscreen
  6
CONTINUOUS
100
AcDbLine
 10
5.2543629133858269
 20
-3.5292657874015747
 30
0
 11
5.2535033464566929
 21
-3.5285512992125985
 31
0
  0
LINE
  5
4F7
330
22
100
AcDbEntity
  8
F.Silkscreen
  6
CONTINUOUS
100
AcDbLine
 10
5.2535033464566929
 20
-3.5285512992125985
 30
0
 11
5.2526562598425199
 21
-3.5280035826771652
 31
0
  0
LINE
  5
4F8
330
22
100
AcDbEntity
  8
F.Silkscreen
  6
CONTINUOUS
100
AcDbLine
 10
5.2526562598425199
 20
-3.5280035826771652
 30
0
 11
5.251610393700787
 21
-3.5274861811023621
 31
0
  0
LINE
  5
4F9
330
22
100
AcDbEntity
  8
F.Silkscreen
  6
CONTINUOUS
100
AcDbLine
 10
5.251610393700787
 20
-3.5274861811023621
 30
0
 11
5.2505980708661415
 21
-3.5271141338582677
 31
0
  0
LINE
  5
4FA
330
22
100
AcDbEntity
  8
F.Silkscreen
  6
CONTINUOUS
100
AcDbLine
 10
5.2505980708661415
 20
-3.5271141338582677
 30
0
 11
5.2492233464566924
 21
-3.5267653543307085
 31
0
  0
LINE
  5
4FB
330
22
100
AcDbEntity
  8
F.Silkscreen
  6
CONTINUOUS
100
AcDbLine
 10
5.2492233464566924
 20
-3.5267653543307085
 30
0
 11
5.2477271259842517
 21
-3.5265457480314959
 31
0
  0
LINE
  5
4FC
330
22
100
AcDbEntity
  8
F.Silkscreen
  6
CONTINUOUS
100
AcDbLine
 10
5.2477271259842517
 20
-3.5265457480314959
 30
0
 11
5.2462766535433074
 21
-3.5264585433070867
 31
0
  0
LINE
  5
4FD
330
22
100
AcDbEntity
  8
F.Silkscreen
  6
CONTINUOUS
100
AcDbLine
 10
5.2462766535433074
 20
-3.5264585433070867
 30
0
 11
5.2438112204724412
 21
-3.5264533464566927
 31
0
  0
LINE
  5
4FE
330
22
100
AcDbEntity
  8
F.Silkscreen
  6
CONTINUOUS
100
AcDbLine
 10
5.2438112204724412
 20
-3.5264533464566927
 30
0
 11
5.2423793700787398
 21
-3.5265135039370077
 31
0
  0
LINE
  5
4FF
330
22
100
AcDbEntity
  8
F.Silkscreen
  6
CONTINUOUS
100
AcDbLine
 10
5.2423793700787398
 20
-3.5265135039370077
 30
0
 11
5.2411840157480309
 21
-3.5266495669291338
 31
0
  0
LINE
  5
500
330
22
100
AcDbEntity
  8
F.Silkscreen
  6
CONTINUOUS
100
AcDbLine
 10
5.2411840157480309
 20
-3.5266495669291338
 30
0
 11
5.2399262598425196
 21
-3.5268956299212597
 31
0
  0
LINE
  5
501
330
22
100
AcDbEntity
  8
F.Silkscreen
  6
CONTINUOUS
100
AcDbLine
 10
5.2399262598425196
 20
-3.5268956299212597
 30
0
 11
5.2388856692913386
 21
-3.5271969291338583
 31
0
  0
LINE
  5
502
330
22
100
AcDbEntity
  8
F.Silkscreen
  6
CONTINUOUS
100
AcDbLine
 10
5.2388856692913386
 20
-3.5271969291338583
 30
0
 11
5.2379179133858269
 21
-3.5275759842519685
 31
0
  0
LINE
  5
503
330
22
100
AcDbEntity
  8
F.Silkscreen
  6
CONTINUOUS
100
AcDbLine
 10
5.2379179133858269
 20
-3.5275759842519685
 30
0
 11
5.2371308661417322
 21
-3.5279714566929132
 31
0
  0
LINE
  5
504
330
22
100
AcDbEntity
  8
F.Silkscreen
  6
CONTINUOUS
100
AcDbLine
 10
5.2371308661417322
 20
-3.5279714566929132
 30
0
 11
5.2363995669291334
 21
-3.5284264566929133
 31
0
  0
LINE
  5
505
330
22
100
AcDbEntity
  8
F.Silkscreen
  6
CONTINUOUS
100
AcDbLine
 10
5.2363995669291334
 20
-3.5284264566929133
 30
0
 11
5.2357240551181103
 21
-3.5289409842519683
 31
0
  0
LINE
  5
506
330
22
100
AcDbEntity
  8
F.Silkscreen
  6
CONTINUOUS
100
AcDbLine
 10
5.2357240551181103
 20
-3.5289409842519683
 30
0
 11
5.2351179921259838
 21
-3.529510118110236
 31
0
  0
LINE
  5
507
330
22
100
AcDbEntity
  8
F.Silkscreen
  6
CONTINUOUS
100
AcDbLine
 10
5.2351179921259838
 20
-3.529510118110236
 30
0
 11
5.234510196850394
 21
-3.5302214960629921
 31
0
  0
LINE
  5
508
330
22
100
AcDbEntity
  8
F.Silkscreen
  6
CONTINUOUS
100
AcDbLine
 10
5.234510196850394
 20
-3.5302214960629921
 30
0
 11
5.2340526771653542
 21
-3.5308972440944881
 31
0
  0
LINE
  5
509
330
22
100
AcDbEntity
  8
F.Silkscreen
  6
CONTINUOUS
100
AcDbLine
 10
5.2340526771653542
 20
-3.5308972440944881
 30
0
 11
5.2336146850393703
 21
-3.5317303937007871
 31
0
  0
LINE
  5
50A
330
22
100
AcDbEntity
  8
F.Silkscreen
  6
CONTINUOUS
100
AcDbLine
 10
5.2336146850393703
 20
-3.5317303937007871
 30
0
 11
5.2330961023622047
 21
-3.5332228740157481
 31
0
  0
LINE
  5
50B
330
22
100
AcDbEntity
  8
F.Silkscreen
  6
CONTINUOUS
100
AcDbLine
 10
5.2330961023622047
 20
-3.5332228740157481
 30
0
 11
5.2328166141732284
 21
-3.5348868503937005
 31
0
  0
LINE
  5
50C
330
22
100
AcDbEntity
  8
F.Silkscreen
  6
CONTINUOUS
100
AcDbLine
 10
5.2328166141732284
 20
-3.5348868503937005
 30
0
 11
5.2327634645669292
 21
-3.5359961023622049
 31
0
  0
LINE
  5
50D
330
22
100
AcDbEntity
  8
F.Silkscreen
  6
CONTINUOUS
100
AcDbLine
 10
5.2327634645669292
 20
-3.5359961023622049
 30
0
 11
5.2327634645669292
 21
-3.5407835039370079
 31
0
  0
LINE
  5
50E
330
22
100
AcDbEntity
  8
F.Silkscreen
  6
CONTINUOUS
100
AcDbLine
 10
5.2327634645669292
 20
-3.5407835039370079
 30
0
 11
5.2293936220472439
 21
-3.5407835039370079
 31
0
  0
LINE
  5
50F
330
22
100
AcDbEntity
  8
F.Silkscreen
  6
CONTINUOUS
100
AcDbLine
 10
5.2293936220472439
 20
-3.5407835039370079
 30
0
 11
5.2293938188976377
 21
-3.5359961023622049
 31
0
  0
LINE
  5
510
330
22
100
AcDbEntity
  8
F.Silkscreen
  6
CONTINUOUS
100
AcDbLine
 10
5.2293938188976377
 20
-3.5359961023622049
 30
0
 11
5.2293938188976377
 21
-3.5359953543307086
 31
0
  0
LINE
  5
511
330
22
100
AcDbEntity
  8
F.Silkscreen
  6
CONTINUOUS
100
AcDbLine
 10
5.2293938188976377
 20
-3.5359953543307086
 30
0
 11
5.2294792913385821
 21
-3.5343897637795276
 31
0
  0
LINE
  5
512
330
22
100
AcDbEntity
  8
F.Silkscreen
  6
CONTINUOUS
100
AcDbLine
 10
5.2294792913385821
 20
-3.5343897637795276
 30
0
 11
5.229689645669291
 21
-3.5329768503937009
 31
0
  0
LINE
  5
513
330
22
100
AcDbEntity
  8
F.Silkscreen
  6
CONTINUOUS
100
AcDbLine
 10
5.229689645669291
 20
-3.5329768503937009
 30
0
 11
5.2299933858267718
 21
-3.5317400787401576
 31
0
  0
LINE
  5
514
330
22
100
AcDbEntity
  8
F.Silkscreen
  6
CONTINUOUS
100
AcDbLine
 10
5.2299933858267718
 20
-3.5317400787401576
 30
0
 11
5.2304457086614171
 21
-3.5304545275590549
 31
0
  0
LINE
  5
515
330
22
100
AcDbEntity
  8
F.Silkscreen
  6
CONTINUOUS
100
AcDbLine
 10
5.2304457086614171
 20
-3.5304545275590549
 30
0
 11
5.2309712204724406
 21
-3.5293344488188976
 31
0
  0
LINE
  5
516
330
22
100
AcDbEntity
  8
F.Silkscreen
  6
CONTINUOUS
100
AcDbLine
 10
5.2309712204724406
 20
-3.5293344488188976
 30
0
 11
5.2317234645669286
 21
-3.5280920472440944
 31
0
  0
LINE
  5
517
330
22
100
AcDbEntity
  8
F.Silkscreen
  6
CONTINUOUS
100
AcDbLine
 10
5.2317234645669286
 20
-3.5280920472440944
 30
0
 11
5.2325295275590546
 21
-3.5270473228346457
 31
0
  0
LINE
  5
518
330
22
100
AcDbEntity
  8
F.Silkscreen
  6
CONTINUOUS
100
AcDbLine
 10
5.2325295275590546
 20
-3.5270473228346457
 30
0
 11
5.2335227559055113
 21
-3.5260279921259841
 31
0
  0
LINE
  5
519
330
22
100
AcDbEntity
  8
F.Silkscreen
  6
CONTINUOUS
100
AcDbLine
 10
5.2335227559055113
 20
-3.5260279921259841
 30
0
 11
5.2345503149606296
 21
-3.5251908661417324
 31
0
  0
LINE
  5
51A
330
22
100
AcDbEntity
  8
F.Silkscreen
  6
CONTINUOUS
100
AcDbLine
 10
5.2345503149606296
 20
-3.5251908661417324
 30
0
 11
5.2356841732283463
 21
-3.5244534251968505
 31
0
  0
LINE
  5
51B
330
22
100
AcDbEntity
  8
F.Silkscreen
  6
CONTINUOUS
100
AcDbLine
 10
5.2356841732283463
 20
-3.5244534251968505
 30
0
 11
5.2370260629921255
 21
-3.5237699999999998
 31
0
  0
LINE
  5
51C
330
22
100
AcDbEntity
  8
F.Silkscreen
  6
CONTINUOUS
100
AcDbLine
 10
5.2370260629921255
 20
-3.5237699999999998
 30
0
 11
5.2383405905511813
 21
-3.5232593307086613
 31
0
  0
LINE
  5
51D
330
22
100
AcDbEntity
  8
F.Silkscreen
  6
CONTINUOUS
100
AcDbLine
 10
5.2383405905511813
 20
-3.5232593307086613
 30
0
 11
5.2398421653543306
 21
-3.5228385826771653
 31
0
  0
LINE
  5
51E
330
22
100
AcDbEntity
  8
F.Silkscreen
  6
CONTINUOUS
100
AcDbLine
 10
5.2398421653543306
 20
-3.5228385826771653
 30
0
 11
5.2414242519685041
 21
-3.5225555905511809
 31
0
  0
LINE
  5
51F
330
22
100
AcDbEntity
  8
F.Silkscreen
  6
CONTINUOUS
100
AcDbLine
 10
5.2414242519685041
 20
-3.5225555905511809
 30
0
 11
5.2430869685039365
 21
-3.5224103543307086
 31
0
  0
LINE
  5
520
330
22
100
AcDbEntity
  8
F.Silkscreen
  6
CONTINUOUS
100
AcDbLine
 10
5.2430869685039365
 20
-3.5224103543307086
 30
0
 11
5.246276732283464
 21
-3.5223935039370078
 31
0
  0
LINE
  5
521
330
22
100
AcDbEntity
  8
F.Silkscreen
  6
CONTINUOUS
100
AcDbLine
 10
5.246276732283464
 20
-3.5223935039370078
 30
0
 11
5.2478721653543303
 21
-3.5224831889763779
 31
0
  0
LINE
  5
522
330
22
100
AcDbEntity
  8
F.Silkscreen
  6
CONTINUOUS
100
AcDbLine
 10
5.2831205511811019
 20
-3.7144648818897639
 30
0
 11
5.2847373622047247
 21
-3.7147418897637796
 31
0
  0
LINE
  5
523
330
22
100
AcDbEntity
  8
F.Silkscreen
  6
CONTINUOUS
100
AcDbLine
 10
5.2847373622047247
 20
-3.7147418897637796
 30
0
 11
5.2862190944881888
 21
-3.7151938188976379
 31
0
  0
LINE
  5
524
330
22
100
AcDbEntity
  8
F.Silkscreen
  6
CONTINUOUS
100
AcDbLine
 10
5.2862190944881888
 20
-3.7151938188976379
 30
0
 11
5.2874586614173227
 21
-3.7157618110236221
 31
0
  0
LINE
  5
525
330
22
100
AcDbEntity
  8
F.Silkscreen
  6
CONTINUOUS
100
AcDbLine
 10
5.2874586614173227
 20
-3.7157618110236221
 30
0
 11
5.2886814566929132
 21
-3.7165490944881889
 31
0
  0
LINE
  5
526
330
22
100
AcDbEntity
  8
F.Silkscreen
  6
CONTINUOUS
100
AcDbLine
 10
5.2886814566929132
 20
-3.7165490944881889
 30
0
 11
5.2897706692913387
 21
-3.7175049212598426
 31
0
  0
LINE
  5
527
330
22
100
AcDbEntity
  8
F.Silkscreen
  6
CONTINUOUS
100
AcDbLine
 10
5.2897706692913387
 20
-3.7175049212598426
 30
0
 11
5.2906301968503939
 21
-3.7185109842519686
 31
0
  0
LINE
  5
528
330
22
100
AcDbEntity
  8
F.Silkscreen
  6
CONTINUOUS
100
AcDbLine
 10
5.2906301968503939
 20
-3.7185109842519686
 30
0
 11
5.2913520472440947
 21
-3.719639842519685
 31
0
  0
LINE
  5
529
330
22
100
AcDbEntity
  8
F.Silkscreen
  6
CONTINUOUS
100
AcDbLine
 10
5.2913520472440947
 20
-3.719639842519685
 30
0
 11
5.2919361811023622
 21
-3.720891496062992
 31
0
  0
LINE
  5
52A
330
22
100
AcDbEntity
  8
F.Silkscreen
  6
CONTINUOUS
100
AcDbLine
 10
5.2919361811023622
 20
-3.720891496062992
 30
0
 11
5.2923826377952752
 21
-3.7222659842519685
 31
0
  0
LINE
  5
52B
330
22
100
AcDbEntity
  8
F.Silkscreen
  6
CONTINUOUS
100
AcDbLine
 10
5.2923826377952752
 20
-3.7222659842519685
 30
0
 11
5.2927125984251964
 21
-3.7239055118110236
 31
0
  0
LINE
  5
52C
330
22
100
AcDbEntity
  8
F.Silkscreen
  6
CONTINUOUS
100
AcDbLine
 10
5.2927125984251964
 20
-3.7239055118110236
 30
0
 11
5.2885866141732283
 21
-3.7239055118110236
 31
0
  0
LINE
  5
52D
330
22
100
AcDbEntity
  8
F.Silkscreen
  6
CONTINUOUS
100
AcDbLine
 10
5.2885866141732283
 20
-3.7239055118110236
 30
0
 11
5.2882779133858264
 21
-3.7226289763779525
 31
0
  0
LINE
  5
52E
330
22
100
AcDbEntity
  8
F.Silkscreen
  6
CONTINUOUS
100
AcDbLine
 10
5.2882779133858264
 20
-3.7226289763779525
 30
0
 11
5.2879167716535429
 21
-3.7216523622047242
 31
0
  0
LINE
  5
52F
330
22
100
AcDbEntity
  8
F.Silkscreen
  6
CONTINUOUS
100
AcDbLine
 10
5.2879167716535429
 20
-3.7216523622047242
 30
0
 11
5.287466456692913
 21
-3.7207842519685039
 31
0
  0
LINE
  5
530
330
22
100
AcDbEntity
  8
F.Silkscreen
  6
CONTINUOUS
100
AcDbLine
 10
5.287466456692913
 20
-3.7207842519685039
 30
0
 11
5.2869270472440943
 21
-3.7200246456692914
 31
0
  0
LINE
  5
531
330
22
100
AcDbEntity
  8
F.Silkscreen
  6
CONTINUOUS
100
AcDbLine
 10
5.2869270472440943
 20
-3.7200246456692914
 30
0
 11
5.2862984645669293
 21
-3.7193735433070865
 31
0
  0
LINE
  5
532
330
22
100
AcDbEntity
  8
F.Silkscreen
  6
CONTINUOUS
100
AcDbLine
 10
5.2862984645669293
 20
-3.7193735433070865
 30
0
 11
5.2855807480314958
 21
-3.7188309842519685
 31
0
  0
LINE
  5
533
330
22
100
AcDbEntity
  8
F.Silkscreen
  6
CONTINUOUS
100
AcDbLine
 10
5.2855807480314958
 20
-3.7188309842519685
 30
0
 11
5.284630787401575
 21
-3.718335118110236
 31
0
  0
LINE
  5
534
330
22
100
AcDbEntity
  8
F.Silkscreen
  6
CONTINUOUS
100
AcDbLine
 10
5.284630787401575
 20
-3.718335118110236
 30
0
 11
5.283719960629921
 21
-3.7180276771653542
 31
0
  0
LINE
  5
535
330
22
100
AcDbEntity
  8
F.Silkscreen
  6
CONTINUOUS
100
AcDbLine
 10
5.283719960629921
 20
-3.7180276771653542
 30
0
 11
5.2827199606299216
 21
-3.7178287401574801
 31
0
  0
LINE
  5
536
330
22
100
AcDbEntity
  8
F.Silkscreen
  6
CONTINUOUS
100
AcDbLine
 10
5.2827199606299216
 20
-3.7178287401574801
 30
0
 11
5.2816308661417324
 21
-3.7177383070866141
 31
0
  0
LINE
  5
537
330
22
100
AcDbEntity
  8
F.Silkscreen
  6
CONTINUOUS
100
AcDbLine
 10
5.2816308661417324
 20
-3.7177383070866141
 30
0
 11
5.2803695669291342
 21
-3.717766929133858
 31
0
  0
LINE
  5
538
330
22
100
AcDbEntity
  8
F.Silkscreen
  6
CONTINUOUS
100
AcDbLine
 10
5.2803695669291342
 20
-3.717766929133858
 30
0
 11
5.2793110236220473
 21
-3.7179133858267717
 31
0
  0
LINE
  5
539
330
22
100
AcDbEntity
  8
F.Silkscreen
  6
CONTINUOUS
100
AcDbLine
 10
5.2793110236220473
 20
-3.7179133858267717
 30
0
 11
5.2783321653543309
 21
-3.7181744094488187
 31
0
  0
LINE
  5
53A
330
22
100
AcDbEntity
  8
F.Silkscreen
  6
CONTINUOUS
100
AcDbLine
 10
5.2783321653543309
 20
-3.7181744094488187
 30
0
 11
5.2775290157480317
 21
-3.7185026771653544
 31
0
  0
LINE
  5
53B
330
22
100
AcDbEntity
  8
F.Silkscreen
  6
CONTINUOUS
100
AcDbLine
 10
5.2775290157480317
 20
-3.7185026771653544
 30
0
 11
5.276700787401575
 21
-3.7189801968503935
 31
0
  0
LINE
  5
53C
330
22
100
AcDbEntity
  8
F.Silkscreen
  6
CONTINUOUS
100
AcDbLine
 10
5.276700787401575
 20
-3.7189801968503935
 30
0
 11
5.2759522440944879
 21
-3.7195723228346456
 31
0
  0
LINE
  5
53D
330
22
100
AcDbEntity
  8
F.Silkscreen
  6
CONTINUOUS
100
AcDbLine
 10
5.2759522440944879
 20
-3.7195723228346456
 30
0
 11
5.2752834645669289
 21
-3.7202790157480314
 31
0
  0
LINE
  5
53E
330
22
100
AcDbEntity
  8
F.Silkscreen
  6
CONTINUOUS
100
AcDbLine
 10
5.2752834645669289
 20
-3.7202790157480314
 30
0
 11
5.2746902362204722
 21
-3.7210984251968502
 31
0
  0
LINE
  5
53F
330
22
100
AcDbEntity
  8
F.Silkscreen
  6
CONTINUOUS
100
AcDbLine
 10
5.2746902362204722
 20
-3.7210984251968502
 30
0
 11
5.2741772834645664
 21
-3.722021220472441
 31
0
  0
LINE
  5
540
330
22
100
AcDbEntity
  8
F.Silkscreen
  6
CONTINUOUS
100
AcDbLine
 10
5.2741772834645664
 20
-3.722021220472441
 30
0
 11
5.2737490551181105
 21
-3.7230461417322833
 31
0
  0
LINE
  5
541
330
22
100
AcDbEntity
  8
F.Silkscreen
  6
CONTINUOUS
100
AcDbLine
 10
5.2737490551181105
 20
-3.7230461417322833
 30
0
 11
5.2734055118110232
 21
-3.7241732283464568
 31
0
  0
LINE
  5
542
330
22
100
AcDbEntity
  8
F.Silkscreen
  6
CONTINUOUS
100
AcDbLine
 10
5.2734055118110232
 20
-3.7241732283464568
 30
0
 11
5.2731712598425196
 21
-3.7252608267716534
 31
0
  0
LINE
  5
543
330
22
100
AcDbEntity
  8
F.Silkscreen
  6
CONTINUOUS
100
AcDbLine
 10
5.2731712598425196
 20
-3.7252608267716534
 30
0
 11
5.2729877165354333
 21
-3.7265808661417323
 31
0
  0
LINE
  5
544
330
22
100
AcDbEntity
  8
F.Silkscreen
  6
CONTINUOUS
100
AcDbLine
 10
5.2729877165354333
 20
-3.7265808661417323
 30
0
 11
5.2728888976377952
 21
-3.7280030314960628
 31
0
  0
LINE
  5
545
330
22
100
AcDbEntity
  8
F.Silkscreen
  6
CONTINUOUS
100
AcDbLine
 10
5.2728888976377952
 20
-3.7280030314960628
 30
0
 11
5.2728911023622045
 21
-3.7325205511811022
 31
0
  0
LINE
  5
546
330
22
100
AcDbEntity
  8
F.Silkscreen
  6
CONTINUOUS
100
AcDbLine
 10
5.2728911023622045
 20
-3.7325205511811022
 30
0
 11
5.2729846062992127
 21
-3.7337439763779527
 31
0
  0
LINE
  5
547
330
22
100
AcDbEntity
  8
F.Silkscreen
  6
CONTINUOUS
100
AcDbLine
 10
5.2729846062992127
 20
-3.7337439763779527
 30
0
 11
5.2731792125984249
 21
-3.7350403149606297
 31
0
  0
LINE
  5
548
330
22
100
AcDbEntity
  8
F.Silkscreen
  6
CONTINUOUS
100
AcDbLine
 10
5.2731792125984249
 20
-3.7350403149606297
 30
0
 11
5.2735064960629918
 21
-3.7363813779527559
 31
0
  0
LINE
  5
549
330
22
100
AcDbEntity
  8
F.Silkscreen
  6
CONTINUOUS
100
AcDbLine
 10
5.2735064960629918
 20
-3.7363813779527559
 30
0
 11
5.2739506299212593
 21
-3.7376178346456692
 31
0
  0
LINE
  5
54A
330
22
100
AcDbEntity
  8
F.Silkscreen
  6
CONTINUOUS
100
AcDbLine
 10
5.2739506299212593
 20
-3.7376178346456692
 30
0
 11
5.274511653543307
 21
-3.7387497244094487
 31
0
  0
LINE
  5
54B
330
22
100
AcDbEntity
  8
F.Silkscreen
  6
CONTINUOUS
100
AcDbLine
 10
5.274511653543307
 20
-3.7387497244094487
 30
0
 11
5.275189566929134
 21
-3.7397770472440945
 31
0
  0
LINE
  5
54C
330
22
100
AcDbEntity
  8
F.Silkscreen
  6
CONTINUOUS
100
AcDbLine
 10
5.275189566929134
 20
-3.7397770472440945
 30
0
 11
5.2762201181102357
 21
-3.7409229921259843
 31
0
  0
LINE
  5
54D
330
22
100
AcDbEntity
  8
F.Silkscreen
  6
CONTINUOUS
100
AcDbLine
 10
5.2762201181102357
 20
-3.7409229921259843
 30
0
 11
5.2773885826771654
 21
-3.7418144488188974
 31
0
  0
LINE
  5
54E
330
22
100
AcDbEntity
  8
F.Silkscreen
  6
CONTINUOUS
100
AcDbLine
 10
5.2773885826771654
 20
-3.7418144488188974
 30
0
 11
5.2786948031496062
 21
-3.7424512204724407
 31
0
  0
LINE
  5
54F
330
22
100
AcDbEntity
  8
F.Silkscreen
  6
CONTINUOUS
100
AcDbLine
 10
5.2786948031496062
 20
-3.7424512204724407
 30
0
 11
5.28002279527559
 21
-3.7428129133858268
 31
0
  0
LINE
  5
550
330
22
100
AcDbEntity
  8
F.Silkscreen
  6
CONTINUOUS
100
AcDbLine
 10
5.28002279527559
 20
-3.7428129133858268
 30
0
 11
5.281720472440945
 21
-3.7429606299212597
 31
0
  0
LINE
  5
551
330
22
100
AcDbEntity
  8
F.Silkscreen
  6
CONTINUOUS
100
AcDbLine
 10
5.281720472440945
 20
-3.7429606299212597
 30
0
 11
5.2838779527559057
 21
-3.7428346456692911
 31
0
  0
LINE
  5
552
330
22
100
AcDbEntity
  8
F.Silkscreen
  6
CONTINUOUS
100
AcDbLine
 10
5.2838779527559057
 20
-3.7428346456692911
 30
0
 11
5.2856976771653539
 21
-3.7424723228346455
 31
0
  0
LINE
  5
553
330
22
100
AcDbEntity
  8
F.Silkscreen
  6
CONTINUOUS
100
AcDbLine
 10
5.2856976771653539
 20
-3.7424723228346455
 30
0
 11
5.2864310236220469
 21
-3.7422220866141731
 31
0
  0
LINE
  5
554
330
22
100
AcDbEntity
  8
F.Silkscreen
  6
CONTINUOUS
100
AcDbLine
 10
5.2864310236220469
 20
-3.7422220866141731
 30
0
 11
5.2870606692913382
 21
-3.7419276771653545
 31
0
  0
LINE
  5
555
330
22
100
AcDbEntity
  8
F.Silkscreen
  6
CONTINUOUS
100
AcDbLine
 10
5.2870606692913382
 20
-3.7419276771653545
 30
0
 11
5.2878921259842517
 21
-3.7413898818897637
 31
0
  0
LINE
  5
556
330
22
100
AcDbEntity
  8
F.Silkscreen
  6
CONTINUOUS
100
AcDbLine
 10
5.2878921259842517
 20
-3.7413898818897637
 30
0
 11
5.2886181102362206
 21
-3.740724409448819
 31
0
  0
LINE
  5
557
330
22
100
AcDbEntity
  8
F.Silkscreen
  6
CONTINUOUS
100
AcDbLine
 10
5.2886181102362206
 20
-3.740724409448819
 30
0
 11
5.2886181102362206
 21
-3.7337322834645668
 31
0
  0
LINE
  5
558
330
22
100
AcDbEntity
  8
F.Silkscreen
  6
CONTINUOUS
100
AcDbLine
 10
5.2886181102362206
 20
-3.7337322834645668
 30
0
 11
5.2814370078740156
 21
-3.7337322834645668
 31
0
  0
LINE
  5
559
330
22
100
AcDbEntity
  8
F.Silkscreen
  6
CONTINUOUS
100
AcDbLine
 10
5.2814370078740156
 20
-3.7337322834645668
 30
0
 11
5.2814370078740156
 21
-3.7303937007874013
 31
0
  0
LINE
  5
55A
330
22
100
AcDbEntity
  8
F.Silkscreen
  6
CONTINUOUS
100
AcDbLine
 10
5.2814370078740156
 20
-3.7303937007874013
 30
0
 11
5.2927125984251964
 21
-3.7303937007874013
 31
0
  0
LINE
  5
55B
330
22
100
AcDbEntity
  8
F.Silkscreen
  6
CONTINUOUS
100
AcDbLine
 10
5.2927125984251964
 20
-3.7303937007874013
 30
0
 11
5.2927125984251964
 21
-3.741795275590551
 31
0
  0
LINE
  5
55C
330
22
100
AcDbEntity
  8
F.Silkscreen
  6
CONTINUOUS
100
AcDbLine
 10
5.2927125984251964
 20
-3.741795275590551
 30
0
 11
5.2918346456692911
 21
-3.7428582677165352
 31
0
  0
LINE
  5
55D
330
22
100
AcDbEntity
  8
F.Silkscreen
  6
CONTINUOUS
100
AcDbLine
 10
5.2918346456692911
 20
-3.7428582677165352
 30
0
 11
5.2908070866141728
 21
-3.7437795275590551
 31
0
  0
LINE
  5
55E
330
22
100
AcDbEntity
  8
F.Silkscreen
  6
CONTINUOUS
100
AcDbLine
 10
5.2908070866141728
 20
-3.7437795275590551
 30
0
 11
5.2896299212598423
 21
-3.7445590551181103
 31
0
  0
LINE
  5
55F
330
22
100
AcDbEntity
  8
F.Silkscreen
  6
CONTINUOUS
100
AcDbLine
 10
5.2896299212598423
 20
-3.7445590551181103
 30
0
 11
5.2883031496062989
 21
-3.7451968503937008
 31
0
  0
LINE
  5
560
330
22
100
AcDbEntity
  8
F.Silkscreen
  6
CONTINUOUS
100
AcDbLine
 10
5.2883031496062989
 20
-3.7451968503937008
 30
0
 11
5.2868267716535433
 21
-3.7456929133858266
 31
0
  0
LINE
  5
561
330
22
100
AcDbEntity
  8
F.Silkscreen
  6
CONTINUOUS
100
AcDbLine
 10
5.2868267716535433
 20
-3.7456929133858266
 30
0
 11
5.2851287007874017
 21
-3.7460646850393702
 31
0
  0
LINE
  5
562
330
22
100
AcDbEntity
  8
F.Silkscreen
  6
CONTINUOUS
100
AcDbLine
 10
5.2851287007874017
 20
-3.7460646850393702
 30
0
 11
5.2832973228346454
 21
-3.7462764566929132
 31
0
  0
LINE
  5
563
330
22
100
AcDbEntity
  8
F.Silkscreen
  6
CONTINUOUS
100
AcDbLine
 10
5.2832973228346454
 20
-3.7462764566929132
 30
0
 11
5.2814535433070864
 21
-3.7463289370078741
 31
0
  0
LINE
  5
564
330
22
100
AcDbEntity
  8
F.Silkscreen
  6
CONTINUOUS
100
AcDbLine
 10
5.2814535433070864
 20
-3.7463289370078741
 30
0
 11
5.2799623228346455
 21
-3.7462320866141732
 31
0
  0
LINE
  5
565
330
22
100
AcDbEntity
  8
F.Silkscreen
  6
CONTINUOUS
100
AcDbLine
 10
5.2799623228346455
 20
-3.7462320866141732
 30
0
 11
5.2785386220472441
 21
-3.7459870866141731
 31
0
  0
LINE
  5
566
330
22
100
AcDbEntity
  8
F.Silkscreen
  6
CONTINUOUS
100
AcDbLine
 10
5.2785386220472441
 20
-3.7459870866141731
 30
0
 11
5.2771825196850388
 21
-3.7455939370078739
 31
0
  0
LINE
  5
567
330
22
100
AcDbEntity
  8
F.Silkscreen
  6
CONTINUOUS
100
AcDbLine
 10
5.2771825196850388
 20
-3.7455939370078739
 30
0
 11
5.2758940157480314
 21
-3.7450526377952755
 31
0
  0
LINE
  5
568
330
22
100
AcDbEntity
  8
F.Silkscreen
  6
CONTINUOUS
100
AcDbLine
 10
5.2758940157480314
 20
-3.7450526377952755
 30
0
 11
5.2746742519685039
 21
-3.7443638582677163
 31
0
  0
LINE
  5
569
330
22
100
AcDbEntity
  8
F.Silkscreen
  6
CONTINUOUS
100
AcDbLine
 10
5.2746742519685039
 20
-3.7443638582677163
 30
0
 11
5.2735531496062995
 21
-3.7435452755905509
 31
0
  0
LINE
  5
56A
330
22
100
AcDbEntity
  8
F.Silkscreen
  6
CONTINUOUS
100
AcDbLine
 10
5.2735531496062995
 20
-3.7435452755905509
 30
0
 11
5.2725438188976375
 21
-3.7426045275590551
 31
0
  0
LINE
  5
56B
330
22
100
AcDbEntity
  8
F.Silkscreen
  6
CONTINUOUS
100
AcDbLine
 10
5.2725438188976375
 20
-3.7426045275590551
 30
0
 11
5.2716462598425196
 21
-3.7415416141732281
 31
0
  0
LINE
  5
56C
330
22
100
AcDbEntity
  8
F.Silkscreen
  6
CONTINUOUS
100
AcDbLine
 10
5.2716462598425196
 20
-3.7415416141732281
 30
0
 11
5.2708046062992127
 21
-3.7402603149606297
 31
0
  0
LINE
  5
56D
330
22
100
AcDbEntity
  8
F.Silkscreen
  6
CONTINUOUS
100
AcDbLine
 10
5.2708046062992127
 20
-3.7402603149606297
 30
0
 11
5.2700945669291341
 21
-3.73883562992126
 31
0
  0
LINE
  5
56E
330
22
100
AcDbEntity
  8
F.Silkscreen
  6
CONTINUOUS
100
AcDbLine
 10
5.2700945669291341
 20
-3.73883562992126
 30
0
 11
5.2695317322834647
 21
-3.7372992125984252
 31
0
  0
LINE
  5
56F
330
22
100
AcDbEntity
  8
F.Silkscreen
  6
CONTINUOUS
100
AcDbLine
 10
5.2695317322834647
 20
-3.7372992125984252
 30
0
 11
5.269095984251968
 21
-3.7355460236220472
 31
0
  0
LINE
  5
570
330
22
100
AcDbEntity
  8
F.Silkscreen
  6
CONTINUOUS
100
AcDbLine
 10
5.269095984251968
 20
-3.7355460236220472
 30
0
 11
5.2688719291338577
 21
-3.7340637401574801
 31
0
  0
LINE
  5
571
330
22
100
AcDbEntity
  8
F.Silkscreen
  6
CONTINUOUS
100
AcDbLine
 10
5.2688719291338577
 20
-3.7340637401574801
 30
0
 11
5.2687541732283467
 21
-3.7323779527559053
 31
0
  0
LINE
  5
572
330
22
100
AcDbEntity
  8
F.Silkscreen
  6
CONTINUOUS
100
AcDbLine
 10
5.2687541732283467
 20
-3.7323779527559053
 30
0
 11
5.2687472834645668
 21
-3.7286979527559052
 31
0
  0
LINE
  5
573
330
22
100
AcDbEntity
  8
F.Silkscreen
  6
CONTINUOUS
100
AcDbLine
 10
5.2687472834645668
 20
-3.7286979527559052
 30
0
 11
5.2688240551181105
 21
-3.7270158661417323
 31
0
  0
LINE
  5
574
330
22
100
AcDbEntity
  8
F.Silkscreen
  6
CONTINUOUS
100
AcDbLine
 10
5.2688240551181105
 20
-3.7270158661417323
 30
0
 11
5.2690327952755904
 21
-3.725241181102362
 31
0
  0
LINE
  5
575
330
22
100
AcDbEntity
  8
F.Silkscreen
  6
CONTINUOUS
100
AcDbLine
 10
5.2690327952755904
 20
-3.725241181102362
 30
0
 11
5.2693270866141733
 21
-3.7237682283464566
 31
0
  0
LINE
  5
576
330
22
100
AcDbEntity
  8
F.Silkscreen
  6
CONTINUOUS
100
AcDbLine
 10
5.2693270866141733
 20
-3.7237682283464566
 30
0
 11
5.2697237401574801
 21
-3.72239374015748
 31
0
  0
LINE
  5
577
330
22
100
AcDbEntity
  8
F.Silkscreen
  6
CONTINUOUS
100
AcDbLine
 10
5.2697237401574801
 20
-3.72239374015748
 30
0
 11
5.2702923228346457
 21
-3.7209650393700788
 31
0
  0
LINE
  5
578
330
22
100
AcDbEntity
  8
F.Silkscreen
  6
CONTINUOUS
100
AcDbLine
 10
5.2702923228346457
 20
-3.7209650393700788
 30
0
 11
5.2709064960629917
 21
-3.7197996850393702
 31
0
  0
LINE
  5
579
330
22
100
AcDbEntity
  8
F.Silkscreen
  6
CONTINUOUS
100
AcDbLine
 10
5.2709064960629917
 20
-3.7197996850393702
 30
0
 11
5.2717198031496064
 21
-3.7186063385826769
 31
0
  0
LINE
  5
57A
330
22
100
AcDbEntity
  8
F.Silkscreen
  6
CONTINUOUS
100
AcDbLine
 10
5.2717198031496064
 20
-3.7186063385826769
 30
0
 11
5.2726571259842521
 21
-3.7175438976377952
 31
0
  0
LINE
  5
57B
330
22
100
AcDbEntity
  8
F.Silkscreen
  6
CONTINUOUS
100
AcDbLine
 10
5.2726571259842521
 20
-3.7175438976377952
 30
0
 11
5.2737004330708661
 21
-3.7166330708661417
 31
0
  0
LINE
  5
57C
330
22
100
AcDbEntity
  8
F.Silkscreen
  6
CONTINUOUS
100
AcDbLine
 10
5.2737004330708661
 20
-3.7166330708661417
 30
0
 11
5.274982440944882
 21
-3.7158007874015748
 31
0
  0
LINE
  5
57D
330
22
100
AcDbEntity
  8
F.Silkscreen
  6
CONTINUOUS
100
AcDbLine
 10
5.274982440944882
 20
-3.7158007874015748
 30
0
 11
5.2763936220472436
 21
-3.7151576377952753
 31
0
  0
LINE
  5
57E
330
22
100
AcDbEntity
  8
F.Silkscreen
  6
CONTINUOUS
100
AcDbLine
 10
5.2763936220472436
 20
-3.7151576377952753
 30
0
 11
5.2777740944881888
 21
-3.7147405118110237
 31
0
  0
LINE
  5
57F
330
22
100
AcDbEntity
  8
F.Silkscreen
  6
CONTINUOUS
100
AcDbLine
 10
5.2777740944881888
 20
-3.7147405118110237
 30
0
 11
5.2794307480314959
 21
-3.714456771653543
 31
0
  0
LINE
  5
580
330
22
100
AcDbEntity
  8
F.Silkscreen
  6
CONTINUOUS
100
AcDbLine
 10
5.2794307480314959
 20
-3.714456771653543
 30
0
 11
5.2812165354330709
 21
-3.7143622047244094
 31
0
  0
LINE
  5
581
330
22
100
AcDbEntity
  8
F.Silkscreen
  6
CONTINUOUS
100
AcDbLine
 10
5.2812165354330709
 20
-3.7143622047244094
 30
0
 11
5.2831205511811019
 21
-3.7144648818897639
 31
0
  0
LINE
  5
582
330
22
100
AcDbEntity
  8
F.Silkscreen
  6
CONTINUOUS
100
AcDbLine
 10
6.4468331496062987
 20
-3.5579018897637793
 30
0
 11
6.4484499606299215
 21
-3.558178897637795
 31
0
  0
LINE
  5
583
330
22
100
AcDbEntity
  8
F.Silkscreen
  6
CONTINUOUS
100
AcDbLine
 10
6.4484499606299215
 20
-3.558178897637795
 30
0
 11
6.4499316929133856
 21
-3.5586308267716533
 31
0
  0
LINE
  5
584
330
22
100
AcDbEntity
  8
F.Silkscreen
  6
CONTINUOUS
100
AcDbLine
 10
6.4499316929133856
 20
-3.5586308267716533
 30
0
 11
6.4511712598425195
 21
-3.5591988188976376
 31
0
  0
LINE
  5
585
330
22
100
AcDbEntity
  8
F.Silkscreen
  6
CONTINUOUS
100
AcDbLine
 10
6.4511712598425195
 20
-3.5591988188976376
 30
0
 11
6.45239405511811
 21
-3.5599861023622048
 31
0
  0
LINE
  5
586
330
22
100
AcDbEntity
  8
F.Silkscreen
  6
CONTINUOUS
100
AcDbLine
 10
6.45239405511811
 20
-3.5599861023622048
 30
0
 11
6.4534832677165355
 21
-3.560941929133858
 31
0
  0
LINE
  5
587
330
22
100
AcDbEntity
  8
F.Silkscreen
  6
CONTINUOUS
100
AcDbLine
 10
6.4534832677165355
 20
-3.560941929133858
 30
0
 11
6.4543427952755907
 21
-3.561947992125984
 31
0
  0
LINE
  5
588
330
22
100
AcDbEntity
  8
F.Silkscreen
  6
CONTINUOUS
100
AcDbLine
 10
6.4543427952755907
 20
-3.561947992125984
 30
0
 11
6.4550646456692915
 21
-3.5630768503937009
 31
0
  0
LINE
  5
589
330
22
100
AcDbEntity
  8
F.Silkscreen
  6
CONTINUOUS
100
AcDbLine
 10
6.4550646456692915
 20
-3.5630768503937009
 30
0
 11
6.455648779527559
 21
-3.5643285039370078
 31
0
  0
LINE
  5
58A
330
22
100
AcDbEntity
  8
F.Silkscreen
  6
CONTINUOUS
100
AcDbLine
 10
6.455648779527559
 20
-3.5643285039370078
 30
0
 11
6.456095236220472
 21
-3.565702992125984
 31
0
  0
LINE
  5
58B
330
22
100
AcDbEntity
  8
F.Silkscreen
  6
CONTINUOUS
100
AcDbLine
 10
6.456095236220472
 20
-3.565702992125984
 30
0
 11
6.4564251968503932
 21
-3.5673425196850395
 31
0
  0
LINE
  5
58C
330
22
100
AcDbEntity
  8
F.Silkscreen
  6
CONTINUOUS
100
AcDbLine
 10
6.4564251968503932
 20
-3.5673425196850395
 30
0
 11
6.4522992125984251
 21
-3.5673425196850395
 31
0
  0
LINE
  5
58D
330
22
100
AcDbEntity
  8
F.Silkscreen
  6
CONTINUOUS
100
AcDbLine
 10
6.4522992125984251
 20
-3.5673425196850395
 30
0
 11
6.4519905118110232
 21
-3.5660659842519684
 31
0
  0
LINE
  5
58E
330
22
100
AcDbEntity
  8
F.Silkscreen
  6
CONTINUOUS
100
AcDbLine
 10
6.4519905118110232
 20
-3.5660659842519684
 30
0
 11
6.4516293700787397
 21
-3.56508937007874
 31
0
  0
LINE
  5
58F
330
22
100
AcDbEntity
  8
F.Silkscreen
  6
CONTINUOUS
100
AcDbLine
 10
6.4516293700787397
 20
-3.56508937007874
 30
0
 11
6.4511790551181099
 21
-3.5642212598425198
 31
0
  0
LINE
  5
590
330
22
100
AcDbEntity
  8
F.Silkscreen
  6
CONTINUOUS
100
AcDbLine
 10
6.4511790551181099
 20
-3.5642212598425198
 30
0
 11
6.4506396456692912
 21
-3.5634616535433068
 31
0
  0
LINE
  5
591
330
22
100
AcDbEntity
  8
F.Silkscreen
  6
CONTINUOUS
100
AcDbLine
 10
6.4506396456692912
 20
-3.5634616535433068
 30
0
 11
6.4500110629921261
 21
-3.5628105511811023
 31
0
  0
LINE
  5
592
330
22
100
AcDbEntity
  8
F.Silkscreen
  6
CONTINUOUS
100
AcDbLine
 10
6.4500110629921261
 20
-3.5628105511811023
 30
0
 11
6.4492933464566926
 21
-3.5622679921259843
 31
0
  0
LINE
  5
593
330
22
100
AcDbEntity
  8
F.Silkscreen
  6
CONTINUOUS
100
AcDbLine
 10
6.4492933464566926
 20
-3.5622679921259843
 30
0
 11
6.4483433858267718
 21
-3.5617721259842519
 31
0
  0
LINE
  5
594
330
22
100
AcDbEntity
  8
F.Silkscreen
  6
CONTINUOUS
100
AcDbLine
 10
6.4483433858267718
 20
-3.5617721259842519
 30
0
 11
6.4474325590551178
 21
-3.5614646850393701
 31
0
  0
LINE
  5
595
330
22
100
AcDbEntity
  8
F.Silkscreen
  6
CONTINUOUS
100
AcDbLine
 10
6.4474325590551178
 20
-3.5614646850393701
 30
0
 11
6.4464325984251971
 21
-3.561265748031496
 31
0
  0
LINE
  5
596
330
22
100
AcDbEntity
  8
F.Silkscreen
  6
CONTINUOUS
100
AcDbLine
 10
6.4464325984251971
 20
-3.561265748031496
 30
0
 11
6.4453434645669292
 21
-3.56117531496063
 31
0
  0
LINE
  5
597
330
22
100
AcDbEntity
  8
F.Silkscreen
  6
CONTINUOUS
100
AcDbLine
 10
6.4453434645669292
 20
-3.56117531496063
 30
0
 11
6.4440822047244097
 21
-3.5612039370078739
 31
0
  0
LINE
  5
598
330
22
100
AcDbEntity
  8
F.Silkscreen
  6
CONTINUOUS
100
AcDbLine
 10
6.4440822047244097
 20
-3.5612039370078739
 30
0
 11
6.4430236220472441
 21
-3.5613503937007875
 31
0
  0
LINE
  5
599
330
22
100
AcDbEntity
  8
F.Silkscreen
  6
CONTINUOUS
100
AcDbLine
 10
6.4430236220472441
 20
-3.5613503937007875
 30
0
 11
6.4420448031496065
 21
-3.5616114173228346
 31
0
  0
LINE
  5
59A
330
22
100
AcDbEntity
  8
F.Silkscreen
  6
CONTINUOUS
100
AcDbLine
 10
6.4420448031496065
 20
-3.5616114173228346
 30
0
 11
6.4412416535433072
 21
-3.5619396850393699
 31
0
  0
LINE
  5
59B
330
22
100
AcDbEntity
  8
F.Silkscreen
  6
CONTINUOUS
100
AcDbLine
 10
6.4412416535433072
 20
-3.5619396850393699
 30
0
 11
6.4404133858267718
 21
-3.5624172047244094
 31
0
  0
LINE
  5
59C
330
22
100
AcDbEntity
  8
F.Silkscreen
  6
CONTINUOUS
100
AcDbLine
 10
6.4404133858267718
 20
-3.5624172047244094
 30
0
 11
6.4396648818897635
 21
-3.5630093307086614
 31
0
  0
LINE
  5
59D
330
22
100
AcDbEntity
  8
F.Silkscreen
  6
CONTINUOUS
100
AcDbLine
 10
6.4396648818897635
 20
-3.5630093307086614
 30
0
 11
6.4389960629921257
 21
-3.5637160236220473
 31
0
  0
LINE
  5
59E
330
22
100
AcDbEntity
  8
F.Silkscreen
  6
CONTINUOUS
100
AcDbLine
 10
6.4389960629921257
 20
-3.5637160236220473
 30
0
 11
6.438402834645669
 21
-3.5645354330708661
 31
0
  0
LINE
  5
59F
330
22
100
AcDbEntity
  8
F.Silkscreen
  6
CONTINUOUS
100
AcDbLine
 10
6.438402834645669
 20
-3.5645354330708661
 30
0
 11
6.4378898818897641
 21
-3.5654582283464564
 31
0
  0
LINE
  5
5A0
330
22
100
AcDbEntity
  8
F.Silkscreen
  6
CONTINUOUS
100
AcDbLine
 10
6.4378898818897641
 20
-3.5654582283464564
 30
0
 11
6.4374616535433073
 21
-3.5664831496062992
 31
0
  0
LINE
  5
5A1
330
22
100
AcDbEntity
  8
F.Silkscreen
  6
CONTINUOUS
100
AcDbLine
 10
6.4374616535433073
 20
-3.5664831496062992
 30
0
 11
6.43711811023622
 21
-3.5676102362204722
 31
0
  0
LINE
  5
5A2
330
22
100
AcDbEntity
  8
F.Silkscreen
  6
CONTINUOUS
100
AcDbLine
 10
6.43711811023622
 20
-3.5676102362204722
 30
0
 11
6.4368838582677164
 21
-3.5686978346456693
 31
0
  0
LINE
  5
5A3
330
22
100
AcDbEntity
  8
F.Silkscreen
  6
CONTINUOUS
100
AcDbLine
 10
6.4368838582677164
 20
-3.5686978346456693
 30
0
 11
6.4367003149606301
 21
-3.5700178740157478
 31
0
  0
LINE
  5
5A4
330
22
100
AcDbEntity
  8
F.Silkscreen
  6
CONTINUOUS
100
AcDbLine
 10
6.4367003149606301
 20
-3.5700178740157478
 30
0
 11
6.436601496062992
 21
-3.5714400393700787
 31
0
  0
LINE
  5
5A5
330
22
100
AcDbEntity
  8
F.Silkscreen
  6
CONTINUOUS
100
AcDbLine
 10
6.436601496062992
 20
-3.5714400393700787
 30
0
 11
6.4366037007874013
 21
-3.575957559055118
 31
0
  0
LINE
  5
5A6
330
22
100
AcDbEntity
  8
F.Silkscreen
  6
CONTINUOUS
100
AcDbLine
 10
6.4366037007874013
 20
-3.575957559055118
 30
0
 11
6.4366972047244095
 21
-3.5771809842519686
 31
0
  0
LINE
  5
5A7
330
22
100
AcDbEntity
  8
F.Silkscreen
  6
CONTINUOUS
100
AcDbLine
 10
6.4366972047244095
 20
-3.5771809842519686
 30
0
 11
6.4368918110236217
 21
-3.5784773228346456
 31
0
  0
LINE
  5
5A8
330
22
100
AcDbEntity
  8
F.Silkscreen
  6
CONTINUOUS
100
AcDbLine
 10
6.4368918110236217
 20
-3.5784773228346456
 30
0
 11
6.4372190944881886
 21
-3.5798183858267714
 31
0
  0
LINE
  5
5A9
330
22
100
AcDbEntity
  8
F.Silkscreen
  6
CONTINUOUS
100
AcDbLine
 10
6.4372190944881886
 20
-3.5798183858267714
 30
0
 11
6.437663228346457
 21
-3.5810548425196851
 31
0
  0
LINE
  5
5AA
330
22
100
AcDbEntity
  8
F.Silkscreen
  6
CONTINUOUS
100
AcDbLine
 10
6.437663228346457
 20
-3.5810548425196851
 30
0
 11
6.4382242519685038
 21
-3.5821867322834646
 31
0
  0
LINE
  5
5AB
330
22
100
AcDbEntity
  8
F.Silkscreen
  6
CONTINUOUS
100
AcDbLine
 10
6.4382242519685038
 20
-3.5821867322834646
 30
0
 11
6.4389021653543308
 21
-3.58321405511811
 31
0
  0
LINE
  5
5AC
330
22
100
AcDbEntity
  8
F.Silkscreen
  6
CONTINUOUS
100
AcDbLine
 10
6.4389021653543308
 20
-3.58321405511811
 30
0
 11
6.4399327165354325
 21
-3.5843599999999998
 31
0
  0
LINE
  5
5AD
330
22
100
AcDbEntity
  8
F.Silkscreen
  6
CONTINUOUS
100
AcDbLine
 10
6.4399327165354325
 20
-3.5843599999999998
 30
0
 11
6.4411011811023622
 21
-3.5852514566929132
 31
0
  0
LINE
  5
5AE
330
22
100
AcDbEntity
  8
F.Silkscreen
  6
CONTINUOUS
100
AcDbLine
 10
6.4411011811023622
 20
-3.5852514566929132
 30
0
 11
6.442407401574803
 21
-3.5858882283464566
 31
0
  0
LINE
  5
5AF
330
22
100
AcDbEntity
  8
F.Silkscreen
  6
CONTINUOUS
100
AcDbLine
 10
6.442407401574803
 20
-3.5858882283464566
 30
0
 11
6.4437353937007869
 21
-3.5862499212598427
 31
0
  0
LINE
  5
5B0
330
22
100
AcDbEntity
  8
F.Silkscreen
  6
CONTINUOUS
100
AcDbLine
 10
6.4437353937007869
 20
-3.5862499212598427
 30
0
 11
6.4454330708661418
 21
-3.5863976377952755
 31
0
  0
LINE
  5
5B1
330
22
100
AcDbEntity
  8
F.Silkscreen
  6
CONTINUOUS
100
AcDbLine
 10
6.4454330708661418
 20
-3.5863976377952755
 30
0
 11
6.4475905511811025
 21
-3.586271653543307
 31
0
  0
LINE
  5
5B2
330
22
100
AcDbEntity
  8
F.Silkscreen
  6
CONTINUOUS
100
AcDbLine
 10
6.4475905511811025
 20
-3.586271653543307
 30
0
 11
6.4494102755905507
 21
-3.5859093307086614
 31
0
  0
LINE
  5
5B3
330
22
100
AcDbEntity
  8
F.Silkscreen
  6
CONTINUOUS
100
AcDbLine
 10
6.4494102755905507
 20
-3.5859093307086614
 30
0
 11
6.4501436220472437
 21
-3.585659094488189
 31
0
  0
LINE
  5
5B4
330
22
100
AcDbEntity
  8
F.Silkscreen
  6
CONTINUOUS
100
AcDbLine
 10
6.4501436220472437
 20
-3.585659094488189
 30
0
 11
6.450773267716535
 21
-3.5853646850393699
 31
0
  0
LINE
  5
5B5
330
22
100
AcDbEntity
  8
F.Silkscreen
  6
CONTINUOUS
100
AcDbLine
 10
6.450773267716535
 20
-3.5853646850393699
 30
0
 11
6.4516047244094485
 21
-3.5848268897637796
 31
0
  0
LINE
  5
5B6
330
22
100
AcDbEntity
  8
F.Silkscreen
  6
CONTINUOUS
100
AcDbLine
 10
6.4516047244094485
 20
-3.5848268897637796
 30
0
 11
6.4523307086614174
 21
-3.5841614173228344
 31
0
  0
LINE
  5
5B7
330
22
100
AcDbEntity
  8
F.Silkscreen
  6
CONTINUOUS
100
AcDbLine
 10
6.4523307086614174
 20
-3.5841614173228344
 30
0
 11
6.4523307086614174
 21
-3.5771692913385826
 31
0
  0
LINE
  5
5B8
330
22
100
AcDbEntity
  8
F.Silkscreen
  6
CONTINUOUS
100
AcDbLine
 10
6.4523307086614174
 20
-3.5771692913385826
 30
0
 11
6.4451496062992124
 21
-3.5771692913385826
 31
0
  0
LINE
  5
5B9
330
22
100
AcDbEntity
  8
F.Silkscreen
  6
CONTINUOUS
100
AcDbLine
 10
6.4451496062992124
 20
-3.5771692913385826
 30
0
 11
6.4451496062992124
 21
-3.5738307086614172
 31
0
  0
LINE
  5
5BA
330
22
100
AcDbEntity
  8
F.Silkscreen
  6
CONTINUOUS
100
AcDbLine
 10
6.4451496062992124
 20
-3.5738307086614172
 30
0
 11
6.4564251968503932
 21
-3.5738307086614172
 31
0
  0
LINE
  5
5BB
330
22
100
AcDbEntity
  8
F.Silkscreen
  6
CONTINUOUS
100
AcDbLine
 10
6.4564251968503932
 20
-3.5738307086614172
 30
0
 11
6.4564251968503932
 21
-3.5852322834645669
 31
0
  0
LINE
  5
5BC
330
22
100
AcDbEntity
  8
F.Silkscreen
  6
CONTINUOUS
100
AcDbLine
 10
6.4564251968503932
 20
-3.5852322834645669
 30
0
 11
6.4555472440944879
 21
-3.5862952755905511
 31
0
  0
LINE
  5
5BD
330
22
100
AcDbEntity
  8
F.Silkscreen
  6
CONTINUOUS
100
AcDbLine
 10
6.4555472440944879
 20
-3.5862952755905511
 30
0
 11
6.4545196850393696
 21
-3.587216535433071
 31
0
  0
LINE
  5
5BE
330
22
100
AcDbEntity
  8
F.Silkscreen
  6
CONTINUOUS
100
AcDbLine
 10
6.4545196850393696
 20
-3.587216535433071
 30
0
 11
6.4533425196850391
 21
-3.5879960629921257
 31
0
  0
LINE
  5
5BF
330
22
100
AcDbEntity
  8
F.Silkscreen
  6
CONTINUOUS
100
AcDbLine
 10
6.4533425196850391
 20
-3.5879960629921257
 30
0
 11
6.4520157480314957
 21
-3.5886338582677166
 31
0
  0
LINE
  5
5C0
330
22
100
AcDbEntity
  8
F.Silkscreen
  6
CONTINUOUS
100
AcDbLine
 10
6.4520157480314957
 20
-3.5886338582677166
 30
0
 11
6.4505393700787401
 21
-3.5891299212598424
 31
0
  0
LINE
  5
5C1
330
22
100
AcDbEntity
  8
F.Silkscreen
  6
CONTINUOUS
100
AcDbLine
 10
6.4505393700787401
 20
-3.5891299212598424
 30
0
 11
6.4488412992125985
 21
-3.5895016929133856
 31
0
  0
LINE
  5
5C2
330
22
100
AcDbEntity
  8
F.Silkscreen
  6
CONTINUOUS
100
AcDbLine
 10
6.4488412992125985
 20
-3.5895016929133856
 30
0
 11
6.4470099212598422
 21
-3.5897134645669291
 31
0
  0
LINE
  5
5C3
330
22
100
AcDbEntity
  8
F.Silkscreen
  6
CONTINUOUS
100
AcDbLine
 10
6.4470099212598422
 20
-3.5897134645669291
 30
0
 11
6.4451661417322832
 21
-3.5897659448818895
 31
0
  0
LINE
  5
5C4
330
22
100
AcDbEntity
  8
F.Silkscreen
  6
CONTINUOUS
100
AcDbLine
 10
6.4451661417322832
 20
-3.5897659448818895
 30
0
 11
6.4436749212598423
 21
-3.589669094488189
 31
0
  0
LINE
  5
5C5
330
22
100
AcDbEntity
  8
F.Silkscreen
  6
CONTINUOUS
100
AcDbLine
 10
6.4436749212598423
 20
-3.589669094488189
 30
0
 11
6.4422512204724409
 21
-3.589424094488189
 31
0
  0
LINE
  5
5C6
330
22
100
AcDbEntity
  8
F.Silkscreen
  6
CONTINUOUS
100
AcDbLine
 10
6.4422512204724409
 20
-3.589424094488189
 30
0
 11
6.4408951181102365
 21
-3.5890309448818898
 31
0
  0
LINE
  5
5C7
330
22
100
AcDbEntity
  8
F.Silkscreen
  6
CONTINUOUS
100
AcDbLine
 10
6.4408951181102365
 20
-3.5890309448818898
 30
0
 11
6.4396066141732282
 21
-3.5884896456692914
 31
0
  0
LINE
  5
5C8
330
22
100
AcDbEntity
  8
F.Silkscreen
  6
CONTINUOUS
100
AcDbLine
 10
6.4396066141732282
 20
-3.5884896456692914
 30
0
 11
6.4383868503937007
 21
-3.5878008661417322
 31
0
  0
LINE
  5
5C9
330
22
100
AcDbEntity
  8
F.Silkscreen
  6
CONTINUOUS
100
AcDbLine
 10
6.4383868503937007
 20
-3.5878008661417322
 30
0
 11
6.4372657480314963
 21
-3.5869822834645668
 31
0
  0
LINE
  5
5CA
330
22
100
AcDbEntity
  8
F.Silkscreen
  6
CONTINUOUS
100
AcDbLine
 10
6.4372657480314963
 20
-3.5869822834645668
 30
0
 11
6.4362564173228343
 21
-3.5860415354330706
 31
0
  0
LINE
  5
5CB
330
22
100
AcDbEntity
  8
F.Silkscreen
  6
CONTINUOUS
100
AcDbLine
 10
6.4362564173228343
 20
-3.5860415354330706
 30
0
 11
6.4353588582677164
 21
-3.5849786220472439
 31
0
  0
LINE
  5
5CC
330
22
100
AcDbEntity
  8
F.Silkscreen
  6
CONTINUOUS
100
AcDbLine
 10
6.4353588582677164
 20
-3.5849786220472439
 30
0
 11
6.4345172440944882
 21
-3.5836973228346456
 31
0
  0
LINE
  5
5CD
330
22
100
AcDbEntity
  8
F.Silkscreen
  6
CONTINUOUS
100
AcDbLine
 10
6.4345172440944882
 20
-3.5836973228346456
 30
0
 11
6.4338071653543309
 21
-3.5822726377952754
 31
0
  0
LINE
  5
5CE
330
22
100
AcDbEntity
  8
F.Silkscreen
  6
CONTINUOUS
100
AcDbLine
 10
6.4338071653543309
 20
-3.5822726377952754
 30
0
 11
6.4332443307086615
 21
-3.5807362204724407
 31
0
  0
LINE
  5
5CF
330
22
100
AcDbEntity
  8
F.Silkscreen
  6
CONTINUOUS
100
AcDbLine
 10
6.4332443307086615
 20
-3.5807362204724407
 30
0
 11
6.4328085826771648
 21
-3.5789830314960631
 31
0
  0
LINE
  5
5D0
330
22
100
AcDbEntity
  8
F.Silkscreen
  6
CONTINUOUS
100
AcDbLine
 10
6.4328085826771648
 20
-3.5789830314960631
 30
0
 11
6.4325845275590554
 21
-3.577500748031496
 31
0
  0
LINE
  5
5D1
330
22
100
AcDbEntity
  8
F.Silkscreen
  6
CONTINUOUS
100
AcDbLine
 10
6.4325845275590554
 20
-3.577500748031496
 30
0
 11
6.4324667716535435
 21
-3.5758149606299212
 31
0
  0
LINE
  5
5D2
330
22
100
AcDbEntity
  8
F.Silkscreen
  6
CONTINUOUS
100
AcDbLine
 10
6.4324667716535435
 20
-3.5758149606299212
 30
0
 11
6.4324598818897636
 21
-3.5721349606299211
 31
0
  0
LINE
  5
5D3
330
22
100
AcDbEntity
  8
F.Silkscreen
  6
CONTINUOUS
100
AcDbLine
 10
6.4324598818897636
 20
-3.5721349606299211
 30
0
 11
6.4325366535433073
 21
-3.5704528740157477
 31
0
  0
LINE
  5
5D4
330
22
100
AcDbEntity
  8
F.Silkscreen
  6
CONTINUOUS
100
AcDbLine
 10
6.4325366535433073
 20
-3.5704528740157477
 30
0
 11
6.4327453937007872
 21
-3.5686781889763779
 31
0
  0
LINE
  5
5D5
330
22
100
AcDbEntity
  8
F.Silkscreen
  6
CONTINUOUS
100
AcDbLine
 10
6.4327453937007872
 20
-3.5686781889763779
 30
0
 11
6.4330396850393701
 21
-3.5672052362204725
 31
0
  0
LINE
  5
5D6
330
22
100
AcDbEntity
  8
F.Silkscreen
  6
CONTINUOUS
100
AcDbLine
 10
6.4330396850393701
 20
-3.5672052362204725
 30
0
 11
6.4334363385826769
 21
-3.5658307480314959
 31
0
  0
LINE
  5
5D7
330
22
100
AcDbEntity
  8
F.Silkscreen
  6
CONTINUOUS
100
AcDbLine
 10
6.4334363385826769
 20
-3.5658307480314959
 30
0
 11
6.4340049212598425
 21
-3.5644020472440943
 31
0
  0
LINE
  5
5D8
330
22
100
AcDbEntity
  8
F.Silkscreen
  6
CONTINUOUS
100
AcDbLine
 10
6.4340049212598425
 20
-3.5644020472440943
 30
0
 11
6.4346190944881885
 21
-3.5632366929133856
 31
0
  0
LINE
  5
5D9
330
22
100
AcDbEntity
  8
F.Silkscreen
  6
CONTINUOUS
100
AcDbLine
 10
6.4346190944881885
 20
-3.5632366929133856
 30
0
 11
6.4354324015748032
 21
-3.5620433464566927
 31
0
  0
LINE
  5
5DA
330
22
100
AcDbEntity
  8
F.Silkscreen
  6
CONTINUOUS
100
AcDbLine
 10
6.4354324015748032
 20
-3.5620433464566927
 30
0
 11
6.4363697244094489
 21
-3.5609809055118111
 31
0
  0
LINE
  5
5DB
330
22
100
AcDbEntity
  8
F.Silkscreen
  6
CONTINUOUS
100
AcDbLine
 10
6.4363697244094489
 20
-3.5609809055118111
 30
0
 11
6.4374130314960629
 21
-3.5600700787401576
 31
0
  0
LINE
  5
5DC
330
22
100
AcDbEntity
  8
F.Silkscreen
  6
CONTINUOUS
100
AcDbLine
 10
6.4374130314960629
 20
-3.5600700787401576
 30
0
 11
6.4386950393700788
 21
-3.5592377952755903
 31
0
  0
LINE
  5
5DD
330
22
100
AcDbEntity
  8
F.Silkscreen
  6
CONTINUOUS
100
AcDbLine
 10
6.4386950393700788
 20
-3.5592377952755903
 30
0
 11
6.4401062204724404
 21
-3.5585946456692912
 31
0
  0
LINE
  5
5DE
330
22
100
AcDbEntity
  8
F.Silkscreen
  6
CONTINUOUS
100
AcDbLine
 10
6.4401062204724404
 20
-3.5585946456692912
 30
0
 11
6.4414867322834644
 21
-3.5581775196850391
 31
0
  0
LINE
  5
5DF
330
22
100
AcDbEntity
  8
F.Silkscreen
  6
CONTINUOUS
100
AcDbLine
 10
6.4414867322834644
 20
-3.5581775196850391
 30
0
 11
6.4431433464566927
 21
-3.5578937795275589
 31
0
  0
LINE
  5
5E0
330
22
100
AcDbEntity
  8
F.Silkscreen
  6
CONTINUOUS
100
AcDbLine
 10
6.4431433464566927
 20
-3.5578937795275589
 30
0
 11
6.4449291338582677
 21
-3.5577992125984252
 31
0
  0
LINE
  5
5E1
330
22
100
AcDbEntity
  8
F.Silkscreen
  6
CONTINUOUS
100
AcDbLine
 10
6.4449291338582677
 20
-3.5577992125984252
 30
0
 11
6.4468331496062987
 21
-3.5579018897637793
 31
0
  0
LINE
  5
5E2
330
22
100
AcDbEntity
  8
F.Silkscreen
  6
CONTINUOUS
100
AcDbLine
 10
5.2101451968503936
 20
-4.2957131102362203
 30
0
 11
5.3479404724409445
 21
-4.2957120866141727
 31
0
  0
LINE
  5
5E3
330
22
100
AcDbEntity
  8
F.Silkscreen
  6
CONTINUOUS
100
AcDbLine
 10
5.2101461417322836
 20
-4.4295713779527555
 30
0
 11
5.2101451968503936
 21
-4.2957131102362203
 31
0
  0
LINE
  5
5E4
330
22
100
AcDbEntity
  8
F.Silkscreen
  6
CONTINUOUS
100
AcDbLine
 10
5.2168383464566928
 20
-4.3327209448818893
 30
0
 11
5.2168389763779528
 21
-4.4177603149606295
 31
0
  0
LINE
  5
5E5
330
22
100
AcDbEntity
  8
F.Silkscreen
  6
CONTINUOUS
100
AcDbLine
 10
5.2168383464566928
 20
-4.3327209448818893
 30
0
 11
5.2534525196850392
 21
-4.3327206692913389
 31
0
  0
LINE
  5
5E6
330
22
100
AcDbEntity
  8
F.Silkscreen
  6
CONTINUOUS
100
AcDbLine
 10
5.3412477952755903
 20
-4.3327200000000001
 30
0
 11
5.3046336220472439
 21
-4.3327202755905514
 31
0
  0
LINE
  5
5E7
330
22
100
AcDbEntity
  8
F.Silkscreen
  6
CONTINUOUS
100
AcDbLine
 10
5.3412477952755903
 20
-4.3327200000000001
 30
0
 11
5.3412482283464566
 21
-4.3902003149606301
 31
0
  0
LINE
  5
5E8
330
22
100
AcDbEntity
  8
F.Silkscreen
  6
CONTINUOUS
100
AcDbLine
 10
5.3479404724409445
 20
-4.2957120866141727
 30
0
 11
5.3479414173228346
 21
-4.4295703543307088
 31
0
  0
LINE
  5
5E9
330
22
100
AcDbEntity
  8
F.Silkscreen
  6
CONTINUOUS
100
AcDbLine
 10
5.3479414173228346
 20
-4.4295703543307088
 30
0
 11
5.2101461417322836
 21
-4.4295713779527555
 31
0
  0
LINE
  5
5EA
330
22
100
AcDbEntity
  8
F.Silkscreen
  6
CONTINUOUS
100
AcDbLine
 10
5.1915125590551181
 20
-4.3296487401574799
 30
0
 11
5.1928785433070868
 21
-4.3298252755905509
 31
0
  0
LINE
  5
5EB
330
22
100
AcDbEntity
  8
F.Silkscreen
  6
CONTINUOUS
100
AcDbLine
 10
5.1928785433070868
 20
-4.3298252755905509
 30
0
 11
5.1940081496062991
 21
-4.3300625196850389
 31
0
  0
LINE
  5
5EC
330
22
100
AcDbEntity
  8
F.Silkscreen
  6
CONTINUOUS
100
AcDbLine
 10
5.1940081496062991
 20
-4.3300625196850389
 30
0
 11
5.195224173228346
 21
-4.3304282283464568
 31
0
  0
LINE
  5
5ED
330
22
100
AcDbEntity
  8
F.Silkscreen
  6
CONTINUOUS
100
AcDbLine
 10
5.195224173228346
 20
-4.3304282283464568
 30
0
 11
5.1962225590551183
 21
-4.3308309842519686
 31
0
  0
LINE
  5
5EE
330
22
100
AcDbEntity
  8
F.Silkscreen
  6
CONTINUOUS
100
AcDbLine
 10
5.1962225590551183
 20
-4.3308309842519686
 30
0
 11
5.197288661417323
 21
-4.3313858267716538
 31
0
  0
LINE
  5
5EF
330
22
100
AcDbEntity
  8
F.Silkscreen
  6
CONTINUOUS
100
AcDbLine
 10
5.197288661417323
 20
-4.3313858267716538
 30
0
 11
5.1981558661417324
 21
-4.3319540944881885
 31
0
  0
LINE
  5
5F0
330
22
100
AcDbEntity
  8
F.Silkscreen
  6
CONTINUOUS
100
AcDbLine
 10
5.1981558661417324
 20
-4.3319540944881885
 30
0
 11
5.1990720078740154
 21
-4.3326981102362208
 31
0
  0
LINE
  5
5F1
330
22
100
AcDbEntity
  8
F.Silkscreen
  6
CONTINUOUS
100
AcDbLine
 10
5.1990720078740154
 20
-4.3326981102362208
 30
0
 11
5.1998000393700785
 21
-4.3334334251968505
 31
0
  0
LINE
  5
5F2
330
22
100
AcDbEntity
  8
F.Silkscreen
  6
CONTINUOUS
100
AcDbLine
 10
5.1998000393700785
 20
-4.3334334251968505
 30
0
 11
5.2004454330708656
 21
-4.3342312992125986
 31
0
  0
LINE
  5
5F3
330
22
100
AcDbEntity
  8
F.Silkscreen
  6
CONTINUOUS
100
AcDbLine
 10
5.2004454330708656
 20
-4.3342312992125986
 30
0
 11
5.2010079133858262
 21
-4.3350904330708664
 31
0
  0
LINE
  5
5F4
330
22
100
AcDbEntity
  8
F.Silkscreen
  6
CONTINUOUS
100
AcDbLine
 10
5.2010079133858262
 20
-4.3350904330708664
 30
0
 11
5.2014875196850392
 21
-4.336010787401575
 31
0
  0
LINE
  5
5F5
330
22
100
AcDbEntity
  8
F.Silkscreen
  6
CONTINUOUS
100
AcDbLine
 10
5.2014875196850392
 20
-4.336010787401575
 30
0
 11
5.2019341338582672
 21
-4.3371375984251967
 31
0
  0
LINE
  5
5F6
330
22
100
AcDbEntity
  8
F.Silkscreen
  6
CONTINUOUS
100
AcDbLine
 10
5.2019341338582672
 20
-4.3371375984251967
 30
0
 11
5.2022724803149609
 21
-4.3383444094488191
 31
0
  0
LINE
  5
5F7
330
22
100
AcDbEntity
  8
F.Silkscreen
  6
CONTINUOUS
100
AcDbLine
 10
5.2022724803149609
 20
-4.3383444094488191
 30
0
 11
5.2024797244094483
 21
-4.3394659448818897
 31
0
  0
LINE
  5
5F8
330
22
100
AcDbEntity
  8
F.Silkscreen
  6
CONTINUOUS
100
AcDbLine
 10
5.2024797244094483
 20
-4.3394659448818897
 30
0
 11
5.2026040551181101
 21
-4.3406487007874013
 31
0
  0
LINE
  5
5F9
330
22
100
AcDbEntity
  8
F.Silkscreen
  6
CONTINUOUS
100
AcDbLine
 10
5.2026040551181101
 20
-4.3406487007874013
 30
0
 11
5.2026448031496058
 21
-4.3420533858267714
 31
0
  0
LINE
  5
5FA
330
22
100
AcDbEntity
  8
F.Silkscreen
  6
CONTINUOUS
100
AcDbLine
 10
5.2026448031496058
 20
-4.3420533858267714
 30
0
 11
5.2025887007874019
 21
-4.3433050787401575
 31
0
  0
LINE
  5
5FB
330
22
100
AcDbEntity
  8
F.Silkscreen
  6
CONTINUOUS
100
AcDbLine
 10
5.2025887007874019
 20
-4.3433050787401575
 30
0
 11
5.202442755905512
 21
-4.3444964960629919
 31
0
  0
LINE
  5
5FC
330
22
100
AcDbEntity
  8
F.Silkscreen
  6
CONTINUOUS
100
AcDbLine
 10
5.202442755905512
 20
-4.3444964960629919
 30
0
 11
5.2022070078740157
 21
-4.3456275984251969
 31
0
  0
LINE
  5
5FD
330
22
100
AcDbEntity
  8
F.Silkscreen
  6
CONTINUOUS
100
AcDbLine
 10
5.2022070078740157
 20
-4.3456275984251969
 30
0
 11
5.201881456692913
 21
-4.3466984645669289
 31
0
  0
LINE
  5
5FE
330
22
100
AcDbEntity
  8
F.Silkscreen
  6
CONTINUOUS
100
AcDbLine
 10
5.201881456692913
 20
-4.3466984645669289
 30
0
 11
5.2014660629921261
 21
-4.3477090157480314
 31
0
  0
LINE
  5
5FF
330
22
100
AcDbEntity
  8
F.Silkscreen
  6
CONTINUOUS
100
AcDbLine
 10
5.2014660629921261
 20
-4.3477090157480314
 30
0
 11
5.2009608661417319
 21
-4.3486592519685034
 31
0
  0
LINE
  5
600
330
22
100
AcDbEntity
  8
F.Silkscreen
  6
CONTINUOUS
100
AcDbLine
 10
5.2009608661417319
 20
-4.3486592519685034
 30
0
 11
5.2003658661417322
 21
-4.3495492519685035
 31
0
  0
LINE
  5
601
330
22
100
AcDbEntity
  8
F.Silkscreen
  6
CONTINUOUS
100
AcDbLine
 10
5.2003658661417322
 20
-4.3495492519685035
 30
0
 11
5.1996812204724412
 21
-4.3503799606299207
 31
0
  0
LINE
  5
602
330
22
100
AcDbEntity
  8
F.Silkscreen
  6
CONTINUOUS
100
AcDbLine
 10
5.1996812204724412
 20
-4.3503799606299207
 30
0
 11
5.1989204330708656
 21
-4.3511423228346455
 31
0
  0
LINE
  5
603
330
22
100
AcDbEntity
  8
F.Silkscreen
  6
CONTINUOUS
100
AcDbLine
 10
5.1989204330708656
 20
-4.3511423228346455
 30
0
 11
5.1980919685039373
 21
-4.351817283464567
 31
0
  0
LINE
  5
604
330
22
100
AcDbEntity
  8
F.Silkscreen
  6
CONTINUOUS
100
AcDbLine
 10
5.1980919685039373
 20
-4.351817283464567
 30
0
 11
5.1973115748031491
 21
-4.3523362598425193
 31
0
  0
LINE
  5
605
330
22
100
AcDbEntity
  8
F.Silkscreen
  6
CONTINUOUS
100
AcDbLine
 10
5.1973115748031491
 20
-4.3523362598425193
 30
0
 11
5.1963562204724409
 21
-4.3528474409448821
 31
0
  0
LINE
  5
606
330
22
100
AcDbEntity
  8
F.Silkscreen
  6
CONTINUOUS
100
AcDbLine
 10
5.1963562204724409
 20
-4.3528474409448821
 30
0
 11
5.1953332283464562
 21
-4.3532712992125981
 31
0
  0
LINE
  5
607
330
22
100
AcDbEntity
  8
F.Silkscreen
  6
CONTINUOUS
100
AcDbLine
 10
5.1953332283464562
 20
-4.3532712992125981
 30
0
 11
5.1942425590551178
 21
-4.3536077952755905
 31
0
  0
LINE
  5
608
330
22
100
AcDbEntity
  8
F.Silkscreen
  6
CONTINUOUS
100
AcDbLine
 10
5.1942425590551178
 20
-4.3536077952755905
 30
0
 11
5.1930842125984249
 21
-4.353856968503937
 31
0
  0
LINE
  5
609
330
22
100
AcDbEntity
  8
F.Silkscreen
  6
CONTINUOUS
100
AcDbLine
 10
5.1930842125984249
 20
-4.353856968503937
 30
0
 11
5.1918581889763775
 21
-4.3540187401574801
 31
0
  0
LINE
  5
60A
330
22
100
AcDbEntity
  8
F.Silkscreen
  6
CONTINUOUS
100
AcDbLine
 10
5.1918581889763775
 20
-4.3540187401574801
 30
0
 11
5.1918581889763775
 21
-4.3493337007874011
 31
0
  0
LINE
  5
60B
330
22
100
AcDbEntity
  8
F.Silkscreen
  6
CONTINUOUS
100
AcDbLine
 10
5.1918581889763775
 20
-4.3493337007874011
 30
0
 11
5.1936097637795271
 21
-4.348955826771653
 31
0
  0
LINE
  5
60C
330
22
100
AcDbEntity
  8
F.Silkscreen
  6
CONTINUOUS
100
AcDbLine
 10
5.1936097637795271
 20
-4.348955826771653
 30
0
 11
5.1950997244094488
 21
-4.3483537401574806
 31
0
  0
LINE
  5
60D
330
22
100
AcDbEntity
  8
F.Silkscreen
  6
CONTINUOUS
100
AcDbLine
 10
5.1950997244094488
 20
-4.3483537401574806
 30
0
 11
5.1957466141732285
 21
-4.3479686220472438
 31
0
  0
LINE
  5
60E
330
22
100
AcDbEntity
  8
F.Silkscreen
  6
CONTINUOUS
100
AcDbLine
 10
5.1957466141732285
 20
-4.3479686220472438
 30
0
 11
5.1963281102362204
 21
-4.3475274015748031
 31
0
  0
LINE
  5
60F
330
22
100
AcDbEntity
  8
F.Silkscreen
  6
CONTINUOUS
100
AcDbLine
 10
5.1963281102362204
 20
-4.3475274015748031
 30
0
 11
5.1968442125984247
 21
-4.3470301968503939
 31
0
  0
LINE
  5
610
330
22
100
AcDbEntity
  8
F.Silkscreen
  6
CONTINUOUS
100
AcDbLine
 10
5.1968442125984247
 20
-4.3470301968503939
 30
0
 11
5.1972475984251965
 21
-4.346534881889764
 31
0
  0
LINE
  5
611
330
22
100
AcDbEntity
  8
F.Silkscreen
  6
CONTINUOUS
100
AcDbLine
 10
5.1972475984251965
 20
-4.346534881889764
 30
0
 11
5.1976381496062993
 21
-4.3459306299212601
 31
0
  0
LINE
  5
612
330
22
100
AcDbEntity
  8
F.Silkscreen
  6
CONTINUOUS
100
AcDbLine
 10
5.1976381496062993
 20
-4.3459306299212601
 30
0
 11
5.1979936220472442
 21
-4.345202598425197
 31
0
  0
LINE
  5
613
330
22
100
AcDbEntity
  8
F.Silkscreen
  6
CONTINUOUS
100
AcDbLine
 10
5.1979936220472442
 20
-4.345202598425197
 30
0
 11
5.1984250787401578
 21
-4.3437420472440946
 31
0
  0
LINE
  5
614
330
22
100
AcDbEntity
  8
F.Silkscreen
  6
CONTINUOUS
100
AcDbLine
 10
5.1984250787401578
 20
-4.3437420472440946
 30
0
 11
5.198540393700787
 21
-4.3429393307086617
 31
0
  0
LINE
  5
615
330
22
100
AcDbEntity
  8
F.Silkscreen
  6
CONTINUOUS
100
AcDbLine
 10
5.198540393700787
 20
-4.3429393307086617
 30
0
 11
5.1985900000000003
 21
-4.3419908267716538
 31
0
  0
LINE
  5
616
330
22
100
AcDbEntity
  8
F.Silkscreen
  6
CONTINUOUS
100
AcDbLine
 10
5.1985900000000003
 20
-4.3419908267716538
 30
0
 11
5.1985534645669293
 21
-4.3410499606299213
 31
0
  0
LINE
  5
617
330
22
100
AcDbEntity
  8
F.Silkscreen
  6
CONTINUOUS
100
AcDbLine
 10
5.1985534645669293
 20
-4.3410499606299213
 30
0
 11
5.1984427559055115
 21
-4.3402539370078737
 31
0
  0
LINE
  5
618
330
22
100
AcDbEntity
  8
F.Silkscreen
  6
CONTINUOUS
100
AcDbLine
 10
5.1984427559055115
 20
-4.3402539370078737
 30
0
 11
5.1980361417322838
 21
-4.3388874409448821
 31
0
  0
LINE
  5
619
330
22
100
AcDbEntity
  8
F.Silkscreen
  6
CONTINUOUS
100
AcDbLine
 10
5.1980361417322838
 20
-4.3388874409448821
 30
0
 11
5.1977131889763779
 21
-4.3382258267716534
 31
0
  0
LINE
  5
61A
330
22
100
AcDbEntity
  8
F.Silkscreen
  6
CONTINUOUS
100
AcDbLine
 10
5.1977131889763779
 20
-4.3382258267716534
 30
0
 11
5.1973164173228348
 21
-4.3376109842519686
 31
0
  0
LINE
  5
61B
330
22
100
AcDbEntity
  8
F.Silkscreen
  6
CONTINUOUS
100
AcDbLine
 10
5.1973164173228348
 20
-4.3376109842519686
 30
0
 11
5.1968458267716535
 21
-4.3370428740157481
 31
0
  0
LINE
  5
61C
330
22
100
AcDbEntity
  8
F.Silkscreen
  6
CONTINUOUS
100
AcDbLine
 10
5.1968458267716535
 20
-4.3370428740157481
 30
0
 11
5.1963013779527554
 21
-4.3365215354330706
 31
0
  0
LINE
  5
61D
330
22
100
AcDbEntity
  8
F.Silkscreen
  6
CONTINUOUS
100
AcDbLine
 10
5.1963013779527554
 20
-4.3365215354330706
 30
0
 11
5.1956983464566928
 21
-4.336052598425197
 31
0
  0
LINE
  5
61E
330
22
100
AcDbEntity
  8
F.Silkscreen
  6
CONTINUOUS
100
AcDbLine
 10
5.1956983464566928
 20
-4.336052598425197
 30
0
 11
5.1950398425196846
 21
-4.335645078740157
 31
0
  0
LINE
  5
61F
330
22
100
AcDbEntity
  8
F.Silkscreen
  6
CONTINUOUS
100
AcDbLine
 10
5.1950398425196846
 20
-4.335645078740157
 30
0
 11
5.1935529921259844
 21
-4.3350145275590553
 31
0
  0
LINE
  5
620
330
22
100
AcDbEntity
  8
F.Silkscreen
  6
CONTINUOUS
100
AcDbLine
 10
5.1935529921259844
 20
-4.3350145275590553
 30
0
 11
5.1919535039370075
 21
-4.3346468897637793
 31
0
  0
LINE
  5
621
330
22
100
AcDbEntity
  8
F.Silkscreen
  6
CONTINUOUS
100
AcDbLine
 10
5.1919535039370075
 20
-4.3346468897637793
 30
0
 11
5.1900280314960625
 21
-4.3344931102362203
 31
0
  0
LINE
  5
622
330
22
100
AcDbEntity
  8
F.Silkscreen
  6
CONTINUOUS
100
AcDbLine
 10
5.1900280314960625
 20
-4.3344931102362203
 30
0
 11
5.1881396850393697
 21
-4.3345929527559051
 31
0
  0
LINE
  5
623
330
22
100
AcDbEntity
  8
F.Silkscreen
  6
CONTINUOUS
100
AcDbLine
 10
5.1881396850393697
 20
-4.3345929527559051
 30
0
 11
5.1869607086614176
 21
-4.3348156299212599
 31
0
  0
LINE
  5
624
330
22
100
AcDbEntity
  8
F.Silkscreen
  6
CONTINUOUS
100
AcDbLine
 10
5.1869607086614176
 20
-4.3348156299212599
 30
0
 11
5.1858724409448822
 21
-4.3351638976377949
 31
0
  0
LINE
  5
625
330
22
100
AcDbEntity
  8
F.Silkscreen
  6
CONTINUOUS
100
AcDbLine
 10
5.1858724409448822
 20
-4.3351638976377949
 30
0
 11
5.1848748818897636
 21
-4.3356377952755905
 31
0
  0
LINE
  5
626
330
22
100
AcDbEntity
  8
F.Silkscreen
  6
CONTINUOUS
100
AcDbLine
 10
5.1848748818897636
 20
-4.3356377952755905
 30
0
 11
5.1839680314960628
 21
-4.336237283464567
 31
0
  0
LINE
  5
627
330
22
100
AcDbEntity
  8
F.Silkscreen
  6
CONTINUOUS
100
AcDbLine
 10
5.1839680314960628
 20
-4.336237283464567
 30
0
 11
5.1830894881889762
 21
-4.337028307086614
 31
0
  0
LINE
  5
628
330
22
100
AcDbEntity
  8
F.Silkscreen
  6
CONTINUOUS
100
AcDbLine
 10
5.1830894881889762
 20
-4.337028307086614
 30
0
 11
5.1824233858267714
 21
-4.3378466929133861
 31
0
  0
LINE
  5
629
330
22
100
AcDbEntity
  8
F.Silkscreen
  6
CONTINUOUS
100
AcDbLine
 10
5.1824233858267714
 20
-4.3378466929133861
 30
0
 11
5.1818968503937004
 21
-4.3387487795275588
 31
0
  0
LINE
  5
62A
330
22
100
AcDbEntity
  8
F.Silkscreen
  6
CONTINUOUS
100
AcDbLine
 10
5.1818968503937004
 20
-4.3387487795275588
 30
0
 11
5.181509881889764
 21
-4.3397346062992126
 31
0
  0
LINE
  5
62B
330
22
100
AcDbEntity
  8
F.Silkscreen
  6
CONTINUOUS
100
AcDbLine
 10
5.181509881889764
 20
-4.3397346062992126
 30
0
 11
5.1812469291338585
 21
-4.3409055511811019
 31
0
  0
LINE
  5
62C
330
22
100
AcDbEntity
  8
F.Silkscreen
  6
CONTINUOUS
100
AcDbLine
 10
5.1812469291338585
 20
-4.3409055511811019
 30
0
 11
5.1811517716535436
 21
-4.3420664566929137
 31
0
  0
LINE
  5
62D
330
22
100
AcDbEntity
  8
F.Silkscreen
  6
CONTINUOUS
100
AcDbLine
 10
5.1811517716535436
 20
-4.3420664566929137
 30
0
 11
5.181207952755905
 21
-4.3435412204724413
 31
0
  0
LINE
  5
62E
330
22
100
AcDbEntity
  8
F.Silkscreen
  6
CONTINUOUS
100
AcDbLine
 10
5.181207952755905
 20
-4.3435412204724413
 30
0
 11
5.1814207480314955
 21
-4.3448475984251971
 31
0
  0
LINE
  5
62F
330
22
100
AcDbEntity
  8
F.Silkscreen
  6
CONTINUOUS
100
AcDbLine
 10
5.1814207480314955
 20
-4.3448475984251971
 30
0
 11
5.1817311417322838
 21
-4.3458573622047245
 31
0
  0
LINE
  5
630
330
22
100
AcDbEntity
  8
F.Silkscreen
  6
CONTINUOUS
100
AcDbLine
 10
5.1817311417322838
 20
-4.3458573622047245
 30
0
 11
5.1821585039370079
 21
-4.346753385826772
 31
0
  0
LINE
  5
631
330
22
100
AcDbEntity
  8
F.Silkscreen
  6
CONTINUOUS
100
AcDbLine
 10
5.1821585039370079
 20
-4.346753385826772
 30
0
 11
5.182566811023622
 21
-4.3473652755905512
 31
0
  0
LINE
  5
632
330
22
100
AcDbEntity
  8
F.Silkscreen
  6
CONTINUOUS
100
AcDbLine
 10
5.182566811023622
 20
-4.3473652755905512
 30
0
 11
5.1836298031496062
 21
-4.3486644881889767
 31
0
  0
LINE
  5
633
330
22
100
AcDbEntity
  8
F.Silkscreen
  6
CONTINUOUS
100
AcDbLine
 10
5.1836298031496062
 20
-4.3486644881889767
 30
0
 11
5.182606220472441
 21
-4.3526014960629924
 31
0
  0
LINE
  5
634
330
22
100
AcDbEntity
  8
F.Silkscreen
  6
CONTINUOUS
100
AcDbLine
 10
5.182606220472441
 20
-4.3526014960629924
 30
0
 11
5.1632361417322832
 21
-4.3506331496062991
 31
0
  0
LINE
  5
635
330
22
100
AcDbEntity
  8
F.Silkscreen
  6
CONTINUOUS
100
AcDbLine
 10
5.1632361417322832
 20
-4.3506331496062991
 30
0
 11
5.1632359842519682
 21
-4.3307118897637791
 31
0
  0
LINE
  5
636
330
22
100
AcDbEntity
  8
F.Silkscreen
  6
CONTINUOUS
100
AcDbLine
 10
5.1632359842519682
 20
-4.3307118897637791
 30
0
 11
5.1678029133858265
 21
-4.3307118503937003
 31
0
  0
LINE
  5
637
330
22
100
AcDbEntity
  8
F.Silkscreen
  6
CONTINUOUS
100
AcDbLine
 10
5.1678029133858265
 20
-4.3307118503937003
 30
0
 11
5.1678030314960628
 21
-4.3464598818897633
 31
0
  0
LINE
  5
638
330
22
100
AcDbEntity
  8
F.Silkscreen
  6
CONTINUOUS
100
AcDbLine
 10
5.1678030314960628
 20
-4.3464598818897633
 30
0
 11
5.178393582677165
 21
-4.3476015354330704
 31
0
  0
LINE
  5
639
330
22
100
AcDbEntity
  8
F.Silkscreen
  6
CONTINUOUS
100
AcDbLine
 10
5.178393582677165
 20
-4.3476015354330704
 30
0
 11
5.1778616535433066
 21
-4.3466038582677164
 31
0
  0
LINE
  5
63A
330
22
100
AcDbEntity
  8
F.Silkscreen
  6
CONTINUOUS
100
AcDbLine
 10
5.1778616535433066
 20
-4.3466038582677164
 30
0
 11
5.1774297244094489
 21
-4.3455596850393698
 31
0
  0
LINE
  5
63B
330
22
100
AcDbEntity
  8
F.Silkscreen
  6
CONTINUOUS
100
AcDbLine
 10
5.1774297244094489
 20
-4.3455596850393698
 30
0
 11
5.1770978346456689
 21
-4.3444689763779527
 31
0
  0
LINE
  5
63C
330
22
100
AcDbEntity
  8
F.Silkscreen
  6
CONTINUOUS
100
AcDbLine
 10
5.1770978346456689
 20
-4.3444689763779527
 30
0
 11
5.1768659842519682
 21
-4.3433317322834641
 31
0
  0
LINE
  5
63D
330
22
100
AcDbEntity
  8
F.Silkscreen
  6
CONTINUOUS
100
AcDbLine
 10
5.1768659842519682
 20
-4.3433317322834641
 30
0
 11
5.1767341338582673
 21
-4.3421479921259838
 31
0
  0
LINE
  5
63E
330
22
100
AcDbEntity
  8
F.Silkscreen
  6
CONTINUOUS
100
AcDbLine
 10
5.1767341338582673
 20
-4.3421479921259838
 30
0
 11
5.17670405511811
 21
-4.3408147637795276
 31
0
  0
LINE
  5
63F
330
22
100
AcDbEntity
  8
F.Silkscreen
  6
CONTINUOUS
100
AcDbLine
 10
5.17670405511811
 20
-4.3408147637795276
 30
0
 11
5.1767861811023623
 21
-4.3395367716535436
 31
0
  0
LINE
  5
640
330
22
100
AcDbEntity
  8
F.Silkscreen
  6
CONTINUOUS
100
AcDbLine
 10
5.1767861811023623
 20
-4.3395367716535436
 30
0
 11
5.1769478346456692
 21
-4.3384740551181098
 31
0
  0
LINE
  5
641
330
22
100
AcDbEntity
  8
F.Silkscreen
  6
CONTINUOUS
100
AcDbLine
 10
5.1769478346456692
 20
-4.3384740551181098
 30
0
 11
5.1771933464566926
 21
-4.3374631102362207
 31
0
  0
LINE
  5
642
330
22
100
AcDbEntity
  8
F.Silkscreen
  6
CONTINUOUS
100
AcDbLine
 10
5.1771933464566926
 20
-4.3374631102362207
 30
0
 11
5.1775765748031493
 21
-4.3363712204724409
 31
0
  0
LINE
  5
643
330
22
100
AcDbEntity
  8
F.Silkscreen
  6
CONTINUOUS
100
AcDbLine
 10
5.1775765748031493
 20
-4.3363712204724409
 30
0
 11
5.1780017322834642
 21
-4.3354712992125979
 31
0
  0
LINE
  5
644
330
22
100
AcDbEntity
  8
F.Silkscreen
  6
CONTINUOUS
100
AcDbLine
 10
5.1780017322834642
 20
-4.3354712992125979
 30
0
 11
5.1785107086614168
 21
-4.3346231889763782
 31
0
  0
LINE
  5
645
330
22
100
AcDbEntity
  8
F.Silkscreen
  6
CONTINUOUS
100
AcDbLine
 10
5.1785107086614168
 20
-4.3346231889763782
 30
0
 11
5.1791950787401575
 21
-4.333717362204724
 31
0
  0
LINE
  5
646
330
22
100
AcDbEntity
  8
F.Silkscreen
  6
CONTINUOUS
100
AcDbLine
 10
5.1791950787401575
 20
-4.333717362204724
 30
0
 11
5.1798837007874017
 21
-4.3329802755905513
 31
0
  0
LINE
  5
647
330
22
100
AcDbEntity
  8
F.Silkscreen
  6
CONTINUOUS
100
AcDbLine
 10
5.1798837007874017
 20
-4.3329802755905513
 30
0
 11
5.1806521653543305
 21
-4.3323036220472444
 31
0
  0
LINE
  5
648
330
22
100
AcDbEntity
  8
F.Silkscreen
  6
CONTINUOUS
100
AcDbLine
 10
5.1806521653543305
 20
-4.3323036220472444
 30
0
 11
5.1814822440944877
 21
-4.331702992125984
 31
0
  0
LINE
  5
649
330
22
100
AcDbEntity
  8
F.Silkscreen
  6
CONTINUOUS
100
AcDbLine
 10
5.1814822440944877
 20
-4.331702992125984
 30
0
 11
5.1825035433070861
 21
-4.3311076377952755
 31
0
  0
LINE
  5
64A
330
22
100
AcDbEntity
  8
F.Silkscreen
  6
CONTINUOUS
100
AcDbLine
 10
5.1825035433070861
 20
-4.3311076377952755
 30
0
 11
5.1836023622047245
 21
-4.330609527559055
 31
0
  0
LINE
  5
64B
330
22
100
AcDbEntity
  8
F.Silkscreen
  6
CONTINUOUS
100
AcDbLine
 10
5.1836023622047245
 20
-4.330609527559055
 30
0
 11
5.1846274409448814
 21
-4.3302533858267713
 31
0
  0
LINE
  5
64C
330
22
100
AcDbEntity
  8
F.Silkscreen
  6
CONTINUOUS
100
AcDbLine
 10
5.1846274409448814
 20
-4.3302533858267713
 30
0
 11
5.1858715748031496
 21
-4.3299374803149604
 31
0
  0
LINE
  5
64D
330
22
100
AcDbEntity
  8
F.Silkscreen
  6
CONTINUOUS
100
AcDbLine
 10
5.1858715748031496
 20
-4.3299374803149604
 30
0
 11
5.1871932677165349
 21
-4.3297187795275587
 31
0
  0
LINE
  5
64E
330
22
100
AcDbEntity
  8
F.Silkscreen
  6
CONTINUOUS
100
AcDbLine
 10
5.1871932677165349
 20
-4.3297187795275587
 30
0
 11
5.1885924409448814
 21
-4.3295972834645671
 31
0
  0
LINE
  5
64F
330
22
100
AcDbEntity
  8
F.Silkscreen
  6
CONTINUOUS
100
AcDbLine
 10
5.1885924409448814
 20
-4.3295972834645671
 30
0
 11
5.1900666535433073
 21
-4.32957311023622
 31
0
  0
LINE
  5
650
330
22
100
AcDbEntity
  8
F.Silkscreen
  6
CONTINUOUS
100
AcDbLine
 10
5.1900666535433073
 20
-4.32957311023622
 30
0
 11
5.1915125590551181
 21
-4.3296487401574799
 31
0
  0
LINE
  5
651
330
22
100
AcDbEntity
  8
F.Silkscreen
  6
CONTINUOUS
100
AcDbLine
 10
5.2086692913385821
 20
-4.3648847637795276
 30
0
 11
5.2021339370078739
 21
-4.3730737795275587
 31
0
  0
LINE
  5
652
330
22
100
AcDbEntity
  8
F.Silkscreen
  6
CONTINUOUS
100
AcDbLine
 10
5.2021339370078739
 20
-4.3730737795275587
 30
0
 11
5.2023813385826774
 21
-4.3741744881889764
 31
0
  0
LINE
  5
653
330
22
100
AcDbEntity
  8
F.Silkscreen
  6
CONTINUOUS
100
AcDbLine
 10
5.2023813385826774
 20
-4.3741744881889764
 30
0
 11
5.2025477952755903
 21
-4.3753063385826767
 31
0
  0
LINE
  5
654
330
22
100
AcDbEntity
  8
F.Silkscreen
  6
CONTINUOUS
100
AcDbLine
 10
5.2025477952755903
 20
-4.3753063385826767
 30
0
 11
5.2026332677165357
 21
-4.3764693307086615
 31
0
  0
LINE
  5
655
330
22
100
AcDbEntity
  8
F.Silkscreen
  6
CONTINUOUS
100
AcDbLine
 10
5.2026332677165357
 20
-4.3764693307086615
 30
0
 11
5.2026368503937004
 21
-4.3777005511811025
 31
0
  0
LINE
  5
656
330
22
100
AcDbEntity
  8
F.Silkscreen
  6
CONTINUOUS
100
AcDbLine
 10
5.2026368503937004
 20
-4.3777005511811025
 30
0
 11
5.2025655118110237
 21
-4.3788188976377951
 31
0
  0
LINE
  5
657
330
22
100
AcDbEntity
  8
F.Silkscreen
  6
CONTINUOUS
100
AcDbLine
 10
5.2025655118110237
 20
-4.3788188976377951
 30
0
 11
5.2023999606299212
 21
-4.3800373622047246
 31
0
  0
LINE
  5
658
330
22
100
AcDbEntity
  8
F.Silkscreen
  6
CONTINUOUS
100
AcDbLine
 10
5.2023999606299212
 20
-4.3800373622047246
 30
0
 11
5.2021769685039372
 21
-4.3810851181102359
 31
0
  0
LINE
  5
659
330
22
100
AcDbEntity
  8
F.Silkscreen
  6
CONTINUOUS
100
AcDbLine
 10
5.2021769685039372
 20
-4.3810851181102359
 30
0
 11
5.2018407874015749
 21
-4.3822241338582675
 31
0
  0
LINE
  5
65A
330
22
100
AcDbEntity
  8
F.Silkscreen
  6
CONTINUOUS
100
AcDbLine
 10
5.2018407874015749
 20
-4.3822241338582675
 30
0
 11
5.2014143307086611
 21
-4.3833211417322833
 31
0
  0
LINE
  5
65B
330
22
100
AcDbEntity
  8
F.Silkscreen
  6
CONTINUOUS
100
AcDbLine
 10
5.2014143307086611
 20
-4.3833211417322833
 30
0
 11
5.2009594488188977
 21
-4.3842609448818894
 31
0
  0
LINE
  5
65C
330
22
100
AcDbEntity
  8
F.Silkscreen
  6
CONTINUOUS
100
AcDbLine
 10
5.2009594488188977
 20
-4.3842609448818894
 30
0
 11
5.200433188976378
 21
-4.3851675590551178
 31
0
  0
LINE
  5
65D
330
22
100
AcDbEntity
  8
F.Silkscreen
  6
CONTINUOUS
100
AcDbLine
 10
5.200433188976378
 20
-4.3851675590551178
 30
0
 11
5.1997712204724404
 21
-4.3861397637795276
 31
0
  0
LINE
  5
65E
330
22
100
AcDbEntity
  8
F.Silkscreen
  6
CONTINUOUS
100
AcDbLine
 10
5.1997712204724404
 20
-4.3861397637795276
 30
0
 11
5.1991197637795272
 21
-4.3869517716535436
 31
0
  0
LINE
  5
65F
330
22
100
AcDbEntity
  8
F.Silkscreen
  6
CONTINUOUS
100
AcDbLine
 10
5.1991197637795272
 20
-4.3869517716535436
 30
0
 11
5.198314842519685
 21
-4.3878064566929131
 31
0
  0
LINE
  5
660
330
22
100
AcDbEntity
  8
F.Silkscreen
  6
CONTINUOUS
100
AcDbLine
 10
5.198314842519685
 20
-4.3878064566929131
 30
0
 11
5.1966954330708663
 21
-4.3891721259842518
 31
0
  0
LINE
  5
661
330
22
100
AcDbEntity
  8
F.Silkscreen
  6
CONTINUOUS
100
AcDbLine
 10
5.1966954330708663
 20
-4.3891721259842518
 30
0
 11
5.1956785433070864
 21
-4.3898537795275594
 31
0
  0
LINE
  5
662
330
22
100
AcDbEntity
  8
F.Silkscreen
  6
CONTINUOUS
100
AcDbLine
 10
5.1956785433070864
 20
-4.3898537795275594
 30
0
 11
5.1944592125984252
 21
-4.3905381496062992
 31
0
  0
LINE
  5
663
330
22
100
AcDbEntity
  8
F.Silkscreen
  6
CONTINUOUS
100
AcDbLine
 10
5.1944592125984252
 20
-4.3905381496062992
 30
0
 11
5.1932848425196854
 21
-4.391086181102362
 31
0
  0
LINE
  5
664
330
22
100
AcDbEntity
  8
F.Silkscreen
  6
CONTINUOUS
100
AcDbLine
 10
5.1932848425196854
 20
-4.391086181102362
 30
0
 11
5.1920552362204724
 21
-4.3915592913385826
 31
0
  0
LINE
  5
665
330
22
100
AcDbEntity
  8
F.Silkscreen
  6
CONTINUOUS
100
AcDbLine
 10
5.1920552362204724
 20
-4.3915592913385826
 30
0
 11
5.1907727165354327
 21
-4.3919561417322832
 31
0
  0
LINE
  5
666
330
22
100
AcDbEntity
  8
F.Silkscreen
  6
CONTINUOUS
100
AcDbLine
 10
5.1907727165354327
 20
-4.3919561417322832
 30
0
 11
5.1894372440944885
 21
-4.3922766535433073
 31
0
  0
LINE
  5
667
330
22
100
AcDbEntity
  8
F.Silkscreen
  6
CONTINUOUS
100
AcDbLine
 10
5.1894372440944885
 20
-4.3922766535433073
 30
0
 11
5.1880487795275592
 21
-4.3925208661417319
 31
0
  0
LINE
  5
668
330
22
100
AcDbEntity
  8
F.Silkscreen
  6
CONTINUOUS
100
AcDbLine
 10
5.1880487795275592
 20
-4.3925208661417319
 30
0
 11
5.1866074409448819
 21
-4.3926887795275587
 31
0
  0
LINE
  5
669
330
22
100
AcDbEntity
  8
F.Silkscreen
  6
CONTINUOUS
100
AcDbLine
 10
5.1866074409448819
 20
-4.3926887795275587
 30
0
 11
5.1846032283464565
 21
-4.3927939763779529
 31
0
  0
LINE
  5
66A
330
22
100
AcDbEntity
  8
F.Silkscreen
  6
CONTINUOUS
100
AcDbLine
 10
5.1846032283464565
 20
-4.3927939763779529
 30
0
 11
5.1812891732283459
 21
-4.3927978740157476
 31
0
  0
LINE
  5
66B
330
22
100
AcDbEntity
  8
F.Silkscreen
  6
CONTINUOUS
100
AcDbLine
 10
5.1812891732283459
 20
-4.3927978740157476
 30
0
 11
5.178568346456693
 21
-4.3926622440944882
 31
0
  0
LINE
  5
66C
330
22
100
AcDbEntity
  8
F.Silkscreen
  6
CONTINUOUS
100
AcDbLine
 10
5.178568346456693
 20
-4.3926622440944882
 30
0
 11
5.1769527952755903
 21
-4.3924550393700788
 31
0
  0
LINE
  5
66D
330
22
100
AcDbEntity
  8
F.Silkscreen
  6
CONTINUOUS
100
AcDbLine
 10
5.1769527952755903
 20
-4.3924550393700788
 30
0
 11
5.1754025984251966
 21
-4.3921536220472444
 31
0
  0
LINE
  5
66E
330
22
100
AcDbEntity
  8
F.Silkscreen
  6
CONTINUOUS
100
AcDbLine
 10
5.1754025984251966
 20
-4.3921536220472444
 30
0
 11
5.1740632677165355
 21
-4.3918018110236217
 31
0
  0
LINE
  5
66F
330
22
100
AcDbEntity
  8
F.Silkscreen
  6
CONTINUOUS
100
AcDbLine
 10
5.1740632677165355
 20
-4.3918018110236217
 30
0
 11
5.1726372834645664
 21
-4.3913214173228345
 31
0
  0
LINE
  5
670
330
22
100
AcDbEntity
  8
F.Silkscreen
  6
CONTINUOUS
100
AcDbLine
 10
5.1726372834645664
 20
-4.3913214173228345
 30
0
 11
5.1712772834645664
 21
-4.3907447244094486
 31
0
  0
LINE
  5
671
330
22
100
AcDbEntity
  8
F.Silkscreen
  6
CONTINUOUS
100
AcDbLine
 10
5.1712772834645664
 20
-4.3907447244094486
 30
0
 11
5.1698829921259843
 21
-4.3900046062992129
 31
0
  0
LINE
  5
672
330
22
100
AcDbEntity
  8
F.Silkscreen
  6
CONTINUOUS
100
AcDbLine
 10
5.1698829921259843
 20
-4.3900046062992129
 30
0
 11
5.1686073622047246
 21
-4.3891714960629917
 31
0
  0
LINE
  5
673
330
22
100
AcDbEntity
  8
F.Silkscreen
  6
CONTINUOUS
100
AcDbLine
 10
5.1686073622047246
 20
-4.3891714960629917
 30
0
 11
5.1674503543307084
 21
-4.3882452755905508
 31
0
  0
LINE
  5
674
330
22
100
AcDbEntity
  8
F.Silkscreen
  6
CONTINUOUS
100
AcDbLine
 10
5.1674503543307084
 20
-4.3882452755905508
 30
0
 11
5.1664119685039367
 21
-4.3872260629921263
 31
0
  0
LINE
  5
675
330
22
100
AcDbEntity
  8
F.Silkscreen
  6
CONTINUOUS
100
AcDbLine
 10
5.1664119685039367
 20
-4.3872260629921263
 30
0
 11
5.1654922047244094
 21
-4.3861137795275589
 31
0
  0
LINE
  5
676
330
22
100
AcDbEntity
  8
F.Silkscreen
  6
CONTINUOUS
100
AcDbLine
 10
5.1654922047244094
 20
-4.3861137795275589
 30
0
 11
5.1646921653543307
 21
-4.3849057086614174
 31
0
  0
LINE
  5
677
330
22
100
AcDbEntity
  8
F.Silkscreen
  6
CONTINUOUS
100
AcDbLine
 10
5.1646921653543307
 20
-4.3849057086614174
 30
0
 11
5.1640237007874017
 21
-4.3836219291338585
 31
0
  0
LINE
  5
678
330
22
100
AcDbEntity
  8
F.Silkscreen
  6
CONTINUOUS
100
AcDbLine
 10
5.1640237007874017
 20
-4.3836219291338585
 30
0
 11
5.1634483858267712
 21
-4.3821524803149607
 31
0
  0
LINE
  5
679
330
22
100
AcDbEntity
  8
F.Silkscreen
  6
CONTINUOUS
100
AcDbLine
 10
5.1634483858267712
 20
-4.3821524803149607
 30
0
 11
5.163062047244094
 21
-4.3807422440944883
 31
0
  0
LINE
  5
67A
330
22
100
AcDbEntity
  8
F.Silkscreen
  6
CONTINUOUS
100
AcDbLine
 10
5.163062047244094
 20
-4.3807422440944883
 30
0
 11
5.1628105905511807
 21
-4.3792715354330705
 31
0
  0
LINE
  5
67B
330
22
100
AcDbEntity
  8
F.Silkscreen
  6
CONTINUOUS
100
AcDbLine
 10
5.1628105905511807
 20
-4.3792715354330705
 30
0
 11
5.1626940551181102
 21
-4.377740354330709
 31
0
  0
LINE
  5
67C
330
22
100
AcDbEntity
  8
F.Silkscreen
  6
CONTINUOUS
100
AcDbLine
 10
5.1626940551181102
 20
-4.377740354330709
 30
0
 11
5.1627078346456692
 21
-4.3768534251968507
 31
0
  0
LINE
  5
67D
330
22
100
AcDbEntity
  8
F.Silkscreen
  6
CONTINUOUS
100
AcDbLine
 10
5.1627078346456692
 20
-4.3768534251968507
 30
0
 11
5.1670982283464566
 21
-4.3768534251968507
 31
0
  0
LINE
  5
67E
330
22
100
AcDbEntity
  8
F.Silkscreen
  6
CONTINUOUS
100
AcDbLine
 10
5.1670982283464566
 20
-4.3768534251968507
 30
0
 11
5.1671677952755903
 21
-4.3784900000000002
 31
0
  0
LINE
  5
67F
330
22
100
AcDbEntity
  8
F.Silkscreen
  6
CONTINUOUS
100
AcDbLine
 10
5.1671677952755903
 20
-4.3784900000000002
 30
0
 11
5.167456023622047
 21
-4.3799951968503938
 31
0
  0
LINE
  5
680
330
22
100
AcDbEntity
  8
F.Silkscreen
  6
CONTINUOUS
100
AcDbLine
 10
5.167456023622047
 20
-4.3799951968503938
 30
0
 11
5.1679629133858267
 21
-4.3813794094488188
 31
0
  0
LINE
  5
681
330
22
100
AcDbEntity
  8
F.Silkscreen
  6
CONTINUOUS
100
AcDbLine
 10
5.1679629133858267
 20
-4.3813794094488188
 30
0
 11
5.1686884251968506
 21
-4.3826426771653546
 31
0
  0
LINE
  5
682
330
22
100
AcDbEntity
  8
F.Silkscreen
  6
CONTINUOUS
100
AcDbLine
 10
5.1686884251968506
 20
-4.3826426771653546
 30
0
 11
5.1694446850393696
 21
-4.3835862598425193
 31
0
  0
LINE
  5
683
330
22
100
AcDbEntity
  8
F.Silkscreen
  6
CONTINUOUS
100
AcDbLine
 10
5.1694446850393696
 20
-4.3835862598425193
 30
0
 11
5.170347283464567
 21
-4.3844488976377951
 31
0
  0
LINE
  5
684
330
22
100
AcDbEntity
  8
F.Silkscreen
  6
CONTINUOUS
100
AcDbLine
 10
5.170347283464567
 20
-4.3844488976377951
 30
0
 11
5.1715146062992128
 21
-4.3853065354330711
 31
0
  0
LINE
  5
685
330
22
100
AcDbEntity
  8
F.Silkscreen
  6
CONTINUOUS
100
AcDbLine
 10
5.1715146062992128
 20
-4.3853065354330711
 30
0
 11
5.1726880708661414
 21
-4.3859673622047239
 31
0
  0
LINE
  5
686
330
22
100
AcDbEntity
  8
F.Silkscreen
  6
CONTINUOUS
100
AcDbLine
 10
5.1726880708661414
 20
-4.3859673622047239
 30
0
 11
5.1739751968503933
 21
-4.3865207086614175
 31
0
  0
LINE
  5
687
330
22
100
AcDbEntity
  8
F.Silkscreen
  6
CONTINUOUS
100
AcDbLine
 10
5.1739751968503933
 20
-4.3865207086614175
 30
0
 11
5.1753759842519687
 21
-4.3869666535433067
 31
0
  0
LINE
  5
688
330
22
100
AcDbEntity
  8
F.Silkscreen
  6
CONTINUOUS
100
AcDbLine
 10
5.1753759842519687
 20
-4.3869666535433067
 30
0
 11
5.1768904724409444
 21
-4.3873051574803146
 31
0
  0
LINE
  5
689
330
22
100
AcDbEntity
  8
F.Silkscreen
  6
CONTINUOUS
100
AcDbLine
 10
5.1768904724409444
 20
-4.3873051574803146
 30
0
 11
5.1787065354330704
 21
-4.3875552362204724
 31
0
  0
LINE
  5
68A
330
22
100
AcDbEntity
  8
F.Silkscreen
  6
CONTINUOUS
100
AcDbLine
 10
5.1787065354330704
 20
-4.3875552362204724
 30
0
 11
5.1808662992125987
 21
-4.3876771259842515
 31
0
  0
LINE
  5
68B
330
22
100
AcDbEntity
  8
F.Silkscreen
  6
CONTINUOUS
100
AcDbLine
 10
5.1808662992125987
 20
-4.3876771259842515
 30
0
 11
5.1845268503937003
 21
-4.3876740944881885
 31
0
  0
LINE
  5
68C
330
22
100
AcDbEntity
  8
F.Silkscreen
  6
CONTINUOUS
100
AcDbLine
 10
5.1845268503937003
 20
-4.3876740944881885
 30
0
 11
5.1863144881889767
 21
-4.3875819291338578
 31
0
  0
LINE
  5
68D
330
22
100
AcDbEntity
  8
F.Silkscreen
  6
CONTINUOUS
100
AcDbLine
 10
5.1863144881889767
 20
-4.3875819291338578
 30
0
 11
5.1879884645669287
 21
-4.387379251968504
 31
0
  0
LINE
  5
68E
330
22
100
AcDbEntity
  8
F.Silkscreen
  6
CONTINUOUS
100
AcDbLine
 10
5.1879884645669287
 20
-4.387379251968504
 30
0
 11
5.1897151574803146
 21
-4.3870243700787404
 31
0
  0
LINE
  5
68F
330
22
100
AcDbEntity
  8
F.Silkscreen
  6
CONTINUOUS
100
AcDbLine
 10
5.1897151574803146
 20
-4.3870243700787404
 30
0
 11
5.1914524015748027
 21
-4.3864763385826775
 31
0
  0
LINE
  5
690
330
22
100
AcDbEntity
  8
F.Silkscreen
  6
CONTINUOUS
100
AcDbLine
 10
5.1914524015748027
 20
-4.3864763385826775
 30
0
 11
5.1928843700787404
 21
-4.3858348425196851
 31
0
  0
LINE
  5
691
330
22
100
AcDbEntity
  8
F.Silkscreen
  6
CONTINUOUS
100
AcDbLine
 10
5.1928843700787404
 20
-4.3858348425196851
 30
0
 11
5.1941759842519684
 21
-4.3850568503937009
 31
0
  0
LINE
  5
692
330
22
100
AcDbEntity
  8
F.Silkscreen
  6
CONTINUOUS
100
AcDbLine
 10
5.1941759842519684
 20
-4.3850568503937009
 30
0
 11
5.1949967716535435
 21
-4.3844348818897636
 31
0
  0
LINE
  5
693
330
22
100
AcDbEntity
  8
F.Silkscreen
  6
CONTINUOUS
100
AcDbLine
 10
5.1949967716535435
 20
-4.3844348818897636
 30
0
 11
5.195629763779527
 21
-4.3838600393700791
 31
0
  0
LINE
  5
694
330
22
100
AcDbEntity
  8
F.Silkscreen
  6
CONTINUOUS
100
AcDbLine
 10
5.195629763779527
 20
-4.3838600393700791
 30
0
 11
5.1962825590551178
 21
-4.3831412204724405
 31
0
  0
LINE
  5
695
330
22
100
AcDbEntity
  8
F.Silkscreen
  6
CONTINUOUS
100
AcDbLine
 10
5.1962825590551178
 20
-4.3831412204724405
 30
0
 11
5.1967685826771648
 21
-4.3824838976377949
 31
0
  0
LINE
  5
696
330
22
100
AcDbEntity
  8
F.Silkscreen
  6
CONTINUOUS
100
AcDbLine
 10
5.1967685826771648
 20
-4.3824838976377949
 30
0
 11
5.197249921259842
 21
-4.3816688976377955
 31
0
  0
LINE
  5
697
330
22
100
AcDbEntity
  8
F.Silkscreen
  6
CONTINUOUS
100
AcDbLine
 10
5.197249921259842
 20
-4.3816688976377955
 30
0
 11
5.1975890551181099
 21
-4.3809290944881889
 31
0
  0
LINE
  5
698
330
22
100
AcDbEntity
  8
F.Silkscreen
  6
CONTINUOUS
100
AcDbLine
 10
5.1975890551181099
 20
-4.3809290944881889
 30
0
 11
5.1978603149606295
 21
-4.3801512204724409
 31
0
  0
LINE
  5
699
330
22
100
AcDbEntity
  8
F.Silkscreen
  6
CONTINUOUS
100
AcDbLine
 10
5.1978603149606295
 20
-4.3801512204724409
 30
0
 11
5.1980911023622047
 21
-4.3791955905511806
 31
0
  0
LINE
  5
69A
330
22
100
AcDbEntity
  8
F.Silkscreen
  6
CONTINUOUS
100
AcDbLine
 10
5.1980911023622047
 20
-4.3791955905511806
 30
0
 11
5.1982295669291334
 21
-4.3781881889763783
 31
0
  0
LINE
  5
69B
330
22
100
AcDbEntity
  8
F.Silkscreen
  6
CONTINUOUS
100
AcDbLine
 10
5.1982295669291334
 20
-4.3781881889763783
 30
0
 11
5.1982757086614173
 21
-4.3771289370078739
 31
0
  0
LINE
  5
69C
330
22
100
AcDbEntity
  8
F.Silkscreen
  6
CONTINUOUS
100
AcDbLine
 10
5.1982757086614173
 20
-4.3771289370078739
 30
0
 11
5.1982190944881888
 21
-4.3759238582677167
 31
0
  0
LINE
  5
69D
330
22
100
AcDbEntity
  8
F.Silkscreen
  6
CONTINUOUS
100
AcDbLine
 10
5.1982190944881888
 20
-4.3759238582677167
 30
0
 11
5.1980767322834645
 21
-4.3749269291338582
 31
0
  0
LINE
  5
69E
330
22
100
AcDbEntity
  8
F.Silkscreen
  6
CONTINUOUS
100
AcDbLine
 10
5.1980767322834645
 20
-4.3749269291338582
 30
0
 11
5.1978476771653543
 21
-4.3739836614173226
 31
0
  0
LINE
  5
69F
330
22
100
AcDbEntity
  8
F.Silkscreen
  6
CONTINUOUS
100
AcDbLine
 10
5.1978476771653543
 20
-4.3739836614173226
 30
0
 11
5.1975319685039372
 21
-4.3730941338582676
 31
0
  0
LINE
  5
6A0
330
22
100
AcDbEntity
  8
F.Silkscreen
  6
CONTINUOUS
100
AcDbLine
 10
5.1975319685039372
 20
-4.3730941338582676
 30
0
 11
5.1971296062992121
 21
-4.3722582677165356
 31
0
  0
LINE
  5
6A1
330
22
100
AcDbEntity
  8
F.Silkscreen
  6
CONTINUOUS
100
AcDbLine
 10
5.1971296062992121
 20
-4.3722582677165356
 30
0
 11
5.1966405905511808
 21
-4.3714761417322832
 31
0
  0
LINE
  5
6A2
330
22
100
AcDbEntity
  8
F.Silkscreen
  6
CONTINUOUS
100
AcDbLine
 10
5.1966405905511808
 20
-4.3714761417322832
 30
0
 11
5.1956006692913386
 21
-4.3702601968503938
 31
0
  0
LINE
  5
6A3
330
22
100
AcDbEntity
  8
F.Silkscreen
  6
CONTINUOUS
100
AcDbLine
 10
5.1956006692913386
 20
-4.3702601968503938
 30
0
 11
5.1949851968503937
 21
-4.3697114173228346
 31
0
  0
LINE
  5
6A4
330
22
100
AcDbEntity
  8
F.Silkscreen
  6
CONTINUOUS
100
AcDbLine
 10
5.1949851968503937
 20
-4.3697114173228346
 30
0
 11
5.194188700787401
 21
-4.3691224015748027
 31
0
  0
LINE
  5
6A5
330
22
100
AcDbEntity
  8
F.Silkscreen
  6
CONTINUOUS
100
AcDbLine
 10
5.194188700787401
 20
-4.3691224015748027
 30
0
 11
5.1926481889763778
 21
-4.3682559448818896
 31
0
  0
LINE
  5
6A6
330
22
100
AcDbEntity
  8
F.Silkscreen
  6
CONTINUOUS
100
AcDbLine
 10
5.1926481889763778
 20
-4.3682559448818896
 30
0
 11
5.1908889763779529
 21
-4.367572204724409
 31
0
  0
LINE
  5
6A7
330
22
100
AcDbEntity
  8
F.Silkscreen
  6
CONTINUOUS
100
AcDbLine
 10
5.1908889763779529
 20
-4.367572204724409
 30
0
 11
5.1889110629921262
 21
-4.3670711811023617
 31
0
  0
LINE
  5
6A8
330
22
100
AcDbEntity
  8
F.Silkscreen
  6
CONTINUOUS
100
AcDbLine
 10
5.1889110629921262
 20
-4.3670711811023617
 30
0
 11
5.1867144881889766
 21
-4.3667528740157477
 31
0
  0
LINE
  5
6A9
330
22
100
AcDbEntity
  8
F.Silkscreen
  6
CONTINUOUS
100
AcDbLine
 10
5.1867144881889766
 20
-4.3667528740157477
 30
0
 11
5.1845088582677166
 21
-4.3666215354330706
 31
0
  0
LINE
  5
6AA
330
22
100
AcDbEntity
  8
F.Silkscreen
  6
CONTINUOUS
100
AcDbLine
 10
5.1845088582677166
 20
-4.3666215354330706
 30
0
 11
5.1813858661417322
 21
-4.3666172440944884
 31
0
  0
LINE
  5
6AB
330
22
100
AcDbEntity
  8
F.Silkscreen
  6
CONTINUOUS
100
AcDbLine
 10
5.1813858661417322
 20
-4.3666172440944884
 30
0
 11
5.1793220078740152
 21
-4.3666845669291341
 31
0
  0
LINE
  5
6AC
330
22
100
AcDbEntity
  8
F.Silkscreen
  6
CONTINUOUS
100
AcDbLine
 10
5.1793220078740152
 20
-4.3666845669291341
 30
0
 11
5.1774119291338581
 21
-4.3668864173228341
 31
0
  0
LINE
  5
6AD
330
22
100
AcDbEntity
  8
F.Silkscreen
  6
CONTINUOUS
100
AcDbLine
 10
5.1774119291338581
 20
-4.3668864173228341
 30
0
 11
5.1756556692913387
 21
-4.367222834645669
 31
0
  0
LINE
  5
6AE
330
22
100
AcDbEntity
  8
F.Silkscreen
  6
CONTINUOUS
100
AcDbLine
 10
5.1756556692913387
 20
-4.367222834645669
 30
0
 11
5.1739013779527561
 21
-4.3677483464566924
 31
0
  0
LINE
  5
6AF
330
22
100
AcDbEntity
  8
F.Silkscreen
  6
CONTINUOUS
100
AcDbLine
 10
5.1739013779527561
 20
-4.3677483464566924
 30
0
 11
5.1724680708661417
 21
-4.3683673622047241
 31
0
  0
LINE
  5
6B0
330
22
100
AcDbEntity
  8
F.Silkscreen
  6
CONTINUOUS
100
AcDbLine
 10
5.1724680708661417
 20
-4.3683673622047241
 30
0
 11
5.1711885433070863
 21
-4.369120905511811
 31
0
  0
LINE
  5
6B1
330
22
100
AcDbEntity
  8
F.Silkscreen
  6
CONTINUOUS
100
AcDbLine
 10
5.1711885433070863
 20
-4.369120905511811
 30
0
 11
5.1699581102362204
 21
-4.3700892913385827
 31
0
  0
LINE
  5
6B2
330
22
100
AcDbEntity
  8
F.Silkscreen
  6
CONTINUOUS
100
AcDbLine
 10
5.1699581102362204
 20
-4.3700892913385827
 30
0
 11
5.1690267322834647
 21
-4.3710881496062992
 31
0
  0
LINE
  5
6B3
330
22
100
AcDbEntity
  8
F.Silkscreen
  6
CONTINUOUS
100
AcDbLine
 10
5.1690267322834647
 20
-4.3710881496062992
 30
0
 11
5.1682131496062995
 21
-4.3723201181102365
 31
0
  0
LINE
  5
6B4
330
22
100
AcDbEntity
  8
F.Silkscreen
  6
CONTINUOUS
100
AcDbLine
 10
5.1682131496062995
 20
-4.3723201181102365
 30
0
 11
5.1676205118110232
 21
-4.3736916535433066
 31
0
  0
LINE
  5
6B5
330
22
100
AcDbEntity
  8
F.Silkscreen
  6
CONTINUOUS
100
AcDbLine
 10
5.1676205118110232
 20
-4.3736916535433066
 30
0
 11
5.167248897637795
 21
-4.3752027559055113
 31
0
  0
LINE
  5
6B6
330
22
100
AcDbEntity
  8
F.Silkscreen
  6
CONTINUOUS
100
AcDbLine
 10
5.167248897637795
 20
-4.3752027559055113
 30
0
 11
5.1670982283464566
 21
-4.3768534251968507
 31
0
  0
LINE
  5
6B7
330
22
100
AcDbEntity
  8
F.Silkscreen
  6
CONTINUOUS
100
AcDbLine
 10
5.1670982283464566
 20
-4.3768534251968507
 30
0
 11
5.1627078346456692
 21
-4.3768534251968507
 31
0
  0
LINE
  5
6B8
330
22
100
AcDbEntity
  8
F.Silkscreen
  6
CONTINUOUS
100
AcDbLine
 10
5.1627078346456692
 20
-4.3768534251968507
 30
0
 11
5.1627208267716531
 21
-4.3760145275590547
 31
0
  0
LINE
  5
6B9
330
22
100
AcDbEntity
  8
F.Silkscreen
  6
CONTINUOUS
100
AcDbLine
 10
5.1627208267716531
 20
-4.3760145275590547
 30
0
 11
5.1628863779527556
 21
-4.3744839763779524
 31
0
  0
LINE
  5
6BA
330
22
100
AcDbEntity
  8
F.Silkscreen
  6
CONTINUOUS
100
AcDbLine
 10
5.1628863779527556
 20
-4.3744839763779524
 30
0
 11
5.1632208661417325
 21
-4.3728885826771648
 31
0
  0
LINE
  5
6BB
330
22
100
AcDbEntity
  8
F.Silkscreen
  6
CONTINUOUS
100
AcDbLine
 10
5.1632208661417325
 20
-4.3728885826771648
 30
0
 11
5.163668503937008
 21
-4.3714942125984253
 31
0
  0
LINE
  5
6BC
330
22
100
AcDbEntity
  8
F.Silkscreen
  6
CONTINUOUS
100
AcDbLine
 10
5.163668503937008
 20
-4.3714942125984253
 30
0
 11
5.1641925196850389
 21
-4.3702831102362207
 31
0
  0
LINE
  5
6BD
330
22
100
AcDbEntity
  8
F.Silkscreen
  6
CONTINUOUS
100
AcDbLine
 10
5.1641925196850389
 20
-4.3702831102362207
 30
0
 11
5.1648280708661414
 21
-4.3691258267716533
 31
0
  0
LINE
  5
6BE
330
22
100
AcDbEntity
  8
F.Silkscreen
  6
CONTINUOUS
100
AcDbLine
 10
5.1648280708661414
 20
-4.3691258267716533
 30
0
 11
5.1656394094488185
 21
-4.3679361811023618
 31
0
  0
LINE
  5
6BF
330
22
100
AcDbEntity
  8
F.Silkscreen
  6
CONTINUOUS
100
AcDbLine
 10
5.1656394094488185
 20
-4.3679361811023618
 30
0
 11
5.166477913385827
 21
-4.3669392519685042
 31
0
  0
LINE
  5
6C0
330
22
100
AcDbEntity
  8
F.Silkscreen
  6
CONTINUOUS
100
AcDbLine
 10
5.166477913385827
 20
-4.3669392519685042
 30
0
 11
5.1674144881889763
 21
-4.3660211417322836
 31
0
  0
LINE
  5
6C1
330
22
100
AcDbEntity
  8
F.Silkscreen
  6
CONTINUOUS
100
AcDbLine
 10
5.1674144881889763
 20
-4.3660211417322836
 30
0
 11
5.1685579527559051
 21
-4.3651022047244092
 31
0
  0
LINE
  5
6C2
330
22
100
AcDbEntity
  8
F.Silkscreen
  6
CONTINUOUS
100
AcDbLine
 10
5.1685579527559051
 20
-4.3651022047244092
 30
0
 11
5.169700433070866
 21
-4.3643496062992124
 31
0
  0
LINE
  5
6C3
330
22
100
AcDbEntity
  8
F.Silkscreen
  6
CONTINUOUS
100
AcDbLine
 10
5.169700433070866
 20
-4.3643496062992124
 30
0
 11
5.1709409055118112
 21
-4.3636757874015748
 31
0
  0
LINE
  5
6C4
330
22
100
AcDbEntity
  8
F.Silkscreen
  6
CONTINUOUS
100
AcDbLine
 10
5.1709409055118112
 20
-4.3636757874015748
 30
0
 11
5.1722812992125986
 21
-4.3630835826771657
 31
0
  0
LINE
  5
6C5
330
22
100
AcDbEntity
  8
F.Silkscreen
  6
CONTINUOUS
100
AcDbLine
 10
5.1722812992125986
 20
-4.3630835826771657
 30
0
 11
5.1736963385826771
 21
-4.3625843307086614
 31
0
  0
LINE
  5
6C6
330
22
100
AcDbEntity
  8
F.Silkscreen
  6
CONTINUOUS
100
AcDbLine
 10
5.1736963385826771
 20
-4.3625843307086614
 30
0
 11
5.1751787007874013
 21
-4.3621792913385828
 31
0
  0
LINE
  5
6C7
330
22
100
AcDbEntity
  8
F.Silkscreen
  6
CONTINUOUS
100
AcDbLine
 10
5.1751787007874013
 20
-4.3621792913385828
 30
0
 11
5.1767283070866137
 21
-4.3618684251968505
 31
0
  0
LINE
  5
6C8
330
22
100
AcDbEntity
  8
F.Silkscreen
  6
CONTINUOUS
100
AcDbLine
 10
5.1767283070866137
 20
-4.3618684251968505
 30
0
 11
5.1781805118110231
 21
-4.3616691732283464
 31
0
  0
LINE
  5
6C9
330
22
100
AcDbEntity
  8
F.Silkscreen
  6
CONTINUOUS
100
AcDbLine
 10
5.1781805118110231
 20
-4.3616691732283464
 30
0
 11
5.1798579527559054
 21
-4.3615372834645667
 31
0
  0
LINE
  5
6CA
330
22
100
AcDbEntity
  8
F.Silkscreen
  6
CONTINUOUS
100
AcDbLine
 10
5.1798579527559054
 20
-4.3615372834645667
 30
0
 11
5.1839055118110231
 21
-4.3614991338582678
 31
0
  0
LINE
  5
6CB
330
22
100
AcDbEntity
  8
F.Silkscreen
  6
CONTINUOUS
100
AcDbLine
 10
5.1839055118110231
 20
-4.3614991338582678
 30
0
 11
5.1864601968503932
 21
-4.361598582677165
 31
0
  0
LINE
  5
6CC
330
22
100
AcDbEntity
  8
F.Silkscreen
  6
CONTINUOUS
100
AcDbLine
 10
5.1864601968503932
 20
-4.361598582677165
 30
0
 11
5.1889992519685038
 21
-4.3619239763779527
 31
0
  0
LINE
  5
6CD
330
22
100
AcDbEntity
  8
F.Silkscreen
  6
CONTINUOUS
100
AcDbLine
 10
5.1889992519685038
 20
-4.3619239763779527
 30
0
 11
5.1913463779527556
 21
-4.3624757480314962
 31
0
  0
LINE
  5
6CE
330
22
100
AcDbEntity
  8
F.Silkscreen
  6
CONTINUOUS
100
AcDbLine
 10
5.1913463779527556
 20
-4.3624757480314962
 30
0
 11
5.1933725196850391
 21
-4.3631986614173224
 31
0
  0
LINE
  5
6CF
330
22
100
AcDbEntity
  8
F.Silkscreen
  6
CONTINUOUS
100
AcDbLine
 10
5.1933725196850391
 20
-4.3631986614173224
 30
0
 11
5.1954334645669293
 21
-4.3642205511811021
 31
0
  0
LINE
  5
6D0
330
22
100
AcDbEntity
  8
F.Silkscreen
  6
CONTINUOUS
100
AcDbLine
 10
5.1954334645669293
 20
-4.3642205511811021
 30
0
 11
5.1971426771653544
 21
-4.3653681102362203
 31
0
  0
LINE
  5
6D1
330
22
100
AcDbEntity
  8
F.Silkscreen
  6
CONTINUOUS
100
AcDbLine
 10
5.1971426771653544
 20
-4.3653681102362203
 30
0
 11
5.1979142519685038
 21
-4.3660101574803152
 31
0
  0
LINE
  5
6D2
330
22
100
AcDbEntity
  8
F.Silkscreen
  6
CONTINUOUS
100
AcDbLine
 10
5.1979142519685038
 20
-4.3660101574803152
 30
0
 11
5.1987160629921263
 21
-4.3667868897637794
 31
0
  0
LINE
  5
6D3
330
22
100
AcDbEntity
  8
F.Silkscreen
  6
CONTINUOUS
100
AcDbLine
 10
5.1987160629921263
 20
-4.3667868897637794
 30
0
 11
5.1999685433070866
 21
-4.3683100393700789
 31
0
  0
LINE
  5
6D4
330
22
100
AcDbEntity
  8
F.Silkscreen
  6
CONTINUOUS
100
AcDbLine
 10
5.1999685433070866
 20
-4.3683100393700789
 30
0
 11
5.2054409448818895
 21
-4.3613808661417321
 31
0
  0
LINE
  5
6D5
330
22
100
AcDbEntity
  8
F.Silkscreen
  6
CONTINUOUS
100
AcDbLine
 10
5.2054409448818895
 20
-4.3613808661417321
 30
0
 11
5.2086692913385821
 21
-4.3648847637795276
 31
0
  0
LINE
  5
6D6
330
22
100
AcDbEntity
  8
F.Silkscreen
  6
CONTINUOUS
100
AcDbLine
 10
5.1814037007874019
 20
-3.2755915354330707
 30
0
 11
5.1814073228346453
 21
-3.76535531496063
 31
0
  0
LINE
  5
6D7
330
22
100
AcDbEntity
  8
F.Silkscreen
  6
CONTINUOUS
100
AcDbLine
 10
5.1814037007874019
 20
-3.2755915354330707
 30
0
 11
5.3566005511811019
 21
-3.275590275590551
 31
0
  0
LINE
  5
6D8
330
22
100
AcDbEntity
  8
F.Silkscreen
  6
CONTINUOUS
100
AcDbLine
 10
5.1814073228346453
 20
-3.76535531496063
 30
0
 11
5.3566041732283463
 21
-3.7653540551181099
 31
0
  0
LINE
  5
6D9
330
22
100
AcDbEntity
  8
F.Silkscreen
  6
CONTINUOUS
100
AcDbLine
 10
5.4014860629921255
 20
-3.7653537007874016
 30
0
 11
5.4113285826771653
 21
-3.7653536220472441
 31
0
  0
LINE
  5
6DA
330
22
100
AcDbEntity
  8
F.Silkscreen
  6
CONTINUOUS
100
AcDbLine
 10
5.4077852755905509
 20
-3.7645662598425198
 30
0
 11
5.4078255118110237
 21
-3.7642605511811023
 31
0
  0
LINE
  5
6DB
330
22
100
AcDbEntity
  8
F.Silkscreen
  6
CONTINUOUS
100
AcDbLine
 10
5.4078255118110237
 20
-3.7642605511811023
 30
0
 11
5.4079435039370081
 21
-3.7639757086614174
 31
0
  0
LINE
  5
6DC
330
22
100
AcDbEntity
  8
F.Silkscreen
  6
CONTINUOUS
100
AcDbLine
 10
5.4078255118110237
 20
-3.7648719685039369
 30
0
 11
5.4077852755905509
 21
-3.7645662598425198
 31
0
  0
LINE
  5
6DD
330
22
100
AcDbEntity
  8
F.Silkscreen
  6
CONTINUOUS
100
AcDbLine
 10
5.4079435039370081
 20
-3.7639757086614174
 30
0
 11
5.4081311811023625
 21
-3.7637311023622044
 31
0
  0
LINE
  5
6DE
330
22
100
AcDbEntity
  8
F.Silkscreen
  6
CONTINUOUS
100
AcDbLine
 10
5.4079435039370081
 20
-3.7651568110236218
 30
0
 11
5.4078255118110237
 21
-3.7648719685039369
 31
0
  0
LINE
  5
6DF
330
22
100
AcDbEntity
  8
F.Silkscreen
  6
CONTINUOUS
100
AcDbLine
 10
5.4081311811023625
 20
-3.7637311023622044
 30
0
 11
5.4083757874015745
 21
-3.7635433858267717
 31
0
  0
LINE
  5
6E0
330
22
100
AcDbEntity
  8
F.Silkscreen
  6
CONTINUOUS
100
AcDbLine
 10
5.4081312204724412
 20
-3.7654014173228347
 30
0
 11
5.4079435039370081
 21
-3.7651568110236218
 31
0
  0
LINE
  5
6E1
330
22
100
AcDbEntity
  8
F.Silkscreen
  6
CONTINUOUS
100
AcDbLine
 10
5.4083757874015745
 20
-3.7635433858267717
 30
0
 11
5.4086606692913382
 21
-3.7634253937007873
 31
0
  0
LINE
  5
6E2
330
22
100
AcDbEntity
  8
F.Silkscreen
  6
CONTINUOUS
100
AcDbLine
 10
5.4083758267716533
 20
-3.7655891338582674
 30
0
 11
5.4081312204724412
 21
-3.7654014173228347
 31
0
  0
LINE
  5
6E3
330
22
100
AcDbEntity
  8
F.Silkscreen
  6
CONTINUOUS
100
AcDbLine
 10
5.4086606692913382
 20
-3.7634253937007873
 30
0
 11
5.4089663385826769
 21
-3.763385157480315
 31
0
  0
LINE
  5
6E4
330
22
100
AcDbEntity
  8
F.Silkscreen
  6
CONTINUOUS
100
AcDbLine
 10
5.4086606692913382
 20
-3.7657071259842518
 30
0
 11
5.4083758267716533
 21
-3.7655891338582674
 31
0
  0
LINE
  5
6E5
330
22
100
AcDbEntity
  8
F.Silkscreen
  6
CONTINUOUS
100
AcDbLine
 10
5.4089663385826769
 20
-3.763385157480315
 30
0
 11
5.4092720472440945
 21
-3.7634253937007873
 31
0
  0
LINE
  5
6E6
330
22
100
AcDbEntity
  8
F.Silkscreen
  6
CONTINUOUS
100
AcDbLine
 10
5.4089663779527557
 20
-3.7657473622047242
 30
0
 11
5.4086606692913382
 21
-3.7657071259842518
 31
0
  0
LINE
  5
6E7
330
22
100
AcDbEntity
  8
F.Silkscreen
  6
CONTINUOUS
100
AcDbLine
 10
5.4092720472440945
 20
-3.7634253937007873
 30
0
 11
5.4095568897637794
 21
-3.7635433858267717
 31
0
  0
LINE
  5
6E8
330
22
100
AcDbEntity
  8
F.Silkscreen
  6
CONTINUOUS
100
AcDbLine
 10
5.4092720472440945
 20
-3.7657070866141731
 30
0
 11
5.4089663779527557
 21
-3.7657473622047242
 31
0
  0
LINE
  5
6E9
330
22
100
AcDbEntity
  8
F.Silkscreen
  6
CONTINUOUS
100
AcDbLine
 10
5.4095568897637794
 20
-3.7635433858267717
 30
0
 11
5.4098015354330711
 21
-3.7637310629921261
 31
0
  0
LINE
  5
6EA
330
22
100
AcDbEntity
  8
F.Silkscreen
  6
CONTINUOUS
100
AcDbLine
 10
5.4095569291338581
 20
-3.7655890944881887
 30
0
 11
5.4092720472440945
 21
-3.7657070866141731
 31
0
  0
LINE
  5
6EB
330
22
100
AcDbEntity
  8
F.Silkscreen
  6
CONTINUOUS
100
AcDbLine
 10
5.4098015354330711
 20
-3.7637310629921261
 30
0
 11
5.4099892125984255
 21
-3.7639757086614174
 31
0
  0
LINE
  5
6EC
330
22
100
AcDbEntity
  8
F.Silkscreen
  6
CONTINUOUS
100
AcDbLine
 10
5.4098015354330711
 20
-3.7654014173228347
 30
0
 11
5.4095569291338581
 21
-3.7655890944881887
 31
0
  0
LINE
  5
6ED
330
22
100
AcDbEntity
  8
F.Silkscreen
  6
CONTINUOUS
100
AcDbLine
 10
5.4099892125984255
 20
-3.7639757086614174
 30
0
 11
5.410107204724409
 21
-3.7642605511811023
 31
0
  0
LINE
  5
6EE
330
22
100
AcDbEntity
  8
F.Silkscreen
  6
CONTINUOUS
100
AcDbLine
 10
5.4099892125984255
 20
-3.7651568110236218
 30
0
 11
5.4098015354330711
 21
-3.7654014173228347
 31
0
  0
LINE
  5
6EF
330
22
100
AcDbEntity
  8
F.Silkscreen
  6
CONTINUOUS
100
AcDbLine
 10
5.410107204724409
 20
-3.7642605511811023
 30
0
 11
5.4101474803149605
 21
-3.7645662598425198
 31
0
  0
LINE
  5
6F0
330
22
100
AcDbEntity
  8
F.Silkscreen
  6
CONTINUOUS
100
AcDbLine
 10
5.410107204724409
 20
-3.7648719291338582
 30
0
 11
5.4099892125984255
 21
-3.7651568110236218
 31
0
  0
LINE
  5
6F1
330
22
100
AcDbEntity
  8
F.Silkscreen
  6
CONTINUOUS
100
AcDbLine
 10
5.4101474803149605
 20
-3.7645662598425198
 30
0
 11
5.410107204724409
 21
-3.7648719291338582
 31
0
  0
LINE
  5
6F2
330
22
100
AcDbEntity
  8
F.Silkscreen
  6
CONTINUOUS
100
AcDbLine
 10
5.411324960629921
 20
-3.2755898425196848
 30
0
 11
5.4014824409448821
 21
-3.2755899212598423
 31
0
  0
LINE
  5
6F3
330
22
100
AcDbEntity
  8
F.Silkscreen
  6
CONTINUOUS
100
AcDbLine
 10
5.4113253937007872
 20
-3.3354323622047244
 30
0
 11
5.411324960629921
 21
-3.2755898425196848
 31
0
  0
LINE
  5
6F4
330
22
100
AcDbEntity
  8
F.Silkscreen
  6
CONTINUOUS
100
AcDbLine
 10
5.4113275590551178
 20
-3.6303142519685037
 30
0
 11
5.4113260236220473
 21
-3.4204717322834646
 31
0
  0
LINE
  5
6F5
330
22
100
AcDbEntity
  8
F.Silkscreen
  6
CONTINUOUS
100
AcDbLine
 10
5.4113285826771653
 20
-3.7653536220472441
 30
0
 11
5.4113281889763778
 21
-3.7153536220472438
 31
0
  0
LINE
  5
6F6
330
22
100
AcDbEntity
  8
F.Silkscreen
  6
CONTINUOUS
100
AcDbLine
 10
5.1804408661417325
 20
-3.5072647637795273
 30
0
 11
5.1504803543307087
 21
-3.5268712992125986
 31
0
  0
LINE
  5
6F7
330
22
100
AcDbEntity
  8
F.Silkscreen
  6
CONTINUOUS
100
AcDbLine
 10
5.1504803543307087
 20
-3.5268712992125986
 30
0
 11
5.1804409842519688
 21
-3.526871062992126
 31
0
  0
LINE
  5
6F8
330
22
100
AcDbEntity
  8
F.Silkscreen
  6
CONTINUOUS
100
AcDbLine
 10
5.1804409842519688
 20
-3.526871062992126
 30
0
 11
5.1804410236220475
 21
-3.5319891732283462
 31
0
  0
LINE
  5
6F9
330
22
100
AcDbEntity
  8
F.Silkscreen
  6
CONTINUOUS
100
AcDbLine
 10
5.1804410236220475
 20
-3.5319891732283462
 30
0
 11
5.1415827559055121
 21
-3.5319894881889762
 31
0
  0
LINE
  5
6FA
330
22
100
AcDbEntity
  8
F.Silkscreen
  6
CONTINUOUS
100
AcDbLine
 10
5.1415827559055121
 20
-3.5319894881889762
 30
0
 11
5.1415827165354333
 21
-3.5268713779527556
 31
0
  0
LINE
  5
6FB
330
22
100
AcDbEntity
  8
F.Silkscreen
  6
CONTINUOUS
100
AcDbLine
 10
5.1415827165354333
 20
-3.5268713779527556
 30
0
 11
5.1716613385826768
 21
-3.5072254724409446
 31
0
  0
LINE
  5
6FC
330
22
100
AcDbEntity
  8
F.Silkscreen
  6
CONTINUOUS
100
AcDbLine
 10
5.1716613385826768
 20
-3.5072254724409446
 30
0
 11
5.141582598425197
 21
-3.5072257086614171
 31
0
  0
LINE
  5
6FD
330
22
100
AcDbEntity
  8
F.Silkscreen
  6
CONTINUOUS
100
AcDbLine
 10
5.141582598425197
 20
-3.5072257086614171
 30
0
 11
5.1415825590551183
 21
-3.5021469685039368
 31
0
  0
LINE
  5
6FE
330
22
100
AcDbEntity
  8
F.Silkscreen
  6
CONTINUOUS
100
AcDbLine
 10
5.1415825590551183
 20
-3.5021469685039368
 30
0
 11
5.1804408267716537
 21
-3.5021466535433068
 31
0
  0
LINE
  5
6FF
330
22
100
AcDbEntity
  8
F.Silkscreen
  6
CONTINUOUS
100
AcDbLine
 10
5.1804408267716537
 20
-3.5021466535433068
 30
0
 11
5.1804408661417325
 21
-3.5072647637795273
 31
0
  0
LINE
  5
700
330
22
100
AcDbEntity
  8
F.Silkscreen
  6
CONTINUOUS
100
AcDbLine
 10
5.1804407480314962
 20
-3.4943120078740155
 30
0
 11
5.1768974409448818
 21
-3.4943120472440943
 31
0
  0
LINE
  5
701
330
22
100
AcDbEntity
  8
F.Silkscreen
  6
CONTINUOUS
100
AcDbLine
 10
5.1768974409448818
 20
-3.4943120472440943
 30
0
 11
5.1619367322834648
 21
-3.4808475984251968
 31
0
  0
LINE
  5
702
330
22
100
AcDbEntity
  8
F.Silkscreen
  6
CONTINUOUS
100
AcDbLine
 10
5.1619367322834648
 20
-3.4808475984251968
 30
0
 11
5.1595744881889765
 21
-3.4788637401574802
 31
0
  0
LINE
  5
703
330
22
100
AcDbEntity
  8
F.Silkscreen
  6
CONTINUOUS
100
AcDbLine
 10
5.1595744881889765
 20
-3.4788637401574802
 30
0
 11
5.157798228346457
 21
-3.4775547637795277
 31
0
  0
LINE
  5
704
330
22
100
AcDbEntity
  8
F.Silkscreen
  6
CONTINUOUS
100
AcDbLine
 10
5.157798228346457
 20
-3.4775547637795277
 30
0
 11
5.1562918503937007
 21
-3.4766459448818896
 31
0
  0
LINE
  5
705
330
22
100
AcDbEntity
  8
F.Silkscreen
  6
CONTINUOUS
100
AcDbLine
 10
5.1562918503937007
 20
-3.4766459448818896
 30
0
 11
5.1548082283464565
 21
-3.4760420472440945
 31
0
  0
LINE
  5
706
330
22
100
AcDbEntity
  8
F.Silkscreen
  6
CONTINUOUS
100
AcDbLine
 10
5.1548082283464565
 20
-3.4760420472440945
 30
0
 11
5.1532874015748034
 21
-3.4756986220472439
 31
0
  0
LINE
  5
707
330
22
100
AcDbEntity
  8
F.Silkscreen
  6
CONTINUOUS
100
AcDbLine
 10
5.1532874015748034
 20
-3.4756986220472439
 30
0
 11
5.1516407874015746
 21
-3.475618503937008
 31
0
  0
LINE
  5
708
330
22
100
AcDbEntity
  8
F.Silkscreen
  6
CONTINUOUS
100
AcDbLine
 10
5.1516407874015746
 20
-3.475618503937008
 30
0
 11
5.1500615354330703
 21
-3.475825472440945
 31
0
  0
LINE
  5
709
330
22
100
AcDbEntity
  8
F.Silkscreen
  6
CONTINUOUS
100
AcDbLine
 10
5.1500615354330703
 20
-3.475825472440945
 30
0
 11
5.1493372834645665
 21
-3.4760363779527559
 31
0
  0
LINE
  5
70A
330
22
100
AcDbEntity
  8
F.Silkscreen
  6
CONTINUOUS
100
AcDbLine
 10
5.1493372834645665
 20
-3.4760363779527559
 30
0
 11
5.1486566535433074
 21
-3.4763188976377952
 31
0
  0
LINE
  5
70B
330
22
100
AcDbEntity
  8
F.Silkscreen
  6
CONTINUOUS
100
AcDbLine
 10
5.1486566535433074
 20
-3.4763188976377952
 30
0
 11
5.148019645669291
 21
-3.4766730708661417
 31
0
  0
LINE
  5
70C
330
22
100
AcDbEntity
  8
F.Silkscreen
  6
CONTINUOUS
100
AcDbLine
 10
5.148019645669291
 20
-3.4766730708661417
 30
0
 11
5.1474262204724406
 21
-3.4770988582677163
 31
0
  0
LINE
  5
70D
330
22
100
AcDbEntity
  8
F.Silkscreen
  6
CONTINUOUS
100
AcDbLine
 10
5.1474262204724406
 20
-3.4770988582677163
 30
0
 11
5.1468745669291334
 21
-3.4775986614173227
 31
0
  0
LINE
  5
70E
330
22
100
AcDbEntity
  8
F.Silkscreen
  6
CONTINUOUS
100
AcDbLine
 10
5.1468745669291334
 20
-3.4775986614173227
 30
0
 11
5.1463858267716533
 21
-3.4781593307086611
 31
0
  0
LINE
  5
70F
330
22
100
AcDbEntity
  8
F.Silkscreen
  6
CONTINUOUS
100
AcDbLine
 10
5.1463858267716533
 20
-3.4781593307086611
 30
0
 11
5.1460167322834645
 21
-3.4786981889763777
 31
0
  0
LINE
  5
710
330
22
100
AcDbEntity
  8
F.Silkscreen
  6
CONTINUOUS
100
AcDbLine
 10
5.1460167322834645
 20
-3.4786981889763777
 30
0
 11
5.1456750393700785
 21
-3.4793500393700785
 31
0
  0
LINE
  5
711
330
22
100
AcDbEntity
  8
F.Silkscreen
  6
CONTINUOUS
100
AcDbLine
 10
5.1456750393700785
 20
-3.4793500393700785
 30
0
 11
5.1454111811023617
 21
-3.4800501181102361
 31
0
  0
LINE
  5
712
330
22
100
AcDbEntity
  8
F.Silkscreen
  6
CONTINUOUS
100
AcDbLine
 10
5.1454111811023617
 20
-3.4800501181102361
 30
0
 11
5.1452420472440945
 21
-3.4807129527559053
 31
0
  0
LINE
  5
713
330
22
100
AcDbEntity
  8
F.Silkscreen
  6
CONTINUOUS
100
AcDbLine
 10
5.1452420472440945
 20
-3.4807129527559053
 30
0
 11
5.1450868110236216
 21
-3.4822481102362204
 31
0
  0
LINE
  5
714
330
22
100
AcDbEntity
  8
F.Silkscreen
  6
CONTINUOUS
100
AcDbLine
 10
5.1450868110236216
 20
-3.4822481102362204
 30
0
 11
5.1452167716535433
 21
-3.4840908267716535
 31
0
  0
LINE
  5
715
330
22
100
AcDbEntity
  8
F.Silkscreen
  6
CONTINUOUS
100
AcDbLine
 10
5.1452167716535433
 20
-3.4840908267716535
 30
0
 11
5.1456079921259841
 21
-3.4856311811023621
 31
0
  0
LINE
  5
716
330
22
100
AcDbEntity
  8
F.Silkscreen
  6
CONTINUOUS
100
AcDbLine
 10
5.1456079921259841
 20
-3.4856311811023621
 30
0
 11
5.1459014566929131
 21
-3.4863238582677165
 31
0
  0
LINE
  5
717
330
22
100
AcDbEntity
  8
F.Silkscreen
  6
CONTINUOUS
100
AcDbLine
 10
5.1459014566929131
 20
-3.4863238582677165
 30
0
 11
5.1462600787401573
 21
-3.4869648425196851
 31
0
  0
LINE
  5
718
330
22
100
AcDbEntity
  8
F.Silkscreen
  6
CONTINUOUS
100
AcDbLine
 10
5.1462600787401573
 20
-3.4869648425196851
 30
0
 11
5.1466839370078743
 21
-3.4875541338582678
 31
0
  0
LINE
  5
719
330
22
100
AcDbEntity
  8
F.Silkscreen
  6
CONTINUOUS
100
AcDbLine
 10
5.1466839370078743
 20
-3.4875541338582678
 30
0
 11
5.1471729921259843
 21
-3.4880918110236219
 31
0
  0
LINE
  5
71A
330
22
100
AcDbEntity
  8
F.Silkscreen
  6
CONTINUOUS
100
AcDbLine
 10
5.1471729921259843
 20
-3.4880918110236219
 30
0
 11
5.1477297244094489
 21
-3.4885624015748031
 31
0
  0
LINE
  5
71B
330
22
100
AcDbEntity
  8
F.Silkscreen
  6
CONTINUOUS
100
AcDbLine
 10
5.1477297244094489
 20
-3.4885624015748031
 30
0
 11
5.1483368897637796
 21
-3.4889702362204722
 31
0
  0
LINE
  5
71C
330
22
100
AcDbEntity
  8
F.Silkscreen
  6
CONTINUOUS
100
AcDbLine
 10
5.1483368897637796
 20
-3.4889702362204722
 30
0
 11
5.1497025196850394
 21
-3.4895976771653543
 31
0
  0
LINE
  5
71D
330
22
100
AcDbEntity
  8
F.Silkscreen
  6
CONTINUOUS
100
AcDbLine
 10
5.1497025196850394
 20
-3.4895976771653543
 30
0
 11
5.1512699606299215
 21
-3.4899741338582677
 31
0
  0
LINE
  5
71E
330
22
100
AcDbEntity
  8
F.Silkscreen
  6
CONTINUOUS
100
AcDbLine
 10
5.1512699606299215
 20
-3.4899741338582677
 30
0
 11
5.1530391338582673
 21
-3.4900996062992125
 31
0
  0
LINE
  5
71F
330
22
100
AcDbEntity
  8
F.Silkscreen
  6
CONTINUOUS
100
AcDbLine
 10
5.1530391338582673
 20
-3.4900996062992125
 30
0
 11
5.153039173228346
 21
-3.4950602362204726
 31
0
  0
LINE
  5
720
330
22
100
AcDbEntity
  8
F.Silkscreen
  6
CONTINUOUS
100
AcDbLine
 10
5.153039173228346
 20
-3.4950602362204726
 30
0
 11
5.151404606299212
 21
-3.4949756692913385
 31
0
  0
LINE
  5
721
330
22
100
AcDbEntity
  8
F.Silkscreen
  6
CONTINUOUS
100
AcDbLine
 10
5.151404606299212
 20
-3.4949756692913385
 30
0
 11
5.1497242125984251
 21
-3.4946872834645668
 31
0
  0
LINE
  5
722
330
22
100
AcDbEntity
  8
F.Silkscreen
  6
CONTINUOUS
100
AcDbLine
 10
5.1497242125984251
 20
-3.4946872834645668
 30
0
 11
5.1483035826771655
 21
-3.4942474409448816
 31
0
  0
LINE
  5
723
330
22
100
AcDbEntity
  8
F.Silkscreen
  6
CONTINUOUS
100
AcDbLine
 10
5.1483035826771655
 20
-3.4942474409448816
 30
0
 11
5.1468585826771651
 21
-3.4935682283464566
 31
0
  0
LINE
  5
724
330
22
100
AcDbEntity
  8
F.Silkscreen
  6
CONTINUOUS
100
AcDbLine
 10
5.1468585826771651
 20
-3.4935682283464566
 30
0
 11
5.1456518897637791
 21
-3.492773149606299
 31
0
  0
LINE
  5
725
330
22
100
AcDbEntity
  8
F.Silkscreen
  6
CONTINUOUS
100
AcDbLine
 10
5.1456518897637791
 20
-3.492773149606299
 30
0
 11
5.1444422440944884
 21
-3.4917031889763779
 31
0
  0
LINE
  5
726
330
22
100
AcDbEntity
  8
F.Silkscreen
  6
CONTINUOUS
100
AcDbLine
 10
5.1444422440944884
 20
-3.4917031889763779
 30
0
 11
5.1433856299212595
 21
-3.4904563779527558
 31
0
  0
LINE
  5
727
330
22
100
AcDbEntity
  8
F.Silkscreen
  6
CONTINUOUS
100
AcDbLine
 10
5.1433856299212595
 20
-3.4904563779527558
 30
0
 11
5.14259437007874
 21
-3.4892035826771655
 31
0
  0
LINE
  5
728
330
22
100
AcDbEntity
  8
F.Silkscreen
  6
CONTINUOUS
100
AcDbLine
 10
5.14259437007874
 20
-3.4892035826771655
 30
0
 11
5.1419646062992124
 21
-3.4878373622047243
 31
0
  0
LINE
  5
729
330
22
100
AcDbEntity
  8
F.Silkscreen
  6
CONTINUOUS
100
AcDbLine
 10
5.1419646062992124
 20
-3.4878373622047243
 30
0
 11
5.1414962992125979
 21
-3.4863577165354331
 31
0
  0
LINE
  5
72A
330
22
100
AcDbEntity
  8
F.Silkscreen
  6
CONTINUOUS
100
AcDbLine
 10
5.1414962992125979
 20
-3.4863577165354331
 30
0
 11
5.1411894881889761
 21
-3.4847646456692911
 31
0
  0
LINE
  5
72B
330
22
100
AcDbEntity
  8
F.Silkscreen
  6
CONTINUOUS
100
AcDbLine
 10
5.1411894881889761
 20
-3.4847646456692911
 30
0
 11
5.1410385039370077
 21
-3.4828812598425194
 31
0
  0
LINE
  5
72C
330
22
100
AcDbEntity
  8
F.Silkscreen
  6
CONTINUOUS
100
AcDbLine
 10
5.1410385039370077
 20
-3.4828812598425194
 30
0
 11
5.1410755118110236
 21
-3.4810212204724409
 31
0
  0
LINE
  5
72D
330
22
100
AcDbEntity
  8
F.Silkscreen
  6
CONTINUOUS
100
AcDbLine
 10
5.1410755118110236
 20
-3.4810212204724409
 30
0
 11
5.1412810236220468
 21
-3.4793191732283462
 31
0
  0
LINE
  5
72E
330
22
100
AcDbEntity
  8
F.Silkscreen
  6
CONTINUOUS
100
AcDbLine
 10
5.1412810236220468
 20
-3.4793191732283462
 30
0
 11
5.1416540157480313
 21
-3.4777520472440946
 31
0
  0
LINE
  5
72F
330
22
100
AcDbEntity
  8
F.Silkscreen
  6
CONTINUOUS
100
AcDbLine
 10
5.1416540157480313
 20
-3.4777520472440946
 30
0
 11
5.142194527559055
 21
-3.4763198031496061
 31
0
  0
LINE
  5
730
330
22
100
AcDbEntity
  8
F.Silkscreen
  6
CONTINUOUS
100
AcDbLine
 10
5.142194527559055
 20
-3.4763198031496061
 30
0
 11
5.1428311811023617
 21
-3.4751348425196849
 31
0
  0
LINE
  5
731
330
22
100
AcDbEntity
  8
F.Silkscreen
  6
CONTINUOUS
100
AcDbLine
 10
5.1428311811023617
 20
-3.4751348425196849
 30
0
 11
5.1436914173228345
 21
-3.4739601968503937
 31
0
  0
LINE
  5
732
330
22
100
AcDbEntity
  8
F.Silkscreen
  6
CONTINUOUS
100
AcDbLine
 10
5.1436914173228345
 20
-3.4739601968503937
 30
0
 11
5.144701181102362
 21
-3.4729375590551181
 31
0
  0
LINE
  5
733
330
22
100
AcDbEntity
  8
F.Silkscreen
  6
CONTINUOUS
100
AcDbLine
 10
5.144701181102362
 20
-3.4729375590551181
 30
0
 11
5.1458258267716532
 21
-3.4721001574803148
 31
0
  0
LINE
  5
734
330
22
100
AcDbEntity
  8
F.Silkscreen
  6
CONTINUOUS
100
AcDbLine
 10
5.1458258267716532
 20
-3.4721001574803148
 30
0
 11
5.1469471259842514
 21
-3.4715003937007873
 31
0
  0
LINE
  5
735
330
22
100
AcDbEntity
  8
F.Silkscreen
  6
CONTINUOUS
100
AcDbLine
 10
5.1469471259842514
 20
-3.4715003937007873
 30
0
 11
5.1482893700787402
 21
-3.4710182283464568
 31
0
  0
LINE
  5
736
330
22
100
AcDbEntity
  8
F.Silkscreen
  6
CONTINUOUS
100
AcDbLine
 10
5.1482893700787402
 20
-3.4710182283464568
 30
0
 11
5.1496085039370074
 21
-3.4707414173228344
 31
0
  0
LINE
  5
737
330
22
100
AcDbEntity
  8
F.Silkscreen
  6
CONTINUOUS
100
AcDbLine
 10
5.1496085039370074
 20
-3.4707414173228344
 30
0
 11
5.1511683464566929
 21
-3.470614527559055
 31
0
  0
LINE
  5
738
330
22
100
AcDbEntity
  8
F.Silkscreen
  6
CONTINUOUS
100
AcDbLine
 10
5.1511683464566929
 20
-3.470614527559055
 30
0
 11
5.1521865354330707
 21
-3.4706400393700787
 31
0
  0
LINE
  5
739
330
22
100
AcDbEntity
  8
F.Silkscreen
  6
CONTINUOUS
100
AcDbLine
 10
5.1521865354330707
 20
-3.4706400393700787
 30
0
 11
5.1533029527559053
 21
-3.4707901968503938
 31
0
  0
LINE
  5
73A
330
22
100
AcDbEntity
  8
F.Silkscreen
  6
CONTINUOUS
100
AcDbLine
 10
5.1533029527559053
 20
-3.4707901968503938
 30
0
 11
5.1544587795275589
 21
-3.4710690944881888
 31
0
  0
LINE
  5
73B
330
22
100
AcDbEntity
  8
F.Silkscreen
  6
CONTINUOUS
100
AcDbLine
 10
5.1544587795275589
 20
-3.4710690944881888
 30
0
 11
5.155654094488189
 21
-3.4714767322834645
 31
0
  0
LINE
  5
73C
330
22
100
AcDbEntity
  8
F.Silkscreen
  6
CONTINUOUS
100
AcDbLine
 10
5.155654094488189
 20
-3.4714767322834645
 30
0
 11
5.1568888188976381
 21
-3.4720130314960631
 31
0
  0
LINE
  5
73D
330
22
100
AcDbEntity
  8
F.Silkscreen
  6
CONTINUOUS
100
AcDbLine
 10
5.1568888188976381
 20
-3.4720130314960631
 30
0
 11
5.1581629921259839
 21
-3.4726781102362203
 31
0
  0
LINE
  5
73E
330
22
100
AcDbEntity
  8
F.Silkscreen
  6
CONTINUOUS
100
AcDbLine
 10
5.1581629921259839
 20
-3.4726781102362203
 30
0
 11
5.1606014960629922
 21
-3.4742316929133858
 31
0
  0
LINE
  5
73F
330
22
100
AcDbEntity
  8
F.Silkscreen
  6
CONTINUOUS
100
AcDbLine
 10
5.1606014960629922
 20
-3.4742316929133858
 30
0
 11
5.1624581889763776
 21
-3.4756333070866141
 31
0
  0
LINE
  5
740
330
22
100
AcDbEntity
  8
F.Silkscreen
  6
CONTINUOUS
100
AcDbLine
 10
5.1624581889763776
 20
-3.4756333070866141
 30
0
 11
5.164385039370079
 21
-3.4772637795275592
 31
0
  0
LINE
  5
741
330
22
100
AcDbEntity
  8
F.Silkscreen
  6
CONTINUOUS
100
AcDbLine
 10
5.164385039370079
 20
-3.4772637795275592
 30
0
 11
5.1764249606299213
 21
-3.4883671653543304
 31
0
  0
LINE
  5
742
330
22
100
AcDbEntity
  8
F.Silkscreen
  6
CONTINUOUS
100
AcDbLine
 10
5.1764249606299213
 20
-3.4883671653543304
 30
0
 11
5.1764248031496063
 21
-3.4688396062992126
 31
0
  0
LINE
  5
743
330
22
100
AcDbEntity
  8
F.Silkscreen
  6
CONTINUOUS
100
AcDbLine
 10
5.1764248031496063
 20
-3.4688396062992126
 30
0
 11
5.1804405511811025
 21
-3.4688395669291339
 31
0
  0
LINE
  5
744
330
22
100
AcDbEntity
  8
F.Silkscreen
  6
CONTINUOUS
100
AcDbLine
 10
5.1804405511811025
 20
-3.4688395669291339
 30
0
 11
5.1804407480314962
 21
-3.4943120078740155
 31
0
  0
LINE
  5
745
330
22
100
AcDbEntity
  8
F.Silkscreen
  6
CONTINUOUS
100
AcDbLine
 10
5.170146889763779
 20
-3.539333779527559
 30
0
 11
5.1720103937007869
 21
-3.5398564960629919
 31
0
  0
LINE
  5
746
330
22
100
AcDbEntity
  8
F.Silkscreen
  6
CONTINUOUS
100
AcDbLine
 10
5.1720103937007869
 20
-3.5398564960629919
 30
0
 11
5.1737087401574806
 21
-3.54056531496063
 31
0
  0
LINE
  5
747
330
22
100
AcDbEntity
  8
F.Silkscreen
  6
CONTINUOUS
100
AcDbLine
 10
5.1737087401574806
 20
-3.54056531496063
 30
0
 11
5.1753731496062994
 21
-3.5415507874015746
 31
0
  0
LINE
  5
748
330
22
100
AcDbEntity
  8
F.Silkscreen
  6
CONTINUOUS
100
AcDbLine
 10
5.1753731496062994
 20
-3.5415507874015746
 30
0
 11
5.1767261811023619
 21
-3.5426486614173229
 31
0
  0
LINE
  5
749
330
22
100
AcDbEntity
  8
F.Silkscreen
  6
CONTINUOUS
100
AcDbLine
 10
5.1767261811023619
 20
-3.5426486614173229
 30
0
 11
5.1780164566929132
 21
-3.5440512204724408
 31
0
  0
LINE
  5
74A
330
22
100
AcDbEntity
  8
F.Silkscreen
  6
CONTINUOUS
100
AcDbLine
 10
5.1780164566929132
 20
-3.5440512204724408
 30
0
 11
5.1790877952755903
 21
-3.5456309448818897
 31
0
  0
LINE
  5
74B
330
22
100
AcDbEntity
  8
F.Silkscreen
  6
CONTINUOUS
100
AcDbLine
 10
5.1790877952755903
 20
-3.5456309448818897
 30
0
 11
5.1798606692913385
 21
-3.5472346456692914
 31
0
  0
LINE
  5
74C
330
22
100
AcDbEntity
  8
F.Silkscreen
  6
CONTINUOUS
100
AcDbLine
 10
5.1798606692913385
 20
-3.5472346456692914
 30
0
 11
5.180475708661417
 21
-3.549153937007874
 31
0
  0
LINE
  5
74D
330
22
100
AcDbEntity
  8
F.Silkscreen
  6
CONTINUOUS
100
AcDbLine
 10
5.180475708661417
 20
-3.549153937007874
 30
0
 11
5.180873307086614
 21
-3.5514330708661417
 31
0
  0
LINE
  5
74E
330
22
100
AcDbEntity
  8
F.Silkscreen
  6
CONTINUOUS
100
AcDbLine
 10
5.180873307086614
 20
-3.5514330708661417
 30
0
 11
5.1809911417322834
 21
-3.5539361023622047
 31
0
  0
LINE
  5
74F
330
22
100
AcDbEntity
  8
F.Silkscreen
  6
CONTINUOUS
100
AcDbLine
 10
5.1809911417322834
 20
-3.5539361023622047
 30
0
 11
5.1808458267716535
 21
-3.5560095669291338
 31
0
  0
LINE
  5
750
330
22
100
AcDbEntity
  8
F.Silkscreen
  6
CONTINUOUS
100
AcDbLine
 10
5.1808458267716535
 20
-3.5560095669291338
 30
0
 11
5.1804583070866137
 21
-3.5579503937007875
 31
0
  0
LINE
  5
751
330
22
100
AcDbEntity
  8
F.Silkscreen
  6
CONTINUOUS
100
AcDbLine
 10
5.1804583070866137
 20
-3.5579503937007875
 30
0
 11
5.1801737007874014
 21
-3.5588710629921261
 31
0
  0
LINE
  5
752
330
22
100
AcDbEntity
  8
F.Silkscreen
  6
CONTINUOUS
100
AcDbLine
 10
5.1801737007874014
 20
-3.5588710629921261
 30
0
 11
5.1797522440944883
 21
-3.5599321259842518
 31
0
  0
LINE
  5
753
330
22
100
AcDbEntity
  8
F.Silkscreen
  6
CONTINUOUS
100
AcDbLine
 10
5.1797522440944883
 20
-3.5599321259842518
 30
0
 11
5.1788560629921259
 21
-3.56159437007874
 31
0
  0
LINE
  5
754
330
22
100
AcDbEntity
  8
F.Silkscreen
  6
CONTINUOUS
100
AcDbLine
 10
5.1788560629921259
 20
-3.56159437007874
 30
0
 11
5.1777176377952756
 21
-3.5631240157480315
 31
0
  0
LINE
  5
755
330
22
100
AcDbEntity
  8
F.Silkscreen
  6
CONTINUOUS
100
AcDbLine
 10
5.1777176377952756
 20
-3.5631240157480315
 30
0
 11
5.1764859842519684
 21
-3.5643872834645669
 31
0
  0
LINE
  5
756
330
22
100
AcDbEntity
  8
F.Silkscreen
  6
CONTINUOUS
100
AcDbLine
 10
5.1764859842519684
 20
-3.5643872834645669
 30
0
 11
5.1750793307086616
 21
-3.5655232677165354
 31
0
  0
LINE
  5
757
330
22
100
AcDbEntity
  8
F.Silkscreen
  6
CONTINUOUS
100
AcDbLine
 10
5.1750793307086616
 20
-3.5655232677165354
 30
0
 11
5.1737167716535435
 21
-3.5663952755905513
 31
0
  0
LINE
  5
758
330
22
100
AcDbEntity
  8
F.Silkscreen
  6
CONTINUOUS
100
AcDbLine
 10
5.1737167716535435
 20
-3.5663952755905513
 30
0
 11
5.1720574015748033
 21
-3.5672218503937008
 31
0
  0
LINE
  5
759
330
22
100
AcDbEntity
  8
F.Silkscreen
  6
CONTINUOUS
100
AcDbLine
 10
5.1720574015748033
 20
-3.5672218503937008
 30
0
 11
5.170264133858268
 21
-3.5678849212598425
 31
0
  0
LINE
  5
75A
330
22
100
AcDbEntity
  8
F.Silkscreen
  6
CONTINUOUS
100
AcDbLine
 10
5.170264133858268
 20
-3.5678849212598425
 30
0
 11
5.1683369291338579
 21
-3.5683845275590551
 31
0
  0
LINE
  5
75B
330
22
100
AcDbEntity
  8
F.Silkscreen
  6
CONTINUOUS
100
AcDbLine
 10
5.1683369291338579
 20
-3.5683845275590551
 30
0
 11
5.1665114566929136
 21
-3.5686913385826773
 31
0
  0
LINE
  5
75C
330
22
100
AcDbEntity
  8
F.Silkscreen
  6
CONTINUOUS
100
AcDbLine
 10
5.1665114566929136
 20
-3.5686913385826773
 30
0
 11
5.1643313385826772
 21
-3.5688821259842518
 31
0
  0
LINE
  5
75D
330
22
100
AcDbEntity
  8
F.Silkscreen
  6
CONTINUOUS
100
AcDbLine
 10
5.1643313385826772
 20
-3.5688821259842518
 30
0
 11
5.1575712992125986
 21
-3.5688803543307084
 31
0
  0
LINE
  5
75E
330
22
100
AcDbEntity
  8
F.Silkscreen
  6
CONTINUOUS
100
AcDbLine
 10
5.1575712992125986
 20
-3.5688803543307084
 30
0
 11
5.1555040551181097
 21
-3.5686905511811022
 31
0
  0
LINE
  5
75F
330
22
100
AcDbEntity
  8
F.Silkscreen
  6
CONTINUOUS
100
AcDbLine
 10
5.1555040551181097
 20
-3.5686905511811022
 30
0
 11
5.1533940551181106
 21
-3.5683081496062989
 31
0
  0
LINE
  5
760
330
22
100
AcDbEntity
  8
F.Silkscreen
  6
CONTINUOUS
100
AcDbLine
 10
5.1533940551181106
 20
-3.5683081496062989
 30
0
 11
5.1512671259842522
 21
-3.5676935039370079
 31
0
  0
LINE
  5
761
330
22
100
AcDbEntity
  8
F.Silkscreen
  6
CONTINUOUS
100
AcDbLine
 10
5.1512671259842522
 20
-3.5676935039370079
 30
0
 11
5.1492817322834643
 21
-3.5668672834645667
 31
0
  0
LINE
  5
762
330
22
100
AcDbEntity
  8
F.Silkscreen
  6
CONTINUOUS
100
AcDbLine
 10
5.1492817322834643
 20
-3.5668672834645667
 30
0
 11
5.1474938976377951
 21
-3.5658506692913385
 31
0
  0
LINE
  5
763
330
22
100
AcDbEntity
  8
F.Silkscreen
  6
CONTINUOUS
100
AcDbLine
 10
5.1474938976377951
 20
-3.5658506692913385
 30
0
 11
5.1459137007874016
 21
-3.5646567716535431
 31
0
  0
LINE
  5
764
330
22
100
AcDbEntity
  8
F.Silkscreen
  6
CONTINUOUS
100
AcDbLine
 10
5.1459137007874016
 20
-3.5646567716535431
 30
0
 11
5.1444570078740153
 21
-3.5631877952755904
 31
0
  0
LINE
  5
765
330
22
100
AcDbEntity
  8
F.Silkscreen
  6
CONTINUOUS
100
AcDbLine
 10
5.1444570078740153
 20
-3.5631877952755904
 30
0
 11
5.1432365354330711
 21
-3.5615170078740155
 31
0
  0
LINE
  5
766
330
22
100
AcDbEntity
  8
F.Silkscreen
  6
CONTINUOUS
100
AcDbLine
 10
5.1432365354330711
 20
-3.5615170078740155
 30
0
 11
5.1422719291338579
 21
-3.5596740157480316
 31
0
  0
LINE
  5
767
330
22
100
AcDbEntity
  8
F.Silkscreen
  6
CONTINUOUS
100
AcDbLine
 10
5.1422719291338579
 20
-3.5596740157480316
 30
0
 11
5.1416179527559054
 21
-3.5578165748031494
 31
0
  0
LINE
  5
768
330
22
100
AcDbEntity
  8
F.Silkscreen
  6
CONTINUOUS
100
AcDbLine
 10
5.1416179527559054
 20
-3.5578165748031494
 30
0
 11
5.1411873228346456
 21
-3.5556970472440943
 31
0
  0
LINE
  5
769
330
22
100
AcDbEntity
  8
F.Silkscreen
  6
CONTINUOUS
100
AcDbLine
 10
5.1411873228346456
 20
-3.5556970472440943
 30
0
 11
5.1410322834645665
 21
-3.5534348031496061
 31
0
  0
LINE
  5
76A
330
22
100
AcDbEntity
  8
F.Silkscreen
  6
CONTINUOUS
100
AcDbLine
 10
5.1410322834645665
 20
-3.5534348031496061
 30
0
 11
5.1411535039370078
 21
-3.5510565748031495
 31
0
  0
LINE
  5
76B
330
22
100
AcDbEntity
  8
F.Silkscreen
  6
CONTINUOUS
100
AcDbLine
 10
5.1411535039370078
 20
-3.5510565748031495
 30
0
 11
5.141337047244094
 21
-3.549833779527559
 31
0
  0
LINE
  5
76C
330
22
100
AcDbEntity
  8
F.Silkscreen
  6
CONTINUOUS
100
AcDbLine
 10
5.141337047244094
 20
-3.549833779527559
 30
0
 11
5.1415603543307089
 21
-3.5488321653543307
 31
0
  0
LINE
  5
76D
330
22
100
AcDbEntity
  8
F.Silkscreen
  6
CONTINUOUS
100
AcDbLine
 10
5.1415603543307089
 20
-3.5488321653543307
 30
0
 11
5.1421896456692915
 21
-3.5469575984251969
 31
0
  0
LINE
  5
76E
330
22
100
AcDbEntity
  8
F.Silkscreen
  6
CONTINUOUS
100
AcDbLine
 10
5.1421896456692915
 20
-3.5469575984251969
 30
0
 11
5.1429805118110234
 21
-3.5453900393700786
 31
0
  0
LINE
  5
76F
330
22
100
AcDbEntity
  8
F.Silkscreen
  6
CONTINUOUS
100
AcDbLine
 10
5.1429805118110234
 20
-3.5453900393700786
 30
0
 11
5.1440766929133854
 21
-3.5438444488188976
 31
0
  0
LINE
  5
770
330
22
100
AcDbEntity
  8
F.Silkscreen
  6
CONTINUOUS
100
AcDbLine
 10
5.1440766929133854
 20
-3.5438444488188976
 30
0
 11
5.1454035826771651
 21
-3.5424809448818895
 31
0
  0
LINE
  5
771
330
22
100
AcDbEntity
  8
F.Silkscreen
  6
CONTINUOUS
100
AcDbLine
 10
5.1454035826771651
 20
-3.5424809448818895
 30
0
 11
5.1469191732283459
 21
-3.541333503937008
 31
0
  0
LINE
  5
772
330
22
100
AcDbEntity
  8
F.Silkscreen
  6
CONTINUOUS
100
AcDbLine
 10
5.1469191732283459
 20
-3.541333503937008
 30
0
 11
5.1486202362204727
 21
-3.5404047637795273
 31
0
  0
LINE
  5
773
330
22
100
AcDbEntity
  8
F.Silkscreen
  6
CONTINUOUS
100
AcDbLine
 10
5.1486202362204727
 20
-3.5404047637795273
 30
0
 11
5.1505067716535429
 21
-3.5396947244094488
 31
0
  0
LINE
  5
774
330
22
100
AcDbEntity
  8
F.Silkscreen
  6
CONTINUOUS
100
AcDbLine
 10
5.1505067716535429
 20
-3.5396947244094488
 30
0
 11
5.1525787401574803
 21
-3.5392033464566928
 31
0
  0
LINE
  5
775
330
22
100
AcDbEntity
  8
F.Silkscreen
  6
CONTINUOUS
100
AcDbLine
 10
5.1525787401574803
 20
-3.5392033464566928
 30
0
 11
5.15406311023622
 21
-3.5389972440944879
 31
0
  0
LINE
  5
776
330
22
100
AcDbEntity
  8
F.Silkscreen
  6
CONTINUOUS
100
AcDbLine
 10
5.15406311023622
 20
-3.5389972440944879
 30
0
 11
5.1540631496062987
 21
-3.5441547244094487
 31
0
  0
LINE
  5
777
330
22
100
AcDbEntity
  8
F.Silkscreen
  6
CONTINUOUS
100
AcDbLine
 10
5.1540631496062987
 20
-3.5441547244094487
 30
0
 11
5.1522814566929132
 21
-3.5444916141732281
 31
0
  0
LINE
  5
778
330
22
100
AcDbEntity
  8
F.Silkscreen
  6
CONTINUOUS
100
AcDbLine
 10
5.1522814566929132
 20
-3.5444916141732281
 30
0
 11
5.1507109055118105
 21
-3.5449584645669292
 31
0
  0
LINE
  5
779
330
22
100
AcDbEntity
  8
F.Silkscreen
  6
CONTINUOUS
100
AcDbLine
 10
5.1507109055118105
 20
-3.5449584645669292
 30
0
 11
5.1493515354330706
 21
-3.5455552362204723
 31
0
  0
LINE
  5
77A
330
22
100
AcDbEntity
  8
F.Silkscreen
  6
CONTINUOUS
100
AcDbLine
 10
5.1493515354330706
 20
-3.5455552362204723
 30
0
 11
5.148123779527559
 21
-3.5463432677165354
 31
0
  0
LINE
  5
77B
330
22
100
AcDbEntity
  8
F.Silkscreen
  6
CONTINUOUS
100
AcDbLine
 10
5.148123779527559
 20
-3.5463432677165354
 30
0
 11
5.147139881889764
 21
-3.5472788582677164
 31
0
  0
LINE
  5
77C
330
22
100
AcDbEntity
  8
F.Silkscreen
  6
CONTINUOUS
100
AcDbLine
 10
5.147139881889764
 20
-3.5472788582677164
 30
0
 11
5.1464180314960633
 21
-3.5482837401574803
 31
0
  0
LINE
  5
77D
330
22
100
AcDbEntity
  8
F.Silkscreen
  6
CONTINUOUS
100
AcDbLine
 10
5.1464180314960633
 20
-3.5482837401574803
 30
0
 11
5.1458331889763782
 21
-3.5495330314960629
 31
0
  0
LINE
  5
77E
330
22
100
AcDbEntity
  8
F.Silkscreen
  6
CONTINUOUS
100
AcDbLine
 10
5.1458331889763782
 20
-3.5495330314960629
 30
0
 11
5.1454689763779529
 21
-3.5508483070866141
 31
0
  0
LINE
  5
77F
330
22
100
AcDbEntity
  8
F.Silkscreen
  6
CONTINUOUS
100
AcDbLine
 10
5.1454689763779529
 20
-3.5508483070866141
 30
0
 11
5.1452855905511807
 21
-3.5521950393700785
 31
0
  0
LINE
  5
780
330
22
100
AcDbEntity
  8
F.Silkscreen
  6
CONTINUOUS
100
AcDbLine
 10
5.1452855905511807
 20
-3.5521950393700785
 30
0
 11
5.1452522834645666
 21
-3.5537453543307085
 31
0
  0
LINE
  5
781
330
22
100
AcDbEntity
  8
F.Silkscreen
  6
CONTINUOUS
100
AcDbLine
 10
5.1452522834645666
 20
-3.5537453543307085
 30
0
 11
5.1453716929133861
 21
-3.5550593700787401
 31
0
  0
LINE
  5
782
330
22
100
AcDbEntity
  8
F.Silkscreen
  6
CONTINUOUS
100
AcDbLine
 10
5.1453716929133861
 20
-3.5550593700787401
 30
0
 11
5.1456343307086616
 21
-3.5562893307086614
 31
0
  0
LINE
  5
783
330
22
100
AcDbEntity
  8
F.Silkscreen
  6
CONTINUOUS
100
AcDbLine
 10
5.1456343307086616
 20
-3.5562893307086614
 30
0
 11
5.1460402362204727
 21
-3.5574351968503937
 31
0
  0
LINE
  5
784
330
22
100
AcDbEntity
  8
F.Silkscreen
  6
CONTINUOUS
100
AcDbLine
 10
5.1460402362204727
 20
-3.5574351968503937
 30
0
 11
5.1465893700787397
 21
-3.5584969685039369
 31
0
  0
LINE
  5
785
330
22
100
AcDbEntity
  8
F.Silkscreen
  6
CONTINUOUS
100
AcDbLine
 10
5.1465893700787397
 20
-3.5584969685039369
 30
0
 11
5.1473675590551178
 21
-3.5595781102362203
 31
0
  0
LINE
  5
786
330
22
100
AcDbEntity
  8
F.Silkscreen
  6
CONTINUOUS
100
AcDbLine
 10
5.1473675590551178
 20
-3.5595781102362203
 30
0
 11
5.1482191338582677
 21
-3.5604623622047242
 31
0
  0
LINE
  5
787
330
22
100
AcDbEntity
  8
F.Silkscreen
  6
CONTINUOUS
100
AcDbLine
 10
5.1482191338582677
 20
-3.5604623622047242
 30
0
 11
5.1494570472440948
 21
-3.5614189370078742
 31
0
  0
LINE
  5
788
330
22
100
AcDbEntity
  8
F.Silkscreen
  6
CONTINUOUS
100
AcDbLine
 10
5.1494570472440948
 20
-3.5614189370078742
 30
0
 11
5.1508866141732286
 21
-3.562210866141732
 31
0
  0
LINE
  5
789
330
22
100
AcDbEntity
  8
F.Silkscreen
  6
CONTINUOUS
100
AcDbLine
 10
5.1508866141732286
 20
-3.562210866141732
 30
0
 11
5.1524953149606301
 21
-3.5628399606299213
 31
0
  0
LINE
  5
78A
330
22
100
AcDbEntity
  8
F.Silkscreen
  6
CONTINUOUS
100
AcDbLine
 10
5.1524953149606301
 20
-3.5628399606299213
 30
0
 11
5.1542831102362205
 21
-3.5633062204724411
 31
0
  0
LINE
  5
78B
330
22
100
AcDbEntity
  8
F.Silkscreen
  6
CONTINUOUS
100
AcDbLine
 10
5.1542831102362205
 20
-3.5633062204724411
 30
0
 11
5.1560638188976373
 21
-3.5635887795275591
 31
0
  0
LINE
  5
78C
330
22
100
AcDbEntity
  8
F.Silkscreen
  6
CONTINUOUS
100
AcDbLine
 10
5.1560638188976373
 20
-3.5635887795275591
 30
0
 11
5.1577929921259837
 21
-3.5637280314960629
 31
0
  0
LINE
  5
78D
330
22
100
AcDbEntity
  8
F.Silkscreen
  6
CONTINUOUS
100
AcDbLine
 10
5.1577929921259837
 20
-3.5637280314960629
 30
0
 11
5.1639354724409445
 21
-3.5637448818897637
 31
0
  0
LINE
  5
78E
330
22
100
AcDbEntity
  8
F.Silkscreen
  6
CONTINUOUS
100
AcDbLine
 10
5.1639354724409445
 20
-3.5637448818897637
 30
0
 11
5.1656097244094488
 21
-3.5636347244094488
 31
0
  0
LINE
  5
78F
330
22
100
AcDbEntity
  8
F.Silkscreen
  6
CONTINUOUS
100
AcDbLine
 10
5.1656097244094488
 20
-3.5636347244094488
 30
0
 11
5.1673494881889761
 21
-3.5633900000000001
 31
0
  0
LINE
  5
790
330
22
100
AcDbEntity
  8
F.Silkscreen
  6
CONTINUOUS
100
AcDbLine
 10
5.1673494881889761
 20
-3.5633900000000001
 30
0
 11
5.1689623228346457
 21
-3.5630164566929134
 31
0
  0
LINE
  5
791
330
22
100
AcDbEntity
  8
F.Silkscreen
  6
CONTINUOUS
100
AcDbLine
 10
5.1689623228346457
 20
-3.5630164566929134
 30
0
 11
5.1703054330708662
 21
-3.562570157480315
 31
0
  0
LINE
  5
792
330
22
100
AcDbEntity
  8
F.Silkscreen
  6
CONTINUOUS
100
AcDbLine
 10
5.1703054330708662
 20
-3.562570157480315
 30
0
 11
5.1716772440944885
 21
-3.5619519291338584
 31
0
  0
LINE
  5
793
330
22
100
AcDbEntity
  8
F.Silkscreen
  6
CONTINUOUS
100
AcDbLine
 10
5.1716772440944885
 20
-3.5619519291338584
 30
0
 11
5.1728033858267715
 21
-3.5612853937007873
 31
0
  0
LINE
  5
794
330
22
100
AcDbEntity
  8
F.Silkscreen
  6
CONTINUOUS
100
AcDbLine
 10
5.1728033858267715
 20
-3.5612853937007873
 30
0
 11
5.1739162598425192
 21
-3.560430433070866
 31
0
  0
LINE
  5
795
330
22
100
AcDbEntity
  8
F.Silkscreen
  6
CONTINUOUS
100
AcDbLine
 10
5.1739162598425192
 20
-3.560430433070866
 30
0
 11
5.1747627165354331
 21
-3.5595717716535433
 31
0
  0
LINE
  5
796
330
22
100
AcDbEntity
  8
F.Silkscreen
  6
CONTINUOUS
100
AcDbLine
 10
5.1747627165354331
 20
-3.5595717716535433
 30
0
 11
5.1754612598425194
 21
-3.5586290157480316
 31
0
  0
LINE
  5
797
330
22
100
AcDbEntity
  8
F.Silkscreen
  6
CONTINUOUS
100
AcDbLine
 10
5.1754612598425194
 20
-3.5586290157480316
 30
0
 11
5.1760118503937003
 21
-3.5576021653543308
 31
0
  0
LINE
  5
798
330
22
100
AcDbEntity
  8
F.Silkscreen
  6
CONTINUOUS
100
AcDbLine
 10
5.1760118503937003
 20
-3.5576021653543308
 30
0
 11
5.1764145275590554
 21
-3.5564912598425198
 31
0
  0
LINE
  5
799
330
22
100
AcDbEntity
  8
F.Silkscreen
  6
CONTINUOUS
100
AcDbLine
 10
5.1764145275590554
 20
-3.5564912598425198
 30
0
 11
5.176669291338583
 21
-3.5552962598425197
 31
0
  0
LINE
  5
79A
330
22
100
AcDbEntity
  8
F.Silkscreen
  6
CONTINUOUS
100
AcDbLine
 10
5.176669291338583
 20
-3.5552962598425197
 30
0
 11
5.1767761023622043
 21
-3.5540171653543307
 31
0
  0
LINE
  5
79B
330
22
100
AcDbEntity
  8
F.Silkscreen
  6
CONTINUOUS
100
AcDbLine
 10
5.1767761023622043
 20
-3.5540171653543307
 30
0
 11
5.1767326771653543
 21
-3.5524408267716536
 31
0
  0
LINE
  5
79C
330
22
100
AcDbEntity
  8
F.Silkscreen
  6
CONTINUOUS
100
AcDbLine
 10
5.1767326771653543
 20
-3.5524408267716536
 30
0
 11
5.1765518110236215
 21
-3.551030866141732
 31
0
  0
LINE
  5
79D
330
22
100
AcDbEntity
  8
F.Silkscreen
  6
CONTINUOUS
100
AcDbLine
 10
5.1765518110236215
 20
-3.551030866141732
 30
0
 11
5.1762352755905514
 21
-3.5497593307086612
 31
0
  0
LINE
  5
79E
330
22
100
AcDbEntity
  8
F.Silkscreen
  6
CONTINUOUS
100
AcDbLine
 10
5.1762352755905514
 20
-3.5497593307086612
 30
0
 11
5.1757831496062989
 21
-3.5486262204724408
 31
0
  0
LINE
  5
79F
330
22
100
AcDbEntity
  8
F.Silkscreen
  6
CONTINUOUS
100
AcDbLine
 10
5.1757831496062989
 20
-3.5486262204724408
 30
0
 11
5.1751953543307083
 21
-3.5476315354330707
 31
0
  0
LINE
  5
7A0
330
22
100
AcDbEntity
  8
F.Silkscreen
  6
CONTINUOUS
100
AcDbLine
 10
5.1751953543307083
 20
-3.5476315354330707
 30
0
 11
5.1744636220472442
 21
-3.5467714173228346
 31
0
  0
LINE
  5
7A1
330
22
100
AcDbEntity
  8
F.Silkscreen
  6
CONTINUOUS
100
AcDbLine
 10
5.1744636220472442
 20
-3.5467714173228346
 30
0
 11
5.1736229527559052
 21
-3.546081338582677
 31
0
  0
LINE
  5
7A2
330
22
100
AcDbEntity
  8
F.Silkscreen
  6
CONTINUOUS
100
AcDbLine
 10
5.1736229527559052
 20
-3.546081338582677
 30
0
 11
5.1725122047244092
 21
-3.5454319685039368
 31
0
  0
LINE
  5
7A3
330
22
100
AcDbEntity
  8
F.Silkscreen
  6
CONTINUOUS
100
AcDbLine
 10
5.1725122047244092
 20
-3.5454319685039368
 30
0
 11
5.1713164960629916
 21
-3.5449315354330708
 31
0
  0
LINE
  5
7A4
330
22
100
AcDbEntity
  8
F.Silkscreen
  6
CONTINUOUS
100
AcDbLine
 10
5.1713164960629916
 20
-3.5449315354330708
 30
0
 11
5.1698184251968504
 21
-3.5444890944881888
 31
0
  0
LINE
  5
7A5
330
22
100
AcDbEntity
  8
F.Silkscreen
  6
CONTINUOUS
100
AcDbLine
 10
5.1698184251968504
 20
-3.5444890944881888
 30
0
 11
5.1681182677165349
 21
-3.5441546456692912
 31
0
  0
LINE
  5
7A6
330
22
100
AcDbEntity
  8
F.Silkscreen
  6
CONTINUOUS
100
AcDbLine
 10
5.1681182677165349
 20
-3.5441546456692912
 30
0
 11
5.1681182283464562
 21
-3.5389971653543308
 31
0
  0
LINE
  5
7A7
330
22
100
AcDbEntity
  8
F.Silkscreen
  6
CONTINUOUS
100
AcDbLine
 10
5.1681182283464562
 20
-3.5389971653543308
 30
0
 11
5.170146889763779
 21
-3.539333779527559
 31
0
  0
LINE
  5
7A8
330
22
100
AcDbEntity
  8
F.Silkscreen
  6
CONTINUOUS
100
AcDbLine
 10
6.3026571653543302
 20
-3.3763781496062992
 30
0
 11
6.3026572834645664
 21
-3.4161419291338584
 31
0
  0
LINE
  5
7A9
330
22
100
AcDbEntity
  8
F.Silkscreen
  6
CONTINUOUS
100
AcDbLine
 10
6.3026571653543302
 20
-3.3763781496062992
 30
0
 11
6.31249968503937
 21
-3.3763781102362205
 31
0
  0
LINE
  5
7AA
330
22
100
AcDbEntity
  8
F.Silkscreen
  6
CONTINUOUS
100
AcDbLine
 10
6.3026573622047239
 20
-3.4712600393700788
 30
0
 11
6.3026575984251965
 21
-3.5712600393700789
 31
0
  0
LINE
  5
7AB
330
22
100
AcDbEntity
  8
F.Silkscreen
  6
CONTINUOUS
100
AcDbLine
 10
6.3026577952755902
 20
-3.6661419291338584
 30
0
 11
6.302657677165354
 21
-3.6212600393700787
 31
0
  0
LINE
  5
7AC
330
22
100
AcDbEntity
  8
F.Silkscreen
  6
CONTINUOUS
100
AcDbLine
 10
6.3026577952755902
 20
-3.6661419291338584
 30
0
 11
6.31250031496063
 21
-3.6661418897637796
 31
0
  0
LINE
  5
7AD
330
22
100
AcDbEntity
  8
F.Silkscreen
  6
CONTINUOUS
100
AcDbLine
 10
6.3573815748031492
 20
-3.376378031496063
 30
0
 11
6.5325784251968502
 21
-3.3763776771653542
 31
0
  0
LINE
  5
7AE
330
22
100
AcDbEntity
  8
F.Silkscreen
  6
CONTINUOUS
100
AcDbLine
 10
6.5325784251968502
 20
-3.3763776771653542
 30
0
 11
6.5325790551181102
 21
-3.6661414566929134
 31
0
  0
LINE
  5
7AF
330
22
100
AcDbEntity
  8
F.Silkscreen
  6
CONTINUOUS
100
AcDbLine
 10
6.5325790551181102
 20
-3.6661414566929134
 30
0
 11
6.3573822047244093
 21
-3.6661418110236221
 31
0
  0
LINE
  5
7B0
330
22
100
AcDbEntity
  8
F.Silkscreen
  6
CONTINUOUS
100
AcDbLine
 10
6.5353349606299211
 20
-3.6681099606299212
 30
0
 11
6.5353751968503939
 21
-3.6678042519685037
 31
0
  0
LINE
  5
7B1
330
22
100
AcDbEntity
  8
F.Silkscreen
  6
CONTINUOUS
100
AcDbLine
 10
6.5353751968503939
 20
-3.6678042519685037
 30
0
 11
6.5354931889763774
 21
-3.6675194094488188
 31
0
  0
LINE
  5
7B2
330
22
100
AcDbEntity
  8
F.Silkscreen
  6
CONTINUOUS
100
AcDbLine
 10
6.5353751968503939
 20
-3.6684156299212596
 30
0
 11
6.5353349606299211
 21
-3.6681099606299212
 31
0
  0
LINE
  5
7B3
330
22
100
AcDbEntity
  8
F.Silkscreen
  6
CONTINUOUS
100
AcDbLine
 10
6.5354931889763774
 20
-3.6675194094488188
 30
0
 11
6.5356808661417318
 21
-3.6672748031496063
 31
0
  0
LINE
  5
7B4
330
22
100
AcDbEntity
  8
F.Silkscreen
  6
CONTINUOUS
100
AcDbLine
 10
6.5354931889763774
 20
-3.6687005118110236
 30
0
 11
6.5353751968503939
 21
-3.6684156299212596
 31
0
  0
LINE
  5
7B5
330
22
100
AcDbEntity
  8
F.Silkscreen
  6
CONTINUOUS
100
AcDbLine
 10
6.5356808661417318
 20
-3.6672748031496063
 30
0
 11
6.5359255118110235
 21
-3.6670870866141732
 31
0
  0
LINE
  5
7B6
330
22
100
AcDbEntity
  8
F.Silkscreen
  6
CONTINUOUS
100
AcDbLine
 10
6.5356808661417318
 20
-3.6689451181102362
 30
0
 11
6.5354931889763774
 21
-3.6687005118110236
 31
0
  0
LINE
  5
7B7
330
22
100
AcDbEntity
  8
F.Silkscreen
  6
CONTINUOUS
100
AcDbLine
 10
6.5359255118110235
 20
-3.6670870866141732
 30
0
 11
6.5362103543307084
 21
-3.6669690944881888
 31
0
  0
LINE
  5
7B8
330
22
100
AcDbEntity
  8
F.Silkscreen
  6
CONTINUOUS
100
AcDbLine
 10
6.5359255118110235
 20
-3.6691328346456693
 30
0
 11
6.5356808661417318
 21
-3.6689451181102362
 31
0
  0
LINE
  5
7B9
330
22
100
AcDbEntity
  8
F.Silkscreen
  6
CONTINUOUS
100
AcDbLine
 10
6.5362103543307084
 20
-3.6669690944881888
 30
0
 11
6.536516062992126
 21
-3.6669288582677164
 31
0
  0
LINE
  5
7BA
330
22
100
AcDbEntity
  8
F.Silkscreen
  6
CONTINUOUS
100
AcDbLine
 10
6.5362103543307084
 20
-3.6692508267716533
 30
0
 11
6.5359255118110235
 21
-3.6691328346456693
 31
0
  0
LINE
  5
7BB
330
22
100
AcDbEntity
  8
F.Silkscreen
  6
CONTINUOUS
100
AcDbLine
 10
6.536516062992126
 20
-3.6669288582677164
 30
0
 11
6.5368217322834647
 21
-3.6669690944881888
 31
0
  0
LINE
  5
7BC
330
22
100
AcDbEntity
  8
F.Silkscreen
  6
CONTINUOUS
100
AcDbLine
 10
6.536516062992126
 20
-3.669291062992126
 30
0
 11
6.5362103543307084
 21
-3.6692508267716533
 31
0
  0
LINE
  5
7BD
330
22
100
AcDbEntity
  8
F.Silkscreen
  6
CONTINUOUS
100
AcDbLine
 10
6.5368217322834647
 20
-3.6669690944881888
 30
0
 11
6.5371066141732284
 21
-3.6670870866141732
 31
0
  0
LINE
  5
7BE
330
22
100
AcDbEntity
  8
F.Silkscreen
  6
CONTINUOUS
100
AcDbLine
 10
6.5368217322834647
 20
-3.6692508267716533
 30
0
 11
6.536516062992126
 21
-3.669291062992126
 31
0
  0
LINE
  5
7BF
330
22
100
AcDbEntity
  8
F.Silkscreen
  6
CONTINUOUS
100
AcDbLine
 10
6.5371066141732284
 20
-3.6670870866141732
 30
0
 11
6.5373512204724404
 21
-3.6672748031496063
 31
0
  0
LINE
  5
7C0
330
22
100
AcDbEntity
  8
F.Silkscreen
  6
CONTINUOUS
100
AcDbLine
 10
6.5371066141732284
 20
-3.6691328346456693
 30
0
 11
6.5368217322834647
 21
-3.6692508267716533
 31
0
  0
LINE
  5
7C1
330
22
100
AcDbEntity
  8
F.Silkscreen
  6
CONTINUOUS
100
AcDbLine
 10
6.5373512204724404
 20
-3.6672748031496063
 30
0
 11
6.5375388976377948
 21
-3.6675194094488188
 31
0
  0
LINE
  5
7C2
330
22
100
AcDbEntity
  8
F.Silkscreen
  6
CONTINUOUS
100
AcDbLine
 10
6.5373512204724404
 20
-3.6689451181102362
 30
0
 11
6.5371066141732284
 21
-3.6691328346456693
 31
0
  0
LINE
  5
7C3
330
22
100
AcDbEntity
  8
F.Silkscreen
  6
CONTINUOUS
100
AcDbLine
 10
6.5375388976377948
 20
-3.6675194094488188
 30
0
 11
6.5376568897637792
 21
-3.6678042519685037
 31
0
  0
LINE
  5
7C4
330
22
100
AcDbEntity
  8
F.Silkscreen
  6
CONTINUOUS
100
AcDbLine
 10
6.5375388976377948
 20
-3.6687005118110236
 30
0
 11
6.5373512204724404
 21
-3.6689451181102362
 31
0
  0
LINE
  5
7C5
330
22
100
AcDbEntity
  8
F.Silkscreen
  6
CONTINUOUS
100
AcDbLine
 10
6.5376568897637792
 20
-3.6678042519685037
 30
0
 11
6.5376971653543308
 21
-3.6681099606299212
 31
0
  0
LINE
  5
7C6
330
22
100
AcDbEntity
  8
F.Silkscreen
  6
CONTINUOUS
100
AcDbLine
 10
6.5376568897637792
 20
-3.6684156299212596
 30
0
 11
6.5375388976377948
 21
-3.6687005118110236
 31
0
  0
LINE
  5
7C7
330
22
100
AcDbEntity
  8
F.Silkscreen
  6
CONTINUOUS
100
AcDbLine
 10
6.5376971653543308
 20
-3.6681099606299212
 30
0
 11
6.5376568897637792
 21
-3.6684156299212596
 31
0
  0
LINE
  5
7C8
330
22
100
AcDbEntity
  8
F.Silkscreen
  6
CONTINUOUS
100
AcDbLine
 10
6.5764959842519684
 20
-3.4792122440944881
 30
0
 11
6.5435825984251963
 21
-3.4792122834645669
 31
0
  0
LINE
  5
7C9
330
22
100
AcDbEntity
  8
F.Silkscreen
  6
CONTINUOUS
100
AcDbLine
 10
6.5435825984251963
 20
-3.4792122834645669
 30
0
 11
6.5472440157480314
 21
-3.4891729133858269
 31
0
  0
LINE
  5
7CA
330
22
100
AcDbEntity
  8
F.Silkscreen
  6
CONTINUOUS
100
AcDbLine
 10
6.5472440157480314
 20
-3.4891729133858269
 30
0
 11
6.5427558267716535
 21
-3.4891729133858269
 31
0
  0
LINE
  5
7CB
330
22
100
AcDbEntity
  8
F.Silkscreen
  6
CONTINUOUS
100
AcDbLine
 10
6.5427558267716535
 20
-3.4891729133858269
 30
0
 11
6.5374408661417318
 21
-3.4749997244094488
 31
0
  0
LINE
  5
7CC
330
22
100
AcDbEntity
  8
F.Silkscreen
  6
CONTINUOUS
100
AcDbLine
 10
6.5374408661417318
 20
-3.4749997244094488
 30
0
 11
6.5374408661417318
 21
-3.4742516929133855
 31
0
  0
LINE
  5
7CD
330
22
100
AcDbEntity
  8
F.Silkscreen
  6
CONTINUOUS
100
AcDbLine
 10
6.5374408661417318
 20
-3.4742516929133855
 30
0
 11
6.5764959842519684
 21
-3.4742516141732285
 31
0
  0
LINE
  5
7CE
330
22
100
AcDbEntity
  8
F.Silkscreen
  6
CONTINUOUS
100
AcDbLine
 10
6.5764959842519684
 20
-3.4742516141732285
 30
0
 11
6.5764959842519684
 21
-3.4792122440944881
 31
0
  0
LINE
  5
7CF
330
22
100
AcDbEntity
  8
F.Silkscreen
  6
CONTINUOUS
100
AcDbLine
 10
6.5764960236220471
 20
-3.503424842519685
 30
0
 11
6.5465354330708658
 21
-3.523031181102362
 31
0
  0
LINE
  5
7D0
330
22
100
AcDbEntity
  8
F.Silkscreen
  6
CONTINUOUS
100
AcDbLine
 10
6.5465354330708658
 20
-3.523031181102362
 30
0
 11
6.5764960629921259
 21
-3.5230311417322833
 31
0
  0
LINE
  5
7D1
330
22
100
AcDbEntity
  8
F.Silkscreen
  6
CONTINUOUS
100
AcDbLine
 10
6.5764960629921259
 20
-3.5230311417322833
 30
0
 11
6.5764960629921259
 21
-3.5281492519685038
 31
0
  0
LINE
  5
7D2
330
22
100
AcDbEntity
  8
F.Silkscreen
  6
CONTINUOUS
100
AcDbLine
 10
6.5764960629921259
 20
-3.5281492519685038
 30
0
 11
6.5376377952755904
 21
-3.5281493307086613
 31
0
  0
LINE
  5
7D3
330
22
100
AcDbEntity
  8
F.Silkscreen
  6
CONTINUOUS
100
AcDbLine
 10
6.5376377952755904
 20
-3.5281493307086613
 30
0
 11
6.5376377952755904
 21
-3.5230312204724408
 31
0
  0
LINE
  5
7D4
330
22
100
AcDbEntity
  8
F.Silkscreen
  6
CONTINUOUS
100
AcDbLine
 10
6.5376377952755904
 20
-3.5230312204724408
 30
0
 11
6.5677164960629923
 21
-3.5033854724409448
 31
0
  0
LINE
  5
7D5
330
22
100
AcDbEntity
  8
F.Silkscreen
  6
CONTINUOUS
100
AcDbLine
 10
6.5677164960629923
 20
-3.5033854724409448
 30
0
 11
6.5376377559055117
 21
-3.5033855511811023
 31
0
  0
LINE
  5
7D6
330
22
100
AcDbEntity
  8
F.Silkscreen
  6
CONTINUOUS
100
AcDbLine
 10
6.5376377559055117
 20
-3.5033855511811023
 30
0
 11
6.5376377559055117
 21
-3.498306811023622
 31
0
  0
LINE
  5
7D7
330
22
100
AcDbEntity
  8
F.Silkscreen
  6
CONTINUOUS
100
AcDbLine
 10
6.5376377559055117
 20
-3.498306811023622
 30
0
 11
6.5764960236220471
 21
-3.4983067322834644
 31
0
  0
LINE
  5
7D8
330
22
100
AcDbEntity
  8
F.Silkscreen
  6
CONTINUOUS
100
AcDbLine
 10
6.5764960236220471
 20
-3.4983067322834644
 30
0
 11
6.5764960236220471
 21
-3.503424842519685
 31
0
  0
LINE
  5
7D9
330
22
100
AcDbEntity
  8
F.Silkscreen
  6
CONTINUOUS
100
AcDbLine
 10
6.5662018897637795
 20
-3.5354937795275592
 30
0
 11
6.5680653937007873
 21
-3.5360164960629921
 31
0
  0
LINE
  5
7DA
330
22
100
AcDbEntity
  8
F.Silkscreen
  6
CONTINUOUS
100
AcDbLine
 10
6.5680653937007873
 20
-3.5360164960629921
 30
0
 11
6.5697637401574802
 21
-3.5367253149606297
 31
0
  0
LINE
  5
7DB
330
22
100
AcDbEntity
  8
F.Silkscreen
  6
CONTINUOUS
100
AcDbLine
 10
6.5697637401574802
 20
-3.5367253149606297
 30
0
 11
6.571428149606299
 21
-3.5377107874015747
 31
0
  0
LINE
  5
7DC
330
22
100
AcDbEntity
  8
F.Silkscreen
  6
CONTINUOUS
100
AcDbLine
 10
6.571428149606299
 20
-3.5377107874015747
 30
0
 11
6.5727811811023624
 21
-3.5388087007874014
 31
0
  0
LINE
  5
7DD
330
22
100
AcDbEntity
  8
F.Silkscreen
  6
CONTINUOUS
100
AcDbLine
 10
6.5727811811023624
 20
-3.5388087007874014
 30
0
 11
6.5740714566929128
 21
-3.5402112598425197
 31
0
  0
LINE
  5
7DE
330
22
100
AcDbEntity
  8
F.Silkscreen
  6
CONTINUOUS
100
AcDbLine
 10
6.5740714566929128
 20
-3.5402112598425197
 30
0
 11
6.575142755905512
 21
-3.5417909842519686
 31
0
  0
LINE
  5
7DF
330
22
100
AcDbEntity
  8
F.Silkscreen
  6
CONTINUOUS
100
AcDbLine
 10
6.575142755905512
 20
-3.5417909842519686
 30
0
 11
6.5759156299212593
 21
-3.5433946850393698
 31
0
  0
LINE
  5
7E0
330
22
100
AcDbEntity
  8
F.Silkscreen
  6
CONTINUOUS
100
AcDbLine
 10
6.5759156299212593
 20
-3.5433946850393698
 30
0
 11
6.5765306692913388
 21
-3.5453139763779529
 31
0
  0
LINE
  5
7E1
330
22
100
AcDbEntity
  8
F.Silkscreen
  6
CONTINUOUS
100
AcDbLine
 10
6.5765306692913388
 20
-3.5453139763779529
 30
0
 11
6.5769282677165357
 21
-3.5475931496062993
 31
0
  0
LINE
  5
7E2
330
22
100
AcDbEntity
  8
F.Silkscreen
  6
CONTINUOUS
100
AcDbLine
 10
6.5769282677165357
 20
-3.5475931496062993
 30
0
 11
6.5770461023622042
 21
-3.5500961811023619
 31
0
  0
LINE
  5
7E3
330
22
100
AcDbEntity
  8
F.Silkscreen
  6
CONTINUOUS
100
AcDbLine
 10
6.5770461023622042
 20
-3.5500961811023619
 30
0
 11
6.5769007480314956
 21
-3.5521696456692911
 31
0
  0
LINE
  5
7E4
330
22
100
AcDbEntity
  8
F.Silkscreen
  6
CONTINUOUS
100
AcDbLine
 10
6.5769007480314956
 20
-3.5521696456692911
 30
0
 11
6.5765132283464567
 21
-3.5541104724409447
 31
0
  0
LINE
  5
7E5
330
22
100
AcDbEntity
  8
F.Silkscreen
  6
CONTINUOUS
100
AcDbLine
 10
6.5765132283464567
 20
-3.5541104724409447
 30
0
 11
6.5762286220472443
 21
-3.5550311417322833
 31
0
  0
LINE
  5
7E6
330
22
100
AcDbEntity
  8
F.Silkscreen
  6
CONTINUOUS
100
AcDbLine
 10
6.5762286220472443
 20
-3.5550311417322833
 30
0
 11
6.5758071653543304
 21
-3.5560921653543307
 31
0
  0
LINE
  5
7E7
330
22
100
AcDbEntity
  8
F.Silkscreen
  6
CONTINUOUS
100
AcDbLine
 10
6.5758071653543304
 20
-3.5560921653543307
 30
0
 11
6.5749109448818892
 21
-3.5577544094488189
 31
0
  0
LINE
  5
7E8
330
22
100
AcDbEntity
  8
F.Silkscreen
  6
CONTINUOUS
100
AcDbLine
 10
6.5749109448818892
 20
-3.5577544094488189
 30
0
 11
6.573772519685039
 21
-3.55928405511811
 31
0
  0
LINE
  5
7E9
330
22
100
AcDbEntity
  8
F.Silkscreen
  6
CONTINUOUS
100
AcDbLine
 10
6.573772519685039
 20
-3.55928405511811
 30
0
 11
6.5725408661417317
 21
-3.5605473228346454
 31
0
  0
LINE
  5
7EA
330
22
100
AcDbEntity
  8
F.Silkscreen
  6
CONTINUOUS
100
AcDbLine
 10
6.5725408661417317
 20
-3.5605473228346454
 30
0
 11
6.5711342125984249
 21
-3.5616833070866143
 31
0
  0
LINE
  5
7EB
330
22
100
AcDbEntity
  8
F.Silkscreen
  6
CONTINUOUS
100
AcDbLine
 10
6.5711342125984249
 20
-3.5616833070866143
 30
0
 11
6.5697716141732281
 21
-3.562555275590551
 31
0
  0
LINE
  5
7EC
330
22
100
AcDbEntity
  8
F.Silkscreen
  6
CONTINUOUS
100
AcDbLine
 10
6.5697716141732281
 20
-3.562555275590551
 30
0
 11
6.5681122440944879
 21
-3.5633818503937009
 31
0
  0
LINE
  5
7ED
330
22
100
AcDbEntity
  8
F.Silkscreen
  6
CONTINUOUS
100
AcDbLine
 10
6.5681122440944879
 20
-3.5633818503937009
 30
0
 11
6.5663189763779526
 21
-3.5640449212598426
 31
0
  0
LINE
  5
7EE
330
22
100
AcDbEntity
  8
F.Silkscreen
  6
CONTINUOUS
100
AcDbLine
 10
6.5663189763779526
 20
-3.5640449212598426
 30
0
 11
6.5643918110236221
 21
-3.5645445275590548
 31
0
  0
LINE
  5
7EF
330
22
100
AcDbEntity
  8
F.Silkscreen
  6
CONTINUOUS
100
AcDbLine
 10
6.5643918110236221
 20
-3.5645445275590548
 30
0
 11
6.5625662992125982
 21
-3.564851338582677
 31
0
  0
LINE
  5
7F0
330
22
100
AcDbEntity
  8
F.Silkscreen
  6
CONTINUOUS
100
AcDbLine
 10
6.5625662992125982
 20
-3.564851338582677
 30
0
 11
6.5603861811023618
 21
-3.5650420866141732
 31
0
  0
LINE
  5
7F1
330
22
100
AcDbEntity
  8
F.Silkscreen
  6
CONTINUOUS
100
AcDbLine
 10
6.5603861811023618
 20
-3.5650420866141732
 30
0
 11
6.5536261417322832
 21
-3.565040275590551
 31
0
  0
LINE
  5
7F2
330
22
100
AcDbEntity
  8
F.Silkscreen
  6
CONTINUOUS
100
AcDbLine
 10
6.5536261417322832
 20
-3.565040275590551
 30
0
 11
6.5515588976377952
 21
-3.5648504724409449
 31
0
  0
LINE
  5
7F3
330
22
100
AcDbEntity
  8
F.Silkscreen
  6
CONTINUOUS
100
AcDbLine
 10
6.5515588976377952
 20
-3.5648504724409449
 30
0
 11
6.5494488976377951
 21
-3.5644680314960628
 31
0
  0
LINE
  5
7F4
330
22
100
AcDbEntity
  8
F.Silkscreen
  6
CONTINUOUS
100
AcDbLine
 10
6.5494488976377951
 20
-3.5644680314960628
 30
0
 11
6.5473220078740155
 21
-3.5638534251968501
 31
0
  0
LINE
  5
7F5
330
22
100
AcDbEntity
  8
F.Silkscreen
  6
CONTINUOUS
100
AcDbLine
 10
6.5473220078740155
 20
-3.5638534251968501
 30
0
 11
6.5453365748031498
 21
-3.5630271653543306
 31
0
  0
LINE
  5
7F6
330
22
100
AcDbEntity
  8
F.Silkscreen
  6
CONTINUOUS
100
AcDbLine
 10
6.5453365748031498
 20
-3.5630271653543306
 30
0
 11
6.5435487795275593
 21
-3.5620105511811024
 31
0
  0
LINE
  5
7F7
330
22
100
AcDbEntity
  8
F.Silkscreen
  6
CONTINUOUS
100
AcDbLine
 10
6.5435487795275593
 20
-3.5620105511811024
 30
0
 11
6.541968582677165
 21
-3.560816653543307
 31
0
  0
LINE
  5
7F8
330
22
100
AcDbEntity
  8
F.Silkscreen
  6
CONTINUOUS
100
AcDbLine
 10
6.541968582677165
 20
-3.560816653543307
 30
0
 11
6.5405118897637795
 21
-3.5593476377952755
 31
0
  0
LINE
  5
7F9
330
22
100
AcDbEntity
  8
F.Silkscreen
  6
CONTINUOUS
100
AcDbLine
 10
6.5405118897637795
 20
-3.5593476377952755
 30
0
 11
6.5392914173228345
 21
-3.5576768897637794
 31
0
  0
LINE
  5
7FA
330
22
100
AcDbEntity
  8
F.Silkscreen
  6
CONTINUOUS
100
AcDbLine
 10
6.5392914173228345
 20
-3.5576768897637794
 30
0
 11
6.5383268503937009
 21
-3.5558338582677163
 31
0
  0
LINE
  5
7FB
330
22
100
AcDbEntity
  8
F.Silkscreen
  6
CONTINUOUS
100
AcDbLine
 10
6.5383268503937009
 20
-3.5558338582677163
 30
0
 11
6.5376728346456687
 21
-3.5539764173228345
 31
0
  0
LINE
  5
7FC
330
22
100
AcDbEntity
  8
F.Silkscreen
  6
CONTINUOUS
100
AcDbLine
 10
6.5376728346456687
 20
-3.5539764173228345
 30
0
 11
6.5372422440944877
 21
-3.5518568897637794
 31
0
  0
LINE
  5
7FD
330
22
100
AcDbEntity
  8
F.Silkscreen
  6
CONTINUOUS
100
AcDbLine
 10
6.5372422440944877
 20
-3.5518568897637794
 30
0
 11
6.5370872047244095
 21
-3.5495946456692913
 31
0
  0
LINE
  5
7FE
330
22
100
AcDbEntity
  8
F.Silkscreen
  6
CONTINUOUS
100
AcDbLine
 10
6.5370872047244095
 20
-3.5495946456692913
 30
0
 11
6.5372084645669286
 21
-3.5472164173228347
 31
0
  0
LINE
  5
7FF
330
22
100
AcDbEntity
  8
F.Silkscreen
  6
CONTINUOUS
100
AcDbLine
 10
6.5372084645669286
 20
-3.5472164173228347
 30
0
 11
6.5373920078740158
 21
-3.5459936220472441
 31
0
  0
LINE
  5
800
330
22
100
AcDbEntity
  8
F.Silkscreen
  6
CONTINUOUS
100
AcDbLine
 10
6.5373920078740158
 20
-3.5459936220472441
 30
0
 11
6.5376153149606298
 21
-3.5449920078740158
 31
0
  0
LINE
  5
801
330
22
100
AcDbEntity
  8
F.Silkscreen
  6
CONTINUOUS
100
AcDbLine
 10
6.5376153149606298
 20
-3.5449920078740158
 30
0
 11
6.5382446062992123
 21
-3.5431174803149608
 31
0
  0
LINE
  5
802
330
22
100
AcDbEntity
  8
F.Silkscreen
  6
CONTINUOUS
100
AcDbLine
 10
6.5382446062992123
 20
-3.5431174803149608
 30
0
 11
6.5390354724409443
 21
-3.5415499212598425
 31
0
  0
LINE
  5
803
330
22
100
AcDbEntity
  8
F.Silkscreen
  6
CONTINUOUS
100
AcDbLine
 10
6.5390354724409443
 20
-3.5415499212598425
 30
0
 11
6.5401316929133859
 21
-3.5400043307086615
 31
0
  0
LINE
  5
804
330
22
100
AcDbEntity
  8
F.Silkscreen
  6
CONTINUOUS
100
AcDbLine
 10
6.5401316929133859
 20
-3.5400043307086615
 30
0
 11
6.5414585826771656
 21
-3.5386408267716534
 31
0
  0
LINE
  5
805
330
22
100
AcDbEntity
  8
F.Silkscreen
  6
CONTINUOUS
100
AcDbLine
 10
6.5414585826771656
 20
-3.5386408267716534
 30
0
 11
6.5429741732283464
 21
-3.5374933858267714
 31
0
  0
LINE
  5
806
330
22
100
AcDbEntity
  8
F.Silkscreen
  6
CONTINUOUS
100
AcDbLine
 10
6.5429741732283464
 20
-3.5374933858267714
 30
0
 11
6.5446752362204723
 21
-3.5365646456692912
 31
0
  0
LINE
  5
807
330
22
100
AcDbEntity
  8
F.Silkscreen
  6
CONTINUOUS
100
AcDbLine
 10
6.5446752362204723
 20
-3.5365646456692912
 30
0
 11
6.5465617716535434
 21
-3.5358546062992127
 31
0
  0
LINE
  5
808
330
22
100
AcDbEntity
  8
F.Silkscreen
  6
CONTINUOUS
100
AcDbLine
 10
6.5465617716535434
 20
-3.5358546062992127
 30
0
 11
6.5486337795275587
 21
-3.5353632677165354
 31
0
  0
LINE
  5
809
330
22
100
AcDbEntity
  8
F.Silkscreen
  6
CONTINUOUS
100
AcDbLine
 10
6.5486337795275587
 20
-3.5353632677165354
 30
0
 11
6.5501181496062992
 21
-3.5351571653543306
 31
0
  0
LINE
  5
80A
330
22
100
AcDbEntity
  8
F.Silkscreen
  6
CONTINUOUS
100
AcDbLine
 10
6.5501181496062992
 20
-3.5351571653543306
 30
0
 11
6.5501181496062992
 21
-3.5403146456692913
 31
0
  0
LINE
  5
80B
330
22
100
AcDbEntity
  8
F.Silkscreen
  6
CONTINUOUS
100
AcDbLine
 10
6.5501181496062992
 20
-3.5403146456692913
 30
0
 11
6.5483364173228349
 21
-3.5406515354330708
 31
0
  0
LINE
  5
80C
330
22
100
AcDbEntity
  8
F.Silkscreen
  6
CONTINUOUS
100
AcDbLine
 10
6.5483364173228349
 20
-3.5406515354330708
 30
0
 11
6.546765905511811
 21
-3.5411183464566927
 31
0
  0
LINE
  5
80D
330
22
100
AcDbEntity
  8
F.Silkscreen
  6
CONTINUOUS
100
AcDbLine
 10
6.546765905511811
 20
-3.5411183464566927
 30
0
 11
6.545406535433071
 21
-3.541715157480315
 31
0
  0
LINE
  5
80E
330
22
100
AcDbEntity
  8
F.Silkscreen
  6
CONTINUOUS
100
AcDbLine
 10
6.545406535433071
 20
-3.541715157480315
 30
0
 11
6.5441787401574798
 21
-3.5425031496062993
 31
0
  0
LINE
  5
80F
330
22
100
AcDbEntity
  8
F.Silkscreen
  6
CONTINUOUS
100
AcDbLine
 10
6.5441787401574798
 20
-3.5425031496062993
 30
0
 11
6.5431948425196849
 21
-3.5434387401574803
 31
0
  0
LINE
  5
810
330
22
100
AcDbEntity
  8
F.Silkscreen
  6
CONTINUOUS
100
AcDbLine
 10
6.5431948425196849
 20
-3.5434387401574803
 30
0
 11
6.5424729921259841
 21
-3.5444435826771654
 31
0
  0
LINE
  5
811
330
22
100
AcDbEntity
  8
F.Silkscreen
  6
CONTINUOUS
100
AcDbLine
 10
6.5424729921259841
 20
-3.5444435826771654
 30
0
 11
6.5418881496062991
 21
-3.5456929133858268
 31
0
  0
LINE
  5
812
330
22
100
AcDbEntity
  8
F.Silkscreen
  6
CONTINUOUS
100
AcDbLine
 10
6.5418881496062991
 20
-3.5456929133858268
 30
0
 11
6.5415239370078737
 21
-3.547008188976378
 31
0
  0
LINE
  5
813
330
22
100
AcDbEntity
  8
F.Silkscreen
  6
CONTINUOUS
100
AcDbLine
 10
6.5415239370078737
 20
-3.547008188976378
 30
0
 11
6.5413405118110237
 21
-3.5483549212598424
 31
0
  0
LINE
  5
814
330
22
100
AcDbEntity
  8
F.Silkscreen
  6
CONTINUOUS
100
AcDbLine
 10
6.5413405118110237
 20
-3.5483549212598424
 30
0
 11
6.5413072440944884
 21
-3.5499052362204724
 31
0
  0
LINE
  5
815
330
22
100
AcDbEntity
  8
F.Silkscreen
  6
CONTINUOUS
100
AcDbLine
 10
6.5413072440944884
 20
-3.5499052362204724
 30
0
 11
6.5414266141732282
 21
-3.551219251968504
 31
0
  0
LINE
  5
816
330
22
100
AcDbEntity
  8
F.Silkscreen
  6
CONTINUOUS
100
AcDbLine
 10
6.5414266141732282
 20
-3.551219251968504
 30
0
 11
6.5416892519685037
 21
-3.5524492125984253
 31
0
  0
LINE
  5
817
330
22
100
AcDbEntity
  8
F.Silkscreen
  6
CONTINUOUS
100
AcDbLine
 10
6.5416892519685037
 20
-3.5524492125984253
 30
0
 11
6.5420951574803148
 21
-3.5535950787401576
 31
0
  0
LINE
  5
818
330
22
100
AcDbEntity
  8
F.Silkscreen
  6
CONTINUOUS
100
AcDbLine
 10
6.5420951574803148
 20
-3.5535950787401576
 30
0
 11
6.5426442913385827
 21
-3.5546568503937008
 31
0
  0
LINE
  5
819
330
22
100
AcDbEntity
  8
F.Silkscreen
  6
CONTINUOUS
100
AcDbLine
 10
6.5426442913385827
 20
-3.5546568503937008
 30
0
 11
6.543422440944882
 21
-3.5557379921259842
 31
0
  0
LINE
  5
81A
330
22
100
AcDbEntity
  8
F.Silkscreen
  6
CONTINUOUS
100
AcDbLine
 10
6.543422440944882
 20
-3.5557379921259842
 30
0
 11
6.544274015748031
 21
-3.5566222440944881
 31
0
  0
LINE
  5
81B
330
22
100
AcDbEntity
  8
F.Silkscreen
  6
CONTINUOUS
100
AcDbLine
 10
6.544274015748031
 20
-3.5566222440944881
 30
0
 11
6.5455119291338582
 21
-3.5575788582677164
 31
0
  0
LINE
  5
81C
330
22
100
AcDbEntity
  8
F.Silkscreen
  6
CONTINUOUS
100
AcDbLine
 10
6.5455119291338582
 20
-3.5575788582677164
 30
0
 11
6.5469414960629919
 21
-3.5583707480314959
 31
0
  0
LINE
  5
81D
330
22
100
AcDbEntity
  8
F.Silkscreen
  6
CONTINUOUS
100
AcDbLine
 10
6.5469414960629919
 20
-3.5583707480314959
 30
0
 11
6.5485501968503934
 21
-3.5589998425196852
 31
0
  0
LINE
  5
81E
330
22
100
AcDbEntity
  8
F.Silkscreen
  6
CONTINUOUS
100
AcDbLine
 10
6.5485501968503934
 20
-3.5589998425196852
 30
0
 11
6.5503379921259839
 21
-3.5594661023622045
 31
0
  0
LINE
  5
81F
330
22
100
AcDbEntity
  8
F.Silkscreen
  6
CONTINUOUS
100
AcDbLine
 10
6.5503379921259839
 20
-3.5594661023622045
 30
0
 11
6.5521186614173228
 21
-3.5597487007874014
 31
0
  0
LINE
  5
820
330
22
100
AcDbEntity
  8
F.Silkscreen
  6
CONTINUOUS
100
AcDbLine
 10
6.5521186614173228
 20
-3.5597487007874014
 30
0
 11
6.553847874015748
 21
-3.5598879921259843
 31
0
  0
LINE
  5
821
330
22
100
AcDbEntity
  8
F.Silkscreen
  6
CONTINUOUS
100
AcDbLine
 10
6.553847874015748
 20
-3.5598879921259843
 30
0
 11
6.5599903543307088
 21
-3.5599048425196851
 31
0
  0
LINE
  5
822
330
22
100
AcDbEntity
  8
F.Silkscreen
  6
CONTINUOUS
100
AcDbLine
 10
6.5599903543307088
 20
-3.5599048425196851
 30
0
 11
6.5616646062992121
 21
-3.5597946850393698
 31
0
  0
LINE
  5
823
330
22
100
AcDbEntity
  8
F.Silkscreen
  6
CONTINUOUS
100
AcDbLine
 10
6.5616646062992121
 20
-3.5597946850393698
 30
0
 11
6.5634043700787403
 21
-3.5595499999999998
 31
0
  0
LINE
  5
824
330
22
100
AcDbEntity
  8
F.Silkscreen
  6
CONTINUOUS
100
AcDbLine
 10
6.5634043700787403
 20
-3.5595499999999998
 30
0
 11
6.5650172440944878
 21
-3.5591764566929132
 31
0
  0
LINE
  5
825
330
22
100
AcDbEntity
  8
F.Silkscreen
  6
CONTINUOUS
100
AcDbLine
 10
6.5650172440944878
 20
-3.5591764566929132
 30
0
 11
6.5663603149606296
 21
-3.5587301574803147
 31
0
  0
LINE
  5
826
330
22
100
AcDbEntity
  8
F.Silkscreen
  6
CONTINUOUS
100
AcDbLine
 10
6.5663603149606296
 20
-3.5587301574803147
 30
0
 11
6.5677321259842518
 21
-3.5581119291338581
 31
0
  0
LINE
  5
827
330
22
100
AcDbEntity
  8
F.Silkscreen
  6
CONTINUOUS
100
AcDbLine
 10
6.5677321259842518
 20
-3.5581119291338581
 30
0
 11
6.5688582677165357
 21
-3.5574453937007875
 31
0
  0
LINE
  5
828
330
22
100
AcDbEntity
  8
F.Silkscreen
  6
CONTINUOUS
100
AcDbLine
 10
6.5688582677165357
 20
-3.5574453937007875
 30
0
 11
6.5699711417322835
 21
-3.5565904330708662
 31
0
  0
LINE
  5
829
330
22
100
AcDbEntity
  8
F.Silkscreen
  6
CONTINUOUS
100
AcDbLine
 10
6.5699711417322835
 20
-3.5565904330708662
 30
0
 11
6.5708176377952752
 21
-3.555731771653543
 31
0
  0
LINE
  5
82A
330
22
100
AcDbEntity
  8
F.Silkscreen
  6
CONTINUOUS
100
AcDbLine
 10
6.5708176377952752
 20
-3.555731771653543
 30
0
 11
6.5715161811023624
 21
-3.5547890157480313
 31
0
  0
LINE
  5
82B
330
22
100
AcDbEntity
  8
F.Silkscreen
  6
CONTINUOUS
100
AcDbLine
 10
6.5715161811023624
 20
-3.5547890157480313
 30
0
 11
6.5720667716535432
 21
-3.5537622047244093
 31
0
  0
LINE
  5
82C
330
22
100
AcDbEntity
  8
F.Silkscreen
  6
CONTINUOUS
100
AcDbLine
 10
6.5720667716535432
 20
-3.5537622047244093
 30
0
 11
6.5724694488188975
 21
-3.5526512992125983
 31
0
  0
LINE
  5
82D
330
22
100
AcDbEntity
  8
F.Silkscreen
  6
CONTINUOUS
100
AcDbLine
 10
6.5724694488188975
 20
-3.5526512992125983
 30
0
 11
6.5727242125984251
 21
-3.5514562598425194
 31
0
  0
LINE
  5
82E
330
22
100
AcDbEntity
  8
F.Silkscreen
  6
CONTINUOUS
100
AcDbLine
 10
6.5727242125984251
 20
-3.5514562598425194
 30
0
 11
6.572831062992126
 21
-3.5501772047244096
 31
0
  0
LINE
  5
82F
330
22
100
AcDbEntity
  8
F.Silkscreen
  6
CONTINUOUS
100
AcDbLine
 10
6.572831062992126
 20
-3.5501772047244096
 30
0
 11
6.5727875984251964
 21
-3.5486008661417321
 31
0
  0
LINE
  5
830
330
22
100
AcDbEntity
  8
F.Silkscreen
  6
CONTINUOUS
100
AcDbLine
 10
6.5727875984251964
 20
-3.5486008661417321
 30
0
 11
6.5726067322834645
 21
-3.5471909055118109
 31
0
  0
LINE
  5
831
330
22
100
AcDbEntity
  8
F.Silkscreen
  6
CONTINUOUS
100
AcDbLine
 10
6.5726067322834645
 20
-3.5471909055118109
 30
0
 11
6.5722902362204723
 21
-3.5459193700787401
 31
0
  0
LINE
  5
832
330
22
100
AcDbEntity
  8
F.Silkscreen
  6
CONTINUOUS
100
AcDbLine
 10
6.5722902362204723
 20
-3.5459193700787401
 30
0
 11
6.5718381102362207
 21
-3.5447862598425197
 31
0
  0
LINE
  5
833
330
22
100
AcDbEntity
  8
F.Silkscreen
  6
CONTINUOUS
100
AcDbLine
 10
6.5718381102362207
 20
-3.5447862598425197
 30
0
 11
6.5712503149606301
 21
-3.5437915354330709
 31
0
  0
LINE
  5
834
330
22
100
AcDbEntity
  8
F.Silkscreen
  6
CONTINUOUS
100
AcDbLine
 10
6.5712503149606301
 20
-3.5437915354330709
 30
0
 11
6.570518582677165
 21
-3.5429314566929131
 31
0
  0
LINE
  5
835
330
22
100
AcDbEntity
  8
F.Silkscreen
  6
CONTINUOUS
100
AcDbLine
 10
6.570518582677165
 20
-3.5429314566929131
 30
0
 11
6.569677913385827
 21
-3.5422413385826772
 31
0
  0
LINE
  5
836
330
22
100
AcDbEntity
  8
F.Silkscreen
  6
CONTINUOUS
100
AcDbLine
 10
6.569677913385827
 20
-3.5422413385826772
 30
0
 11
6.5685671653543309
 21
-3.541591968503937
 31
0
  0
LINE
  5
837
330
22
100
AcDbEntity
  8
F.Silkscreen
  6
CONTINUOUS
100
AcDbLine
 10
6.5685671653543309
 20
-3.541591968503937
 30
0
 11
6.5673714566929133
 21
-3.5410915748031497
 31
0
  0
LINE
  5
838
330
22
100
AcDbEntity
  8
F.Silkscreen
  6
CONTINUOUS
100
AcDbLine
 10
6.5673714566929133
 20
-3.5410915748031497
 30
0
 11
6.56587342519685
 21
-3.540649094488189
 31
0
  0
LINE
  5
839
330
22
100
AcDbEntity
  8
F.Silkscreen
  6
CONTINUOUS
100
AcDbLine
 10
6.56587342519685
 20
-3.540649094488189
 30
0
 11
6.5641732677165354
 21
-3.5403146062992126
 31
0
  0
LINE
  5
83A
330
22
100
AcDbEntity
  8
F.Silkscreen
  6
CONTINUOUS
100
AcDbLine
 10
6.5641732677165354
 20
-3.5403146062992126
 30
0
 11
6.5641732677165354
 21
-3.5351571259842518
 31
0
  0
LINE
  5
83B
330
22
100
AcDbEntity
  8
F.Silkscreen
  6
CONTINUOUS
100
AcDbLine
 10
6.5641732677165354
 20
-3.5351571259842518
 30
0
 11
6.5662018897637795
 21
-3.5354937795275592
 31
0
  0
LINE
  5
83C
330
22
100
AcDbEntity
  8
F.Silkscreen
  6
CONTINUOUS
100
AcDbLine
 10
5.2058151574803144
 20
-4.1777876771653544
 30
0
 11
5.2058147637795278
 21
-4.1205357086614169
 31
0
  0
LINE
  5
83D
330
22
100
AcDbEntity
  8
F.Silkscreen
  6
CONTINUOUS
100
AcDbLine
 10
5.2774687007874013
 20
-4.1777871259842518
 30
0
 11
5.2774683070866137
 21
-4.1205351574803153
 31
0
  0
LINE
  5
83E
330
22
100
AcDbEntity
  8
F.Silkscreen
  6
CONTINUOUS
100
AcDbLine
 10
5.334771889763779
 20
-4.1802631102362202
 30
0
 11
5.3018585039370079
 21
-4.1802633464566927
 31
0
  0
LINE
  5
83F
330
22
100
AcDbEntity
  8
F.Silkscreen
  6
CONTINUOUS
100
AcDbLine
 10
5.3018585039370079
 20
-4.1802633464566927
 30
0
 11
5.3055199999999996
 21
-4.1902239370078735
 31
0
  0
LINE
  5
840
330
22
100
AcDbEntity
  8
F.Silkscreen
  6
CONTINUOUS
100
AcDbLine
 10
5.3055199999999996
 20
-4.1902239370078735
 30
0
 11
5.3010318110236216
 21
-4.1902239763779523
 31
0
  0
LINE
  5
841
330
22
100
AcDbEntity
  8
F.Silkscreen
  6
CONTINUOUS
100
AcDbLine
 10
5.3010318110236216
 20
-4.1902239763779523
 30
0
 11
5.2957167322834646
 21
-4.1760507874015751
 31
0
  0
LINE
  5
842
330
22
100
AcDbEntity
  8
F.Silkscreen
  6
CONTINUOUS
100
AcDbLine
 10
5.2957167322834646
 20
-4.1760507874015751
 30
0
 11
5.2957167322834646
 21
-4.1753027559055118
 31
0
  0
LINE
  5
843
330
22
100
AcDbEntity
  8
F.Silkscreen
  6
CONTINUOUS
100
AcDbLine
 10
5.2957167322834646
 20
-4.1753027559055118
 30
0
 11
5.3347718503937003
 21
-4.1753024803149605
 31
0
  0
LINE
  5
844
330
22
100
AcDbEntity
  8
F.Silkscreen
  6
CONTINUOUS
100
AcDbLine
 10
5.3347718503937003
 20
-4.1753024803149605
 30
0
 11
5.334771889763779
 21
-4.1802631102362202
 31
0
  0
LINE
  5
845
330
22
100
AcDbEntity
  8
F.Silkscreen
  6
CONTINUOUS
100
AcDbLine
 10
5.3347716141732286
 20
-4.1421922440944883
 30
0
 11
5.3213858661417319
 21
-4.1522316929133858
 31
0
  0
LINE
  5
846
330
22
100
AcDbEntity
  8
F.Silkscreen
  6
CONTINUOUS
100
AcDbLine
 10
5.3213858661417319
 20
-4.1522316929133858
 30
0
 11
5.3246142125984255
 21
-4.1553419291338578
 31
0
  0
LINE
  5
847
330
22
100
AcDbEntity
  8
F.Silkscreen
  6
CONTINUOUS
100
AcDbLine
 10
5.3246142125984255
 20
-4.1553419291338578
 30
0
 11
5.3347716929133853
 21
-4.1553418503937003
 31
0
  0
LINE
  5
848
330
22
100
AcDbEntity
  8
F.Silkscreen
  6
CONTINUOUS
100
AcDbLine
 10
5.3347716929133853
 20
-4.1553418503937003
 30
0
 11
5.334771732283464
 21
-4.1602631102362206
 31
0
  0
LINE
  5
849
330
22
100
AcDbEntity
  8
F.Silkscreen
  6
CONTINUOUS
100
AcDbLine
 10
5.334771732283464
 20
-4.1602631102362206
 30
0
 11
5.2937481102362201
 21
-4.1602633858267719
 31
0
  0
LINE
  5
84A
330
22
100
AcDbEntity
  8
F.Silkscreen
  6
CONTINUOUS
100
AcDbLine
 10
5.2937481102362201
 20
-4.1602633858267719
 30
0
 11
5.2937480708661413
 21
-4.1553421259842516
 31
0
  0
LINE
  5
84B
330
22
100
AcDbEntity
  8
F.Silkscreen
  6
CONTINUOUS
100
AcDbLine
 10
5.2937480708661413
 20
-4.1553421259842516
 30
0
 11
5.3185512204724406
 21
-4.1553419685039366
 31
0
  0
LINE
  5
84C
330
22
100
AcDbEntity
  8
F.Silkscreen
  6
CONTINUOUS
100
AcDbLine
 10
5.3185512204724406
 20
-4.1553419685039366
 30
0
 11
5.3154016141732283
 21
-4.1527041732283463
 31
0
  0
LINE
  5
84D
330
22
100
AcDbEntity
  8
F.Silkscreen
  6
CONTINUOUS
100
AcDbLine
 10
5.3154016141732283
 20
-4.1527041732283463
 30
0
 11
5.3058739763779528
 21
-4.1436885039370077
 31
0
  0
LINE
  5
84E
330
22
100
AcDbEntity
  8
F.Silkscreen
  6
CONTINUOUS
100
AcDbLine
 10
5.3058739763779528
 20
-4.1436885039370077
 30
0
 11
5.305873937007874
 21
-4.1377042519685041
 31
0
  0
LINE
  5
84F
330
22
100
AcDbEntity
  8
F.Silkscreen
  6
CONTINUOUS
100
AcDbLine
 10
5.305873937007874
 20
-4.1377042519685041
 30
0
 11
5.3179606299212594
 21
-4.1489246456692914
 31
0
  0
LINE
  5
850
330
22
100
AcDbEntity
  8
F.Silkscreen
  6
CONTINUOUS
100
AcDbLine
 10
5.3179606299212594
 20
-4.1489246456692914
 30
0
 11
5.3347715748031499
 21
-4.1363654724409447
 31
0
  0
LINE
  5
851
330
22
100
AcDbEntity
  8
F.Silkscreen
  6
CONTINUOUS
100
AcDbLine
 10
5.3347715748031499
 20
-4.1363654724409447
 30
0
 11
5.3347716141732286
 21
-4.1421922440944883
 31
0
  0
LINE
  5
852
330
22
100
AcDbEntity
  8
F.Silkscreen
  6
CONTINUOUS
100
AcDbLine
 10
5.1914646062992125
 20
-4.1531381496062991
 30
0
 11
5.1757559842519685
 21
-4.161563464566929
 31
0
  0
LINE
  5
853
330
22
100
AcDbEntity
  8
F.Silkscreen
  6
CONTINUOUS
100
AcDbLine
 10
5.1757559842519685
 20
-4.161563464566929
 30
0
 11
5.175756062992126
 21
-4.1706973228346458
 31
0
  0
LINE
  5
854
330
22
100
AcDbEntity
  8
F.Silkscreen
  6
CONTINUOUS
100
AcDbLine
 10
5.175756062992126
 20
-4.1706973228346458
 30
0
 11
5.1914647244094487
 21
-4.1706972047244095
 31
0
  0
LINE
  5
855
330
22
100
AcDbEntity
  8
F.Silkscreen
  6
CONTINUOUS
100
AcDbLine
 10
5.1914647244094487
 20
-4.1706972047244095
 30
0
 11
5.1914647637795275
 21
-4.1758546850393703
 31
0
  0
LINE
  5
856
330
22
100
AcDbEntity
  8
F.Silkscreen
  6
CONTINUOUS
100
AcDbLine
 10
5.1914647637795275
 20
-4.1758546850393703
 30
0
 11
5.152606496062992
 21
-4.1758550000000003
 31
0
  0
LINE
  5
857
330
22
100
AcDbEntity
  8
F.Silkscreen
  6
CONTINUOUS
100
AcDbLine
 10
5.152606496062992
 20
-4.1758550000000003
 30
0
 11
5.1526089763779526
 21
-4.1706974803149608
 31
0
  0
LINE
  5
858
330
22
100
AcDbEntity
  8
F.Silkscreen
  6
CONTINUOUS
100
AcDbLine
 10
5.1526089763779526
 20
-4.1706974803149608
 30
0
 11
5.1568190551181106
 21
-4.1706974803149608
 31
0
  0
LINE
  5
859
330
22
100
AcDbEntity
  8
F.Silkscreen
  6
CONTINUOUS
100
AcDbLine
 10
5.1568190551181106
 20
-4.1706974803149608
 30
0
 11
5.1715434645669287
 21
-4.1706973622047245
 31
0
  0
LINE
  5
85A
330
22
100
AcDbEntity
  8
F.Silkscreen
  6
CONTINUOUS
100
AcDbLine
 10
5.1715434645669287
 20
-4.1706973622047245
 30
0
 11
5.1715429133858271
 21
-4.1627044094488186
 31
0
  0
LINE
  5
85B
330
22
100
AcDbEntity
  8
F.Silkscreen
  6
CONTINUOUS
100
AcDbLine
 10
5.1715429133858271
 20
-4.1627044094488186
 30
0
 11
5.1714352755905511
 21
-4.1611197637795279
 31
0
  0
LINE
  5
85C
330
22
100
AcDbEntity
  8
F.Silkscreen
  6
CONTINUOUS
100
AcDbLine
 10
5.1714352755905511
 20
-4.1611197637795279
 30
0
 11
5.1711930314960632
 21
-4.1598814566929132
 31
0
  0
LINE
  5
85D
330
22
100
AcDbEntity
  8
F.Silkscreen
  6
CONTINUOUS
100
AcDbLine
 10
5.1711930314960632
 20
-4.1598814566929132
 30
0
 11
5.1708124015748034
 21
-4.1587538582677164
 31
0
  0
LINE
  5
85E
330
22
100
AcDbEntity
  8
F.Silkscreen
  6
CONTINUOUS
100
AcDbLine
 10
5.1708124015748034
 20
-4.1587538582677164
 30
0
 11
5.1703418897637796
 21
-4.1578175196850395
 31
0
  0
LINE
  5
85F
330
22
100
AcDbEntity
  8
F.Silkscreen
  6
CONTINUOUS
100
AcDbLine
 10
5.1703418897637796
 20
-4.1578175196850395
 30
0
 11
5.1696959842519687
 21
-4.1569021653543308
 31
0
  0
LINE
  5
860
330
22
100
AcDbEntity
  8
F.Silkscreen
  6
CONTINUOUS
100
AcDbLine
 10
5.1696959842519687
 20
-4.1569021653543308
 30
0
 11
5.168719921259842
 21
-4.1559412992125981
 31
0
  0
LINE
  5
861
330
22
100
AcDbEntity
  8
F.Silkscreen
  6
CONTINUOUS
100
AcDbLine
 10
5.168719921259842
 20
-4.1559412992125981
 30
0
 11
5.1675961811023621
 21
-4.1552263385826773
 31
0
  0
LINE
  5
862
330
22
100
AcDbEntity
  8
F.Silkscreen
  6
CONTINUOUS
100
AcDbLine
 10
5.1675961811023621
 20
-4.1552263385826773
 30
0
 11
5.1663253937007871
 21
-4.1547579133858266
 31
0
  0
LINE
  5
863
330
22
100
AcDbEntity
  8
F.Silkscreen
  6
CONTINUOUS
100
AcDbLine
 10
5.1663253937007871
 20
-4.1547579133858266
 30
0
 11
5.1650066535433066
 21
-4.1545431496062992
 31
0
  0
LINE
  5
864
330
22
100
AcDbEntity
  8
F.Silkscreen
  6
CONTINUOUS
100
AcDbLine
 10
5.1650066535433066
 20
-4.1545431496062992
 30
0
 11
5.1633140157480311
 21
-4.1545583464566924
 31
0
  0
LINE
  5
865
330
22
100
AcDbEntity
  8
F.Silkscreen
  6
CONTINUOUS
100
AcDbLine
 10
5.1633140157480311
 20
-4.1545583464566924
 30
0
 11
5.1618207874015747
 21
-4.1548153149606302
 31
0
  0
LINE
  5
866
330
22
100
AcDbEntity
  8
F.Silkscreen
  6
CONTINUOUS
100
AcDbLine
 10
5.1618207874015747
 20
-4.1548153149606302
 30
0
 11
5.1605135433070863
 21
-4.1553057874015744
 31
0
  0
LINE
  5
867
330
22
100
AcDbEntity
  8
F.Silkscreen
  6
CONTINUOUS
100
AcDbLine
 10
5.1605135433070863
 20
-4.1553057874015744
 30
0
 11
5.1598923622047241
 21
-4.1556629133858269
 31
0
  0
LINE
  5
868
330
22
100
AcDbEntity
  8
F.Silkscreen
  6
CONTINUOUS
100
AcDbLine
 10
5.1598923622047241
 20
-4.1556629133858269
 30
0
 11
5.1593241338582674
 21
-4.156086456692913
 31
0
  0
LINE
  5
869
330
22
100
AcDbEntity
  8
F.Silkscreen
  6
CONTINUOUS
100
AcDbLine
 10
5.1593241338582674
 20
-4.156086456692913
 30
0
 11
5.1585144881889766
 21
-4.156920393700787
 31
0
  0
LINE
  5
86A
330
22
100
AcDbEntity
  8
F.Silkscreen
  6
CONTINUOUS
100
AcDbLine
 10
5.1585144881889766
 20
-4.156920393700787
 30
0
 11
5.1578593700787403
 21
-4.1579260236220472
 31
0
  0
LINE
  5
86B
330
22
100
AcDbEntity
  8
F.Silkscreen
  6
CONTINUOUS
100
AcDbLine
 10
5.1578593700787403
 20
-4.1579260236220472
 30
0
 11
5.1573634251968503
 21
-4.1590875984251969
 31
0
  0
LINE
  5
86C
330
22
100
AcDbEntity
  8
F.Silkscreen
  6
CONTINUOUS
100
AcDbLine
 10
5.1573634251968503
 20
-4.1590875984251969
 30
0
 11
5.1570073622047241
 21
-4.1605129133858263
 31
0
  0
LINE
  5
86D
330
22
100
AcDbEntity
  8
F.Silkscreen
  6
CONTINUOUS
100
AcDbLine
 10
5.1570073622047241
 20
-4.1605129133858263
 30
0
 11
5.1568759842519682
 21
-4.1615247244094489
 31
0
  0
LINE
  5
86E
330
22
100
AcDbEntity
  8
F.Silkscreen
  6
CONTINUOUS
100
AcDbLine
 10
5.1568759842519682
 20
-4.1615247244094489
 30
0
 11
5.1568208661417323
 21
-4.1626112204724413
 31
0
  0
LINE
  5
86F
330
22
100
AcDbEntity
  8
F.Silkscreen
  6
CONTINUOUS
100
AcDbLine
 10
5.1568208661417323
 20
-4.1626112204724413
 30
0
 11
5.1568190551181106
 21
-4.1706974803149608
 31
0
  0
LINE
  5
870
330
22
100
AcDbEntity
  8
F.Silkscreen
  6
CONTINUOUS
100
AcDbLine
 10
5.1568190551181106
 20
-4.1706974803149608
 30
0
 11
5.1526089763779526
 21
-4.1706974803149608
 31
0
  0
LINE
  5
871
330
22
100
AcDbEntity
  8
F.Silkscreen
  6
CONTINUOUS
100
AcDbLine
 10
5.1526089763779526
 20
-4.1706974803149608
 30
0
 11
5.1526129527559057
 21
-4.1623713385826768
 31
0
  0
LINE
  5
872
330
22
100
AcDbEntity
  8
F.Silkscreen
  6
CONTINUOUS
100
AcDbLine
 10
5.1526129527559057
 20
-4.1623713385826768
 30
0
 11
5.1527495669291339
 21
-4.1602514566929134
 31
0
  0
LINE
  5
873
330
22
100
AcDbEntity
  8
F.Silkscreen
  6
CONTINUOUS
100
AcDbLine
 10
5.1527495669291339
 20
-4.1602514566929134
 30
0
 11
5.1530271259842522
 21
-4.1584816929133854
 31
0
  0
LINE
  5
874
330
22
100
AcDbEntity
  8
F.Silkscreen
  6
CONTINUOUS
100
AcDbLine
 10
5.1530271259842522
 20
-4.1584816929133854
 30
0
 11
5.1533543700787403
 21
-4.1571738582677167
 31
0
  0
LINE
  5
875
330
22
100
AcDbEntity
  8
F.Silkscreen
  6
CONTINUOUS
100
AcDbLine
 10
5.1533543700787403
 20
-4.1571738582677167
 30
0
 11
5.1537174409448818
 21
-4.1561082677165357
 31
0
  0
LINE
  5
876
330
22
100
AcDbEntity
  8
F.Silkscreen
  6
CONTINUOUS
100
AcDbLine
 10
5.1537174409448818
 20
-4.1561082677165357
 30
0
 11
5.1542199999999996
 21
-4.1549803543307089
 31
0
  0
LINE
  5
877
330
22
100
AcDbEntity
  8
F.Silkscreen
  6
CONTINUOUS
100
AcDbLine
 10
5.1542199999999996
 20
-4.1549803543307089
 30
0
 11
5.1547364566929135
 21
-4.1540721653543304
 31
0
  0
LINE
  5
878
330
22
100
AcDbEntity
  8
F.Silkscreen
  6
CONTINUOUS
100
AcDbLine
 10
5.1547364566929135
 20
-4.1540721653543304
 30
0
 11
5.1554143700787405
 21
-4.1531242125984251
 31
0
  0
LINE
  5
879
330
22
100
AcDbEntity
  8
F.Silkscreen
  6
CONTINUOUS
100
AcDbLine
 10
5.1554143700787405
 20
-4.1531242125984251
 30
0
 11
5.1561766535433069
 21
-4.152268976377953
 31
0
  0
LINE
  5
87A
330
22
100
AcDbEntity
  8
F.Silkscreen
  6
CONTINUOUS
100
AcDbLine
 10
5.1561766535433069
 20
-4.152268976377953
 30
0
 11
5.1570240157480312
 21
-4.151521535433071
 31
0
  0
LINE
  5
87B
330
22
100
AcDbEntity
  8
F.Silkscreen
  6
CONTINUOUS
100
AcDbLine
 10
5.1570240157480312
 20
-4.151521535433071
 30
0
 11
5.1578371259842521
 21
-4.1509583858267716
 31
0
  0
LINE
  5
87C
330
22
100
AcDbEntity
  8
F.Silkscreen
  6
CONTINUOUS
100
AcDbLine
 10
5.1578371259842521
 20
-4.1509583858267716
 30
0
 11
5.1588483070866138
 21
-4.1504185826771653
 31
0
  0
LINE
  5
87D
330
22
100
AcDbEntity
  8
F.Silkscreen
  6
CONTINUOUS
100
AcDbLine
 10
5.1588483070866138
 20
-4.1504185826771653
 30
0
 11
5.1599468110236222
 21
-4.1499894881889761
 31
0
  0
LINE
  5
87E
330
22
100
AcDbEntity
  8
F.Silkscreen
  6
CONTINUOUS
100
AcDbLine
 10
5.1599468110236222
 20
-4.1499894881889761
 30
0
 11
5.1612870472440946
 21
-4.1496391338582672
 31
0
  0
LINE
  5
87F
330
22
100
AcDbEntity
  8
F.Silkscreen
  6
CONTINUOUS
100
AcDbLine
 10
5.1612870472440946
 20
-4.1496391338582672
 30
0
 11
5.1625711811023622
 21
-4.1494453543307088
 31
0
  0
LINE
  5
880
330
22
100
AcDbEntity
  8
F.Silkscreen
  6
CONTINUOUS
100
AcDbLine
 10
5.1625711811023622
 20
-4.1494453543307088
 30
0
 11
5.1641202755905509
 21
-4.1493596850393697
 31
0
  0
LINE
  5
881
330
22
100
AcDbEntity
  8
F.Silkscreen
  6
CONTINUOUS
100
AcDbLine
 10
5.1641202755905509
 20
-4.1493596850393697
 30
0
 11
5.1654080314960629
 21
-4.1494059448818899
 31
0
  0
LINE
  5
882
330
22
100
AcDbEntity
  8
F.Silkscreen
  6
CONTINUOUS
100
AcDbLine
 10
5.1654080314960629
 20
-4.1494059448818899
 30
0
 11
5.1666777165354327
 21
-4.1495867716535431
 31
0
  0
LINE
  5
883
330
22
100
AcDbEntity
  8
F.Silkscreen
  6
CONTINUOUS
100
AcDbLine
 10
5.1666777165354327
 20
-4.1495867716535431
 30
0
 11
5.1679782283464561
 21
-4.1499357480314956
 31
0
  0
LINE
  5
884
330
22
100
AcDbEntity
  8
F.Silkscreen
  6
CONTINUOUS
100
AcDbLine
 10
5.1679782283464561
 20
-4.1499357480314956
 30
0
 11
5.1691095275590548
 21
-4.1503992125984253
 31
0
  0
LINE
  5
885
330
22
100
AcDbEntity
  8
F.Silkscreen
  6
CONTINUOUS
100
AcDbLine
 10
5.1691095275590548
 20
-4.1503992125984253
 30
0
 11
5.1700881496062987
 21
-4.1509431889763775
 31
0
  0
LINE
  5
886
330
22
100
AcDbEntity
  8
F.Silkscreen
  6
CONTINUOUS
100
AcDbLine
 10
5.1700881496062987
 20
-4.1509431889763775
 30
0
 11
5.1710956692913381
 21
-4.1516705118110231
 31
0
  0
LINE
  5
887
330
22
100
AcDbEntity
  8
F.Silkscreen
  6
CONTINUOUS
100
AcDbLine
 10
5.1710956692913381
 20
-4.1516705118110231
 30
0
 11
5.1720175196850393
 21
-4.1525166535433069
 31
0
  0
LINE
  5
888
330
22
100
AcDbEntity
  8
F.Silkscreen
  6
CONTINUOUS
100
AcDbLine
 10
5.1720175196850393
 20
-4.1525166535433069
 30
0
 11
5.1727774015748027
 21
-4.1533871259842519
 31
0
  0
LINE
  5
889
330
22
100
AcDbEntity
  8
F.Silkscreen
  6
CONTINUOUS
100
AcDbLine
 10
5.1727774015748027
 20
-4.1533871259842519
 30
0
 11
5.1735135039370075
 21
-4.1544401968503939
 31
0
  0
LINE
  5
88A
330
22
100
AcDbEntity
  8
F.Silkscreen
  6
CONTINUOUS
100
AcDbLine
 10
5.1735135039370075
 20
-4.1544401968503939
 30
0
 11
5.1741527559055118
 21
-4.1556012204724411
 31
0
  0
LINE
  5
88B
330
22
100
AcDbEntity
  8
F.Silkscreen
  6
CONTINUOUS
100
AcDbLine
 10
5.1741527559055118
 20
-4.1556012204724411
 30
0
 11
5.1746535826771654
 21
-4.1567603149606303
 31
0
  0
LINE
  5
88C
330
22
100
AcDbEntity
  8
F.Silkscreen
  6
CONTINUOUS
100
AcDbLine
 10
5.1746535826771654
 20
-4.1567603149606303
 30
0
 11
5.1911496062992128
 21
-4.1476263385826773
 31
0
  0
LINE
  5
88D
330
22
100
AcDbEntity
  8
F.Silkscreen
  6
CONTINUOUS
100
AcDbLine
 10
5.1911496062992128
 20
-4.1476263385826773
 30
0
 11
5.1914645669291337
 21
-4.1476263385826773
 31
0
  0
LINE
  5
88E
330
22
100
AcDbEntity
  8
F.Silkscreen
  6
CONTINUOUS
100
AcDbLine
 10
5.1914645669291337
 20
-4.1476263385826773
 30
0
 11
5.1914646062992125
 21
-4.1531381496062991
 31
0
  0
LINE
  5
88F
330
22
100
AcDbEntity
  8
F.Silkscreen
  6
CONTINUOUS
100
AcDbLine
 10
5.191464527559055
 20
-4.1434531102362202
 30
0
 11
5.1879212204724405
 21
-4.143453149606299
 31
0
  0
LINE
  5
890
330
22
100
AcDbEntity
  8
F.Silkscreen
  6
CONTINUOUS
100
AcDbLine
 10
5.1879212204724405
 20
-4.143453149606299
 30
0
 11
5.1729604724409448
 21
-4.1299887007874014
 31
0
  0
LINE
  5
891
330
22
100
AcDbEntity
  8
F.Silkscreen
  6
CONTINUOUS
100
AcDbLine
 10
5.1729604724409448
 20
-4.1299887007874014
 30
0
 11
5.1705982677165352
 21
-4.1280048425196849
 31
0
  0
LINE
  5
892
330
22
100
AcDbEntity
  8
F.Silkscreen
  6
CONTINUOUS
100
AcDbLine
 10
5.1705982677165352
 20
-4.1280048425196849
 30
0
 11
5.1688220078740157
 21
-4.1266958661417323
 31
0
  0
LINE
  5
893
330
22
100
AcDbEntity
  8
F.Silkscreen
  6
CONTINUOUS
100
AcDbLine
 10
5.1688220078740157
 20
-4.1266958661417323
 30
0
 11
5.1673156299212595
 21
-4.1257870472440947
 31
0
  0
LINE
  5
894
330
22
100
AcDbEntity
  8
F.Silkscreen
  6
CONTINUOUS
100
AcDbLine
 10
5.1673156299212595
 20
-4.1257870472440947
 30
0
 11
5.1658320078740152
 21
-4.1251831496062987
 31
0
  0
LINE
  5
895
330
22
100
AcDbEntity
  8
F.Silkscreen
  6
CONTINUOUS
100
AcDbLine
 10
5.1658320078740152
 20
-4.1251831496062987
 30
0
 11
5.1643111811023621
 21
-4.1248397244094486
 31
0
  0
LINE
  5
896
330
22
100
AcDbEntity
  8
F.Silkscreen
  6
CONTINUOUS
100
AcDbLine
 10
5.1643111811023621
 20
-4.1248397244094486
 30
0
 11
5.1626645669291333
 21
-4.1247596062992127
 31
0
  0
LINE
  5
897
330
22
100
AcDbEntity
  8
F.Silkscreen
  6
CONTINUOUS
100
AcDbLine
 10
5.1626645669291333
 20
-4.1247596062992127
 30
0
 11
5.1610853149606299
 21
-4.1249665748031497
 31
0
  0
LINE
  5
898
330
22
100
AcDbEntity
  8
F.Silkscreen
  6
CONTINUOUS
100
AcDbLine
 10
5.1610853149606299
 20
-4.1249665748031497
 30
0
 11
5.1603610629921262
 21
-4.1251774803149601
 31
0
  0
LINE
  5
899
330
22
100
AcDbEntity
  8
F.Silkscreen
  6
CONTINUOUS
100
AcDbLine
 10
5.1603610629921262
 20
-4.1251774803149601
 30
0
 11
5.1596804330708661
 21
-4.1254600000000003
 31
0
  0
LINE
  5
89A
330
22
100
AcDbEntity
  8
F.Silkscreen
  6
CONTINUOUS
100
AcDbLine
 10
5.1596804330708661
 20
-4.1254600000000003
 30
0
 11
5.1590433858267719
 21
-4.1258141732283464
 31
0
  0
LINE
  5
89B
330
22
100
AcDbEntity
  8
F.Silkscreen
  6
CONTINUOUS
100
AcDbLine
 10
5.1590433858267719
 20
-4.1258141732283464
 30
0
 11
5.1584499606299214
 21
-4.1262399606299214
 31
0
  0
LINE
  5
89C
330
22
100
AcDbEntity
  8
F.Silkscreen
  6
CONTINUOUS
100
AcDbLine
 10
5.1584499606299214
 20
-4.1262399606299214
 30
0
 11
5.157898346456693
 21
-4.1267397637795273
 31
0
  0
LINE
  5
89D
330
22
100
AcDbEntity
  8
F.Silkscreen
  6
CONTINUOUS
100
AcDbLine
 10
5.157898346456693
 20
-4.1267397637795273
 30
0
 11
5.1574096062992121
 21
-4.1273004330708662
 31
0
  0
LINE
  5
89E
330
22
100
AcDbEntity
  8
F.Silkscreen
  6
CONTINUOUS
100
AcDbLine
 10
5.1574096062992121
 20
-4.1273004330708662
 30
0
 11
5.1570405118110232
 21
-4.1278392913385824
 31
0
  0
LINE
  5
89F
330
22
100
AcDbEntity
  8
F.Silkscreen
  6
CONTINUOUS
100
AcDbLine
 10
5.1570405118110232
 20
-4.1278392913385824
 30
0
 11
5.1566988188976373
 21
-4.1284911417322832
 31
0
  0
LINE
  5
8A0
330
22
100
AcDbEntity
  8
F.Silkscreen
  6
CONTINUOUS
100
AcDbLine
 10
5.1566988188976373
 20
-4.1284911417322832
 30
0
 11
5.1564349606299213
 21
-4.1291912204724408
 31
0
  0
LINE
  5
8A1
330
22
100
AcDbEntity
  8
F.Silkscreen
  6
CONTINUOUS
100
AcDbLine
 10
5.1564349606299213
 20
-4.1291912204724408
 30
0
 11
5.1562657874015745
 21
-4.12985405511811
 31
0
  0
LINE
  5
8A2
330
22
100
AcDbEntity
  8
F.Silkscreen
  6
CONTINUOUS
100
AcDbLine
 10
5.1562657874015745
 20
-4.12985405511811
 30
0
 11
5.1561105905511813
 21
-4.1313892125984255
 31
0
  0
LINE
  5
8A3
330
22
100
AcDbEntity
  8
F.Silkscreen
  6
CONTINUOUS
100
AcDbLine
 10
5.1561105905511813
 20
-4.1313892125984255
 30
0
 11
5.156240551181102
 21
-4.1332319291338582
 31
0
  0
LINE
  5
8A4
330
22
100
AcDbEntity
  8
F.Silkscreen
  6
CONTINUOUS
100
AcDbLine
 10
5.156240551181102
 20
-4.1332319291338582
 30
0
 11
5.1566317716535428
 21
-4.1347722834645673
 31
0
  0
LINE
  5
8A5
330
22
100
AcDbEntity
  8
F.Silkscreen
  6
CONTINUOUS
100
AcDbLine
 10
5.1566317716535428
 20
-4.1347722834645673
 30
0
 11
5.1569252362204727
 21
-4.1354649606299212
 31
0
  0
LINE
  5
8A6
330
22
100
AcDbEntity
  8
F.Silkscreen
  6
CONTINUOUS
100
AcDbLine
 10
5.1569252362204727
 20
-4.1354649606299212
 30
0
 11
5.1572838582677161
 21
-4.1361059448818898
 31
0
  0
LINE
  5
8A7
330
22
100
AcDbEntity
  8
F.Silkscreen
  6
CONTINUOUS
100
AcDbLine
 10
5.1572838582677161
 20
-4.1361059448818898
 30
0
 11
5.157707716535433
 21
-4.1366952362204721
 31
0
  0
LINE
  5
8A8
330
22
100
AcDbEntity
  8
F.Silkscreen
  6
CONTINUOUS
100
AcDbLine
 10
5.157707716535433
 20
-4.1366952362204721
 30
0
 11
5.1581967716535431
 21
-4.1372329133858265
 31
0
  0
LINE
  5
8A9
330
22
100
AcDbEntity
  8
F.Silkscreen
  6
CONTINUOUS
100
AcDbLine
 10
5.1581967716535431
 20
-4.1372329133858265
 30
0
 11
5.1587534645669288
 21
-4.1377035039370078
 31
0
  0
LINE
  5
8AA
330
22
100
AcDbEntity
  8
F.Silkscreen
  6
CONTINUOUS
100
AcDbLine
 10
5.1587534645669288
 20
-4.1377035039370078
 30
0
 11
5.1593606299212595
 21
-4.1381113385826769
 31
0
  0
LINE
  5
8AB
330
22
100
AcDbEntity
  8
F.Silkscreen
  6
CONTINUOUS
100
AcDbLine
 10
5.1593606299212595
 20
-4.1381113385826769
 30
0
 11
5.1607262992125982
 21
-4.138738779527559
 31
0
  0
LINE
  5
8AC
330
22
100
AcDbEntity
  8
F.Silkscreen
  6
CONTINUOUS
100
AcDbLine
 10
5.1607262992125982
 20
-4.138738779527559
 30
0
 11
5.1622937401574802
 21
-4.1391152362204719
 31
0
  0
LINE
  5
8AD
330
22
100
AcDbEntity
  8
F.Silkscreen
  6
CONTINUOUS
100
AcDbLine
 10
5.1622937401574802
 20
-4.1391152362204719
 30
0
 11
5.1640629133858269
 21
-4.1392407086614176
 31
0
  0
LINE
  5
8AE
330
22
100
AcDbEntity
  8
F.Silkscreen
  6
CONTINUOUS
100
AcDbLine
 10
5.1640629133858269
 20
-4.1392407086614176
 30
0
 11
5.1640629527559057
 21
-4.1442013385826773
 31
0
  0
LINE
  5
8AF
330
22
100
AcDbEntity
  8
F.Silkscreen
  6
CONTINUOUS
100
AcDbLine
 10
5.1640629527559057
 20
-4.1442013385826773
 30
0
 11
5.1622705118110233
 21
-4.1440990157480311
 31
0
  0
LINE
  5
8B0
330
22
100
AcDbEntity
  8
F.Silkscreen
  6
CONTINUOUS
100
AcDbLine
 10
5.1622705118110233
 20
-4.1440990157480311
 30
0
 11
5.1607479921259838
 21
-4.1438283464566927
 31
0
  0
LINE
  5
8B1
330
22
100
AcDbEntity
  8
F.Silkscreen
  6
CONTINUOUS
100
AcDbLine
 10
5.1607479921259838
 20
-4.1438283464566927
 30
0
 11
5.1593273622047242
 21
-4.1433885433070863
 31
0
  0
LINE
  5
8B2
330
22
100
AcDbEntity
  8
F.Silkscreen
  6
CONTINUOUS
100
AcDbLine
 10
5.1593273622047242
 20
-4.1433885433070863
 30
0
 11
5.157882322834646
 21
-4.1427093307086613
 31
0
  0
LINE
  5
8B3
330
22
100
AcDbEntity
  8
F.Silkscreen
  6
CONTINUOUS
100
AcDbLine
 10
5.157882322834646
 20
-4.1427093307086613
 30
0
 11
5.1566756692913387
 21
-4.1419142519685037
 31
0
  0
LINE
  5
8B4
330
22
100
AcDbEntity
  8
F.Silkscreen
  6
CONTINUOUS
100
AcDbLine
 10
5.1566756692913387
 20
-4.1419142519685037
 30
0
 11
5.1554659842519683
 21
-4.140844291338583
 31
0
  0
LINE
  5
8B5
330
22
100
AcDbEntity
  8
F.Silkscreen
  6
CONTINUOUS
100
AcDbLine
 10
5.1554659842519683
 20
-4.140844291338583
 30
0
 11
5.1544094094488191
 21
-4.1395974803149604
 31
0
  0
LINE
  5
8B6
330
22
100
AcDbEntity
  8
F.Silkscreen
  6
CONTINUOUS
100
AcDbLine
 10
5.1544094094488191
 20
-4.1395974803149604
 30
0
 11
5.1536181496062987
 21
-4.1383446850393701
 31
0
  0
LINE
  5
8B7
330
22
100
AcDbEntity
  8
F.Silkscreen
  6
CONTINUOUS
100
AcDbLine
 10
5.1536181496062987
 20
-4.1383446850393701
 30
0
 11
5.1529883858267711
 21
-4.136978464566929
 31
0
  0
LINE
  5
8B8
330
22
100
AcDbEntity
  8
F.Silkscreen
  6
CONTINUOUS
100
AcDbLine
 10
5.1529883858267711
 20
-4.136978464566929
 30
0
 11
5.1525200787401575
 21
-4.1354988188976378
 31
0
  0
LINE
  5
8B9
330
22
100
AcDbEntity
  8
F.Silkscreen
  6
CONTINUOUS
100
AcDbLine
 10
5.1525200787401575
 20
-4.1354988188976378
 30
0
 11
5.1522132677165349
 21
-4.1339057480314958
 31
0
  0
LINE
  5
8BA
330
22
100
AcDbEntity
  8
F.Silkscreen
  6
CONTINUOUS
100
AcDbLine
 10
5.1522132677165349
 20
-4.1339057480314958
 30
0
 11
5.1520622440944877
 21
-4.1320223622047241
 31
0
  0
LINE
  5
8BB
330
22
100
AcDbEntity
  8
F.Silkscreen
  6
CONTINUOUS
100
AcDbLine
 10
5.1520622440944877
 20
-4.1320223622047241
 30
0
 11
5.1520992519685036
 21
-4.1301623228346456
 31
0
  0
LINE
  5
8BC
330
22
100
AcDbEntity
  8
F.Silkscreen
  6
CONTINUOUS
100
AcDbLine
 10
5.1520992519685036
 20
-4.1301623228346456
 30
0
 11
5.1523048031496064
 21
-4.1284602755905508
 31
0
  0
LINE
  5
8BD
330
22
100
AcDbEntity
  8
F.Silkscreen
  6
CONTINUOUS
100
AcDbLine
 10
5.1523048031496064
 20
-4.1284602755905508
 30
0
 11
5.15267779527559
 21
-4.1268931496062988
 31
0
  0
LINE
  5
8BE
330
22
100
AcDbEntity
  8
F.Silkscreen
  6
CONTINUOUS
100
AcDbLine
 10
5.15267779527559
 20
-4.1268931496062988
 30
0
 11
5.153218267716535
 21
-4.1254609055118108
 31
0
  0
LINE
  5
8BF
330
22
100
AcDbEntity
  8
F.Silkscreen
  6
CONTINUOUS
100
AcDbLine
 10
5.153218267716535
 20
-4.1254609055118108
 30
0
 11
5.1539262598425193
 21
-4.1241635826771654
 31
0
  0
LINE
  5
8C0
330
22
100
AcDbEntity
  8
F.Silkscreen
  6
CONTINUOUS
100
AcDbLine
 10
5.1539262598425193
 20
-4.1241635826771654
 30
0
 11
5.1547151574803145
 21
-4.1231012992125979
 31
0
  0
LINE
  5
8C1
330
22
100
AcDbEntity
  8
F.Silkscreen
  6
CONTINUOUS
100
AcDbLine
 10
5.1547151574803145
 20
-4.1231012992125979
 30
0
 11
5.1557249606299216
 21
-4.1220786614173228
 31
0
  0
LINE
  5
8C2
330
22
100
AcDbEntity
  8
F.Silkscreen
  6
CONTINUOUS
100
AcDbLine
 10
5.1557249606299216
 20
-4.1220786614173228
 30
0
 11
5.1568496062992129
 21
-4.1212412598425194
 31
0
  0
LINE
  5
8C3
330
22
100
AcDbEntity
  8
F.Silkscreen
  6
CONTINUOUS
100
AcDbLine
 10
5.1568496062992129
 20
-4.1212412598425194
 30
0
 11
5.157970905511811
 21
-4.1206414960629925
 31
0
  0
LINE
  5
8C4
330
22
100
AcDbEntity
  8
F.Silkscreen
  6
CONTINUOUS
100
AcDbLine
 10
5.157970905511811
 20
-4.1206414960629925
 30
0
 11
5.1593131496062989
 21
-4.1201593307086615
 31
0
  0
LINE
  5
8C5
330
22
100
AcDbEntity
  8
F.Silkscreen
  6
CONTINUOUS
100
AcDbLine
 10
5.1593131496062989
 20
-4.1201593307086615
 30
0
 11
5.1607693700787403
 21
-4.1198633070866144
 31
0
  0
LINE
  5
8C6
330
22
100
AcDbEntity
  8
F.Silkscreen
  6
CONTINUOUS
100
AcDbLine
 10
5.1607693700787403
 20
-4.1198633070866144
 30
0
 11
5.1621921259842516
 21
-4.1197556299212597
 31
0
  0
LINE
  5
8C7
330
22
100
AcDbEntity
  8
F.Silkscreen
  6
CONTINUOUS
100
AcDbLine
 10
5.1621921259842516
 20
-4.1197556299212597
 30
0
 11
5.1632103149606294
 21
-4.1197811417322834
 31
0
  0
LINE
  5
8C8
330
22
100
AcDbEntity
  8
F.Silkscreen
  6
CONTINUOUS
100
AcDbLine
 10
5.1632103149606294
 20
-4.1197811417322834
 30
0
 11
5.1643267322834641
 21
-4.119931299212598
 31
0
  0
LINE
  5
8C9
330
22
100
AcDbEntity
  8
F.Silkscreen
  6
CONTINUOUS
100
AcDbLine
 10
5.1643267322834641
 20
-4.119931299212598
 30
0
 11
5.1654825590551177
 21
-4.1202101968503939
 31
0
  0
LINE
  5
8CA
330
22
100
AcDbEntity
  8
F.Silkscreen
  6
CONTINUOUS
100
AcDbLine
 10
5.1654825590551177
 20
-4.1202101968503939
 30
0
 11
5.1666778740157477
 21
-4.1206178346456692
 31
0
  0
LINE
  5
8CB
330
22
100
AcDbEntity
  8
F.Silkscreen
  6
CONTINUOUS
100
AcDbLine
 10
5.1666778740157477
 20
-4.1206178346456692
 30
0
 11
5.1679125984251968
 21
-4.1211541338582673
 31
0
  0
LINE
  5
8CC
330
22
100
AcDbEntity
  8
F.Silkscreen
  6
CONTINUOUS
100
AcDbLine
 10
5.1679125984251968
 20
-4.1211541338582673
 30
0
 11
5.1689716929133853
 21
-4.1216994094488184
 31
0
  0
LINE
  5
8CD
330
22
100
AcDbEntity
  8
F.Silkscreen
  6
CONTINUOUS
100
AcDbLine
 10
5.1689716929133853
 20
-4.1216994094488184
 30
0
 11
5.1702787401574799
 21
-4.1224717322834641
 31
0
  0
LINE
  5
8CE
330
22
100
AcDbEntity
  8
F.Silkscreen
  6
CONTINUOUS
100
AcDbLine
 10
5.1702787401574799
 20
-4.1224717322834641
 30
0
 11
5.1716252362204722
 21
-4.1233727952755901
 31
0
  0
LINE
  5
8CF
330
22
100
AcDbEntity
  8
F.Silkscreen
  6
CONTINUOUS
100
AcDbLine
 10
5.1716252362204722
 20
-4.1233727952755901
 30
0
 11
5.1734819685039373
 21
-4.1247744094488192
 31
0
  0
LINE
  5
8D0
330
22
100
AcDbEntity
  8
F.Silkscreen
  6
CONTINUOUS
100
AcDbLine
 10
5.1734819685039373
 20
-4.1247744094488192
 30
0
 11
5.175408779527559
 21
-4.1264048818897638
 31
0
  0
LINE
  5
8D1
330
22
100
AcDbEntity
  8
F.Silkscreen
  6
CONTINUOUS
100
AcDbLine
 10
5.175408779527559
 20
-4.1264048818897638
 30
0
 11
5.18744874015748
 21
-4.1375082677165356
 31
0
  0
LINE
  5
8D2
330
22
100
AcDbEntity
  8
F.Silkscreen
  6
CONTINUOUS
100
AcDbLine
 10
5.18744874015748
 20
-4.1375082677165356
 30
0
 11
5.187448582677165
 21
-4.1179807086614169
 31
0
  0
LINE
  5
8D3
330
22
100
AcDbEntity
  8
F.Silkscreen
  6
CONTINUOUS
100
AcDbLine
 10
5.187448582677165
 20
-4.1179807086614169
 30
0
 11
5.1914643307086612
 21
-4.1179806692913381
 31
0
  0
LINE
  5
8D4
330
22
100
AcDbEntity
  8
F.Silkscreen
  6
CONTINUOUS
100
AcDbLine
 10
5.1914643307086612
 20
-4.1179806692913381
 30
0
 11
5.191464527559055
 21
-4.1434531102362202
 31
0
  0
LINE
  5
8D5
330
22
100
AcDbEntity
  8
F.Silkscreen
  6
CONTINUOUS
100
AcDbLine
 10
5.3168581889763775
 20
-4.1036179921259839
 30
0
 11
5.3192222440944876
 21
-4.1039017322834646
 31
0
  0
LINE
  5
8D6
330
22
100
AcDbEntity
  8
F.Silkscreen
  6
CONTINUOUS
100
AcDbLine
 10
5.3192222440944876
 20
-4.1039017322834646
 30
0
 11
5.3215613779527562
 21
-4.1044408267716532
 31
0
  0
LINE
  5
8D7
330
22
100
AcDbEntity
  8
F.Silkscreen
  6
CONTINUOUS
100
AcDbLine
 10
5.3215613779527562
 20
-4.1044408267716532
 30
0
 11
5.3228501574803149
 21
-4.1048506692913387
 31
0
  0
LINE
  5
8D8
330
22
100
AcDbEntity
  8
F.Silkscreen
  6
CONTINUOUS
100
AcDbLine
 10
5.3228501574803149
 20
-4.1048506692913387
 30
0
 11
5.3242542913385824
 21
-4.1053862204724405
 31
0
  0
LINE
  5
8D9
330
22
100
AcDbEntity
  8
F.Silkscreen
  6
CONTINUOUS
100
AcDbLine
 10
5.3242542913385824
 20
-4.1053862204724405
 30
0
 11
5.325475
 21
-4.1059337007874017
 31
0
  0
LINE
  5
8DA
330
22
100
AcDbEntity
  8
F.Silkscreen
  6
CONTINUOUS
100
AcDbLine
 10
5.325475
 20
-4.1059337007874017
 30
0
 11
5.3266303543307085
 21
-4.1065426771653541
 31
0
  0
LINE
  5
8DB
330
22
100
AcDbEntity
  8
F.Silkscreen
  6
CONTINUOUS
100
AcDbLine
 10
5.3266303543307085
 20
-4.1065426771653541
 30
0
 11
5.3277203149606294
 21
-4.1072131889763774
 31
0
  0
LINE
  5
8DC
330
22
100
AcDbEntity
  8
F.Silkscreen
  6
CONTINUOUS
100
AcDbLine
 10
5.3277203149606294
 20
-4.1072131889763774
 30
0
 11
5.3287449606299209
 21
-4.1079452362204725
 31
0
  0
LINE
  5
8DD
330
22
100
AcDbEntity
  8
F.Silkscreen
  6
CONTINUOUS
100
AcDbLine
 10
5.3287449606299209
 20
-4.1079452362204725
 30
0
 11
5.3297042125984246
 21
-4.1087387795275587
 31
0
  0
LINE
  5
8DE
330
22
100
AcDbEntity
  8
F.Silkscreen
  6
CONTINUOUS
100
AcDbLine
 10
5.3297042125984246
 20
-4.1087387795275587
 30
0
 11
5.3305981496062991
 21
-4.109593818897638
 31
0
  0
LINE
  5
8DF
330
22
100
AcDbEntity
  8
F.Silkscreen
  6
CONTINUOUS
100
AcDbLine
 10
5.3305981496062991
 20
-4.109593818897638
 30
0
 11
5.3305981102362203
 21
-4.1037276771653541
 31
0
  0
LINE
  5
8E0
330
22
100
AcDbEntity
  8
F.Silkscreen
  6
CONTINUOUS
100
AcDbLine
 10
5.3305981102362203
 20
-4.1037276771653541
 30
0
 11
5.3347713385826774
 21
-4.1037276771653541
 31
0
  0
LINE
  5
8E1
330
22
100
AcDbEntity
  8
F.Silkscreen
  6
CONTINUOUS
100
AcDbLine
 10
5.3347713385826774
 20
-4.1037276771653541
 30
0
 11
5.3347714173228349
 21
-4.1166410629921257
 31
0
  0
LINE
  5
8E2
330
22
100
AcDbEntity
  8
F.Silkscreen
  6
CONTINUOUS
100
AcDbLine
 10
5.3347714173228349
 20
-4.1166410629921257
 30
0
 11
5.3304407086614169
 21
-4.1166410629921257
 31
0
  0
LINE
  5
8E3
330
22
100
AcDbEntity
  8
F.Silkscreen
  6
CONTINUOUS
100
AcDbLine
 10
5.3304407086614169
 20
-4.1166410629921257
 30
0
 11
5.3301442519685036
 21
-4.1155353543307083
 31
0
  0
LINE
  5
8E4
330
22
100
AcDbEntity
  8
F.Silkscreen
  6
CONTINUOUS
100
AcDbLine
 10
5.3301442519685036
 20
-4.1155353543307083
 30
0
 11
5.3296978740157481
 21
-4.114506496062992
 31
0
  0
LINE
  5
8E5
330
22
100
AcDbEntity
  8
F.Silkscreen
  6
CONTINUOUS
100
AcDbLine
 10
5.3296978740157481
 20
-4.114506496062992
 30
0
 11
5.3291015748031496
 21
-4.1135545275590548
 31
0
  0
LINE
  5
8E6
330
22
100
AcDbEntity
  8
F.Silkscreen
  6
CONTINUOUS
100
AcDbLine
 10
5.3291015748031496
 20
-4.1135545275590548
 30
0
 11
5.3283552755905514
 21
-4.1126794881889763
 31
0
  0
LINE
  5
8E7
330
22
100
AcDbEntity
  8
F.Silkscreen
  6
CONTINUOUS
100
AcDbLine
 10
5.3283552755905514
 20
-4.1126794881889763
 30
0
 11
5.327459094488189
 21
-4.1118813385826769
 31
0
  0
LINE
  5
8E8
330
22
100
AcDbEntity
  8
F.Silkscreen
  6
CONTINUOUS
100
AcDbLine
 10
5.327459094488189
 20
-4.1118813385826769
 30
0
 11
5.3264129133858269
 21
-4.1111600393700787
 31
0
  0
LINE
  5
8E9
330
22
100
AcDbEntity
  8
F.Silkscreen
  6
CONTINUOUS
100
AcDbLine
 10
5.3264129133858269
 20
-4.1111600393700787
 30
0
 11
5.3252153149606301
 21
-4.1105265354330704
 31
0
  0
LINE
  5
8EA
330
22
100
AcDbEntity
  8
F.Silkscreen
  6
CONTINUOUS
100
AcDbLine
 10
5.3252153149606301
 20
-4.1105265354330704
 30
0
 11
5.3238929133858264
 21
-4.1099925196850391
 31
0
  0
LINE
  5
8EB
330
22
100
AcDbEntity
  8
F.Silkscreen
  6
CONTINUOUS
100
AcDbLine
 10
5.3238929133858264
 20
-4.1099925196850391
 30
0
 11
5.3224532677165355
 21
-4.1095546062992128
 31
0
  0
LINE
  5
8EC
330
22
100
AcDbEntity
  8
F.Silkscreen
  6
CONTINUOUS
100
AcDbLine
 10
5.3224532677165355
 20
-4.1095546062992128
 30
0
 11
5.3210572834645671
 21
-4.1092426771653541
 31
0
  0
LINE
  5
8ED
330
22
100
AcDbEntity
  8
F.Silkscreen
  6
CONTINUOUS
100
AcDbLine
 10
5.3210572834645671
 20
-4.1092426771653541
 30
0
 11
5.3193948425196851
 21
-4.1089874015748027
 31
0
  0
LINE
  5
8EE
330
22
100
AcDbEntity
  8
F.Silkscreen
  6
CONTINUOUS
100
AcDbLine
 10
5.3193948425196851
 20
-4.1089874015748027
 30
0
 11
5.3177983464566925
 21
-4.1088398031496061
 31
0
  0
LINE
  5
8EF
330
22
100
AcDbEntity
  8
F.Silkscreen
  6
CONTINUOUS
100
AcDbLine
 10
5.3177983464566925
 20
-4.1088398031496061
 30
0
 11
5.3159130708661415
 21
-4.1087671653543305
 31
0
  0
LINE
  5
8F0
330
22
100
AcDbEntity
  8
F.Silkscreen
  6
CONTINUOUS
100
AcDbLine
 10
5.3159130708661415
 20
-4.1087671653543305
 30
0
 11
5.3117573228346453
 21
-4.1087729133858266
 31
0
  0
LINE
  5
8F1
330
22
100
AcDbEntity
  8
F.Silkscreen
  6
CONTINUOUS
100
AcDbLine
 10
5.3117573228346453
 20
-4.1087729133858266
 30
0
 11
5.3102917322834644
 21
-4.108843976377953
 31
0
  0
LINE
  5
8F2
330
22
100
AcDbEntity
  8
F.Silkscreen
  6
CONTINUOUS
100
AcDbLine
 10
5.3102917322834644
 20
-4.108843976377953
 30
0
 11
5.3089171653543303
 21
-4.1089962204724406
 31
0
  0
LINE
  5
8F3
330
22
100
AcDbEntity
  8
F.Silkscreen
  6
CONTINUOUS
100
AcDbLine
 10
5.3089171653543303
 20
-4.1089962204724406
 30
0
 11
5.307633622047244
 21
-4.1092296850393701
 31
0
  0
LINE
  5
8F4
330
22
100
AcDbEntity
  8
F.Silkscreen
  6
CONTINUOUS
100
AcDbLine
 10
5.307633622047244
 20
-4.1092296850393701
 30
0
 11
5.3064411417322832
 21
-4.1095443700787397
 31
0
  0
LINE
  5
8F5
330
22
100
AcDbEntity
  8
F.Silkscreen
  6
CONTINUOUS
100
AcDbLine
 10
5.3064411417322832
 20
-4.1095443700787397
 30
0
 11
5.3053397244094489
 21
-4.1099402362204724
 31
0
  0
LINE
  5
8F6
330
22
100
AcDbEntity
  8
F.Silkscreen
  6
CONTINUOUS
100
AcDbLine
 10
5.3053397244094489
 20
-4.1099402362204724
 30
0
 11
5.3043293307086614
 21
-4.1104172834645665
 31
0
  0
LINE
  5
8F7
330
22
100
AcDbEntity
  8
F.Silkscreen
  6
CONTINUOUS
100
AcDbLine
 10
5.3043293307086614
 20
-4.1104172834645665
 30
0
 11
5.3034099606299208
 21
-4.1109755511811024
 31
0
  0
LINE
  5
8F8
330
22
100
AcDbEntity
  8
F.Silkscreen
  6
CONTINUOUS
100
AcDbLine
 10
5.3034099606299208
 20
-4.1109755511811024
 30
0
 11
5.302578858267716
 21
-4.1116134645669291
 31
0
  0
LINE
  5
8F9
330
22
100
AcDbEntity
  8
F.Silkscreen
  6
CONTINUOUS
100
AcDbLine
 10
5.302578858267716
 20
-4.1116134645669291
 30
0
 11
5.3018425196850396
 21
-4.1123147244094485
 31
0
  0
LINE
  5
8FA
330
22
100
AcDbEntity
  8
F.Silkscreen
  6
CONTINUOUS
100
AcDbLine
 10
5.3018425196850396
 20
-4.1123147244094485
 30
0
 11
5.3012095275590552
 21
-4.1130750787401578
 31
0
  0
LINE
  5
8FB
330
22
100
AcDbEntity
  8
F.Silkscreen
  6
CONTINUOUS
100
AcDbLine
 10
5.3012095275590552
 20
-4.1130750787401578
 30
0
 11
5.3006798818897636
 21
-4.1138944488188978
 31
0
  0
LINE
  5
8FC
330
22
100
AcDbEntity
  8
F.Silkscreen
  6
CONTINUOUS
100
AcDbLine
 10
5.3006798818897636
 20
-4.1138944488188978
 30
0
 11
5.3002535826771648
 21
-4.1147729133858268
 31
0
  0
LINE
  5
8FD
330
22
100
AcDbEntity
  8
F.Silkscreen
  6
CONTINUOUS
100
AcDbLine
 10
5.3002535826771648
 20
-4.1147729133858268
 30
0
 11
5.2999306299212599
 21
-4.1157104330708663
 31
0
  0
LINE
  5
8FE
330
22
100
AcDbEntity
  8
F.Silkscreen
  6
CONTINUOUS
100
AcDbLine
 10
5.2999306299212599
 20
-4.1157104330708663
 30
0
 11
5.2997110236220468
 21
-4.1167069685039372
 31
0
  0
LINE
  5
8FF
330
22
100
AcDbEntity
  8
F.Silkscreen
  6
CONTINUOUS
100
AcDbLine
 10
5.2997110236220468
 20
-4.1167069685039372
 30
0
 11
5.2995947637795275
 21
-4.1177625984251964
 31
0
  0
LINE
  5
900
330
22
100
AcDbEntity
  8
F.Silkscreen
  6
CONTINUOUS
100
AcDbLine
 10
5.2995947637795275
 20
-4.1177625984251964
 30
0
 11
5.2995876377952751
 21
-4.1190105905511807
 31
0
  0
LINE
  5
901
330
22
100
AcDbEntity
  8
F.Silkscreen
  6
CONTINUOUS
100
AcDbLine
 10
5.2995876377952751
 20
-4.1190105905511807
 30
0
 11
5.299692244094488
 21
-4.1200809448818898
 31
0
  0
LINE
  5
902
330
22
100
AcDbEntity
  8
F.Silkscreen
  6
CONTINUOUS
100
AcDbLine
 10
5.299692244094488
 20
-4.1200809448818898
 30
0
 11
5.2999014173228343
 21
-4.1210898031496059
 31
0
  0
LINE
  5
903
330
22
100
AcDbEntity
  8
F.Silkscreen
  6
CONTINUOUS
100
AcDbLine
 10
5.2999014173228343
 20
-4.1210898031496059
 30
0
 11
5.3002151181102359
 21
-4.1220371653543308
 31
0
  0
LINE
  5
904
330
22
100
AcDbEntity
  8
F.Silkscreen
  6
CONTINUOUS
100
AcDbLine
 10
5.3002151181102359
 20
-4.1220371653543308
 30
0
 11
5.3006334645669293
 21
-4.122922992125984
 31
0
  0
LINE
  5
905
330
22
100
AcDbEntity
  8
F.Silkscreen
  6
CONTINUOUS
100
AcDbLine
 10
5.3006334645669293
 20
-4.122922992125984
 30
0
 11
5.3011563385826772
 21
-4.1237472834645672
 31
0
  0
LINE
  5
906
330
22
100
AcDbEntity
  8
F.Silkscreen
  6
CONTINUOUS
100
AcDbLine
 10
5.3011563385826772
 20
-4.1237472834645672
 30
0
 11
5.3017838188976381
 21
-4.1245100787401574
 31
0
  0
LINE
  5
907
330
22
100
AcDbEntity
  8
F.Silkscreen
  6
CONTINUOUS
100
AcDbLine
 10
5.3017838188976381
 20
-4.1245100787401574
 30
0
 11
5.3025158661417322
 21
-4.1252113385826767
 31
0
  0
LINE
  5
908
330
22
100
AcDbEntity
  8
F.Silkscreen
  6
CONTINUOUS
100
AcDbLine
 10
5.3025158661417322
 20
-4.1252113385826767
 30
0
 11
5.303350157480315
 21
-4.1258488188976381
 31
0
  0
LINE
  5
909
330
22
100
AcDbEntity
  8
F.Silkscreen
  6
CONTINUOUS
100
AcDbLine
 10
5.303350157480315
 20
-4.1258488188976381
 30
0
 11
5.3042729133858266
 21
-4.1264085826771657
 31
0
  0
LINE
  5
90A
330
22
100
AcDbEntity
  8
F.Silkscreen
  6
CONTINUOUS
100
AcDbLine
 10
5.3042729133858266
 20
-4.1264085826771657
 30
0
 11
5.3052817716535428
 21
-4.1268883858267715
 31
0
  0
LINE
  5
90B
330
22
100
AcDbEntity
  8
F.Silkscreen
  6
CONTINUOUS
100
AcDbLine
 10
5.3052817716535428
 20
-4.1268883858267715
 30
0
 11
5.306235157480315
 21
-4.1272426377952751
 31
0
  0
LINE
  5
90C
330
22
100
AcDbEntity
  8
F.Silkscreen
  6
CONTINUOUS
100
AcDbLine
 10
5.306235157480315
 20
-4.1272426377952751
 30
0
 11
5.3074055118110239
 21
-4.1275725196850397
 31
0
  0
LINE
  5
90D
330
22
100
AcDbEntity
  8
F.Silkscreen
  6
CONTINUOUS
100
AcDbLine
 10
5.3074055118110239
 20
-4.1275725196850397
 30
0
 11
5.3085001968503933
 21
-4.1277955511811024
 31
0
  0
LINE
  5
90E
330
22
100
AcDbEntity
  8
F.Silkscreen
  6
CONTINUOUS
100
AcDbLine
 10
5.3085001968503933
 20
-4.1277955511811024
 30
0
 11
5.3098320078740153
 21
-4.1279754724409452
 31
0
  0
LINE
  5
90F
330
22
100
AcDbEntity
  8
F.Silkscreen
  6
CONTINUOUS
100
AcDbLine
 10
5.3098320078740153
 20
-4.1279754724409452
 30
0
 11
5.3119912204724411
 21
-4.1280953937007876
 31
0
  0
LINE
  5
910
330
22
100
AcDbEntity
  8
F.Silkscreen
  6
CONTINUOUS
100
AcDbLine
 10
5.3119912204724411
 20
-4.1280953937007876
 30
0
 11
5.316576181102362
 21
-4.1280795275590547
 31
0
  0
LINE
  5
911
330
22
100
AcDbEntity
  8
F.Silkscreen
  6
CONTINUOUS
100
AcDbLine
 10
5.316576181102362
 20
-4.1280795275590547
 30
0
 11
5.3189766535433067
 21
-4.1279139370078743
 31
0
  0
LINE
  5
912
330
22
100
AcDbEntity
  8
F.Silkscreen
  6
CONTINUOUS
100
AcDbLine
 10
5.3189766535433067
 20
-4.1279139370078743
 30
0
 11
5.3211789763779525
 21
-4.1275761811023619
 31
0
  0
LINE
  5
913
330
22
100
AcDbEntity
  8
F.Silkscreen
  6
CONTINUOUS
100
AcDbLine
 10
5.3211789763779525
 20
-4.1275761811023619
 30
0
 11
5.3230359842519688
 21
-4.1271115748031493
 31
0
  0
LINE
  5
914
330
22
100
AcDbEntity
  8
F.Silkscreen
  6
CONTINUOUS
100
AcDbLine
 10
5.3230359842519688
 20
-4.1271115748031493
 30
0
 11
5.3248571653543308
 21
-4.126442677165354
 31
0
  0
LINE
  5
915
330
22
100
AcDbEntity
  8
F.Silkscreen
  6
CONTINUOUS
100
AcDbLine
 10
5.3248571653543308
 20
-4.126442677165354
 30
0
 11
5.3258779921259842
 21
-4.1259455511811023
 31
0
  0
LINE
  5
916
330
22
100
AcDbEntity
  8
F.Silkscreen
  6
CONTINUOUS
100
AcDbLine
 10
5.3258779921259842
 20
-4.1259455511811023
 30
0
 11
5.3269081889763781
 21
-4.1253149212598421
 31
0
  0
LINE
  5
917
330
22
100
AcDbEntity
  8
F.Silkscreen
  6
CONTINUOUS
100
AcDbLine
 10
5.3269081889763781
 20
-4.1253149212598421
 30
0
 11
5.3278122834645671
 21
-4.1246126377952752
 31
0
  0
LINE
  5
918
330
22
100
AcDbEntity
  8
F.Silkscreen
  6
CONTINUOUS
100
AcDbLine
 10
5.3278122834645671
 20
-4.1246126377952752
 30
0
 11
5.3285901968503939
 21
-4.1238387401574803
 31
0
  0
LINE
  5
919
330
22
100
AcDbEntity
  8
F.Silkscreen
  6
CONTINUOUS
100
AcDbLine
 10
5.3285901968503939
 20
-4.1238387401574803
 30
0
 11
5.3292420472440947
 21
-4.1229932283464565
 31
0
  0
LINE
  5
91A
330
22
100
AcDbEntity
  8
F.Silkscreen
  6
CONTINUOUS
100
AcDbLine
 10
5.3292420472440947
 20
-4.1229932283464565
 30
0
 11
5.3297677165354331
 21
-4.122076062992126
 31
0
  0
LINE
  5
91B
330
22
100
AcDbEntity
  8
F.Silkscreen
  6
CONTINUOUS
100
AcDbLine
 10
5.3297677165354331
 20
-4.122076062992126
 30
0
 11
5.3301672834645668
 21
-4.1210873228346454
 31
0
  0
LINE
  5
91C
330
22
100
AcDbEntity
  8
F.Silkscreen
  6
CONTINUOUS
100
AcDbLine
 10
5.3301672834645668
 20
-4.1210873228346454
 30
0
 11
5.3304407480314957
 21
-4.1200268897637793
 31
0
  0
LINE
  5
91D
330
22
100
AcDbEntity
  8
F.Silkscreen
  6
CONTINUOUS
100
AcDbLine
 10
5.3304407480314957
 20
-4.1200268897637793
 30
0
 11
5.3347714566929136
 21
-4.1200268897637793
 31
0
  0
LINE
  5
91E
330
22
100
AcDbEntity
  8
F.Silkscreen
  6
CONTINUOUS
100
AcDbLine
 10
5.3347714566929136
 20
-4.1200268897637793
 30
0
 11
5.3347715354330711
 21
-4.1331764960629922
 31
0
  0
LINE
  5
91F
330
22
100
AcDbEntity
  8
F.Silkscreen
  6
CONTINUOUS
100
AcDbLine
 10
5.3347715354330711
 20
-4.1331764960629922
 30
0
 11
5.3305983070866141
 21
-4.1331764960629922
 31
0
  0
LINE
  5
920
330
22
100
AcDbEntity
  8
F.Silkscreen
  6
CONTINUOUS
100
AcDbLine
 10
5.3305983070866141
 20
-4.1331764960629922
 30
0
 11
5.3305982677165353
 21
-4.1272709842519681
 31
0
  0
LINE
  5
921
330
22
100
AcDbEntity
  8
F.Silkscreen
  6
CONTINUOUS
100
AcDbLine
 10
5.3305982677165353
 20
-4.1272709842519681
 30
0
 11
5.3295177559055116
 21
-4.1282911023622049
 31
0
  0
LINE
  5
922
330
22
100
AcDbEntity
  8
F.Silkscreen
  6
CONTINUOUS
100
AcDbLine
 10
5.3295177559055116
 20
-4.1282911023622049
 30
0
 11
5.3283431102362204
 21
-4.1292253543307087
 31
0
  0
LINE
  5
923
330
22
100
AcDbEntity
  8
F.Silkscreen
  6
CONTINUOUS
100
AcDbLine
 10
5.3283431102362204
 20
-4.1292253543307087
 30
0
 11
5.3270743700787397
 21
-4.130073818897638
 31
0
  0
LINE
  5
924
330
22
100
AcDbEntity
  8
F.Silkscreen
  6
CONTINUOUS
100
AcDbLine
 10
5.3270743700787397
 20
-4.130073818897638
 30
0
 11
5.3258286614173231
 21
-4.1307762204724412
 31
0
  0
LINE
  5
925
330
22
100
AcDbEntity
  8
F.Silkscreen
  6
CONTINUOUS
100
AcDbLine
 10
5.3258286614173231
 20
-4.1307762204724412
 30
0
 11
5.3243794881889759
 21
-4.1314601968503935
 31
0
  0
LINE
  5
926
330
22
100
AcDbEntity
  8
F.Silkscreen
  6
CONTINUOUS
100
AcDbLine
 10
5.3243794881889759
 20
-4.1314601968503935
 30
0
 11
5.3229781102362201
 21
-4.1320012992125985
 31
0
  0
LINE
  5
927
330
22
100
AcDbEntity
  8
F.Silkscreen
  6
CONTINUOUS
100
AcDbLine
 10
5.3229781102362201
 20
-4.1320012992125985
 30
0
 11
5.3214260629921259
 21
-4.1324811417322831
 31
0
  0
LINE
  5
928
330
22
100
AcDbEntity
  8
F.Silkscreen
  6
CONTINUOUS
100
AcDbLine
 10
5.3214260629921259
 20
-4.1324811417322831
 30
0
 11
5.3198574409448813
 21
-4.132850236220472
 31
0
  0
LINE
  5
929
330
22
100
AcDbEntity
  8
F.Silkscreen
  6
CONTINUOUS
100
AcDbLine
 10
5.3198574409448813
 20
-4.132850236220472
 30
0
 11
5.3181393307086617
 21
-4.1331251574803147
 31
0
  0
LINE
  5
92A
330
22
100
AcDbEntity
  8
F.Silkscreen
  6
CONTINUOUS
100
AcDbLine
 10
5.3181393307086617
 20
-4.1331251574803147
 30
0
 11
5.3165360629921254
 21
-4.1332635826771655
 31
0
  0
LINE
  5
92B
330
22
100
AcDbEntity
  8
F.Silkscreen
  6
CONTINUOUS
100
AcDbLine
 10
5.3165360629921254
 20
-4.1332635826771655
 30
0
 11
5.3112975590551184
 21
-4.1332726377952751
 31
0
  0
LINE
  5
92C
330
22
100
AcDbEntity
  8
F.Silkscreen
  6
CONTINUOUS
100
AcDbLine
 10
5.3112975590551184
 20
-4.1332726377952751
 30
0
 11
5.3098096456692909
 21
-4.1331642125984249
 31
0
  0
LINE
  5
92D
330
22
100
AcDbEntity
  8
F.Silkscreen
  6
CONTINUOUS
100
AcDbLine
 10
5.3098096456692909
 20
-4.1331642125984249
 30
0
 11
5.3083736220472444
 21
-4.1329654724409446
 31
0
  0
LINE
  5
92E
330
22
100
AcDbEntity
  8
F.Silkscreen
  6
CONTINUOUS
100
AcDbLine
 10
5.3083736220472444
 20
-4.1329654724409446
 30
0
 11
5.3068539370078742
 21
-4.1326424409448821
 31
0
  0
LINE
  5
92F
330
22
100
AcDbEntity
  8
F.Silkscreen
  6
CONTINUOUS
100
AcDbLine
 10
5.3068539370078742
 20
-4.1326424409448821
 30
0
 11
5.3055269291338583
 21
-4.1322539763779522
 31
0
  0
LINE
  5
930
330
22
100
AcDbEntity
  8
F.Silkscreen
  6
CONTINUOUS
100
AcDbLine
 10
5.3055269291338583
 20
-4.1322539763779522
 30
0
 11
5.3035116929133856
 21
-4.131444409448819
 31
0
  0
LINE
  5
931
330
22
100
AcDbEntity
  8
F.Silkscreen
  6
CONTINUOUS
100
AcDbLine
 10
5.3035116929133856
 20
-4.131444409448819
 30
0
 11
5.3015660629921255
 21
-4.1303349606299209
 31
0
  0
LINE
  5
932
330
22
100
AcDbEntity
  8
F.Silkscreen
  6
CONTINUOUS
100
AcDbLine
 10
5.3015660629921255
 20
-4.1303349606299209
 30
0
 11
5.2999632677165351
 21
-4.1290978740157476
 31
0
  0
LINE
  5
933
330
22
100
AcDbEntity
  8
F.Silkscreen
  6
CONTINUOUS
100
AcDbLine
 10
5.2999632677165351
 20
-4.1290978740157476
 30
0
 11
5.299158976377953
 21
-4.1283198425196845
 31
0
  0
LINE
  5
934
330
22
100
AcDbEntity
  8
F.Silkscreen
  6
CONTINUOUS
100
AcDbLine
 10
5.299158976377953
 20
-4.1283198425196845
 30
0
 11
5.2985029133858266
 21
-4.1275785826771649
 31
0
  0
LINE
  5
935
330
22
100
AcDbEntity
  8
F.Silkscreen
  6
CONTINUOUS
100
AcDbLine
 10
5.2985029133858266
 20
-4.1275785826771649
 30
0
 11
5.2973572047244097
 21
-4.1259539763779527
 31
0
  0
LINE
  5
936
330
22
100
AcDbEntity
  8
F.Silkscreen
  6
CONTINUOUS
100
AcDbLine
 10
5.2973572047244097
 20
-4.1259539763779527
 30
0
 11
5.2968755511811025
 21
-4.1250773622047241
 31
0
  0
LINE
  5
937
330
22
100
AcDbEntity
  8
F.Silkscreen
  6
CONTINUOUS
100
AcDbLine
 10
5.2968755511811025
 20
-4.1250773622047241
 30
0
 11
5.2964130708661417
 21
-4.1240588582677162
 31
0
  0
LINE
  5
938
330
22
100
AcDbEntity
  8
F.Silkscreen
  6
CONTINUOUS
100
AcDbLine
 10
5.2964130708661417
 20
-4.1240588582677162
 30
0
 11
5.2960346850393698
 21
-4.1230060629921255
 31
0
  0
LINE
  5
939
330
22
100
AcDbEntity
  8
F.Silkscreen
  6
CONTINUOUS
100
AcDbLine
 10
5.2960346850393698
 20
-4.1230060629921255
 30
0
 11
5.2957689370078738
 21
-4.1220414960629919
 31
0
  0
LINE
  5
93A
330
22
100
AcDbEntity
  8
F.Silkscreen
  6
CONTINUOUS
100
AcDbLine
 10
5.2957689370078738
 20
-4.1220414960629919
 30
0
 11
5.2954367322834646
 21
-4.1200311811023624
 31
0
  0
LINE
  5
93B
330
22
100
AcDbEntity
  8
F.Silkscreen
  6
CONTINUOUS
100
AcDbLine
 10
5.2954367322834646
 20
-4.1200311811023624
 30
0
 11
5.2953619685039373
 21
-4.1184523622047244
 31
0
  0
LINE
  5
93C
330
22
100
AcDbEntity
  8
F.Silkscreen
  6
CONTINUOUS
100
AcDbLine
 10
5.2953619685039373
 20
-4.1184523622047244
 30
0
 11
5.2954353149606295
 21
-4.1168883070866142
 31
0
  0
LINE
  5
93D
330
22
100
AcDbEntity
  8
F.Silkscreen
  6
CONTINUOUS
100
AcDbLine
 10
5.2954353149606295
 20
-4.1168883070866142
 30
0
 11
5.2956553937007875
 21
-4.1153851968503936
 31
0
  0
LINE
  5
93E
330
22
100
AcDbEntity
  8
F.Silkscreen
  6
CONTINUOUS
100
AcDbLine
 10
5.2956553937007875
 20
-4.1153851968503936
 30
0
 11
5.2960221653543309
 21
-4.113942952755905
 31
0
  0
LINE
  5
93F
330
22
100
AcDbEntity
  8
F.Silkscreen
  6
CONTINUOUS
100
AcDbLine
 10
5.2960221653543309
 20
-4.113942952755905
 30
0
 11
5.2965356692913383
 21
-4.1125616141732282
 31
0
  0
LINE
  5
940
330
22
100
AcDbEntity
  8
F.Silkscreen
  6
CONTINUOUS
100
AcDbLine
 10
5.2965356692913383
 20
-4.1125616141732282
 30
0
 11
5.297195866141732
 21
-4.1112411811023621
 31
0
  0
LINE
  5
941
330
22
100
AcDbEntity
  8
F.Silkscreen
  6
CONTINUOUS
100
AcDbLine
 10
5.297195866141732
 20
-4.1112411811023621
 30
0
 11
5.297996653543307
 21
-4.1099914566929137
 31
0
  0
LINE
  5
942
330
22
100
AcDbEntity
  8
F.Silkscreen
  6
CONTINUOUS
100
AcDbLine
 10
5.297996653543307
 20
-4.1099914566929137
 30
0
 11
5.2989179921259844
 21
-4.1088444881889759
 31
0
  0
LINE
  5
943
330
22
100
AcDbEntity
  8
F.Silkscreen
  6
CONTINUOUS
100
AcDbLine
 10
5.2989179921259844
 20
-4.1088444881889759
 30
0
 11
5.2999583464566928
 21
-4.1078027165354332
 31
0
  0
LINE
  5
944
330
22
100
AcDbEntity
  8
F.Silkscreen
  6
CONTINUOUS
100
AcDbLine
 10
5.2999583464566928
 20
-4.1078027165354332
 30
0
 11
5.301117755905512
 21
-4.1068661417322838
 31
0
  0
LINE
  5
945
330
22
100
AcDbEntity
  8
F.Silkscreen
  6
CONTINUOUS
100
AcDbLine
 10
5.301117755905512
 20
-4.1068661417322838
 30
0
 11
5.3023962204724411
 21
-4.1060347244094491
 31
0
  0
LINE
  5
946
330
22
100
AcDbEntity
  8
F.Silkscreen
  6
CONTINUOUS
100
AcDbLine
 10
5.3023962204724411
 20
-4.1060347244094491
 30
0
 11
5.3037910629921257
 21
-4.1053097637795277
 31
0
  0
LINE
  5
947
330
22
100
AcDbEntity
  8
F.Silkscreen
  6
CONTINUOUS
100
AcDbLine
 10
5.3037910629921257
 20
-4.1053097637795277
 30
0
 11
5.3052683858267713
 21
-4.1047072047244093
 31
0
  0
LINE
  5
948
330
22
100
AcDbEntity
  8
F.Silkscreen
  6
CONTINUOUS
100
AcDbLine
 10
5.3052683858267713
 20
-4.1047072047244093
 30
0
 11
5.3068176377952758
 21
-4.1042320078740158
 31
0
  0
LINE
  5
949
330
22
100
AcDbEntity
  8
F.Silkscreen
  6
CONTINUOUS
100
AcDbLine
 10
5.3068176377952758
 20
-4.1042320078740158
 30
0
 11
5.308438897637795
 21
-4.1038840944881887
 31
0
  0
LINE
  5
94A
330
22
100
AcDbEntity
  8
F.Silkscreen
  6
CONTINUOUS
100
AcDbLine
 10
5.308438897637795
 20
-4.1038840944881887
 30
0
 11
5.3099882677165349
 21
-4.103677086614173
 31
0
  0
LINE
  5
94B
330
22
100
AcDbEntity
  8
F.Silkscreen
  6
CONTINUOUS
100
AcDbLine
 10
5.3099882677165349
 20
-4.103677086614173
 30
0
 11
5.3118972834645666
 21
-4.1035703543307083
 31
0
  0
LINE
  5
94C
330
22
100
AcDbEntity
  8
F.Silkscreen
  6
CONTINUOUS
100
AcDbLine
 10
5.3118972834645666
 20
-4.1035703543307083
 30
0
 11
5.3168581889763775
 21
-4.1036179921259839
 31
0
  0
LINE
  5
94D
330
22
100
AcDbEntity
  8
F.Silkscreen
  6
CONTINUOUS
100
AcDbLine
 10
5.901803149606299
 20
-3.9338582677165355
 30
0
 11
5.9590551181102365
 21
-3.9338582677165355
 31
0
  0
LINE
  5
94E
330
22
100
AcDbEntity
  8
F.Silkscreen
  6
CONTINUOUS
100
AcDbLine
 10
5.901803149606299
 20
-4.0055118110236219
 30
0
 11
5.9590551181102365
 21
-4.0055118110236219
 31
0
  0
LINE
  5
94F
330
22
100
AcDbEntity
  8
F.Silkscreen
  6
CONTINUOUS
100
AcDbLine
 10
5.888933070866142
 20
-4.0628149606299209
 30
0
 11
5.8839724409448815
 21
-4.0628149606299209
 31
0
  0
LINE
  5
950
330
22
100
AcDbEntity
  8
F.Silkscreen
  6
CONTINUOUS
100
AcDbLine
 10
5.8839724409448815
 20
-4.0628149606299209
 30
0
 11
5.8839724409448815
 21
-4.0299015748031497
 31
0
  0
LINE
  5
951
330
22
100
AcDbEntity
  8
F.Silkscreen
  6
CONTINUOUS
100
AcDbLine
 10
5.8839724409448815
 20
-4.0299015748031497
 30
0
 11
5.8740118110236219
 21
-4.0335629921259839
 31
0
  0
LINE
  5
952
330
22
100
AcDbEntity
  8
F.Silkscreen
  6
CONTINUOUS
100
AcDbLine
 10
5.8740118110236219
 20
-4.0335629921259839
 30
0
 11
5.8740118110236219
 21
-4.029074803149606
 31
0
  0
LINE
  5
953
330
22
100
AcDbEntity
  8
F.Silkscreen
  6
CONTINUOUS
100
AcDbLine
 10
5.8740118110236219
 20
-4.029074803149606
 30
0
 11
5.8881850393700788
 21
-4.0237598425196852
 31
0
  0
LINE
  5
954
330
22
100
AcDbEntity
  8
F.Silkscreen
  6
CONTINUOUS
100
AcDbLine
 10
5.8881850393700788
 20
-4.0237598425196852
 30
0
 11
5.888933070866142
 21
-4.0237598425196852
 31
0
  0
LINE
  5
955
330
22
100
AcDbEntity
  8
F.Silkscreen
  6
CONTINUOUS
100
AcDbLine
 10
5.888933070866142
 20
-4.0237598425196852
 30
0
 11
5.888933070866142
 21
-4.0628149606299209
 31
0
  0
LINE
  5
956
330
22
100
AcDbEntity
  8
F.Silkscreen
  6
CONTINUOUS
100
AcDbLine
 10
5.9569842519685041
 20
-3.9195078740157481
 30
0
 11
5.9520236220472436
 21
-3.9195078740157481
 31
0
  0
LINE
  5
957
330
22
100
AcDbEntity
  8
F.Silkscreen
  6
CONTINUOUS
100
AcDbLine
 10
5.9520236220472436
 20
-3.9195078740157481
 30
0
 11
5.9520236220472436
 21
-3.8865944881889765
 31
0
  0
LINE
  5
958
330
22
100
AcDbEntity
  8
F.Silkscreen
  6
CONTINUOUS
100
AcDbLine
 10
5.9520236220472436
 20
-3.8865944881889765
 30
0
 11
5.942062992125984
 21
-3.8902559055118111
 31
0
  0
LINE
  5
959
330
22
100
AcDbEntity
  8
F.Silkscreen
  6
CONTINUOUS
100
AcDbLine
 10
5.942062992125984
 20
-3.8902559055118111
 30
0
 11
5.942062992125984
 21
-3.8857677165354332
 31
0
  0
LINE
  5
95A
330
22
100
AcDbEntity
  8
F.Silkscreen
  6
CONTINUOUS
100
AcDbLine
 10
5.942062992125984
 20
-3.8857677165354332
 30
0
 11
5.9562362204724408
 21
-3.8804527559055115
 31
0
  0
LINE
  5
95B
330
22
100
AcDbEntity
  8
F.Silkscreen
  6
CONTINUOUS
100
AcDbLine
 10
5.9562362204724408
 20
-3.8804527559055115
 30
0
 11
5.9569842519685041
 21
-3.8804527559055115
 31
0
  0
LINE
  5
95C
330
22
100
AcDbEntity
  8
F.Silkscreen
  6
CONTINUOUS
100
AcDbLine
 10
5.9569842519685041
 20
-3.8804527559055115
 30
0
 11
5.9569842519685041
 21
-3.9195078740157481
 31
0
  0
LINE
  5
95D
330
22
100
AcDbEntity
  8
F.Silkscreen
  6
CONTINUOUS
100
AcDbLine
 10
5.9396023622047247
 20
-4.0465944881889762
 30
0
 11
5.942240157480315
 21
-4.0434448818897639
 31
0
  0
LINE
  5
95E
330
22
100
AcDbEntity
  8
F.Silkscreen
  6
CONTINUOUS
100
AcDbLine
 10
5.942240157480315
 20
-4.0434448818897639
 30
0
 11
5.9512559055118111
 21
-4.0339173228346459
 31
0
  0
LINE
  5
95F
330
22
100
AcDbEntity
  8
F.Silkscreen
  6
CONTINUOUS
100
AcDbLine
 10
5.9512559055118111
 20
-4.0339173228346459
 30
0
 11
5.9572401574803147
 21
-4.0339173228346459
 31
0
  0
LINE
  5
960
330
22
100
AcDbEntity
  8
F.Silkscreen
  6
CONTINUOUS
100
AcDbLine
 10
5.9572401574803147
 20
-4.0339173228346459
 30
0
 11
5.9460196850393698
 21
-4.0460039370078738
 31
0
  0
LINE
  5
961
330
22
100
AcDbEntity
  8
F.Silkscreen
  6
CONTINUOUS
100
AcDbLine
 10
5.9460196850393698
 20
-4.0460039370078738
 30
0
 11
5.9585787401574803
 21
-4.0628149606299209
 31
0
  0
LINE
  5
962
330
22
100
AcDbEntity
  8
F.Silkscreen
  6
CONTINUOUS
100
AcDbLine
 10
5.9585787401574803
 20
-4.0628149606299209
 30
0
 11
5.9527519685039367
 21
-4.0628149606299209
 31
0
  0
LINE
  5
963
330
22
100
AcDbEntity
  8
F.Silkscreen
  6
CONTINUOUS
100
AcDbLine
 10
5.9527519685039367
 20
-4.0628149606299209
 30
0
 11
5.9427125984251967
 21
-4.0494291338582675
 31
0
  0
LINE
  5
964
330
22
100
AcDbEntity
  8
F.Silkscreen
  6
CONTINUOUS
100
AcDbLine
 10
5.9427125984251967
 20
-4.0494291338582675
 30
0
 11
5.9396023622047247
 21
-4.0526574803149602
 31
0
  0
LINE
  5
965
330
22
100
AcDbEntity
  8
F.Silkscreen
  6
CONTINUOUS
100
AcDbLine
 10
5.9396023622047247
 20
-4.0526574803149602
 30
0
 11
5.9396023622047247
 21
-4.0628149606299209
 31
0
  0
LINE
  5
966
330
22
100
AcDbEntity
  8
F.Silkscreen
  6
CONTINUOUS
100
AcDbLine
 10
5.9396023622047247
 20
-4.0628149606299209
 30
0
 11
5.9346811023622044
 21
-4.0628149606299209
 31
0
  0
LINE
  5
967
330
22
100
AcDbEntity
  8
F.Silkscreen
  6
CONTINUOUS
100
AcDbLine
 10
5.9346811023622044
 20
-4.0628149606299209
 30
0
 11
5.9346811023622044
 21
-4.0217913385826769
 31
0
  0
LINE
  5
968
330
22
100
AcDbEntity
  8
F.Silkscreen
  6
CONTINUOUS
100
AcDbLine
 10
5.9346811023622044
 20
-4.0217913385826769
 30
0
 11
5.9396023622047247
 21
-4.0217913385826769
 31
0
  0
LINE
  5
969
330
22
100
AcDbEntity
  8
F.Silkscreen
  6
CONTINUOUS
100
AcDbLine
 10
5.9396023622047247
 20
-4.0217913385826769
 30
0
 11
5.9396023622047247
 21
-4.0465944881889762
 31
0
  0
LINE
  5
96A
330
22
100
AcDbEntity
  8
F.Silkscreen
  6
CONTINUOUS
100
AcDbLine
 10
5.9218458661417319
 20
-3.8806561811023621
 30
0
 11
5.9239657480314962
 21
-3.8807927952755903
 31
0
  0
LINE
  5
96B
330
22
100
AcDbEntity
  8
F.Silkscreen
  6
CONTINUOUS
100
AcDbLine
 10
5.9239657480314962
 20
-3.8807927952755903
 30
0
 11
5.9257354724409446
 21
-3.8810703543307086
 31
0
  0
LINE
  5
96C
330
22
100
AcDbEntity
  8
F.Silkscreen
  6
CONTINUOUS
100
AcDbLine
 10
5.9257354724409446
 20
-3.8810703543307086
 30
0
 11
5.9270433070866142
 21
-3.8813976377952755
 31
0
  0
LINE
  5
96D
330
22
100
AcDbEntity
  8
F.Silkscreen
  6
CONTINUOUS
100
AcDbLine
 10
5.9270433070866142
 20
-3.8813976377952755
 30
0
 11
5.9281089370078739
 21
-3.8817607086614174
 31
0
  0
LINE
  5
96E
330
22
100
AcDbEntity
  8
F.Silkscreen
  6
CONTINUOUS
100
AcDbLine
 10
5.9281089370078739
 20
-3.8817607086614174
 30
0
 11
5.929236811023622
 21
-3.8822632677165352
 31
0
  0
LINE
  5
96F
330
22
100
AcDbEntity
  8
F.Silkscreen
  6
CONTINUOUS
100
AcDbLine
 10
5.929236811023622
 20
-3.8822632677165352
 30
0
 11
5.9301449999999996
 21
-3.8827797244094486
 31
0
  0
LINE
  5
970
330
22
100
AcDbEntity
  8
F.Silkscreen
  6
CONTINUOUS
100
AcDbLine
 10
5.9301449999999996
 20
-3.8827797244094486
 30
0
 11
5.9310929527559058
 21
-3.8834576377952756
 31
0
  0
LINE
  5
971
330
22
100
AcDbEntity
  8
F.Silkscreen
  6
CONTINUOUS
100
AcDbLine
 10
5.9310929527559058
 20
-3.8834576377952756
 30
0
 11
5.9319481889763779
 21
-3.8842199606299213
 31
0
  0
LINE
  5
972
330
22
100
AcDbEntity
  8
F.Silkscreen
  6
CONTINUOUS
100
AcDbLine
 10
5.9319481889763779
 20
-3.8842199606299213
 30
0
 11
5.9326955905511811
 21
-3.8850673228346455
 31
0
  0
LINE
  5
973
330
22
100
AcDbEntity
  8
F.Silkscreen
  6
CONTINUOUS
100
AcDbLine
 10
5.9326955905511811
 20
-3.8850673228346455
 30
0
 11
5.9332587795275593
 21
-3.8858804330708661
 31
0
  0
LINE
  5
974
330
22
100
AcDbEntity
  8
F.Silkscreen
  6
CONTINUOUS
100
AcDbLine
 10
5.9332587795275593
 20
-3.8858804330708661
 30
0
 11
5.9337985433070868
 21
-3.8868916141732281
 31
0
  0
LINE
  5
975
330
22
100
AcDbEntity
  8
F.Silkscreen
  6
CONTINUOUS
100
AcDbLine
 10
5.9337985433070868
 20
-3.8868916141732281
 30
0
 11
5.9342276377952752
 21
-3.8879901181102361
 31
0
  0
LINE
  5
976
330
22
100
AcDbEntity
  8
F.Silkscreen
  6
CONTINUOUS
100
AcDbLine
 10
5.9342276377952752
 20
-3.8879901181102361
 30
0
 11
5.934577992125984
 21
-3.8893303543307085
 31
0
  0
LINE
  5
977
330
22
100
AcDbEntity
  8
F.Silkscreen
  6
CONTINUOUS
100
AcDbLine
 10
5.934577992125984
 20
-3.8893303543307085
 30
0
 11
5.9347717716535433
 21
-3.8906144881889761
 31
0
  0
LINE
  5
978
330
22
100
AcDbEntity
  8
F.Silkscreen
  6
CONTINUOUS
100
AcDbLine
 10
5.9347717716535433
 20
-3.8906144881889761
 30
0
 11
5.9348574015748028
 21
-3.8921635826771652
 31
0
  0
LINE
  5
979
330
22
100
AcDbEntity
  8
F.Silkscreen
  6
CONTINUOUS
100
AcDbLine
 10
5.9348574015748028
 20
-3.8921635826771652
 30
0
 11
5.9348111811023623
 21
-3.8934513385826772
 31
0
  0
LINE
  5
97A
330
22
100
AcDbEntity
  8
F.Silkscreen
  6
CONTINUOUS
100
AcDbLine
 10
5.9348111811023623
 20
-3.8934513385826772
 30
0
 11
5.9346303149606294
 21
-3.8947210236220471
 31
0
  0
LINE
  5
97B
330
22
100
AcDbEntity
  8
F.Silkscreen
  6
CONTINUOUS
100
AcDbLine
 10
5.9346303149606294
 20
-3.8947210236220471
 30
0
 11
5.9342812992125982
 21
-3.8960215354330709
 31
0
  0
LINE
  5
97C
330
22
100
AcDbEntity
  8
F.Silkscreen
  6
CONTINUOUS
100
AcDbLine
 10
5.9342812992125982
 20
-3.8960215354330709
 30
0
 11
5.9338178740157481
 21
-3.8971528346456692
 31
0
  0
LINE
  5
97D
330
22
100
AcDbEntity
  8
F.Silkscreen
  6
CONTINUOUS
100
AcDbLine
 10
5.9338178740157481
 20
-3.8971528346456692
 30
0
 11
5.933273897637795
 21
-3.8981314566929135
 31
0
  0
LINE
  5
97E
330
22
100
AcDbEntity
  8
F.Silkscreen
  6
CONTINUOUS
100
AcDbLine
 10
5.933273897637795
 20
-3.8981314566929135
 30
0
 11
5.9325465354330706
 21
-3.8991389763779525
 31
0
  0
LINE
  5
97F
330
22
100
AcDbEntity
  8
F.Silkscreen
  6
CONTINUOUS
100
AcDbLine
 10
5.9325465354330706
 20
-3.8991389763779525
 30
0
 11
5.9317003937007868
 21
-3.9000607874015749
 31
0
  0
LINE
  5
980
330
22
100
AcDbEntity
  8
F.Silkscreen
  6
CONTINUOUS
100
AcDbLine
 10
5.9317003937007868
 20
-3.9000607874015749
 30
0
 11
5.9308299212598428
 21
-3.9008206692913383
 31
0
  0
LINE
  5
981
330
22
100
AcDbEntity
  8
F.Silkscreen
  6
CONTINUOUS
100
AcDbLine
 10
5.9308299212598428
 20
-3.9008206692913383
 30
0
 11
5.9297768503937007
 21
-3.9015567716535431
 31
0
  0
LINE
  5
982
330
22
100
AcDbEntity
  8
F.Silkscreen
  6
CONTINUOUS
100
AcDbLine
 10
5.9297768503937007
 20
-3.9015567716535431
 30
0
 11
5.9286158267716536
 21
-3.902196023622047
 31
0
  0
LINE
  5
983
330
22
100
AcDbEntity
  8
F.Silkscreen
  6
CONTINUOUS
100
AcDbLine
 10
5.9286158267716536
 20
-3.902196023622047
 30
0
 11
5.9274566929133856
 21
-3.9026968503937005
 31
0
  0
LINE
  5
984
330
22
100
AcDbEntity
  8
F.Silkscreen
  6
CONTINUOUS
100
AcDbLine
 10
5.9274566929133856
 20
-3.9026968503937005
 30
0
 11
5.9365905511811023
 21
-3.9191929133858268
 31
0
  0
LINE
  5
985
330
22
100
AcDbEntity
  8
F.Silkscreen
  6
CONTINUOUS
100
AcDbLine
 10
5.9365905511811023
 20
-3.9191929133858268
 30
0
 11
5.9365905511811023
 21
-3.9195078740157481
 31
0
  0
LINE
  5
986
330
22
100
AcDbEntity
  8
F.Silkscreen
  6
CONTINUOUS
100
AcDbLine
 10
5.9365905511811023
 20
-3.9195078740157481
 30
0
 11
5.9310787401574805
 21
-3.9195078740157481
 31
0
  0
LINE
  5
987
330
22
100
AcDbEntity
  8
F.Silkscreen
  6
CONTINUOUS
100
AcDbLine
 10
5.9310787401574805
 20
-3.9195078740157481
 30
0
 11
5.9226535433070868
 21
-3.9037992125984253
 31
0
  0
LINE
  5
988
330
22
100
AcDbEntity
  8
F.Silkscreen
  6
CONTINUOUS
100
AcDbLine
 10
5.9226535433070868
 20
-3.9037992125984253
 30
0
 11
5.9135196850393701
 21
-3.9037992125984253
 31
0
  0
LINE
  5
989
330
22
100
AcDbEntity
  8
F.Silkscreen
  6
CONTINUOUS
100
AcDbLine
 10
5.9135196850393701
 20
-3.9037992125984253
 30
0
 11
5.9135196850393701
 21
-3.9195078740157481
 31
0
  0
LINE
  5
98A
330
22
100
AcDbEntity
  8
F.Silkscreen
  6
CONTINUOUS
100
AcDbLine
 10
5.9135196850393701
 20
-3.9195078740157481
 30
0
 11
5.9083622047244093
 21
-3.9195078740157481
 31
0
  0
LINE
  5
98B
330
22
100
AcDbEntity
  8
F.Silkscreen
  6
CONTINUOUS
100
AcDbLine
 10
5.9083622047244093
 20
-3.9195078740157481
 30
0
 11
5.9083622047244093
 21
-3.899586614173228
 31
0
  0
LINE
  5
98C
330
22
100
AcDbEntity
  8
F.Silkscreen
  6
CONTINUOUS
100
AcDbLine
 10
5.9083622047244093
 20
-3.899586614173228
 30
0
 11
5.9135196850393701
 21
-3.899586614173228
 31
0
  0
LINE
  5
98D
330
22
100
AcDbEntity
  8
F.Silkscreen
  6
CONTINUOUS
100
AcDbLine
 10
5.9135196850393701
 20
-3.899586614173228
 30
0
 11
5.9215126377952751
 21
-3.8995861417322835
 31
0
  0
LINE
  5
98E
330
22
100
AcDbEntity
  8
F.Silkscreen
  6
CONTINUOUS
100
AcDbLine
 10
5.9215126377952751
 20
-3.8995861417322835
 30
0
 11
5.9230972834645668
 21
-3.8994784645669291
 31
0
  0
LINE
  5
98F
330
22
100
AcDbEntity
  8
F.Silkscreen
  6
CONTINUOUS
100
AcDbLine
 10
5.9230972834645668
 20
-3.8994784645669291
 30
0
 11
5.9243356299212593
 21
-3.8992362598425196
 31
0
  0
LINE
  5
990
330
22
100
AcDbEntity
  8
F.Silkscreen
  6
CONTINUOUS
100
AcDbLine
 10
5.9243356299212593
 20
-3.8992362598425196
 30
0
 11
5.9254631889763782
 21
-3.8988556299212598
 31
0
  0
LINE
  5
991
330
22
100
AcDbEntity
  8
F.Silkscreen
  6
CONTINUOUS
100
AcDbLine
 10
5.9254631889763782
 20
-3.8988556299212598
 30
0
 11
5.9263995275590551
 21
-3.898385118110236
 31
0
  0
LINE
  5
992
330
22
100
AcDbEntity
  8
F.Silkscreen
  6
CONTINUOUS
100
AcDbLine
 10
5.9263995275590551
 20
-3.898385118110236
 30
0
 11
5.9273148818897639
 21
-3.8977392125984252
 31
0
  0
LINE
  5
993
330
22
100
AcDbEntity
  8
F.Silkscreen
  6
CONTINUOUS
100
AcDbLine
 10
5.9273148818897639
 20
-3.8977392125984252
 30
0
 11
5.9282757480314956
 21
-3.8967631889763781
 31
0
  0
LINE
  5
994
330
22
100
AcDbEntity
  8
F.Silkscreen
  6
CONTINUOUS
100
AcDbLine
 10
5.9282757480314956
 20
-3.8967631889763781
 30
0
 11
5.9289907480314961
 21
-3.8956394488188977
 31
0
  0
LINE
  5
995
330
22
100
AcDbEntity
  8
F.Silkscreen
  6
CONTINUOUS
100
AcDbLine
 10
5.9289907480314961
 20
-3.8956394488188977
 30
0
 11
5.9294591732283459
 21
-3.8943686614173227
 31
0
  0
LINE
  5
996
330
22
100
AcDbEntity
  8
F.Silkscreen
  6
CONTINUOUS
100
AcDbLine
 10
5.9294591732283459
 20
-3.8943686614173227
 30
0
 11
5.9296739370078742
 21
-3.8930499212598426
 31
0
  0
LINE
  5
997
330
22
100
AcDbEntity
  8
F.Silkscreen
  6
CONTINUOUS
100
AcDbLine
 10
5.9296739370078742
 20
-3.8930499212598426
 30
0
 11
5.9296587401574801
 21
-3.8913572834645667
 31
0
  0
LINE
  5
998
330
22
100
AcDbEntity
  8
F.Silkscreen
  6
CONTINUOUS
100
AcDbLine
 10
5.9296587401574801
 20
-3.8913572834645667
 30
0
 11
5.929401811023622
 21
-3.8898640551181103
 31
0
  0
LINE
  5
999
330
22
100
AcDbEntity
  8
F.Silkscreen
  6
CONTINUOUS
100
AcDbLine
 10
5.929401811023622
 20
-3.8898640551181103
 30
0
 11
5.9289113385826768
 21
-3.8885568110236219
 31
0
  0
LINE
  5
99A
330
22
100
AcDbEntity
  8
F.Silkscreen
  6
CONTINUOUS
100
AcDbLine
 10
5.9289113385826768
 20
-3.8885568110236219
 30
0
 11
5.9285542125984252
 21
-3.8879356299212597
 31
0
  0
LINE
  5
99B
330
22
100
AcDbEntity
  8
F.Silkscreen
  6
CONTINUOUS
100
AcDbLine
 10
5.9285542125984252
 20
-3.8879356299212597
 30
0
 11
5.928130708661417
 21
-3.887367401574803
 31
0
  0
LINE
  5
99C
330
22
100
AcDbEntity
  8
F.Silkscreen
  6
CONTINUOUS
100
AcDbLine
 10
5.928130708661417
 20
-3.887367401574803
 30
0
 11
5.927296771653543
 21
-3.886557716535433
 31
0
  0
LINE
  5
99D
330
22
100
AcDbEntity
  8
F.Silkscreen
  6
CONTINUOUS
100
AcDbLine
 10
5.927296771653543
 20
-3.886557716535433
 30
0
 11
5.9262911417322837
 21
-3.8859025984251967
 31
0
  0
LINE
  5
99E
330
22
100
AcDbEntity
  8
F.Silkscreen
  6
CONTINUOUS
100
AcDbLine
 10
5.9262911417322837
 20
-3.8859025984251967
 30
0
 11
5.925129566929134
 21
-3.8854066535433072
 31
0
  0
LINE
  5
99F
330
22
100
AcDbEntity
  8
F.Silkscreen
  6
CONTINUOUS
100
AcDbLine
 10
5.925129566929134
 20
-3.8854066535433072
 30
0
 11
5.9237042519685037
 21
-3.885050590551181
 31
0
  0
LINE
  5
9A0
330
22
100
AcDbEntity
  8
F.Silkscreen
  6
CONTINUOUS
100
AcDbLine
 10
5.9237042519685037
 20
-3.885050590551181
 30
0
 11
5.922692440944882
 21
-3.8849192125984251
 31
0
  0
LINE
  5
9A1
330
22
100
AcDbEntity
  8
F.Silkscreen
  6
CONTINUOUS
100
AcDbLine
 10
5.922692440944882
 20
-3.8849192125984251
 30
0
 11
5.9216059448818896
 21
-3.8848640944881887
 31
0
  0
LINE
  5
9A2
330
22
100
AcDbEntity
  8
F.Silkscreen
  6
CONTINUOUS
100
AcDbLine
 10
5.9216059448818896
 20
-3.8848640944881887
 30
0
 11
5.9135196850393701
 21
-3.8848622047244095
 31
0
  0
LINE
  5
9A3
330
22
100
AcDbEntity
  8
F.Silkscreen
  6
CONTINUOUS
100
AcDbLine
 10
5.9135196850393701
 20
-3.8848622047244095
 30
0
 11
5.9135196850393701
 21
-3.899586614173228
 31
0
  0
LINE
  5
9A4
330
22
100
AcDbEntity
  8
F.Silkscreen
  6
CONTINUOUS
100
AcDbLine
 10
5.9135196850393701
 20
-3.899586614173228
 30
0
 11
5.9083622047244093
 21
-3.899586614173228
 31
0
  0
LINE
  5
9A5
330
22
100
AcDbEntity
  8
F.Silkscreen
  6
CONTINUOUS
100
AcDbLine
 10
5.9083622047244093
 20
-3.899586614173228
 30
0
 11
5.9083622047244093
 21
-3.8848622047244095
 31
0
  0
LINE
  5
9A6
330
22
100
AcDbEntity
  8
F.Silkscreen
  6
CONTINUOUS
100
AcDbLine
 10
5.9083622047244093
 20
-3.8848622047244095
 30
0
 11
5.9083622047244093
 21
-3.8806496062992126
 31
0
  0
LINE
  5
9A7
330
22
100
AcDbEntity
  8
F.Silkscreen
  6
CONTINUOUS
100
AcDbLine
 10
5.9083622047244093
 20
-3.8806496062992126
 30
0
 11
5.9218458661417319
 21
-3.8806561811023621
 31
0
  0
LINE
  5
9A8
330
22
100
AcDbEntity
  8
F.Silkscreen
  6
CONTINUOUS
100
AcDbLine
 10
5.9164716929133858
 20
-4.023430039370079
 30
0
 11
5.9177524409448816
 21
-4.0235466929133858
 31
0
  0
LINE
  5
9A9
330
22
100
AcDbEntity
  8
F.Silkscreen
  6
CONTINUOUS
100
AcDbLine
 10
5.9177524409448816
 20
-4.0235466929133858
 30
0
 11
5.9189531102362203
 21
-4.0237594488188977
 31
0
  0
LINE
  5
9AA
330
22
100
AcDbEntity
  8
F.Silkscreen
  6
CONTINUOUS
100
AcDbLine
 10
5.9189531102362203
 20
-4.0237594488188977
 30
0
 11
5.9200737007874018
 21
-4.0240682677165349
 31
0
  0
LINE
  5
9AB
330
22
100
AcDbEntity
  8
F.Silkscreen
  6
CONTINUOUS
100
AcDbLine
 10
5.9200737007874018
 20
-4.0240682677165349
 30
0
 11
5.9211142125984253
 21
-4.0244731889763781
 31
0
  0
LINE
  5
9AC
330
22
100
AcDbEntity
  8
F.Silkscreen
  6
CONTINUOUS
100
AcDbLine
 10
5.9211142125984253
 20
-4.0244731889763781
 30
0
 11
5.9219423622047245
 21
-4.0248966929133854
 31
0
  0
LINE
  5
9AD
330
22
100
AcDbEntity
  8
F.Silkscreen
  6
CONTINUOUS
100
AcDbLine
 10
5.9219423622047245
 20
-4.0248966929133854
 30
0
 11
5.922834212598425
 21
-4.0254800393700787
 31
0
  0
LINE
  5
9AE
330
22
100
AcDbEntity
  8
F.Silkscreen
  6
CONTINUOUS
100
AcDbLine
 10
5.922834212598425
 20
-4.0254800393700787
 30
0
 11
5.9236459842519684
 21
-4.0261594881889762
 31
0
  0
LINE
  5
9AF
330
22
100
AcDbEntity
  8
F.Silkscreen
  6
CONTINUOUS
100
AcDbLine
 10
5.9236459842519684
 20
-4.0261594881889762
 30
0
 11
5.924759842519685
 21
-4.0274212598425194
 31
0
  0
LINE
  5
9B0
330
22
100
AcDbEntity
  8
F.Silkscreen
  6
CONTINUOUS
100
AcDbLine
 10
5.924759842519685
 20
-4.0274212598425194
 30
0
 11
5.9252882283464565
 21
-4.0282126377952752
 31
0
  0
LINE
  5
9B1
330
22
100
AcDbEntity
  8
F.Silkscreen
  6
CONTINUOUS
100
AcDbLine
 10
5.9252882283464565
 20
-4.0282126377952752
 30
0
 11
5.9257661023622044
 21
-4.0290807874015746
 31
0
  0
LINE
  5
9B2
330
22
100
AcDbEntity
  8
F.Silkscreen
  6
CONTINUOUS
100
AcDbLine
 10
5.9257661023622044
 20
-4.0290807874015746
 30
0
 11
5.9265702362204724
 21
-4.0310475984251966
 31
0
  0
LINE
  5
9B3
330
22
100
AcDbEntity
  8
F.Silkscreen
  6
CONTINUOUS
100
AcDbLine
 10
5.9265702362204724
 20
-4.0310475984251966
 30
0
 11
5.9271723228346458
 21
-4.0333216929133862
 31
0
  0
LINE
  5
9B4
330
22
100
AcDbEntity
  8
F.Silkscreen
  6
CONTINUOUS
100
AcDbLine
 10
5.9271723228346458
 20
-4.0333216929133862
 30
0
 11
5.9275197244094491
 21
-4.0354514960629917
 31
0
  0
LINE
  5
9B5
330
22
100
AcDbEntity
  8
F.Silkscreen
  6
CONTINUOUS
100
AcDbLine
 10
5.9275197244094491
 20
-4.0354514960629917
 30
0
 11
5.9277397244094487
 21
-4.0380407086614172
 31
0
  0
LINE
  5
9B6
330
22
100
AcDbEntity
  8
F.Silkscreen
  6
CONTINUOUS
100
AcDbLine
 10
5.9277397244094487
 20
-4.0380407086614172
 30
0
 11
5.9277913385826766
 21
-4.039822834645669
 31
0
  0
LINE
  5
9B7
330
22
100
AcDbEntity
  8
F.Silkscreen
  6
CONTINUOUS
100
AcDbLine
 10
5.9277913385826766
 20
-4.039822834645669
 30
0
 11
5.9277913385826766
 21
-4.0462401574803151
 31
0
  0
LINE
  5
9B8
330
22
100
AcDbEntity
  8
F.Silkscreen
  6
CONTINUOUS
100
AcDbLine
 10
5.9277913385826766
 20
-4.0462401574803151
 30
0
 11
5.9277040944881891
 21
-4.0490861023622049
 31
0
  0
LINE
  5
9B9
330
22
100
AcDbEntity
  8
F.Silkscreen
  6
CONTINUOUS
100
AcDbLine
 10
5.9277040944881891
 20
-4.0490861023622049
 30
0
 11
5.9274424409448816
 21
-4.0516691732283467
 31
0
  0
LINE
  5
9BA
330
22
100
AcDbEntity
  8
F.Silkscreen
  6
CONTINUOUS
100
AcDbLine
 10
5.9274424409448816
 20
-4.0516691732283467
 30
0
 11
5.9270531496062988
 21
-4.0537893700787402
 31
0
  0
LINE
  5
9BB
330
22
100
AcDbEntity
  8
F.Silkscreen
  6
CONTINUOUS
100
AcDbLine
 10
5.9270531496062988
 20
-4.0537893700787402
 30
0
 11
5.9264584251968504
 21
-4.0558706692913384
 31
0
  0
LINE
  5
9BC
330
22
100
AcDbEntity
  8
F.Silkscreen
  6
CONTINUOUS
100
AcDbLine
 10
5.9264584251968504
 20
-4.0558706692913384
 30
0
 11
5.9257663779527556
 21
-4.0575346850393696
 31
0
  0
LINE
  5
9BD
330
22
100
AcDbEntity
  8
F.Silkscreen
  6
CONTINUOUS
100
AcDbLine
 10
5.9257663779527556
 20
-4.0575346850393696
 30
0
 11
5.9248385826771655
 21
-4.0591141732283464
 31
0
  0
LINE
  5
9BE
330
22
100
AcDbEntity
  8
F.Silkscreen
  6
CONTINUOUS
100
AcDbLine
 10
5.9248385826771655
 20
-4.0591141732283464
 30
0
 11
5.9237247244094489
 21
-4.0604501968503932
 31
0
  0
LINE
  5
9BF
330
22
100
AcDbEntity
  8
F.Silkscreen
  6
CONTINUOUS
100
AcDbLine
 10
5.9237247244094489
 20
-4.0604501968503932
 30
0
 11
5.9225405511811022
 21
-4.0614467322834642
 31
0
  0
LINE
  5
9C0
330
22
100
AcDbEntity
  8
F.Silkscreen
  6
CONTINUOUS
100
AcDbLine
 10
5.9225405511811022
 20
-4.0614467322834642
 30
0
 11
5.9217516141732283
 21
-4.0619449999999997
 31
0
  0
LINE
  5
9C1
330
22
100
AcDbEntity
  8
F.Silkscreen
  6
CONTINUOUS
100
AcDbLine
 10
5.9217516141732283
 20
-4.0619449999999997
 30
0
 11
5.9209038188976377
 21
-4.0623685433070866
 31
0
  0
LINE
  5
9C2
330
22
100
AcDbEntity
  8
F.Silkscreen
  6
CONTINUOUS
100
AcDbLine
 10
5.9209038188976377
 20
-4.0623685433070866
 30
0
 11
5.9199972440944881
 21
-4.0627173622047241
 31
0
  0
LINE
  5
9C3
330
22
100
AcDbEntity
  8
F.Silkscreen
  6
CONTINUOUS
100
AcDbLine
 10
5.9199972440944881
 20
-4.0627173622047241
 30
0
 11
5.9190318503937007
 21
-4.0629913779527556
 31
0
  0
LINE
  5
9C4
330
22
100
AcDbEntity
  8
F.Silkscreen
  6
CONTINUOUS
100
AcDbLine
 10
5.9190318503937007
 20
-4.0629913779527556
 30
0
 11
5.9180075984251967
 21
-4.0631907086614172
 31
0
  0
LINE
  5
9C5
330
22
100
AcDbEntity
  8
F.Silkscreen
  6
CONTINUOUS
100
AcDbLine
 10
5.9180075984251967
 20
-4.0631907086614172
 30
0
 11
5.916924527559055
 21
-4.0633152755905515
 31
0
  0
LINE
  5
9C6
330
22
100
AcDbEntity
  8
F.Silkscreen
  6
CONTINUOUS
100
AcDbLine
 10
5.916924527559055
 20
-4.0633152755905515
 30
0
 11
5.9157826377952754
 21
-4.0633651181102364
 31
0
  0
LINE
  5
9C7
330
22
100
AcDbEntity
  8
F.Silkscreen
  6
CONTINUOUS
100
AcDbLine
 10
5.9157826377952754
 20
-4.0633651181102364
 30
0
 11
5.9144486614173228
 21
-4.0633298031496059
 31
0
  0
LINE
  5
9C8
330
22
100
AcDbEntity
  8
F.Silkscreen
  6
CONTINUOUS
100
AcDbLine
 10
5.9144486614173228
 20
-4.0633298031496059
 30
0
 11
5.9125097637795276
 21
-4.0630744881889767
 31
0
  0
LINE
  5
9C9
330
22
100
AcDbEntity
  8
F.Silkscreen
  6
CONTINUOUS
100
AcDbLine
 10
5.9125097637795276
 20
-4.0630744881889767
 30
0
 11
5.9115325984251967
 21
-4.062832244094488
 31
0
  0
LINE
  5
9CA
330
22
100
AcDbEntity
  8
F.Silkscreen
  6
CONTINUOUS
100
AcDbLine
 10
5.9115325984251967
 20
-4.062832244094488
 30
0
 11
5.9106121653543306
 21
-4.0625173622047246
 31
0
  0
LINE
  5
9CB
330
22
100
AcDbEntity
  8
F.Silkscreen
  6
CONTINUOUS
100
AcDbLine
 10
5.9106121653543306
 20
-4.0625173622047246
 30
0
 11
5.9097484645669294
 21
-4.062129803149606
 31
0
  0
LINE
  5
9CC
330
22
100
AcDbEntity
  8
F.Silkscreen
  6
CONTINUOUS
100
AcDbLine
 10
5.9097484645669294
 20
-4.062129803149606
 30
0
 11
5.9089415354330708
 21
-4.0616696062992128
 31
0
  0
LINE
  5
9CD
330
22
100
AcDbEntity
  8
F.Silkscreen
  6
CONTINUOUS
100
AcDbLine
 10
5.9089415354330708
 20
-4.0616696062992128
 30
0
 11
5.9081913779527557
 21
-4.0611367322834644
 31
0
  0
LINE
  5
9CE
330
22
100
AcDbEntity
  8
F.Silkscreen
  6
CONTINUOUS
100
AcDbLine
 10
5.9081913779527557
 20
-4.0611367322834644
 30
0
 11
5.9074979133858267
 21
-4.0605311811023626
 31
0
  0
LINE
  5
9CF
330
22
100
AcDbEntity
  8
F.Silkscreen
  6
CONTINUOUS
100
AcDbLine
 10
5.9074979133858267
 20
-4.0605311811023626
 30
0
 11
5.9065641732283467
 21
-4.0594866141732284
 31
0
  0
LINE
  5
9D0
330
22
100
AcDbEntity
  8
F.Silkscreen
  6
CONTINUOUS
100
AcDbLine
 10
5.9065641732283467
 20
-4.0594866141732284
 30
0
 11
5.9057538582677163
 21
-4.0582794881889761
 31
0
  0
LINE
  5
9D1
330
22
100
AcDbEntity
  8
F.Silkscreen
  6
CONTINUOUS
100
AcDbLine
 10
5.9057538582677163
 20
-4.0582794881889761
 30
0
 11
5.9050575984251967
 21
-4.0569119291338582
 31
0
  0
LINE
  5
9D2
330
22
100
AcDbEntity
  8
F.Silkscreen
  6
CONTINUOUS
100
AcDbLine
 10
5.9050575984251967
 20
-4.0569119291338582
 30
0
 11
5.9044172440944882
 21
-4.0552042519685036
 31
0
  0
LINE
  5
9D3
330
22
100
AcDbEntity
  8
F.Silkscreen
  6
CONTINUOUS
100
AcDbLine
 10
5.9044172440944882
 20
-4.0552042519685036
 30
0
 11
5.903960905511811
 21
-4.0534981102362204
 31
0
  0
LINE
  5
9D4
330
22
100
AcDbEntity
  8
F.Silkscreen
  6
CONTINUOUS
100
AcDbLine
 10
5.903960905511811
 20
-4.0534981102362204
 30
0
 11
5.9035872047244089
 21
-4.0514142519685041
 31
0
  0
LINE
  5
9D5
330
22
100
AcDbEntity
  8
F.Silkscreen
  6
CONTINUOUS
100
AcDbLine
 10
5.9035872047244089
 20
-4.0514142519685041
 30
0
 11
5.9033708661417323
 21
-4.0493694881889759
 31
0
  0
LINE
  5
9D6
330
22
100
AcDbEntity
  8
F.Silkscreen
  6
CONTINUOUS
100
AcDbLine
 10
5.9033708661417323
 20
-4.0493694881889759
 30
0
 11
5.9032689370078737
 21
-4.0470275590551177
 31
0
  0
LINE
  5
9D7
330
22
100
AcDbEntity
  8
F.Silkscreen
  6
CONTINUOUS
100
AcDbLine
 10
5.9032689370078737
 20
-4.0470275590551177
 30
0
 11
5.9032637795275589
 21
-4.0469094488188979
 31
0
  0
LINE
  5
9D8
330
22
100
AcDbEntity
  8
F.Silkscreen
  6
CONTINUOUS
100
AcDbLine
 10
5.9032637795275589
 20
-4.0469094488188979
 30
0
 11
5.9032964173228342
 21
-4.039114173228346
 31
0
  0
LINE
  5
9D9
330
22
100
AcDbEntity
  8
F.Silkscreen
  6
CONTINUOUS
100
AcDbLine
 10
5.9032964173228342
 20
-4.039114173228346
 30
0
 11
5.9081850393700783
 21
-4.039114173228346
 31
0
  0
LINE
  5
9DA
330
22
100
AcDbEntity
  8
F.Silkscreen
  6
CONTINUOUS
100
AcDbLine
 10
5.9081850393700783
 20
-4.039114173228346
 30
0
 11
5.9081850393700783
 21
-4.0470275590551177
 31
0
  0
LINE
  5
9DB
330
22
100
AcDbEntity
  8
F.Silkscreen
  6
CONTINUOUS
100
AcDbLine
 10
5.9081850393700783
 20
-4.0470275590551177
 30
0
 11
5.9083007086614172
 21
-4.0499704724409451
 31
0
  0
LINE
  5
9DC
330
22
100
AcDbEntity
  8
F.Silkscreen
  6
CONTINUOUS
100
AcDbLine
 10
5.9083007086614172
 20
-4.0499704724409451
 30
0
 11
5.9084674015748027
 21
-4.0514442125984251
 31
0
  0
LINE
  5
9DD
330
22
100
AcDbEntity
  8
F.Silkscreen
  6
CONTINUOUS
100
AcDbLine
 10
5.9084674015748027
 20
-4.0514442125984251
 30
0
 11
5.9087384251968507
 21
-4.0529282677165357
 31
0
  0
LINE
  5
9DE
330
22
100
AcDbEntity
  8
F.Silkscreen
  6
CONTINUOUS
100
AcDbLine
 10
5.9087384251968507
 20
-4.0529282677165357
 30
0
 11
5.9090998425196846
 21
-4.0542508661417322
 31
0
  0
LINE
  5
9DF
330
22
100
AcDbEntity
  8
F.Silkscreen
  6
CONTINUOUS
100
AcDbLine
 10
5.9090998425196846
 20
-4.0542508661417322
 30
0
 11
5.9095516141732283
 21
-4.0554119685039369
 31
0
  0
LINE
  5
9E0
330
22
100
AcDbEntity
  8
F.Silkscreen
  6
CONTINUOUS
100
AcDbLine
 10
5.9095516141732283
 20
-4.0554119685039369
 30
0
 11
5.9100924803149608
 21
-4.0564116535433072
 31
0
  0
LINE
  5
9E1
330
22
100
AcDbEntity
  8
F.Silkscreen
  6
CONTINUOUS
100
AcDbLine
 10
5.9100924803149608
 20
-4.0564116535433072
 30
0
 11
5.910714960629921
 21
-4.0572590551181102
 31
0
  0
LINE
  5
9E2
330
22
100
AcDbEntity
  8
F.Silkscreen
  6
CONTINUOUS
100
AcDbLine
 10
5.910714960629921
 20
-4.0572590551181102
 30
0
 11
5.9114316141732282
 21
-4.0579603149606296
 31
0
  0
LINE
  5
9E3
330
22
100
AcDbEntity
  8
F.Silkscreen
  6
CONTINUOUS
100
AcDbLine
 10
5.9114316141732282
 20
-4.0579603149606296
 30
0
 11
5.9122424803149602
 21
-4.0585155118110237
 31
0
  0
LINE
  5
9E4
330
22
100
AcDbEntity
  8
F.Silkscreen
  6
CONTINUOUS
100
AcDbLine
 10
5.9122424803149602
 20
-4.0585155118110237
 30
0
 11
5.9133398425196848
 21
-4.0589888582677167
 31
0
  0
LINE
  5
9E5
330
22
100
AcDbEntity
  8
F.Silkscreen
  6
CONTINUOUS
100
AcDbLine
 10
5.9133398425196848
 20
-4.0589888582677167
 30
0
 11
5.9146817322834648
 21
-4.0592642913385824
 31
0
  0
LINE
  5
9E6
330
22
100
AcDbEntity
  8
F.Silkscreen
  6
CONTINUOUS
100
AcDbLine
 10
5.9146817322834648
 20
-4.0592642913385824
 30
0
 11
5.9161471653543307
 21
-4.0592937401574805
 31
0
  0
LINE
  5
9E7
330
22
100
AcDbEntity
  8
F.Silkscreen
  6
CONTINUOUS
100
AcDbLine
 10
5.9161471653543307
 20
-4.0592937401574805
 30
0
 11
5.9174966929133861
 21
-4.0590868110236222
 31
0
  0
LINE
  5
9E8
330
22
100
AcDbEntity
  8
F.Silkscreen
  6
CONTINUOUS
100
AcDbLine
 10
5.9174966929133861
 20
-4.0590868110236222
 30
0
 11
5.9186902362204723
 21
-4.0586459448818895
 31
0
  0
LINE
  5
9E9
330
22
100
AcDbEntity
  8
F.Silkscreen
  6
CONTINUOUS
100
AcDbLine
 10
5.9186902362204723
 20
-4.0586459448818895
 30
0
 11
5.9196535826771655
 21
-4.0580314173228347
 31
0
  0
LINE
  5
9EA
330
22
100
AcDbEntity
  8
F.Silkscreen
  6
CONTINUOUS
100
AcDbLine
 10
5.9196535826771655
 20
-4.0580314173228347
 30
0
 11
5.9204840551181102
 21
-4.0572175590551183
 31
0
  0
LINE
  5
9EB
330
22
100
AcDbEntity
  8
F.Silkscreen
  6
CONTINUOUS
100
AcDbLine
 10
5.9204840551181102
 20
-4.0572175590551183
 30
0
 11
5.9211820472440939
 21
-4.0562035433070864
 31
0
  0
LINE
  5
9EC
330
22
100
AcDbEntity
  8
F.Silkscreen
  6
CONTINUOUS
100
AcDbLine
 10
5.9211820472440939
 20
-4.0562035433070864
 30
0
 11
5.9217137795275585
 21
-4.0550817322834645
 31
0
  0
LINE
  5
9ED
330
22
100
AcDbEntity
  8
F.Silkscreen
  6
CONTINUOUS
100
AcDbLine
 10
5.9217137795275585
 20
-4.0550817322834645
 30
0
 11
5.9221454724409446
 21
-4.053769212598425
 31
0
  0
LINE
  5
9EE
330
22
100
AcDbEntity
  8
F.Silkscreen
  6
CONTINUOUS
100
AcDbLine
 10
5.9221454724409446
 20
-4.053769212598425
 30
0
 11
5.9224771653543309
 21
-4.0522659448818894
 31
0
  0
LINE
  5
9EF
330
22
100
AcDbEntity
  8
F.Silkscreen
  6
CONTINUOUS
100
AcDbLine
 10
5.9224771653543309
 20
-4.0522659448818894
 30
0
 11
5.9227088188976378
 21
-4.0505719291338584
 31
0
  0
LINE
  5
9F0
330
22
100
AcDbEntity
  8
F.Silkscreen
  6
CONTINUOUS
100
AcDbLine
 10
5.9227088188976378
 20
-4.0505719291338584
 30
0
 11
5.9228700787401571
 21
-4.0475787401574799
 31
0
  0
LINE
  5
9F1
330
22
100
AcDbEntity
  8
F.Silkscreen
  6
CONTINUOUS
100
AcDbLine
 10
5.9228700787401571
 20
-4.0475787401574799
 30
0
 11
5.9228700787401571
 21
-4.039468503937008
 31
0
  0
LINE
  5
9F2
330
22
100
AcDbEntity
  8
F.Silkscreen
  6
CONTINUOUS
100
AcDbLine
 10
5.9228700787401571
 20
-4.039468503937008
 30
0
 11
5.92280779527559
 21
-4.0372400787401572
 31
0
  0
LINE
  5
9F3
330
22
100
AcDbEntity
  8
F.Silkscreen
  6
CONTINUOUS
100
AcDbLine
 10
5.92280779527559
 20
-4.0372400787401572
 30
0
 11
5.9226412598425195
 21
-4.0354065354330704
 31
0
  0
LINE
  5
9F4
330
22
100
AcDbEntity
  8
F.Silkscreen
  6
CONTINUOUS
100
AcDbLine
 10
5.9226412598425195
 20
-4.0354065354330704
 30
0
 11
5.9223700787401574
 21
-4.0337729921259839
 31
0
  0
LINE
  5
9F5
330
22
100
AcDbEntity
  8
F.Silkscreen
  6
CONTINUOUS
100
AcDbLine
 10
5.9223700787401574
 20
-4.0337729921259839
 30
0
 11
5.9219942125984248
 21
-4.0323394881889767
 31
0
  0
LINE
  5
9F6
330
22
100
AcDbEntity
  8
F.Silkscreen
  6
CONTINUOUS
100
AcDbLine
 10
5.9219942125984248
 20
-4.0323394881889767
 30
0
 11
5.9215136614173227
 21
-4.0311060629921256
 31
0
  0
LINE
  5
9F7
330
22
100
AcDbEntity
  8
F.Silkscreen
  6
CONTINUOUS
100
AcDbLine
 10
5.9215136614173227
 20
-4.0311060629921256
 30
0
 11
5.9209278346456689
 21
-4.0300715354330707
 31
0
  0
LINE
  5
9F8
330
22
100
AcDbEntity
  8
F.Silkscreen
  6
CONTINUOUS
100
AcDbLine
 10
5.9209278346456689
 20
-4.0300715354330707
 30
0
 11
5.9202253543307082
 21
-4.029214803149606
 31
0
  0
LINE
  5
9F9
330
22
100
AcDbEntity
  8
F.Silkscreen
  6
CONTINUOUS
100
AcDbLine
 10
5.9202253543307082
 20
-4.029214803149606
 30
0
 11
5.9194019291338584
 21
-4.0285278740157482
 31
0
  0
LINE
  5
9FA
330
22
100
AcDbEntity
  8
F.Silkscreen
  6
CONTINUOUS
100
AcDbLine
 10
5.9194019291338584
 20
-4.0285278740157482
 30
0
 11
5.9188149606299207
 21
-4.0281791338582673
 31
0
  0
LINE
  5
9FB
330
22
100
AcDbEntity
  8
F.Silkscreen
  6
CONTINUOUS
100
AcDbLine
 10
5.9188149606299207
 20
-4.0281791338582673
 30
0
 11
5.9181790157480316
 21
-4.027899173228346
 31
0
  0
LINE
  5
9FC
330
22
100
AcDbEntity
  8
F.Silkscreen
  6
CONTINUOUS
100
AcDbLine
 10
5.9181790157480316
 20
-4.027899173228346
 30
0
 11
5.9168679921259839
 21
-4.027561653543307
 31
0
  0
LINE
  5
9FD
330
22
100
AcDbEntity
  8
F.Silkscreen
  6
CONTINUOUS
100
AcDbLine
 10
5.9168679921259839
 20
-4.027561653543307
 30
0
 11
5.9152736614173227
 21
-4.0274634251968502
 31
0
  0
LINE
  5
9FE
330
22
100
AcDbEntity
  8
F.Silkscreen
  6
CONTINUOUS
100
AcDbLine
 10
5.9152736614173227
 20
-4.0274634251968502
 30
0
 11
5.9137460629921259
 21
-4.0276402755905512
 31
0
  0
LINE
  5
9FF
330
22
100
AcDbEntity
  8
F.Silkscreen
  6
CONTINUOUS
100
AcDbLine
 10
5.9137460629921259
 20
-4.0276402755905512
 30
0
 11
5.9125926377952753
 21
-4.0280107480314964
 31
0
  0
LINE
  5
A00
330
22
100
AcDbEntity
  8
F.Silkscreen
  6
CONTINUOUS
100
AcDbLine
 10
5.9125926377952753
 20
-4.0280107480314964
 30
0
 11
5.9115055511811025
 21
-4.0286401181102365
 31
0
  0
LINE
  5
A01
330
22
100
AcDbEntity
  8
F.Silkscreen
  6
CONTINUOUS
100
AcDbLine
 10
5.9115055511811025
 20
-4.0286401181102365
 30
0
 11
5.9105874015748032
 21
-4.0295066929133858
 31
0
  0
LINE
  5
A02
330
22
100
AcDbEntity
  8
F.Silkscreen
  6
CONTINUOUS
100
AcDbLine
 10
5.9105874015748032
 20
-4.0295066929133858
 30
0
 11
5.9098372834645669
 21
-4.0306072440944885
 31
0
  0
LINE
  5
A03
330
22
100
AcDbEntity
  8
F.Silkscreen
  6
CONTINUOUS
100
AcDbLine
 10
5.9098372834645669
 20
-4.0306072440944885
 30
0
 11
5.9092748818897638
 21
-4.0318342519685038
 31
0
  0
LINE
  5
A04
330
22
100
AcDbEntity
  8
F.Silkscreen
  6
CONTINUOUS
100
AcDbLine
 10
5.9092748818897638
 20
-4.0318342519685038
 30
0
 11
5.9088287401574799
 21
-4.033279921259842
 31
0
  0
LINE
  5
A05
330
22
100
AcDbEntity
  8
F.Silkscreen
  6
CONTINUOUS
100
AcDbLine
 10
5.9088287401574799
 20
-4.033279921259842
 30
0
 11
5.9084988582677163
 21
-4.0349443307086617
 31
0
  0
LINE
  5
A06
330
22
100
AcDbEntity
  8
F.Silkscreen
  6
CONTINUOUS
100
AcDbLine
 10
5.9084988582677163
 20
-4.0349443307086617
 30
0
 11
5.9082852362204727
 21
-4.0368274015748034
 31
0
  0
LINE
  5
A07
330
22
100
AcDbEntity
  8
F.Silkscreen
  6
CONTINUOUS
100
AcDbLine
 10
5.9082852362204727
 20
-4.0368274015748034
 30
0
 11
5.9081850393700783
 21
-4.039114173228346
 31
0
  0
LINE
  5
A08
330
22
100
AcDbEntity
  8
F.Silkscreen
  6
CONTINUOUS
100
AcDbLine
 10
5.9081850393700783
 20
-4.039114173228346
 30
0
 11
5.9032964173228342
 21
-4.039114173228346
 31
0
  0
LINE
  5
A09
330
22
100
AcDbEntity
  8
F.Silkscreen
  6
CONTINUOUS
100
AcDbLine
 10
5.9032964173228342
 20
-4.039114173228346
 30
0
 11
5.9032990944881885
 21
-4.0384787007874019
 31
0
  0
LINE
  5
A0A
330
22
100
AcDbEntity
  8
F.Silkscreen
  6
CONTINUOUS
100
AcDbLine
 10
5.9032990944881885
 20
-4.0384787007874019
 30
0
 11
5.9034721259842522
 21
-4.0360649999999998
 31
0
  0
LINE
  5
A0B
330
22
100
AcDbEntity
  8
F.Silkscreen
  6
CONTINUOUS
100
AcDbLine
 10
5.9034721259842522
 20
-4.0360649999999998
 30
0
 11
5.9037892913385823
 21
-4.0338646456692908
 31
0
  0
LINE
  5
A0C
330
22
100
AcDbEntity
  8
F.Silkscreen
  6
CONTINUOUS
100
AcDbLine
 10
5.9037892913385823
 20
-4.0338646456692908
 30
0
 11
5.9043602362204721
 21
-4.0315059055118105
 31
0
  0
LINE
  5
A0D
330
22
100
AcDbEntity
  8
F.Silkscreen
  6
CONTINUOUS
100
AcDbLine
 10
5.9043602362204721
 20
-4.0315059055118105
 30
0
 11
5.9050659842519684
 21
-4.029613661417323
 31
0
  0
LINE
  5
A0E
330
22
100
AcDbEntity
  8
F.Silkscreen
  6
CONTINUOUS
100
AcDbLine
 10
5.9050659842519684
 20
-4.029613661417323
 30
0
 11
5.9055244881889761
 21
-4.0286903149606301
 31
0
  0
LINE
  5
A0F
330
22
100
AcDbEntity
  8
F.Silkscreen
  6
CONTINUOUS
100
AcDbLine
 10
5.9055244881889761
 20
-4.0286903149606301
 30
0
 11
5.9060348818897639
 21
-4.0278438188976375
 31
0
  0
LINE
  5
A10
330
22
100
AcDbEntity
  8
F.Silkscreen
  6
CONTINUOUS
100
AcDbLine
 10
5.9060348818897639
 20
-4.0278438188976375
 30
0
 11
5.9071234645669293
 21
-4.0264875590551181
 31
0
  0
LINE
  5
A11
330
22
100
AcDbEntity
  8
F.Silkscreen
  6
CONTINUOUS
100
AcDbLine
 10
5.9071234645669293
 20
-4.0264875590551181
 30
0
 11
5.9079192913385823
 21
-4.0257529527559051
 31
0
  0
LINE
  5
A12
330
22
100
AcDbEntity
  8
F.Silkscreen
  6
CONTINUOUS
100
AcDbLine
 10
5.9079192913385823
 20
-4.0257529527559051
 30
0
 11
5.9086644094488188
 21
-4.0252027559055117
 31
0
  0
LINE
  5
A13
330
22
100
AcDbEntity
  8
F.Silkscreen
  6
CONTINUOUS
100
AcDbLine
 10
5.9086644094488188
 20
-4.0252027559055117
 30
0
 11
5.9096071653543305
 21
-4.0246536220472438
 31
0
  0
LINE
  5
A14
330
22
100
AcDbEntity
  8
F.Silkscreen
  6
CONTINUOUS
100
AcDbLine
 10
5.9096071653543305
 20
-4.0246536220472438
 30
0
 11
5.9106290551181102
 21
-4.0242042913385827
 31
0
  0
LINE
  5
A15
330
22
100
AcDbEntity
  8
F.Silkscreen
  6
CONTINUOUS
100
AcDbLine
 10
5.9106290551181102
 20
-4.0242042913385827
 30
0
 11
5.911730078740157
 21
-4.0238548425196852
 31
0
  0
LINE
  5
A16
330
22
100
AcDbEntity
  8
F.Silkscreen
  6
CONTINUOUS
100
AcDbLine
 10
5.911730078740157
 20
-4.0238548425196852
 30
0
 11
5.9127367716535435
 21
-4.0236347637795271
 31
0
  0
LINE
  5
A17
330
22
100
AcDbEntity
  8
F.Silkscreen
  6
CONTINUOUS
100
AcDbLine
 10
5.9127367716535435
 20
-4.0236347637795271
 30
0
 11
5.9138016141732281
 21
-4.023488031496063
 31
0
  0
LINE
  5
A18
330
22
100
AcDbEntity
  8
F.Silkscreen
  6
CONTINUOUS
100
AcDbLine
 10
5.9138016141732281
 20
-4.023488031496063
 30
0
 11
5.9151174015748031
 21
-4.0234096062992126
 31
0
  0
LINE
  5
A19
330
22
100
AcDbEntity
  8
F.Silkscreen
  6
CONTINUOUS
100
AcDbLine
 10
5.9151174015748031
 20
-4.0234096062992126
 30
0
 11
5.9164716929133858
 21
-4.023430039370079
 31
0
  0
LINE
  5
A1A
330
22
100
AcDbEntity
  8
F.Silkscreen
  6
CONTINUOUS
100
AcDbLine
 10
5.978056181102362
 20
-4.0234788582677163
 30
0
 11
5.9795592913385827
 21
-4.0236989370078735
 31
0
  0
LINE
  5
A1B
330
22
100
AcDbEntity
  8
F.Silkscreen
  6
CONTINUOUS
100
AcDbLine
 10
5.9795592913385827
 20
-4.0236989370078735
 30
0
 11
5.9810015354330703
 21
-4.0240657480314956
 31
0
  0
LINE
  5
A1C
330
22
100
AcDbEntity
  8
F.Silkscreen
  6
CONTINUOUS
100
AcDbLine
 10
5.9810015354330703
 20
-4.0240657480314956
 30
0
 11
5.9823828740157481
 21
-4.024579251968504
 31
0
  0
LINE
  5
A1D
330
22
100
AcDbEntity
  8
F.Silkscreen
  6
CONTINUOUS
100
AcDbLine
 10
5.9823828740157481
 20
-4.024579251968504
 30
0
 11
5.9837033070866141
 21
-4.0252394488188976
 31
0
  0
LINE
  5
A1E
330
22
100
AcDbEntity
  8
F.Silkscreen
  6
CONTINUOUS
100
AcDbLine
 10
5.9837033070866141
 20
-4.0252394488188976
 30
0
 11
5.9849529921259839
 21
-4.0260402362204726
 31
0
  0
LINE
  5
A1F
330
22
100
AcDbEntity
  8
F.Silkscreen
  6
CONTINUOUS
100
AcDbLine
 10
5.9849529921259839
 20
-4.0260402362204726
 30
0
 11
5.9860999606299208
 21
-4.0269615748031491
 31
0
  0
LINE
  5
A20
330
22
100
AcDbEntity
  8
F.Silkscreen
  6
CONTINUOUS
100
AcDbLine
 10
5.9860999606299208
 20
-4.0269615748031491
 30
0
 11
5.9871417322834644
 21
-4.0280019685039372
 31
0
  0
LINE
  5
A21
330
22
100
AcDbEntity
  8
F.Silkscreen
  6
CONTINUOUS
100
AcDbLine
 10
5.9871417322834644
 20
-4.0280019685039372
 30
0
 11
5.9880783070866137
 21
-4.0291613779527555
 31
0
  0
LINE
  5
A22
330
22
100
AcDbEntity
  8
F.Silkscreen
  6
CONTINUOUS
100
AcDbLine
 10
5.9880783070866137
 20
-4.0291613779527555
 30
0
 11
5.9889096850393697
 21
-4.0304398425196846
 31
0
  0
LINE
  5
A23
330
22
100
AcDbEntity
  8
F.Silkscreen
  6
CONTINUOUS
100
AcDbLine
 10
5.9889096850393697
 20
-4.0304398425196846
 30
0
 11
5.989634645669291
 21
-4.0318347244094488
 31
0
  0
LINE
  5
A24
330
22
100
AcDbEntity
  8
F.Silkscreen
  6
CONTINUOUS
100
AcDbLine
 10
5.989634645669291
 20
-4.0318347244094488
 30
0
 11
5.9902372047244095
 21
-4.0333120078740157
 31
0
  0
LINE
  5
A25
330
22
100
AcDbEntity
  8
F.Silkscreen
  6
CONTINUOUS
100
AcDbLine
 10
5.9902372047244095
 20
-4.0333120078740157
 30
0
 11
5.9906776771653538
 21
-4.0347294094488184
 31
0
  0
LINE
  5
A26
330
22
100
AcDbEntity
  8
F.Silkscreen
  6
CONTINUOUS
100
AcDbLine
 10
5.9906776771653538
 20
-4.0347294094488184
 30
0
 11
5.991036141732283
 21
-4.0363446850393698
 31
0
  0
LINE
  5
A27
330
22
100
AcDbEntity
  8
F.Silkscreen
  6
CONTINUOUS
100
AcDbLine
 10
5.991036141732283
 20
-4.0363446850393698
 30
0
 11
5.9912673228346458
 21
-4.0380318897637792
 31
0
  0
LINE
  5
A28
330
22
100
AcDbEntity
  8
F.Silkscreen
  6
CONTINUOUS
100
AcDbLine
 10
5.9912673228346458
 20
-4.0380318897637792
 30
0
 11
5.9913740157480317
 21
-4.0399409448818897
 31
0
  0
LINE
  5
A29
330
22
100
AcDbEntity
  8
F.Silkscreen
  6
CONTINUOUS
100
AcDbLine
 10
5.9913740157480317
 20
-4.0399409448818897
 30
0
 11
5.9913263385826774
 21
-4.0449018503937006
 31
0
  0
LINE
  5
A2A
330
22
100
AcDbEntity
  8
F.Silkscreen
  6
CONTINUOUS
100
AcDbLine
 10
5.9913263385826774
 20
-4.0449018503937006
 30
0
 11
5.9910425984251967
 21
-4.0472659055118108
 31
0
  0
LINE
  5
A2B
330
22
100
AcDbEntity
  8
F.Silkscreen
  6
CONTINUOUS
100
AcDbLine
 10
5.9910425984251967
 20
-4.0472659055118108
 30
0
 11
5.9905034645669293
 21
-4.0496050393700784
 31
0
  0
LINE
  5
A2C
330
22
100
AcDbEntity
  8
F.Silkscreen
  6
CONTINUOUS
100
AcDbLine
 10
5.9905034645669293
 20
-4.0496050393700784
 30
0
 11
5.9900936220472438
 21
-4.0508937795275592
 31
0
  0
LINE
  5
A2D
330
22
100
AcDbEntity
  8
F.Silkscreen
  6
CONTINUOUS
100
AcDbLine
 10
5.9900936220472438
 20
-4.0508937795275592
 30
0
 11
5.989558070866142
 21
-4.0522979133858268
 31
0
  0
LINE
  5
A2E
330
22
100
AcDbEntity
  8
F.Silkscreen
  6
CONTINUOUS
100
AcDbLine
 10
5.989558070866142
 20
-4.0522979133858268
 30
0
 11
5.9890105905511808
 21
-4.0535186220472443
 31
0
  0
LINE
  5
A2F
330
22
100
AcDbEntity
  8
F.Silkscreen
  6
CONTINUOUS
100
AcDbLine
 10
5.9890105905511808
 20
-4.0535186220472443
 30
0
 11
5.9884015748031496
 21
-4.0546739763779529
 31
0
  0
LINE
  5
A30
330
22
100
AcDbEntity
  8
F.Silkscreen
  6
CONTINUOUS
100
AcDbLine
 10
5.9884015748031496
 20
-4.0546739763779529
 30
0
 11
5.9877310629921254
 21
-4.0557639370078737
 31
0
  0
LINE
  5
A31
330
22
100
AcDbEntity
  8
F.Silkscreen
  6
CONTINUOUS
100
AcDbLine
 10
5.9877310629921254
 20
-4.0557639370078737
 30
0
 11
5.9869990157480313
 21
-4.0567885826771652
 31
0
  0
LINE
  5
A32
330
22
100
AcDbEntity
  8
F.Silkscreen
  6
CONTINUOUS
100
AcDbLine
 10
5.9869990157480313
 20
-4.0567885826771652
 30
0
 11
5.986205472440945
 21
-4.057747834645669
 31
0
  0
LINE
  5
A33
330
22
100
AcDbEntity
  8
F.Silkscreen
  6
CONTINUOUS
100
AcDbLine
 10
5.986205472440945
 20
-4.057747834645669
 30
0
 11
5.985350393700787
 21
-4.0586417322834647
 31
0
  0
LINE
  5
A34
330
22
100
AcDbEntity
  8
F.Silkscreen
  6
CONTINUOUS
100
AcDbLine
 10
5.985350393700787
 20
-4.0586417322834647
 30
0
 11
5.9912165354330709
 21
-4.0586417322834647
 31
0
  0
LINE
  5
A35
330
22
100
AcDbEntity
  8
F.Silkscreen
  6
CONTINUOUS
100
AcDbLine
 10
5.9912165354330709
 20
-4.0586417322834647
 30
0
 11
5.9912165354330709
 21
-4.0628149606299209
 31
0
  0
LINE
  5
A36
330
22
100
AcDbEntity
  8
F.Silkscreen
  6
CONTINUOUS
100
AcDbLine
 10
5.9912165354330709
 20
-4.0628149606299209
 30
0
 11
5.9783031496062993
 21
-4.0628149606299209
 31
0
  0
LINE
  5
A37
330
22
100
AcDbEntity
  8
F.Silkscreen
  6
CONTINUOUS
100
AcDbLine
 10
5.9783031496062993
 20
-4.0628149606299209
 30
0
 11
5.9783031496062993
 21
-4.0584842519685038
 31
0
  0
LINE
  5
A38
330
22
100
AcDbEntity
  8
F.Silkscreen
  6
CONTINUOUS
100
AcDbLine
 10
5.9783031496062993
 20
-4.0584842519685038
 30
0
 11
5.9794088976377955
 21
-4.0581878346456692
 31
0
  0
LINE
  5
A39
330
22
100
AcDbEntity
  8
F.Silkscreen
  6
CONTINUOUS
100
AcDbLine
 10
5.9794088976377955
 20
-4.0581878346456692
 30
0
 11
5.9804377559055117
 21
-4.0577414566929129
 31
0
  0
LINE
  5
A3A
330
22
100
AcDbEntity
  8
F.Silkscreen
  6
CONTINUOUS
100
AcDbLine
 10
5.9804377559055117
 20
-4.0577414566929129
 30
0
 11
5.9813896850393702
 21
-4.0571451181102365
 31
0
  0
LINE
  5
A3B
330
22
100
AcDbEntity
  8
F.Silkscreen
  6
CONTINUOUS
100
AcDbLine
 10
5.9813896850393702
 20
-4.0571451181102365
 30
0
 11
5.9822647637795274
 21
-4.0563988582677162
 31
0
  0
LINE
  5
A3C
330
22
100
AcDbEntity
  8
F.Silkscreen
  6
CONTINUOUS
100
AcDbLine
 10
5.9822647637795274
 20
-4.0563988582677162
 30
0
 11
5.9830629133858269
 21
-4.0555026771653546
 31
0
  0
LINE
  5
A3D
330
22
100
AcDbEntity
  8
F.Silkscreen
  6
CONTINUOUS
100
AcDbLine
 10
5.9830629133858269
 20
-4.0555026771653546
 30
0
 11
5.9837842125984251
 21
-4.0544564960629916
 31
0
  0
LINE
  5
A3E
330
22
100
AcDbEntity
  8
F.Silkscreen
  6
CONTINUOUS
100
AcDbLine
 10
5.9837842125984251
 20
-4.0544564960629916
 30
0
 11
5.9844177559055121
 21
-4.0532588976377948
 31
0
  0
LINE
  5
A3F
330
22
100
AcDbEntity
  8
F.Silkscreen
  6
CONTINUOUS
100
AcDbLine
 10
5.9844177559055121
 20
-4.0532588976377948
 30
0
 11
5.9849517716535434
 21
-4.0519365354330708
 31
0
  0
LINE
  5
A40
330
22
100
AcDbEntity
  8
F.Silkscreen
  6
CONTINUOUS
100
AcDbLine
 10
5.9849517716535434
 20
-4.0519365354330708
 30
0
 11
5.9853896850393697
 21
-4.0504968503937011
 31
0
  0
LINE
  5
A41
330
22
100
AcDbEntity
  8
F.Silkscreen
  6
CONTINUOUS
100
AcDbLine
 10
5.9853896850393697
 20
-4.0504968503937011
 30
0
 11
5.9857016141732284
 21
-4.0491009055118106
 31
0
  0
LINE
  5
A42
330
22
100
AcDbEntity
  8
F.Silkscreen
  6
CONTINUOUS
100
AcDbLine
 10
5.9857016141732284
 20
-4.0491009055118106
 30
0
 11
5.9859357086614171
 21
-4.047609960629921
 31
0
  0
LINE
  5
A43
330
22
100
AcDbEntity
  8
F.Silkscreen
  6
CONTINUOUS
100
AcDbLine
 10
5.9859357086614171
 20
-4.047609960629921
 30
0
 11
5.9861044881889764
 21
-4.0458419685039368
 31
0
  0
LINE
  5
A44
330
22
100
AcDbEntity
  8
F.Silkscreen
  6
CONTINUOUS
100
AcDbLine
 10
5.9861044881889764
 20
-4.0458419685039368
 30
0
 11
5.9861771653543308
 21
-4.0439566929133859
 31
0
  0
LINE
  5
A45
330
22
100
AcDbEntity
  8
F.Silkscreen
  6
CONTINUOUS
100
AcDbLine
 10
5.9861771653543308
 20
-4.0439566929133859
 30
0
 11
5.9861714566929134
 21
-4.0398009448818897
 31
0
  0
LINE
  5
A46
330
22
100
AcDbEntity
  8
F.Silkscreen
  6
CONTINUOUS
100
AcDbLine
 10
5.9861714566929134
 20
-4.0398009448818897
 30
0
 11
5.9861003937007871
 21
-4.03833531496063
 31
0
  0
LINE
  5
A47
330
22
100
AcDbEntity
  8
F.Silkscreen
  6
CONTINUOUS
100
AcDbLine
 10
5.9861003937007871
 20
-4.03833531496063
 30
0
 11
5.9859481496062994
 21
-4.036960748031496
 31
0
  0
LINE
  5
A48
330
22
100
AcDbEntity
  8
F.Silkscreen
  6
CONTINUOUS
100
AcDbLine
 10
5.9859481496062994
 20
-4.036960748031496
 30
0
 11
5.9857146850393699
 21
-4.0356772440944884
 31
0
  0
LINE
  5
A49
330
22
100
AcDbEntity
  8
F.Silkscreen
  6
CONTINUOUS
100
AcDbLine
 10
5.9857146850393699
 20
-4.0356772440944884
 30
0
 11
5.985400039370079
 21
-4.0344847637795276
 31
0
  0
LINE
  5
A4A
330
22
100
AcDbEntity
  8
F.Silkscreen
  6
CONTINUOUS
100
AcDbLine
 10
5.985400039370079
 20
-4.0344847637795276
 30
0
 11
5.9850042125984251
 21
-4.0333833070866145
 31
0
  0
LINE
  5
A4B
330
22
100
AcDbEntity
  8
F.Silkscreen
  6
CONTINUOUS
100
AcDbLine
 10
5.9850042125984251
 20
-4.0333833070866145
 30
0
 11
5.9845271259842514
 21
-4.032372913385827
 31
0
  0
LINE
  5
A4C
330
22
100
AcDbEntity
  8
F.Silkscreen
  6
CONTINUOUS
100
AcDbLine
 10
5.9845271259842514
 20
-4.032372913385827
 30
0
 11
5.9839688976377952
 21
-4.0314535433070864
 31
0
  0
LINE
  5
A4D
330
22
100
AcDbEntity
  8
F.Silkscreen
  6
CONTINUOUS
100
AcDbLine
 10
5.9839688976377952
 20
-4.0314535433070864
 30
0
 11
5.9833309842519684
 21
-4.0306224409448816
 31
0
  0
LINE
  5
A4E
330
22
100
AcDbEntity
  8
F.Silkscreen
  6
CONTINUOUS
100
AcDbLine
 10
5.9833309842519684
 20
-4.0306224409448816
 30
0
 11
5.9826297244094491
 21
-4.0298860629921256
 31
0
  0
LINE
  5
A4F
330
22
100
AcDbEntity
  8
F.Silkscreen
  6
CONTINUOUS
100
AcDbLine
 10
5.9826297244094491
 20
-4.0298860629921256
 30
0
 11
5.9818693700787398
 21
-4.029253070866142
 31
0
  0
LINE
  5
A50
330
22
100
AcDbEntity
  8
F.Silkscreen
  6
CONTINUOUS
100
AcDbLine
 10
5.9818693700787398
 20
-4.029253070866142
 30
0
 11
5.9810499999999998
 21
-4.0287234251968504
 31
0
  0
LINE
  5
A51
330
22
100
AcDbEntity
  8
F.Silkscreen
  6
CONTINUOUS
100
AcDbLine
 10
5.9810499999999998
 20
-4.0287234251968504
 30
0
 11
5.9801715354330707
 21
-4.0282971259842517
 31
0
  0
LINE
  5
A52
330
22
100
AcDbEntity
  8
F.Silkscreen
  6
CONTINUOUS
100
AcDbLine
 10
5.9801715354330707
 20
-4.0282971259842517
 30
0
 11
5.97923405511811
 21
-4.0279741732283467
 31
0
  0
LINE
  5
A53
330
22
100
AcDbEntity
  8
F.Silkscreen
  6
CONTINUOUS
100
AcDbLine
 10
5.97923405511811
 20
-4.0279741732283467
 30
0
 11
5.9782374803149603
 21
-4.0277545669291337
 31
0
  0
LINE
  5
A54
330
22
100
AcDbEntity
  8
F.Silkscreen
  6
CONTINUOUS
100
AcDbLine
 10
5.9782374803149603
 20
-4.0277545669291337
 30
0
 11
5.977181889763779
 21
-4.0276383070866144
 31
0
  0
LINE
  5
A55
330
22
100
AcDbEntity
  8
F.Silkscreen
  6
CONTINUOUS
100
AcDbLine
 10
5.977181889763779
 20
-4.0276383070866144
 30
0
 11
5.9759338582677168
 21
-4.027631181102362
 31
0
  0
LINE
  5
A56
330
22
100
AcDbEntity
  8
F.Silkscreen
  6
CONTINUOUS
100
AcDbLine
 10
5.9759338582677168
 20
-4.027631181102362
 30
0
 11
5.9748635039370077
 21
-4.0277357480314961
 31
0
  0
LINE
  5
A57
330
22
100
AcDbEntity
  8
F.Silkscreen
  6
CONTINUOUS
100
AcDbLine
 10
5.9748635039370077
 20
-4.0277357480314961
 30
0
 11
5.9738546456692916
 21
-4.0279449212598424
 31
0
  0
LINE
  5
A58
330
22
100
AcDbEntity
  8
F.Silkscreen
  6
CONTINUOUS
100
AcDbLine
 10
5.9738546456692916
 20
-4.0279449212598424
 30
0
 11
5.9729072834645667
 21
-4.0282586614173228
 31
0
  0
LINE
  5
A59
330
22
100
AcDbEntity
  8
F.Silkscreen
  6
CONTINUOUS
100
AcDbLine
 10
5.9729072834645667
 20
-4.0282586614173228
 30
0
 11
5.9720214566929135
 21
-4.0286769685039365
 31
0
  0
LINE
  5
A5A
330
22
100
AcDbEntity
  8
F.Silkscreen
  6
CONTINUOUS
100
AcDbLine
 10
5.9720214566929135
 20
-4.0286769685039365
 30
0
 11
5.9711971653543303
 21
-4.0291998425196853
 31
0
  0
LINE
  5
A5B
330
22
100
AcDbEntity
  8
F.Silkscreen
  6
CONTINUOUS
100
AcDbLine
 10
5.9711971653543303
 20
-4.0291998425196853
 30
0
 11
5.9704343700787401
 21
-4.0298272834645665
 31
0
  0
LINE
  5
A5C
330
22
100
AcDbEntity
  8
F.Silkscreen
  6
CONTINUOUS
100
AcDbLine
 10
5.9704343700787401
 20
-4.0298272834645665
 30
0
 11
5.969733070866142
 21
-4.0305593307086616
 31
0
  0
LINE
  5
A5D
330
22
100
AcDbEntity
  8
F.Silkscreen
  6
CONTINUOUS
100
AcDbLine
 10
5.969733070866142
 20
-4.0305593307086616
 30
0
 11
5.9690956299212594
 21
-4.0313936220472444
 31
0
  0
LINE
  5
A5E
330
22
100
AcDbEntity
  8
F.Silkscreen
  6
CONTINUOUS
100
AcDbLine
 10
5.9690956299212594
 20
-4.0313936220472444
 30
0
 11
5.9685358267716531
 21
-4.032316377952756
 31
0
  0
LINE
  5
A5F
330
22
100
AcDbEntity
  8
F.Silkscreen
  6
CONTINUOUS
100
AcDbLine
 10
5.9685358267716531
 20
-4.032316377952756
 30
0
 11
5.9680560236220472
 21
-4.0333252362204721
 31
0
  0
LINE
  5
A60
330
22
100
AcDbEntity
  8
F.Silkscreen
  6
CONTINUOUS
100
AcDbLine
 10
5.9680560236220472
 20
-4.0333252362204721
 30
0
 11
5.9677017716535428
 21
-4.0342786220472444
 31
0
  0
LINE
  5
A61
330
22
100
AcDbEntity
  8
F.Silkscreen
  6
CONTINUOUS
100
AcDbLine
 10
5.9677017716535428
 20
-4.0342786220472444
 30
0
 11
5.9673718897637791
 21
-4.0354489763779524
 31
0
  0
LINE
  5
A62
330
22
100
AcDbEntity
  8
F.Silkscreen
  6
CONTINUOUS
100
AcDbLine
 10
5.9673718897637791
 20
-4.0354489763779524
 30
0
 11
5.9671219685039372
 21
-4.0367054330708658
 31
0
  0
LINE
  5
A63
330
22
100
AcDbEntity
  8
F.Silkscreen
  6
CONTINUOUS
100
AcDbLine
 10
5.9671219685039372
 20
-4.0367054330708658
 30
0
 11
5.9669688976377948
 21
-4.0378754724409447
 31
0
  0
LINE
  5
A64
330
22
100
AcDbEntity
  8
F.Silkscreen
  6
CONTINUOUS
100
AcDbLine
 10
5.9669688976377948
 20
-4.0378754724409447
 30
0
 11
5.9668489370078737
 21
-4.0400346850393696
 31
0
  0
LINE
  5
A65
330
22
100
AcDbEntity
  8
F.Silkscreen
  6
CONTINUOUS
100
AcDbLine
 10
5.9668489370078737
 20
-4.0400346850393696
 30
0
 11
5.9668648031496065
 21
-4.0446196456692913
 31
0
  0
LINE
  5
A66
330
22
100
AcDbEntity
  8
F.Silkscreen
  6
CONTINUOUS
100
AcDbLine
 10
5.9668648031496065
 20
-4.0446196456692913
 30
0
 11
5.9670303543307082
 21
-4.0470201181102361
 31
0
  0
LINE
  5
A67
330
22
100
AcDbEntity
  8
F.Silkscreen
  6
CONTINUOUS
100
AcDbLine
 10
5.9670303543307082
 20
-4.0470201181102361
 30
0
 11
5.967336023622047
 21
-4.0490600787401574
 31
0
  0
LINE
  5
A68
330
22
100
AcDbEntity
  8
F.Silkscreen
  6
CONTINUOUS
100
AcDbLine
 10
5.967336023622047
 20
-4.0490600787401574
 30
0
 11
5.9678327165354332
 21
-4.0510794488188973
 31
0
  0
LINE
  5
A69
330
22
100
AcDbEntity
  8
F.Silkscreen
  6
CONTINUOUS
100
AcDbLine
 10
5.9678327165354332
 20
-4.0510794488188973
 30
0
 11
5.9685015748031498
 21
-4.0529006692913381
 31
0
  0
LINE
  5
A6A
330
22
100
AcDbEntity
  8
F.Silkscreen
  6
CONTINUOUS
100
AcDbLine
 10
5.9685015748031498
 20
-4.0529006692913381
 30
0
 11
5.9689987007874015
 21
-4.0539214566929136
 31
0
  0
LINE
  5
A6B
330
22
100
AcDbEntity
  8
F.Silkscreen
  6
CONTINUOUS
100
AcDbLine
 10
5.9689987007874015
 20
-4.0539214566929136
 30
0
 11
5.9696293700787404
 21
-4.0549516535433066
 31
0
  0
LINE
  5
A6C
330
22
100
AcDbEntity
  8
F.Silkscreen
  6
CONTINUOUS
100
AcDbLine
 10
5.9696293700787404
 20
-4.0549516535433066
 30
0
 11
5.9703316141732286
 21
-4.0558557480314956
 31
0
  0
LINE
  5
A6D
330
22
100
AcDbEntity
  8
F.Silkscreen
  6
CONTINUOUS
100
AcDbLine
 10
5.9703316141732286
 20
-4.0558557480314956
 30
0
 11
5.9711055118110234
 21
-4.0566337007874012
 31
0
  0
LINE
  5
A6E
330
22
100
AcDbEntity
  8
F.Silkscreen
  6
CONTINUOUS
100
AcDbLine
 10
5.9711055118110234
 20
-4.0566337007874012
 30
0
 11
5.9719510236220472
 21
-4.0572855118110231
 31
0
  0
LINE
  5
A6F
330
22
100
AcDbEntity
  8
F.Silkscreen
  6
CONTINUOUS
100
AcDbLine
 10
5.9719510236220472
 20
-4.0572855118110231
 30
0
 11
5.972868149606299
 21
-4.0578112204724412
 31
0
  0
LINE
  5
A70
330
22
100
AcDbEntity
  8
F.Silkscreen
  6
CONTINUOUS
100
AcDbLine
 10
5.972868149606299
 20
-4.0578112204724412
 30
0
 11
5.9738569291338584
 21
-4.0582107874015749
 31
0
  0
LINE
  5
A71
330
22
100
AcDbEntity
  8
F.Silkscreen
  6
CONTINUOUS
100
AcDbLine
 10
5.9738569291338584
 20
-4.0582107874015749
 30
0
 11
5.9749173228346457
 21
-4.0584842519685038
 31
0
  0
LINE
  5
A72
330
22
100
AcDbEntity
  8
F.Silkscreen
  6
CONTINUOUS
100
AcDbLine
 10
5.9749173228346457
 20
-4.0584842519685038
 30
0
 11
5.9749173228346457
 21
-4.0628149606299209
 31
0
  0
LINE
  5
A73
330
22
100
AcDbEntity
  8
F.Silkscreen
  6
CONTINUOUS
100
AcDbLine
 10
5.9749173228346457
 20
-4.0628149606299209
 30
0
 11
5.9617677165354328
 21
-4.0628149606299209
 31
0
  0
LINE
  5
A74
330
22
100
AcDbEntity
  8
F.Silkscreen
  6
CONTINUOUS
100
AcDbLine
 10
5.9617677165354328
 20
-4.0628149606299209
 30
0
 11
5.9617677165354328
 21
-4.0586417322834647
 31
0
  0
LINE
  5
A75
330
22
100
AcDbEntity
  8
F.Silkscreen
  6
CONTINUOUS
100
AcDbLine
 10
5.9617677165354328
 20
-4.0586417322834647
 30
0
 11
5.9676732283464569
 21
-4.0586417322834647
 31
0
  0
LINE
  5
A76
330
22
100
AcDbEntity
  8
F.Silkscreen
  6
CONTINUOUS
100
AcDbLine
 10
5.9676732283464569
 20
-4.0586417322834647
 30
0
 11
5.9667348818897636
 21
-4.0576548425196846
 31
0
  0
LINE
  5
A77
330
22
100
AcDbEntity
  8
F.Silkscreen
  6
CONTINUOUS
100
AcDbLine
 10
5.9667348818897636
 20
-4.0576548425196846
 30
0
 11
5.9657934645669286
 21
-4.0564880314960625
 31
0
  0
LINE
  5
A78
330
22
100
AcDbEntity
  8
F.Silkscreen
  6
CONTINUOUS
100
AcDbLine
 10
5.9657934645669286
 20
-4.0564880314960625
 30
0
 11
5.964937834645669
 21
-4.0552271259842518
 31
0
  0
LINE
  5
A79
330
22
100
AcDbEntity
  8
F.Silkscreen
  6
CONTINUOUS
100
AcDbLine
 10
5.964937834645669
 20
-4.0552271259842518
 30
0
 11
5.9641680708661413
 21
-4.0538720866141729
 31
0
  0
LINE
  5
A7A
330
22
100
AcDbEntity
  8
F.Silkscreen
  6
CONTINUOUS
100
AcDbLine
 10
5.9641680708661413
 20
-4.0538720866141729
 30
0
 11
5.9634840551181103
 21
-4.0524229133858265
 31
0
  0
LINE
  5
A7B
330
22
100
AcDbEntity
  8
F.Silkscreen
  6
CONTINUOUS
100
AcDbLine
 10
5.9634840551181103
 20
-4.0524229133858265
 30
0
 11
5.962942992125984
 21
-4.0510215354330708
 31
0
  0
LINE
  5
A7C
330
22
100
AcDbEntity
  8
F.Silkscreen
  6
CONTINUOUS
100
AcDbLine
 10
5.962942992125984
 20
-4.0510215354330708
 30
0
 11
5.9624631496062994
 21
-4.0494694881889766
 31
0
  0
LINE
  5
A7D
330
22
100
AcDbEntity
  8
F.Silkscreen
  6
CONTINUOUS
100
AcDbLine
 10
5.9624631496062994
 20
-4.0494694881889766
 30
0
 11
5.9620940551181105
 21
-4.0479008661417319
 31
0
  0
LINE
  5
A7E
330
22
100
AcDbEntity
  8
F.Silkscreen
  6
CONTINUOUS
100
AcDbLine
 10
5.9620940551181105
 20
-4.0479008661417319
 30
0
 11
5.9618191732283465
 21
-4.0461827559055115
 31
0
  0
LINE
  5
A7F
330
22
100
AcDbEntity
  8
F.Silkscreen
  6
CONTINUOUS
100
AcDbLine
 10
5.9618191732283465
 20
-4.0461827559055115
 30
0
 11
5.9616807480314957
 21
-4.0445794881889761
 31
0
  0
LINE
  5
A80
330
22
100
AcDbEntity
  8
F.Silkscreen
  6
CONTINUOUS
100
AcDbLine
 10
5.9616807480314957
 20
-4.0445794881889761
 30
0
 11
5.961671732283464
 21
-4.0393409448818893
 31
0
  0
LINE
  5
A81
330
22
100
AcDbEntity
  8
F.Silkscreen
  6
CONTINUOUS
100
AcDbLine
 10
5.961671732283464
 20
-4.0393409448818893
 30
0
 11
5.9617801574803151
 21
-4.0378530708661415
 31
0
  0
LINE
  5
A82
330
22
100
AcDbEntity
  8
F.Silkscreen
  6
CONTINUOUS
100
AcDbLine
 10
5.9617801574803151
 20
-4.0378530708661415
 30
0
 11
5.9620037795275591
 21
-4.0362762992125987
 31
0
  0
LINE
  5
A83
330
22
100
AcDbEntity
  8
F.Silkscreen
  6
CONTINUOUS
100
AcDbLine
 10
5.9620037795275591
 20
-4.0362762992125987
 30
0
 11
5.9623019291338579
 21
-4.0348974015748027
 31
0
  0
LINE
  5
A84
330
22
100
AcDbEntity
  8
F.Silkscreen
  6
CONTINUOUS
100
AcDbLine
 10
5.9623019291338579
 20
-4.0348974015748027
 30
0
 11
5.9626904724409444
 21
-4.0335703937007876
 31
0
  0
LINE
  5
A85
330
22
100
AcDbEntity
  8
F.Silkscreen
  6
CONTINUOUS
100
AcDbLine
 10
5.9626904724409444
 20
-4.0335703937007876
 30
0
 11
5.9634999999999998
 21
-4.0315551181102363
 31
0
  0
LINE
  5
A86
330
22
100
AcDbEntity
  8
F.Silkscreen
  6
CONTINUOUS
100
AcDbLine
 10
5.9634999999999998
 20
-4.0315551181102363
 30
0
 11
5.9646094881889766
 21
-4.0296094881889761
 31
0
  0
LINE
  5
A87
330
22
100
AcDbEntity
  8
F.Silkscreen
  6
CONTINUOUS
100
AcDbLine
 10
5.9646094881889766
 20
-4.0296094881889761
 30
0
 11
5.9652823228346454
 21
-4.0286806692913384
 31
0
  0
LINE
  5
A88
330
22
100
AcDbEntity
  8
F.Silkscreen
  6
CONTINUOUS
100
AcDbLine
 10
5.9652823228346454
 20
-4.0286806692913384
 30
0
 11
5.9659301181102364
 21
-4.0279138976377951
 31
0
  0
LINE
  5
A89
330
22
100
AcDbEntity
  8
F.Silkscreen
  6
CONTINUOUS
100
AcDbLine
 10
5.9659301181102364
 20
-4.0279138976377951
 30
0
 11
5.9673658661417326
 21
-4.0265463779527559
 31
0
  0
LINE
  5
A8A
330
22
100
AcDbEntity
  8
F.Silkscreen
  6
CONTINUOUS
100
AcDbLine
 10
5.9673658661417326
 20
-4.0265463779527559
 30
0
 11
5.9689905118110236
 21
-4.025400708661417
 31
0
  0
LINE
  5
A8B
330
22
100
AcDbEntity
  8
F.Silkscreen
  6
CONTINUOUS
100
AcDbLine
 10
5.9689905118110236
 20
-4.025400708661417
 30
0
 11
5.9699785826771654
 21
-4.0248635039370075
 31
0
  0
LINE
  5
A8C
330
22
100
AcDbEntity
  8
F.Silkscreen
  6
CONTINUOUS
100
AcDbLine
 10
5.9699785826771654
 20
-4.0248635039370075
 30
0
 11
5.97088562992126
 21
-4.0244565748031498
 31
0
  0
LINE
  5
A8D
330
22
100
AcDbEntity
  8
F.Silkscreen
  6
CONTINUOUS
100
AcDbLine
 10
5.97088562992126
 20
-4.0244565748031498
 30
0
 11
5.9719384251968499
 21
-4.0240781889763779
 31
0
  0
LINE
  5
A8E
330
22
100
AcDbEntity
  8
F.Silkscreen
  6
CONTINUOUS
100
AcDbLine
 10
5.9719384251968499
 20
-4.0240781889763779
 30
0
 11
5.9729029921259844
 21
-4.0238124409448819
 31
0
  0
LINE
  5
A8F
330
22
100
AcDbEntity
  8
F.Silkscreen
  6
CONTINUOUS
100
AcDbLine
 10
5.9729029921259844
 20
-4.0238124409448819
 30
0
 11
5.9749133070866138
 21
-4.0234802362204727
 31
0
  0
LINE
  5
A90
330
22
100
AcDbEntity
  8
F.Silkscreen
  6
CONTINUOUS
100
AcDbLine
 10
5.9749133070866138
 20
-4.0234802362204727
 30
0
 11
5.9764921259842518
 21
-4.0234055118110232
 31
0
  0
LINE
  5
A91
330
22
100
AcDbEntity
  8
F.Silkscreen
  6
CONTINUOUS
100
AcDbLine
 10
5.9764921259842518
 20
-4.0234055118110232
 30
0
 11
5.978056181102362
 21
-4.0234788582677163
 31
0
  0
LINE
  5
A92
330
22
100
AcDbEntity
  8
F.Silkscreen
  6
CONTINUOUS
100
AcDbLine
 10
5.2058151574803144
 20
-4.9361065748031496
 30
0
 11
5.2058147637795278
 21
-4.8788546062992122
 31
0
  0
LINE
  5
A93
330
22
100
AcDbEntity
  8
F.Silkscreen
  6
CONTINUOUS
100
AcDbLine
 10
5.2774687007874013
 20
-4.9361060236220471
 30
0
 11
5.2774683070866137
 21
-4.8788540551181105
 31
0
  0
LINE
  5
A94
330
22
100
AcDbEntity
  8
F.Silkscreen
  6
CONTINUOUS
100
AcDbLine
 10
5.334771889763779
 20
-4.9385820078740155
 30
0
 11
5.3018585039370079
 21
-4.938582244094488
 31
0
  0
LINE
  5
A95
330
22
100
AcDbEntity
  8
F.Silkscreen
  6
CONTINUOUS
100
AcDbLine
 10
5.3018585039370079
 20
-4.938582244094488
 30
0
 11
5.3055199999999996
 21
-4.9485428346456688
 31
0
  0
LINE
  5
A96
330
22
100
AcDbEntity
  8
F.Silkscreen
  6
CONTINUOUS
100
AcDbLine
 10
5.3055199999999996
 20
-4.9485428346456688
 30
0
 11
5.3010318110236216
 21
-4.9485428740157476
 31
0
  0
LINE
  5
A97
330
22
100
AcDbEntity
  8
F.Silkscreen
  6
CONTINUOUS
100
AcDbLine
 10
5.3010318110236216
 20
-4.9485428740157476
 30
0
 11
5.2957167322834646
 21
-4.9343696850393703
 31
0
  0
LINE
  5
A98
330
22
100
AcDbEntity
  8
F.Silkscreen
  6
CONTINUOUS
100
AcDbLine
 10
5.2957167322834646
 20
-4.9343696850393703
 30
0
 11
5.2957167322834646
 21
-4.9336216535433071
 31
0
  0
LINE
  5
A99
330
22
100
AcDbEntity
  8
F.Silkscreen
  6
CONTINUOUS
100
AcDbLine
 10
5.2957167322834646
 20
-4.9336216535433071
 30
0
 11
5.3347718503937003
 21
-4.9336213779527558
 31
0
  0
LINE
  5
A9A
330
22
100
AcDbEntity
  8
F.Silkscreen
  6
CONTINUOUS
100
AcDbLine
 10
5.3347718503937003
 20
-4.9336213779527558
 30
0
 11
5.334771889763779
 21
-4.9385820078740155
 31
0
  0
LINE
  5
A9B
330
22
100
AcDbEntity
  8
F.Silkscreen
  6
CONTINUOUS
100
AcDbLine
 10
5.3347716141732286
 20
-4.9005111417322835
 30
0
 11
5.3213858661417319
 21
-4.910550590551181
 31
0
  0
LINE
  5
A9C
330
22
100
AcDbEntity
  8
F.Silkscreen
  6
CONTINUOUS
100
AcDbLine
 10
5.3213858661417319
 20
-4.910550590551181
 30
0
 11
5.3246142125984255
 21
-4.9136608267716531
 31
0
  0
LINE
  5
A9D
330
22
100
AcDbEntity
  8
F.Silkscreen
  6
CONTINUOUS
100
AcDbLine
 10
5.3246142125984255
 20
-4.9136608267716531
 30
0
 11
5.3347716929133853
 21
-4.9136607480314956
 31
0
  0
LINE
  5
A9E
330
22
100
AcDbEntity
  8
F.Silkscreen
  6
CONTINUOUS
100
AcDbLine
 10
5.3347716929133853
 20
-4.9136607480314956
 30
0
 11
5.334771732283464
 21
-4.9185820078740159
 31
0
  0
LINE
  5
A9F
330
22
100
AcDbEntity
  8
F.Silkscreen
  6
CONTINUOUS
100
AcDbLine
 10
5.334771732283464
 20
-4.9185820078740159
 30
0
 11
5.2937481102362201
 21
-4.9185822834645672
 31
0
  0
LINE
  5
AA0
330
22
100
AcDbEntity
  8
F.Silkscreen
  6
CONTINUOUS
100
AcDbLine
 10
5.2937481102362201
 20
-4.9185822834645672
 30
0
 11
5.2937480708661413
 21
-4.9136610236220468
 31
0
  0
LINE
  5
AA1
330
22
100
AcDbEntity
  8
F.Silkscreen
  6
CONTINUOUS
100
AcDbLine
 10
5.2937480708661413
 20
-4.9136610236220468
 30
0
 11
5.3185512204724406
 21
-4.9136608661417318
 31
0
  0
LINE
  5
AA2
330
22
100
AcDbEntity
  8
F.Silkscreen
  6
CONTINUOUS
100
AcDbLine
 10
5.3185512204724406
 20
-4.9136608661417318
 30
0
 11
5.3154016141732283
 21
-4.9110230708661415
 31
0
  0
LINE
  5
AA3
330
22
100
AcDbEntity
  8
F.Silkscreen
  6
CONTINUOUS
100
AcDbLine
 10
5.3154016141732283
 20
-4.9110230708661415
 30
0
 11
5.3058739763779528
 21
-4.902007401574803
 31
0
  0
LINE
  5
AA4
330
22
100
AcDbEntity
  8
F.Silkscreen
  6
CONTINUOUS
100
AcDbLine
 10
5.3058739763779528
 20
-4.902007401574803
 30
0
 11
5.305873937007874
 21
-4.8960231496062994
 31
0
  0
LINE
  5
AA5
330
22
100
AcDbEntity
  8
F.Silkscreen
  6
CONTINUOUS
100
AcDbLine
 10
5.305873937007874
 20
-4.8960231496062994
 30
0
 11
5.3179606299212594
 21
-4.9072435433070867
 31
0
  0
LINE
  5
AA6
330
22
100
AcDbEntity
  8
F.Silkscreen
  6
CONTINUOUS
100
AcDbLine
 10
5.3179606299212594
 20
-4.9072435433070867
 30
0
 11
5.3347715748031499
 21
-4.8946843700787399
 31
0
  0
LINE
  5
AA7
330
22
100
AcDbEntity
  8
F.Silkscreen
  6
CONTINUOUS
100
AcDbLine
 10
5.3347715748031499
 20
-4.8946843700787399
 30
0
 11
5.3347716141732286
 21
-4.9005111417322835
 31
0
  0
LINE
  5
AA8
330
22
100
AcDbEntity
  8
F.Silkscreen
  6
CONTINUOUS
100
AcDbLine
 10
5.1824486220472439
 20
-4.8812996456692916
 30
0
 11
5.19146437007874
 21
-4.8812995669291341
 31
0
  0
LINE
  5
AA9
330
22
100
AcDbEntity
  8
F.Silkscreen
  6
CONTINUOUS
100
AcDbLine
 10
5.19146437007874
 20
-4.8812995669291341
 30
0
 11
5.1914644094488187
 21
-4.8862601968503938
 31
0
  0
LINE
  5
AAA
330
22
100
AcDbEntity
  8
F.Silkscreen
  6
CONTINUOUS
100
AcDbLine
 10
5.1914644094488187
 20
-4.8862601968503938
 30
0
 11
5.1824486614173226
 21
-4.8862602755905513
 31
0
  0
LINE
  5
AAB
330
22
100
AcDbEntity
  8
F.Silkscreen
  6
CONTINUOUS
100
AcDbLine
 10
5.1824486614173226
 20
-4.8862602755905513
 30
0
 11
5.1824487795275589
 21
-4.9039768110236217
 31
0
  0
LINE
  5
AAC
330
22
100
AcDbEntity
  8
F.Silkscreen
  6
CONTINUOUS
100
AcDbLine
 10
5.1824487795275589
 20
-4.9039768110236217
 30
0
 11
5.1795353937007871
 21
-4.9039768503937005
 31
0
  0
LINE
  5
AAD
330
22
100
AcDbEntity
  8
F.Silkscreen
  6
CONTINUOUS
100
AcDbLine
 10
5.1795353937007871
 20
-4.9039768503937005
 30
0
 11
5.1526061417322833
 21
-4.8865754724409447
 31
0
  0
LINE
  5
AAE
330
22
100
AcDbEntity
  8
F.Silkscreen
  6
CONTINUOUS
100
AcDbLine
 10
5.1526061417322833
 20
-4.8865754724409447
 30
0
 11
5.1526061417322833
 21
-4.8862604724409451
 31
0
  0
LINE
  5
AAF
330
22
100
AcDbEntity
  8
F.Silkscreen
  6
CONTINUOUS
100
AcDbLine
 10
5.1526061417322833
 20
-4.8862604724409451
 30
0
 11
5.1526061417322833
 21
-4.8862604330708663
 31
0
  0
LINE
  5
AB0
330
22
100
AcDbEntity
  8
F.Silkscreen
  6
CONTINUOUS
100
AcDbLine
 10
5.1526061417322833
 20
-4.8862604330708663
 30
0
 11
5.1593384251968502
 21
-4.8862604330708663
 31
0
  0
LINE
  5
AB1
330
22
100
AcDbEntity
  8
F.Silkscreen
  6
CONTINUOUS
100
AcDbLine
 10
5.1593384251968502
 20
-4.8862604330708663
 30
0
 11
5.1604014173228343
 21
-4.8868509842519687
 31
0
  0
LINE
  5
AB2
330
22
100
AcDbEntity
  8
F.Silkscreen
  6
CONTINUOUS
100
AcDbLine
 10
5.1604014173228343
 20
-4.8868509842519687
 30
0
 11
5.1783936220472437
 21
-4.8983862992125982
 31
0
  0
LINE
  5
AB3
330
22
100
AcDbEntity
  8
F.Silkscreen
  6
CONTINUOUS
100
AcDbLine
 10
5.1783936220472437
 20
-4.8983862992125982
 30
0
 11
5.1783935433070862
 21
-4.8862603149606301
 31
0
  0
LINE
  5
AB4
330
22
100
AcDbEntity
  8
F.Silkscreen
  6
CONTINUOUS
100
AcDbLine
 10
5.1783935433070862
 20
-4.8862603149606301
 30
0
 11
5.1593384251968502
 21
-4.8862604330708663
 31
0
  0
LINE
  5
AB5
330
22
100
AcDbEntity
  8
F.Silkscreen
  6
CONTINUOUS
100
AcDbLine
 10
5.1593384251968502
 20
-4.8862604330708663
 30
0
 11
5.1526061417322833
 21
-4.8862604330708663
 31
0
  0
LINE
  5
AB6
330
22
100
AcDbEntity
  8
F.Silkscreen
  6
CONTINUOUS
100
AcDbLine
 10
5.1526061417322833
 20
-4.8862604330708663
 30
0
 11
5.1526061023622045
 21
-4.8812998818897633
 31
0
  0
LINE
  5
AB7
330
22
100
AcDbEntity
  8
F.Silkscreen
  6
CONTINUOUS
100
AcDbLine
 10
5.1526061023622045
 20
-4.8812998818897633
 30
0
 11
5.1783935039370075
 21
-4.8812996850393704
 31
0
  0
LINE
  5
AB8
330
22
100
AcDbEntity
  8
F.Silkscreen
  6
CONTINUOUS
100
AcDbLine
 10
5.1783935039370075
 20
-4.8812996850393704
 30
0
 11
5.1783934645669287
 21
-4.8759059842519683
 31
0
  0
LINE
  5
AB9
330
22
100
AcDbEntity
  8
F.Silkscreen
  6
CONTINUOUS
100
AcDbLine
 10
5.1783934645669287
 20
-4.8759059842519683
 30
0
 11
5.1824485826771651
 21
-4.8759059448818896
 31
0
  0
LINE
  5
ABA
330
22
100
AcDbEntity
  8
F.Silkscreen
  6
CONTINUOUS
100
AcDbLine
 10
5.1824485826771651
 20
-4.8759059448818896
 30
0
 11
5.1824486220472439
 21
-4.8812996456692916
 31
0
  0
LINE
  5
ABB
330
22
100
AcDbEntity
  8
F.Silkscreen
  6
CONTINUOUS
100
AcDbLine
 10
5.1914646062992125
 20
-4.9118507480314957
 30
0
 11
5.1757559842519685
 21
-4.9202760629921256
 31
0
  0
LINE
  5
ABC
330
22
100
AcDbEntity
  8
F.Silkscreen
  6
CONTINUOUS
100
AcDbLine
 10
5.1757559842519685
 20
-4.9202760629921256
 30
0
 11
5.175756062992126
 21
-4.9294099212598423
 31
0
  0
LINE
  5
ABD
330
22
100
AcDbEntity
  8
F.Silkscreen
  6
CONTINUOUS
100
AcDbLine
 10
5.175756062992126
 20
-4.9294099212598423
 30
0
 11
5.1914647244094487
 21
-4.9294098031496061
 31
0
  0
LINE
  5
ABE
330
22
100
AcDbEntity
  8
F.Silkscreen
  6
CONTINUOUS
100
AcDbLine
 10
5.1914647244094487
 20
-4.9294098031496061
 30
0
 11
5.1914647637795275
 21
-4.9345672834645669
 31
0
  0
LINE
  5
ABF
330
22
100
AcDbEntity
  8
F.Silkscreen
  6
CONTINUOUS
100
AcDbLine
 10
5.1914647637795275
 20
-4.9345672834645669
 30
0
 11
5.152606496062992
 21
-4.9345675984251969
 31
0
  0
LINE
  5
AC0
330
22
100
AcDbEntity
  8
F.Silkscreen
  6
CONTINUOUS
100
AcDbLine
 10
5.152606496062992
 20
-4.9345675984251969
 30
0
 11
5.1526089763779526
 21
-4.9294100787401574
 31
0
  0
LINE
  5
AC1
330
22
100
AcDbEntity
  8
F.Silkscreen
  6
CONTINUOUS
100
AcDbLine
 10
5.1526089763779526
 20
-4.9294100787401574
 30
0
 11
5.1568190551181106
 21
-4.9294100787401574
 31
0
  0
LINE
  5
AC2
330
22
100
AcDbEntity
  8
F.Silkscreen
  6
CONTINUOUS
100
AcDbLine
 10
5.1568190551181106
 20
-4.9294100787401574
 30
0
 11
5.1715434645669287
 21
-4.9294099606299211
 31
0
  0
LINE
  5
AC3
330
22
100
AcDbEntity
  8
F.Silkscreen
  6
CONTINUOUS
100
AcDbLine
 10
5.1715434645669287
 20
-4.9294099606299211
 30
0
 11
5.1715429133858271
 21
-4.921417007874016
 31
0
  0
LINE
  5
AC4
330
22
100
AcDbEntity
  8
F.Silkscreen
  6
CONTINUOUS
100
AcDbLine
 10
5.1715429133858271
 20
-4.921417007874016
 30
0
 11
5.1714352755905511
 21
-4.9198323622047244
 31
0
  0
LINE
  5
AC5
330
22
100
AcDbEntity
  8
F.Silkscreen
  6
CONTINUOUS
100
AcDbLine
 10
5.1714352755905511
 20
-4.9198323622047244
 30
0
 11
5.1711930314960632
 21
-4.9185940551181098
 31
0
  0
LINE
  5
AC6
330
22
100
AcDbEntity
  8
F.Silkscreen
  6
CONTINUOUS
100
AcDbLine
 10
5.1711930314960632
 20
-4.9185940551181098
 30
0
 11
5.1708124015748034
 21
-4.9174664566929129
 31
0
  0
LINE
  5
AC7
330
22
100
AcDbEntity
  8
F.Silkscreen
  6
CONTINUOUS
100
AcDbLine
 10
5.1708124015748034
 20
-4.9174664566929129
 30
0
 11
5.1703418897637796
 21
-4.9165301181102361
 31
0
  0
LINE
  5
AC8
330
22
100
AcDbEntity
  8
F.Silkscreen
  6
CONTINUOUS
100
AcDbLine
 10
5.1703418897637796
 20
-4.9165301181102361
 30
0
 11
5.1696959842519687
 21
-4.9156147637795273
 31
0
  0
LINE
  5
AC9
330
22
100
AcDbEntity
  8
F.Silkscreen
  6
CONTINUOUS
100
AcDbLine
 10
5.1696959842519687
 20
-4.9156147637795273
 30
0
 11
5.168719921259842
 21
-4.9146538976377956
 31
0
  0
LINE
  5
ACA
330
22
100
AcDbEntity
  8
F.Silkscreen
  6
CONTINUOUS
100
AcDbLine
 10
5.168719921259842
 20
-4.9146538976377956
 30
0
 11
5.1675961811023621
 21
-4.9139389370078739
 31
0
  0
LINE
  5
ACB
330
22
100
AcDbEntity
  8
F.Silkscreen
  6
CONTINUOUS
100
AcDbLine
 10
5.1675961811023621
 20
-4.9139389370078739
 30
0
 11
5.1663253937007871
 21
-4.9134705118110231
 31
0
  0
LINE
  5
ACC
330
22
100
AcDbEntity
  8
F.Silkscreen
  6
CONTINUOUS
100
AcDbLine
 10
5.1663253937007871
 20
-4.9134705118110231
 30
0
 11
5.1650066535433066
 21
-4.9132557480314958
 31
0
  0
LINE
  5
ACD
330
22
100
AcDbEntity
  8
F.Silkscreen
  6
CONTINUOUS
100
AcDbLine
 10
5.1650066535433066
 20
-4.9132557480314958
 30
0
 11
5.1633140157480311
 21
-4.9132709448818899
 31
0
  0
LINE
  5
ACE
330
22
100
AcDbEntity
  8
F.Silkscreen
  6
CONTINUOUS
100
AcDbLine
 10
5.1633140157480311
 20
-4.9132709448818899
 30
0
 11
5.1618207874015747
 21
-4.9135279133858267
 31
0
  0
LINE
  5
ACF
330
22
100
AcDbEntity
  8
F.Silkscreen
  6
CONTINUOUS
100
AcDbLine
 10
5.1618207874015747
 20
-4.9135279133858267
 30
0
 11
5.1605135433070863
 21
-4.9140183858267719
 31
0
  0
LINE
  5
AD0
330
22
100
AcDbEntity
  8
F.Silkscreen
  6
CONTINUOUS
100
AcDbLine
 10
5.1605135433070863
 20
-4.9140183858267719
 30
0
 11
5.1598923622047241
 21
-4.9143755118110235
 31
0
  0
LINE
  5
AD1
330
22
100
AcDbEntity
  8
F.Silkscreen
  6
CONTINUOUS
100
AcDbLine
 10
5.1598923622047241
 20
-4.9143755118110235
 30
0
 11
5.1593241338582674
 21
-4.9147990551181104
 31
0
  0
LINE
  5
AD2
330
22
100
AcDbEntity
  8
F.Silkscreen
  6
CONTINUOUS
100
AcDbLine
 10
5.1593241338582674
 20
-4.9147990551181104
 30
0
 11
5.1585144881889766
 21
-4.9156329921259845
 31
0
  0
LINE
  5
AD3
330
22
100
AcDbEntity
  8
F.Silkscreen
  6
CONTINUOUS
100
AcDbLine
 10
5.1585144881889766
 20
-4.9156329921259845
 30
0
 11
5.1578593700787403
 21
-4.9166386220472438
 31
0
  0
LINE
  5
AD4
330
22
100
AcDbEntity
  8
F.Silkscreen
  6
CONTINUOUS
100
AcDbLine
 10
5.1578593700787403
 20
-4.9166386220472438
 30
0
 11
5.1573634251968503
 21
-4.9178001968503935
 31
0
  0
LINE
  5
AD5
330
22
100
AcDbEntity
  8
F.Silkscreen
  6
CONTINUOUS
100
AcDbLine
 10
5.1573634251968503
 20
-4.9178001968503935
 30
0
 11
5.1570073622047241
 21
-4.9192255118110237
 31
0
  0
LINE
  5
AD6
330
22
100
AcDbEntity
  8
F.Silkscreen
  6
CONTINUOUS
100
AcDbLine
 10
5.1570073622047241
 20
-4.9192255118110237
 30
0
 11
5.1568759842519682
 21
-4.9202373228346454
 31
0
  0
LINE
  5
AD7
330
22
100
AcDbEntity
  8
F.Silkscreen
  6
CONTINUOUS
100
AcDbLine
 10
5.1568759842519682
 20
-4.9202373228346454
 30
0
 11
5.1568208661417323
 21
-4.9213238188976378
 31
0
  0
LINE
  5
AD8
330
22
100
AcDbEntity
  8
F.Silkscreen
  6
CONTINUOUS
100
AcDbLine
 10
5.1568208661417323
 20
-4.9213238188976378
 30
0
 11
5.1568190551181106
 21
-4.9294100787401574
 31
0
  0
LINE
  5
AD9
330
22
100
AcDbEntity
  8
F.Silkscreen
  6
CONTINUOUS
100
AcDbLine
 10
5.1568190551181106
 20
-4.9294100787401574
 30
0
 11
5.1526089763779526
 21
-4.9294100787401574
 31
0
  0
LINE
  5
ADA
330
22
100
AcDbEntity
  8
F.Silkscreen
  6
CONTINUOUS
100
AcDbLine
 10
5.1526089763779526
 20
-4.9294100787401574
 30
0
 11
5.1526129921259844
 21
-4.9210839370078743
 31
0
  0
LINE
  5
ADB
330
22
100
AcDbEntity
  8
F.Silkscreen
  6
CONTINUOUS
100
AcDbLine
 10
5.1526129921259844
 20
-4.9210839370078743
 30
0
 11
5.1527495669291339
 21
-4.91896405511811
 31
0
  0
LINE
  5
ADC
330
22
100
AcDbEntity
  8
F.Silkscreen
  6
CONTINUOUS
100
AcDbLine
 10
5.1527495669291339
 20
-4.91896405511811
 30
0
 11
5.1530271259842522
 21
-4.9171942913385829
 31
0
  0
LINE
  5
ADD
330
22
100
AcDbEntity
  8
F.Silkscreen
  6
CONTINUOUS
100
AcDbLine
 10
5.1530271259842522
 20
-4.9171942913385829
 30
0
 11
5.1533544094488191
 21
-4.9158864566929132
 31
0
  0
LINE
  5
ADE
330
22
100
AcDbEntity
  8
F.Silkscreen
  6
CONTINUOUS
100
AcDbLine
 10
5.1533544094488191
 20
-4.9158864566929132
 30
0
 11
5.1537174409448818
 21
-4.9148208661417323
 31
0
  0
LINE
  5
ADF
330
22
100
AcDbEntity
  8
F.Silkscreen
  6
CONTINUOUS
100
AcDbLine
 10
5.1537174409448818
 20
-4.9148208661417323
 30
0
 11
5.1542199999999996
 21
-4.9136929527559055
 31
0
  0
LINE
  5
AE0
330
22
100
AcDbEntity
  8
F.Silkscreen
  6
CONTINUOUS
100
AcDbLine
 10
5.1542199999999996
 20
-4.9136929527559055
 30
0
 11
5.1547364566929135
 21
-4.9127847637795279
 31
0
  0
LINE
  5
AE1
330
22
100
AcDbEntity
  8
F.Silkscreen
  6
CONTINUOUS
100
AcDbLine
 10
5.1547364566929135
 20
-4.9127847637795279
 30
0
 11
5.1554143700787405
 21
-4.9118368110236217
 31
0
  0
LINE
  5
AE2
330
22
100
AcDbEntity
  8
F.Silkscreen
  6
CONTINUOUS
100
AcDbLine
 10
5.1554143700787405
 20
-4.9118368110236217
 30
0
 11
5.1561766535433069
 21
-4.9109815748031496
 31
0
  0
LINE
  5
AE3
330
22
100
AcDbEntity
  8
F.Silkscreen
  6
CONTINUOUS
100
AcDbLine
 10
5.1561766535433069
 20
-4.9109815748031496
 30
0
 11
5.1570240157480312
 21
-4.9102341338582676
 31
0
  0
LINE
  5
AE4
330
22
100
AcDbEntity
  8
F.Silkscreen
  6
CONTINUOUS
100
AcDbLine
 10
5.1570240157480312
 20
-4.9102341338582676
 30
0
 11
5.1578371259842521
 21
-4.9096709842519681
 31
0
  0
LINE
  5
AE5
330
22
100
AcDbEntity
  8
F.Silkscreen
  6
CONTINUOUS
100
AcDbLine
 10
5.1578371259842521
 20
-4.9096709842519681
 30
0
 11
5.1588483070866138
 21
-4.9091311811023619
 31
0
  0
LINE
  5
AE6
330
22
100
AcDbEntity
  8
F.Silkscreen
  6
CONTINUOUS
100
AcDbLine
 10
5.1588483070866138
 20
-4.9091311811023619
 30
0
 11
5.1599468110236222
 21
-4.9087020866141735
 31
0
  0
LINE
  5
AE7
330
22
100
AcDbEntity
  8
F.Silkscreen
  6
CONTINUOUS
100
AcDbLine
 10
5.1599468110236222
 20
-4.9087020866141735
 30
0
 11
5.1612870472440946
 21
-4.9083517322834647
 31
0
  0
LINE
  5
AE8
330
22
100
AcDbEntity
  8
F.Silkscreen
  6
CONTINUOUS
100
AcDbLine
 10
5.1612870472440946
 20
-4.9083517322834647
 30
0
 11
5.162571220472441
 21
-4.9081579527559054
 31
0
  0
LINE
  5
AE9
330
22
100
AcDbEntity
  8
F.Silkscreen
  6
CONTINUOUS
100
AcDbLine
 10
5.162571220472441
 20
-4.9081579527559054
 30
0
 11
5.1641202755905509
 21
-4.9080722834645671
 31
0
  0
LINE
  5
AEA
330
22
100
AcDbEntity
  8
F.Silkscreen
  6
CONTINUOUS
100
AcDbLine
 10
5.1641202755905509
 20
-4.9080722834645671
 30
0
 11
5.1654080314960629
 21
-4.9081185433070864
 31
0
  0
LINE
  5
AEB
330
22
100
AcDbEntity
  8
F.Silkscreen
  6
CONTINUOUS
100
AcDbLine
 10
5.1654080314960629
 20
-4.9081185433070864
 30
0
 11
5.1666777165354327
 21
-4.9082993700787396
 31
0
  0
LINE
  5
AEC
330
22
100
AcDbEntity
  8
F.Silkscreen
  6
CONTINUOUS
100
AcDbLine
 10
5.1666777165354327
 20
-4.9082993700787396
 30
0
 11
5.1679782283464561
 21
-4.908648346456693
 31
0
  0
LINE
  5
AED
330
22
100
AcDbEntity
  8
F.Silkscreen
  6
CONTINUOUS
100
AcDbLine
 10
5.1679782283464561
 20
-4.908648346456693
 30
0
 11
5.1691095275590548
 21
-4.9091118110236218
 31
0
  0
LINE
  5
AEE
330
22
100
AcDbEntity
  8
F.Silkscreen
  6
CONTINUOUS
100
AcDbLine
 10
5.1691095275590548
 20
-4.9091118110236218
 30
0
 11
5.1700881496062987
 21
-4.9096557874015749
 31
0
  0
LINE
  5
AEF
330
22
100
AcDbEntity
  8
F.Silkscreen
  6
CONTINUOUS
100
AcDbLine
 10
5.1700881496062987
 20
-4.9096557874015749
 30
0
 11
5.1710956692913381
 21
-4.9103831102362205
 31
0
  0
LINE
  5
AF0
330
22
100
AcDbEntity
  8
F.Silkscreen
  6
CONTINUOUS
100
AcDbLine
 10
5.1710956692913381
 20
-4.9103831102362205
 30
0
 11
5.1720175196850393
 21
-4.9112292519685035
 31
0
  0
LINE
  5
AF1
330
22
100
AcDbEntity
  8
F.Silkscreen
  6
CONTINUOUS
100
AcDbLine
 10
5.1720175196850393
 20
-4.9112292519685035
 30
0
 11
5.1727774015748027
 21
-4.9120997244094484
 31
0
  0
LINE
  5
AF2
330
22
100
AcDbEntity
  8
F.Silkscreen
  6
CONTINUOUS
100
AcDbLine
 10
5.1727774015748027
 20
-4.9120997244094484
 30
0
 11
5.1735135039370075
 21
-4.9131527952755905
 31
0
  0
LINE
  5
AF3
330
22
100
AcDbEntity
  8
F.Silkscreen
  6
CONTINUOUS
100
AcDbLine
 10
5.1735135039370075
 20
-4.9131527952755905
 30
0
 11
5.1741527559055118
 21
-4.9143138188976376
 31
0
  0
LINE
  5
AF4
330
22
100
AcDbEntity
  8
F.Silkscreen
  6
CONTINUOUS
100
AcDbLine
 10
5.1741527559055118
 20
-4.9143138188976376
 30
0
 11
5.1746535826771654
 21
-4.9154729133858268
 31
0
  0
LINE
  5
AF5
330
22
100
AcDbEntity
  8
F.Silkscreen
  6
CONTINUOUS
100
AcDbLine
 10
5.1746535826771654
 20
-4.9154729133858268
 30
0
 11
5.1911496062992128
 21
-4.9063389370078738
 31
0
  0
LINE
  5
AF6
330
22
100
AcDbEntity
  8
F.Silkscreen
  6
CONTINUOUS
100
AcDbLine
 10
5.1911496062992128
 20
-4.9063389370078738
 30
0
 11
5.1914645669291337
 21
-4.9063389370078738
 31
0
  0
LINE
  5
AF7
330
22
100
AcDbEntity
  8
F.Silkscreen
  6
CONTINUOUS
100
AcDbLine
 10
5.1914645669291337
 20
-4.9063389370078738
 30
0
 11
5.1914646062992125
 21
-4.9118507480314957
 31
0
  0
LINE
  5
AF8
330
22
100
AcDbEntity
  8
F.Silkscreen
  6
CONTINUOUS
100
AcDbLine
 10
5.3168581889763775
 20
-4.8619368897637791
 30
0
 11
5.3192222440944876
 21
-4.8622206299212598
 31
0
  0
LINE
  5
AF9
330
22
100
AcDbEntity
  8
F.Silkscreen
  6
CONTINUOUS
100
AcDbLine
 10
5.3192222440944876
 20
-4.8622206299212598
 30
0
 11
5.3215613779527562
 21
-4.8627597244094485
 31
0
  0
LINE
  5
AFA
330
22
100
AcDbEntity
  8
F.Silkscreen
  6
CONTINUOUS
100
AcDbLine
 10
5.3215613779527562
 20
-4.8627597244094485
 30
0
 11
5.3228501574803149
 21
-4.8631695669291339
 31
0
  0
LINE
  5
AFB
330
22
100
AcDbEntity
  8
F.Silkscreen
  6
CONTINUOUS
100
AcDbLine
 10
5.3228501574803149
 20
-4.8631695669291339
 30
0
 11
5.3242542913385824
 21
-4.8637051181102358
 31
0
  0
LINE
  5
AFC
330
22
100
AcDbEntity
  8
F.Silkscreen
  6
CONTINUOUS
100
AcDbLine
 10
5.3242542913385824
 20
-4.8637051181102358
 30
0
 11
5.325475
 21
-4.864252598425197
 31
0
  0
LINE
  5
AFD
330
22
100
AcDbEntity
  8
F.Silkscreen
  6
CONTINUOUS
100
AcDbLine
 10
5.325475
 20
-4.864252598425197
 30
0
 11
5.3266303543307085
 21
-4.8648615748031494
 31
0
  0
LINE
  5
AFE
330
22
100
AcDbEntity
  8
F.Silkscreen
  6
CONTINUOUS
100
AcDbLine
 10
5.3266303543307085
 20
-4.8648615748031494
 30
0
 11
5.3277203149606294
 21
-4.8655320866141727
 31
0
  0
LINE
  5
AFF
330
22
100
AcDbEntity
  8
F.Silkscreen
  6
CONTINUOUS
100
AcDbLine
 10
5.3277203149606294
 20
-4.8655320866141727
 30
0
 11
5.3287449606299209
 21
-4.8662641338582677
 31
0
  0
LINE
  5
B00
330
22
100
AcDbEntity
  8
F.Silkscreen
  6
CONTINUOUS
100
AcDbLine
 10
5.3287449606299209
 20
-4.8662641338582677
 30
0
 11
5.3297042125984246
 21
-4.867057677165354
 31
0
  0
LINE
  5
B01
330
22
100
AcDbEntity
  8
F.Silkscreen
  6
CONTINUOUS
100
AcDbLine
 10
5.3297042125984246
 20
-4.867057677165354
 30
0
 11
5.3305981496062991
 21
-4.8679127165354332
 31
0
  0
LINE
  5
B02
330
22
100
AcDbEntity
  8
F.Silkscreen
  6
CONTINUOUS
100
AcDbLine
 10
5.3305981496062991
 20
-4.8679127165354332
 30
0
 11
5.3305981102362203
 21
-4.8620465748031494
 31
0
  0
LINE
  5
B03
330
22
100
AcDbEntity
  8
F.Silkscreen
  6
CONTINUOUS
100
AcDbLine
 10
5.3305981102362203
 20
-4.8620465748031494
 30
0
 11
5.3347713385826774
 21
-4.8620465748031494
 31
0
  0
LINE
  5
B04
330
22
100
AcDbEntity
  8
F.Silkscreen
  6
CONTINUOUS
100
AcDbLine
 10
5.3347713385826774
 20
-4.8620465748031494
 30
0
 11
5.3347714173228349
 21
-4.874959960629921
 31
0
  0
LINE
  5
B05
330
22
100
AcDbEntity
  8
F.Silkscreen
  6
CONTINUOUS
100
AcDbLine
 10
5.3347714173228349
 20
-4.874959960629921
 30
0
 11
5.3304407086614169
 21
-4.874959960629921
 31
0
  0
LINE
  5
B06
330
22
100
AcDbEntity
  8
F.Silkscreen
  6
CONTINUOUS
100
AcDbLine
 10
5.3304407086614169
 20
-4.874959960629921
 30
0
 11
5.3301442519685036
 21
-4.8738542519685035
 31
0
  0
LINE
  5
B07
330
22
100
AcDbEntity
  8
F.Silkscreen
  6
CONTINUOUS
100
AcDbLine
 10
5.3301442519685036
 20
-4.8738542519685035
 30
0
 11
5.3296978740157481
 21
-4.8728253937007873
 31
0
  0
LINE
  5
B08
330
22
100
AcDbEntity
  8
F.Silkscreen
  6
CONTINUOUS
100
AcDbLine
 10
5.3296978740157481
 20
-4.8728253937007873
 30
0
 11
5.3291015748031496
 21
-4.8718734251968501
 31
0
  0
LINE
  5
B09
330
22
100
AcDbEntity
  8
F.Silkscreen
  6
CONTINUOUS
100
AcDbLine
 10
5.3291015748031496
 20
-4.8718734251968501
 30
0
 11
5.3283552755905514
 21
-4.8709983858267716
 31
0
  0
LINE
  5
B0A
330
22
100
AcDbEntity
  8
F.Silkscreen
  6
CONTINUOUS
100
AcDbLine
 10
5.3283552755905514
 20
-4.8709983858267716
 30
0
 11
5.327459094488189
 21
-4.8702002362204722
 31
0
  0
LINE
  5
B0B
330
22
100
AcDbEntity
  8
F.Silkscreen
  6
CONTINUOUS
100
AcDbLine
 10
5.327459094488189
 20
-4.8702002362204722
 30
0
 11
5.3264129133858269
 21
-4.8694789370078739
 31
0
  0
LINE
  5
B0C
330
22
100
AcDbEntity
  8
F.Silkscreen
  6
CONTINUOUS
100
AcDbLine
 10
5.3264129133858269
 20
-4.8694789370078739
 30
0
 11
5.3252153149606301
 21
-4.8688454330708657
 31
0
  0
LINE
  5
B0D
330
22
100
AcDbEntity
  8
F.Silkscreen
  6
CONTINUOUS
100
AcDbLine
 10
5.3252153149606301
 20
-4.8688454330708657
 30
0
 11
5.3238929133858264
 21
-4.8683114173228343
 31
0
  0
LINE
  5
B0E
330
22
100
AcDbEntity
  8
F.Silkscreen
  6
CONTINUOUS
100
AcDbLine
 10
5.3238929133858264
 20
-4.8683114173228343
 30
0
 11
5.3224532677165355
 21
-4.867873503937008
 31
0
  0
LINE
  5
B0F
330
22
100
AcDbEntity
  8
F.Silkscreen
  6
CONTINUOUS
100
AcDbLine
 10
5.3224532677165355
 20
-4.867873503937008
 30
0
 11
5.3210572834645671
 21
-4.8675615748031493
 31
0
  0
LINE
  5
B10
330
22
100
AcDbEntity
  8
F.Silkscreen
  6
CONTINUOUS
100
AcDbLine
 10
5.3210572834645671
 20
-4.8675615748031493
 30
0
 11
5.3193948425196851
 21
-4.8673062992125979
 31
0
  0
LINE
  5
B11
330
22
100
AcDbEntity
  8
F.Silkscreen
  6
CONTINUOUS
100
AcDbLine
 10
5.3193948425196851
 20
-4.8673062992125979
 30
0
 11
5.3177983464566925
 21
-4.8671587007874013
 31
0
  0
LINE
  5
B12
330
22
100
AcDbEntity
  8
F.Silkscreen
  6
CONTINUOUS
100
AcDbLine
 10
5.3177983464566925
 20
-4.8671587007874013
 30
0
 11
5.3159130708661415
 21
-4.8670860629921258
 31
0
  0
LINE
  5
B13
330
22
100
AcDbEntity
  8
F.Silkscreen
  6
CONTINUOUS
100
AcDbLine
 10
5.3159130708661415
 20
-4.8670860629921258
 30
0
 11
5.3117573228346453
 21
-4.8670918110236219
 31
0
  0
LINE
  5
B14
330
22
100
AcDbEntity
  8
F.Silkscreen
  6
CONTINUOUS
100
AcDbLine
 10
5.3117573228346453
 20
-4.8670918110236219
 30
0
 11
5.3102917322834644
 21
-4.8671628740157482
 31
0
  0
LINE
  5
B15
330
22
100
AcDbEntity
  8
F.Silkscreen
  6
CONTINUOUS
100
AcDbLine
 10
5.3102917322834644
 20
-4.8671628740157482
 30
0
 11
5.3089171653543303
 21
-4.8673151181102359
 31
0
  0
LINE
  5
B16
330
22
100
AcDbEntity
  8
F.Silkscreen
  6
CONTINUOUS
100
AcDbLine
 10
5.3089171653543303
 20
-4.8673151181102359
 30
0
 11
5.307633622047244
 21
-4.8675485826771654
 31
0
  0
LINE
  5
B17
330
22
100
AcDbEntity
  8
F.Silkscreen
  6
CONTINUOUS
100
AcDbLine
 10
5.307633622047244
 20
-4.8675485826771654
 30
0
 11
5.3064411417322832
 21
-4.867863267716535
 31
0
  0
LINE
  5
B18
330
22
100
AcDbEntity
  8
F.Silkscreen
  6
CONTINUOUS
100
AcDbLine
 10
5.3064411417322832
 20
-4.867863267716535
 30
0
 11
5.3053397244094489
 21
-4.8682591338582677
 31
0
  0
LINE
  5
B19
330
22
100
AcDbEntity
  8
F.Silkscreen
  6
CONTINUOUS
100
AcDbLine
 10
5.3053397244094489
 20
-4.8682591338582677
 30
0
 11
5.3043293307086614
 21
-4.8687361811023617
 31
0
  0
LINE
  5
B1A
330
22
100
AcDbEntity
  8
F.Silkscreen
  6
CONTINUOUS
100
AcDbLine
 10
5.3043293307086614
 20
-4.8687361811023617
 30
0
 11
5.3034099606299208
 21
-4.8692944488188976
 31
0
  0
LINE
  5
B1B
330
22
100
AcDbEntity
  8
F.Silkscreen
  6
CONTINUOUS
100
AcDbLine
 10
5.3034099606299208
 20
-4.8692944488188976
 30
0
 11
5.302578858267716
 21
-4.8699323622047244
 31
0
  0
LINE
  5
B1C
330
22
100
AcDbEntity
  8
F.Silkscreen
  6
CONTINUOUS
100
AcDbLine
 10
5.302578858267716
 20
-4.8699323622047244
 30
0
 11
5.3018425196850396
 21
-4.8706336220472437
 31
0
  0
LINE
  5
B1D
330
22
100
AcDbEntity
  8
F.Silkscreen
  6
CONTINUOUS
100
AcDbLine
 10
5.3018425196850396
 20
-4.8706336220472437
 30
0
 11
5.3012095275590552
 21
-4.871393976377953
 31
0
  0
LINE
  5
B1E
330
22
100
AcDbEntity
  8
F.Silkscreen
  6
CONTINUOUS
100
AcDbLine
 10
5.3012095275590552
 20
-4.871393976377953
 30
0
 11
5.3006798818897636
 21
-4.872213346456693
 31
0
  0
LINE
  5
B1F
330
22
100
AcDbEntity
  8
F.Silkscreen
  6
CONTINUOUS
100
AcDbLine
 10
5.3006798818897636
 20
-4.872213346456693
 30
0
 11
5.3002535826771648
 21
-4.8730918110236221
 31
0
  0
LINE
  5
B20
330
22
100
AcDbEntity
  8
F.Silkscreen
  6
CONTINUOUS
100
AcDbLine
 10
5.3002535826771648
 20
-4.8730918110236221
 30
0
 11
5.2999306299212599
 21
-4.8740293307086615
 31
0
  0
LINE
  5
B21
330
22
100
AcDbEntity
  8
F.Silkscreen
  6
CONTINUOUS
100
AcDbLine
 10
5.2999306299212599
 20
-4.8740293307086615
 30
0
 11
5.2997110236220468
 21
-4.8750258661417325
 31
0
  0
LINE
  5
B22
330
22
100
AcDbEntity
  8
F.Silkscreen
  6
CONTINUOUS
100
AcDbLine
 10
5.2997110236220468
 20
-4.8750258661417325
 30
0
 11
5.2995947637795275
 21
-4.8760814960629917
 31
0
  0
LINE
  5
B23
330
22
100
AcDbEntity
  8
F.Silkscreen
  6
CONTINUOUS
100
AcDbLine
 10
5.2995947637795275
 20
-4.8760814960629917
 30
0
 11
5.2995876377952751
 21
-4.8773294881889759
 31
0
  0
LINE
  5
B24
330
22
100
AcDbEntity
  8
F.Silkscreen
  6
CONTINUOUS
100
AcDbLine
 10
5.2995876377952751
 20
-4.8773294881889759
 30
0
 11
5.299692244094488
 21
-4.8783998425196851
 31
0
  0
LINE
  5
B25
330
22
100
AcDbEntity
  8
F.Silkscreen
  6
CONTINUOUS
100
AcDbLine
 10
5.299692244094488
 20
-4.8783998425196851
 30
0
 11
5.2999014173228343
 21
-4.8794087007874012
 31
0
  0
LINE
  5
B26
330
22
100
AcDbEntity
  8
F.Silkscreen
  6
CONTINUOUS
100
AcDbLine
 10
5.2999014173228343
 20
-4.8794087007874012
 30
0
 11
5.3002151181102359
 21
-4.8803560629921261
 31
0
  0
LINE
  5
B27
330
22
100
AcDbEntity
  8
F.Silkscreen
  6
CONTINUOUS
100
AcDbLine
 10
5.3002151181102359
 20
-4.8803560629921261
 30
0
 11
5.3006334645669293
 21
-4.8812418897637793
 31
0
  0
LINE
  5
B28
330
22
100
AcDbEntity
  8
F.Silkscreen
  6
CONTINUOUS
100
AcDbLine
 10
5.3006334645669293
 20
-4.8812418897637793
 30
0
 11
5.3011563385826772
 21
-4.8820661811023625
 31
0
  0
LINE
  5
B29
330
22
100
AcDbEntity
  8
F.Silkscreen
  6
CONTINUOUS
100
AcDbLine
 10
5.3011563385826772
 20
-4.8820661811023625
 30
0
 11
5.3017838188976381
 21
-4.8828289763779527
 31
0
  0
LINE
  5
B2A
330
22
100
AcDbEntity
  8
F.Silkscreen
  6
CONTINUOUS
100
AcDbLine
 10
5.3017838188976381
 20
-4.8828289763779527
 30
0
 11
5.3025158661417322
 21
-4.883530236220472
 31
0
  0
LINE
  5
B2B
330
22
100
AcDbEntity
  8
F.Silkscreen
  6
CONTINUOUS
100
AcDbLine
 10
5.3025158661417322
 20
-4.883530236220472
 30
0
 11
5.303350157480315
 21
-4.8841677165354334
 31
0
  0
LINE
  5
B2C
330
22
100
AcDbEntity
  8
F.Silkscreen
  6
CONTINUOUS
100
AcDbLine
 10
5.303350157480315
 20
-4.8841677165354334
 30
0
 11
5.3042729133858266
 21
-4.884727480314961
 31
0
  0
LINE
  5
B2D
330
22
100
AcDbEntity
  8
F.Silkscreen
  6
CONTINUOUS
100
AcDbLine
 10
5.3042729133858266
 20
-4.884727480314961
 30
0
 11
5.3052817716535428
 21
-4.8852072834645668
 31
0
  0
LINE
  5
B2E
330
22
100
AcDbEntity
  8
F.Silkscreen
  6
CONTINUOUS
100
AcDbLine
 10
5.3052817716535428
 20
-4.8852072834645668
 30
0
 11
5.306235157480315
 21
-4.8855615354330704
 31
0
  0
LINE
  5
B2F
330
22
100
AcDbEntity
  8
F.Silkscreen
  6
CONTINUOUS
100
AcDbLine
 10
5.306235157480315
 20
-4.8855615354330704
 30
0
 11
5.3074055118110239
 21
-4.8858914173228349
 31
0
  0
LINE
  5
B30
330
22
100
AcDbEntity
  8
F.Silkscreen
  6
CONTINUOUS
100
AcDbLine
 10
5.3074055118110239
 20
-4.8858914173228349
 30
0
 11
5.3085001968503933
 21
-4.8861144488188977
 31
0
  0
LINE
  5
B31
330
22
100
AcDbEntity
  8
F.Silkscreen
  6
CONTINUOUS
100
AcDbLine
 10
5.3085001968503933
 20
-4.8861144488188977
 30
0
 11
5.3098320078740153
 21
-4.8862943700787405
 31
0
  0
LINE
  5
B32
330
22
100
AcDbEntity
  8
F.Silkscreen
  6
CONTINUOUS
100
AcDbLine
 10
5.3098320078740153
 20
-4.8862943700787405
 30
0
 11
5.3119912204724411
 21
-4.8864142913385828
 31
0
  0
LINE
  5
B33
330
22
100
AcDbEntity
  8
F.Silkscreen
  6
CONTINUOUS
100
AcDbLine
 10
5.3119912204724411
 20
-4.8864142913385828
 30
0
 11
5.316576181102362
 21
-4.88639842519685
 31
0
  0
LINE
  5
B34
330
22
100
AcDbEntity
  8
F.Silkscreen
  6
CONTINUOUS
100
AcDbLine
 10
5.316576181102362
 20
-4.88639842519685
 30
0
 11
5.3189766535433067
 21
-4.8862328346456696
 31
0
  0
LINE
  5
B35
330
22
100
AcDbEntity
  8
F.Silkscreen
  6
CONTINUOUS
100
AcDbLine
 10
5.3189766535433067
 20
-4.8862328346456696
 30
0
 11
5.3211789763779525
 21
-4.8858950787401572
 31
0
  0
LINE
  5
B36
330
22
100
AcDbEntity
  8
F.Silkscreen
  6
CONTINUOUS
100
AcDbLine
 10
5.3211789763779525
 20
-4.8858950787401572
 30
0
 11
5.3230359842519688
 21
-4.8854304724409445
 31
0
  0
LINE
  5
B37
330
22
100
AcDbEntity
  8
F.Silkscreen
  6
CONTINUOUS
100
AcDbLine
 10
5.3230359842519688
 20
-4.8854304724409445
 30
0
 11
5.3248571653543308
 21
-4.8847615748031492
 31
0
  0
LINE
  5
B38
330
22
100
AcDbEntity
  8
F.Silkscreen
  6
CONTINUOUS
100
AcDbLine
 10
5.3248571653543308
 20
-4.8847615748031492
 30
0
 11
5.3258779921259842
 21
-4.8842644488188975
 31
0
  0
LINE
  5
B39
330
22
100
AcDbEntity
  8
F.Silkscreen
  6
CONTINUOUS
100
AcDbLine
 10
5.3258779921259842
 20
-4.8842644488188975
 30
0
 11
5.3269081889763781
 21
-4.8836338188976374
 31
0
  0
LINE
  5
B3A
330
22
100
AcDbEntity
  8
F.Silkscreen
  6
CONTINUOUS
100
AcDbLine
 10
5.3269081889763781
 20
-4.8836338188976374
 30
0
 11
5.3278122834645671
 21
-4.8829315354330705
 31
0
  0
LINE
  5
B3B
330
22
100
AcDbEntity
  8
F.Silkscreen
  6
CONTINUOUS
100
AcDbLine
 10
5.3278122834645671
 20
-4.8829315354330705
 30
0
 11
5.3285901968503939
 21
-4.8821576377952756
 31
0
  0
LINE
  5
B3C
330
22
100
AcDbEntity
  8
F.Silkscreen
  6
CONTINUOUS
100
AcDbLine
 10
5.3285901968503939
 20
-4.8821576377952756
 30
0
 11
5.3292420472440947
 21
-4.8813121259842518
 31
0
  0
LINE
  5
B3D
330
22
100
AcDbEntity
  8
F.Silkscreen
  6
CONTINUOUS
100
AcDbLine
 10
5.3292420472440947
 20
-4.8813121259842518
 30
0
 11
5.3297677165354331
 21
-4.8803949606299213
 31
0
  0
LINE
  5
B3E
330
22
100
AcDbEntity
  8
F.Silkscreen
  6
CONTINUOUS
100
AcDbLine
 10
5.3297677165354331
 20
-4.8803949606299213
 30
0
 11
5.3301672834645668
 21
-4.8794062204724407
 31
0
  0
LINE
  5
B3F
330
22
100
AcDbEntity
  8
F.Silkscreen
  6
CONTINUOUS
100
AcDbLine
 10
5.3301672834645668
 20
-4.8794062204724407
 30
0
 11
5.3304407480314957
 21
-4.8783457874015745
 31
0
  0
LINE
  5
B40
330
22
100
AcDbEntity
  8
F.Silkscreen
  6
CONTINUOUS
100
AcDbLine
 10
5.3304407480314957
 20
-4.8783457874015745
 30
0
 11
5.3347714566929136
 21
-4.8783457874015745
 31
0
  0
LINE
  5
B41
330
22
100
AcDbEntity
  8
F.Silkscreen
  6
CONTINUOUS
100
AcDbLine
 10
5.3347714566929136
 20
-4.8783457874015745
 30
0
 11
5.3347715354330711
 21
-4.8914953937007875
 31
0
  0
LINE
  5
B42
330
22
100
AcDbEntity
  8
F.Silkscreen
  6
CONTINUOUS
100
AcDbLine
 10
5.3347715354330711
 20
-4.8914953937007875
 30
0
 11
5.3305983070866141
 21
-4.8914953937007875
 31
0
  0
LINE
  5
B43
330
22
100
AcDbEntity
  8
F.Silkscreen
  6
CONTINUOUS
100
AcDbLine
 10
5.3305983070866141
 20
-4.8914953937007875
 30
0
 11
5.3305982677165353
 21
-4.8855898818897634
 31
0
  0
LINE
  5
B44
330
22
100
AcDbEntity
  8
F.Silkscreen
  6
CONTINUOUS
100
AcDbLine
 10
5.3305982677165353
 20
-4.8855898818897634
 30
0
 11
5.3295177559055116
 21
-4.8866100000000001
 31
0
  0
LINE
  5
B45
330
22
100
AcDbEntity
  8
F.Silkscreen
  6
CONTINUOUS
100
AcDbLine
 10
5.3295177559055116
 20
-4.8866100000000001
 30
0
 11
5.3283431102362204
 21
-4.8875442519685039
 31
0
  0
LINE
  5
B46
330
22
100
AcDbEntity
  8
F.Silkscreen
  6
CONTINUOUS
100
AcDbLine
 10
5.3283431102362204
 20
-4.8875442519685039
 30
0
 11
5.3270743700787397
 21
-4.8883927165354333
 31
0
  0
LINE
  5
B47
330
22
100
AcDbEntity
  8
F.Silkscreen
  6
CONTINUOUS
100
AcDbLine
 10
5.3270743700787397
 20
-4.8883927165354333
 30
0
 11
5.3258286614173231
 21
-4.8890951181102364
 31
0
  0
LINE
  5
B48
330
22
100
AcDbEntity
  8
F.Silkscreen
  6
CONTINUOUS
100
AcDbLine
 10
5.3258286614173231
 20
-4.8890951181102364
 30
0
 11
5.3243794881889759
 21
-4.8897790944881887
 31
0
  0
LINE
  5
B49
330
22
100
AcDbEntity
  8
F.Silkscreen
  6
CONTINUOUS
100
AcDbLine
 10
5.3243794881889759
 20
-4.8897790944881887
 30
0
 11
5.3229781102362201
 21
-4.8903201968503938
 31
0
  0
LINE
  5
B4A
330
22
100
AcDbEntity
  8
F.Silkscreen
  6
CONTINUOUS
100
AcDbLine
 10
5.3229781102362201
 20
-4.8903201968503938
 30
0
 11
5.3214260629921259
 21
-4.8908000393700783
 31
0
  0
LINE
  5
B4B
330
22
100
AcDbEntity
  8
F.Silkscreen
  6
CONTINUOUS
100
AcDbLine
 10
5.3214260629921259
 20
-4.8908000393700783
 30
0
 11
5.3198574409448813
 21
-4.8911691338582672
 31
0
  0
LINE
  5
B4C
330
22
100
AcDbEntity
  8
F.Silkscreen
  6
CONTINUOUS
100
AcDbLine
 10
5.3198574409448813
 20
-4.8911691338582672
 30
0
 11
5.3181393307086617
 21
-4.89144405511811
 31
0
  0
LINE
  5
B4D
330
22
100
AcDbEntity
  8
F.Silkscreen
  6
CONTINUOUS
100
AcDbLine
 10
5.3181393307086617
 20
-4.89144405511811
 30
0
 11
5.3165360629921254
 21
-4.8915824803149608
 31
0
  0
LINE
  5
B4E
330
22
100
AcDbEntity
  8
F.Silkscreen
  6
CONTINUOUS
100
AcDbLine
 10
5.3165360629921254
 20
-4.8915824803149608
 30
0
 11
5.3112975590551184
 21
-4.8915915354330703
 31
0
  0
LINE
  5
B4F
330
22
100
AcDbEntity
  8
F.Silkscreen
  6
CONTINUOUS
100
AcDbLine
 10
5.3112975590551184
 20
-4.8915915354330703
 30
0
 11
5.3098096456692909
 21
-4.8914831102362202
 31
0
  0
LINE
  5
B50
330
22
100
AcDbEntity
  8
F.Silkscreen
  6
CONTINUOUS
100
AcDbLine
 10
5.3098096456692909
 20
-4.8914831102362202
 30
0
 11
5.3083736220472444
 21
-4.8912843700787398
 31
0
  0
LINE
  5
B51
330
22
100
AcDbEntity
  8
F.Silkscreen
  6
CONTINUOUS
100
AcDbLine
 10
5.3083736220472444
 20
-4.8912843700787398
 30
0
 11
5.3068539370078742
 21
-4.8909613385826773
 31
0
  0
LINE
  5
B52
330
22
100
AcDbEntity
  8
F.Silkscreen
  6
CONTINUOUS
100
AcDbLine
 10
5.3068539370078742
 20
-4.8909613385826773
 30
0
 11
5.3055269291338583
 21
-4.8905728740157484
 31
0
  0
LINE
  5
B53
330
22
100
AcDbEntity
  8
F.Silkscreen
  6
CONTINUOUS
100
AcDbLine
 10
5.3055269291338583
 20
-4.8905728740157484
 30
0
 11
5.3035116929133856
 21
-4.8897633070866142
 31
0
  0
LINE
  5
B54
330
22
100
AcDbEntity
  8
F.Silkscreen
  6
CONTINUOUS
100
AcDbLine
 10
5.3035116929133856
 20
-4.8897633070866142
 30
0
 11
5.3015660629921255
 21
-4.8886538582677161
 31
0
  0
LINE
  5
B55
330
22
100
AcDbEntity
  8
F.Silkscreen
  6
CONTINUOUS
100
AcDbLine
 10
5.3015660629921255
 20
-4.8886538582677161
 30
0
 11
5.2999632677165351
 21
-4.8874167716535428
 31
0
  0
LINE
  5
B56
330
22
100
AcDbEntity
  8
F.Silkscreen
  6
CONTINUOUS
100
AcDbLine
 10
5.2999632677165351
 20
-4.8874167716535428
 30
0
 11
5.299158976377953
 21
-4.8866387401574798
 31
0
  0
LINE
  5
B57
330
22
100
AcDbEntity
  8
F.Silkscreen
  6
CONTINUOUS
100
AcDbLine
 10
5.299158976377953
 20
-4.8866387401574798
 30
0
 11
5.2985029133858266
 21
-4.8858974803149602
 31
0
  0
LINE
  5
B58
330
22
100
AcDbEntity
  8
F.Silkscreen
  6
CONTINUOUS
100
AcDbLine
 10
5.2985029133858266
 20
-4.8858974803149602
 30
0
 11
5.2973572047244097
 21
-4.8842728740157479
 31
0
  0
LINE
  5
B59
330
22
100
AcDbEntity
  8
F.Silkscreen
  6
CONTINUOUS
100
AcDbLine
 10
5.2973572047244097
 20
-4.8842728740157479
 30
0
 11
5.2968755511811025
 21
-4.8833962598425193
 31
0
  0
LINE
  5
B5A
330
22
100
AcDbEntity
  8
F.Silkscreen
  6
CONTINUOUS
100
AcDbLine
 10
5.2968755511811025
 20
-4.8833962598425193
 30
0
 11
5.2964130708661417
 21
-4.8823777559055115
 31
0
  0
LINE
  5
B5B
330
22
100
AcDbEntity
  8
F.Silkscreen
  6
CONTINUOUS
100
AcDbLine
 10
5.2964130708661417
 20
-4.8823777559055115
 30
0
 11
5.2960346850393698
 21
-4.8813249606299207
 31
0
  0
LINE
  5
B5C
330
22
100
AcDbEntity
  8
F.Silkscreen
  6
CONTINUOUS
100
AcDbLine
 10
5.2960346850393698
 20
-4.8813249606299207
 30
0
 11
5.2957689370078738
 21
-4.8803603937007871
 31
0
  0
LINE
  5
B5D
330
22
100
AcDbEntity
  8
F.Silkscreen
  6
CONTINUOUS
100
AcDbLine
 10
5.2957689370078738
 20
-4.8803603937007871
 30
0
 11
5.2954367322834646
 21
-4.8783500787401577
 31
0
  0
LINE
  5
B5E
330
22
100
AcDbEntity
  8
F.Silkscreen
  6
CONTINUOUS
100
AcDbLine
 10
5.2954367322834646
 20
-4.8783500787401577
 30
0
 11
5.2953619685039373
 21
-4.8767712598425197
 31
0
  0
LINE
  5
B5F
330
22
100
AcDbEntity
  8
F.Silkscreen
  6
CONTINUOUS
100
AcDbLine
 10
5.2953619685039373
 20
-4.8767712598425197
 30
0
 11
5.2954353149606295
 21
-4.8752072047244095
 31
0
  0
LINE
  5
B60
330
22
100
AcDbEntity
  8
F.Silkscreen
  6
CONTINUOUS
100
AcDbLine
 10
5.2954353149606295
 20
-4.8752072047244095
 30
0
 11
5.2956553937007875
 21
-4.8737040944881889
 31
0
  0
LINE
  5
B61
330
22
100
AcDbEntity
  8
F.Silkscreen
  6
CONTINUOUS
100
AcDbLine
 10
5.2956553937007875
 20
-4.8737040944881889
 30
0
 11
5.2960221653543309
 21
-4.8722618503937003
 31
0
  0
LINE
  5
B62
330
22
100
AcDbEntity
  8
F.Silkscreen
  6
CONTINUOUS
100
AcDbLine
 10
5.2960221653543309
 20
-4.8722618503937003
 30
0
 11
5.2965356692913383
 21
-4.8708805118110234
 31
0
  0
LINE
  5
B63
330
22
100
AcDbEntity
  8
F.Silkscreen
  6
CONTINUOUS
100
AcDbLine
 10
5.2965356692913383
 20
-4.8708805118110234
 30
0
 11
5.297195866141732
 21
-4.8695600787401574
 31
0
  0
LINE
  5
B64
330
22
100
AcDbEntity
  8
F.Silkscreen
  6
CONTINUOUS
100
AcDbLine
 10
5.297195866141732
 20
-4.8695600787401574
 30
0
 11
5.297996653543307
 21
-4.8683103543307089
 31
0
  0
LINE
  5
B65
330
22
100
AcDbEntity
  8
F.Silkscreen
  6
CONTINUOUS
100
AcDbLine
 10
5.297996653543307
 20
-4.8683103543307089
 30
0
 11
5.2989179921259844
 21
-4.8671633858267711
 31
0
  0
LINE
  5
B66
330
22
100
AcDbEntity
  8
F.Silkscreen
  6
CONTINUOUS
100
AcDbLine
 10
5.2989179921259844
 20
-4.8671633858267711
 30
0
 11
5.2999583464566928
 21
-4.8661216141732284
 31
0
  0
LINE
  5
B67
330
22
100
AcDbEntity
  8
F.Silkscreen
  6
CONTINUOUS
100
AcDbLine
 10
5.2999583464566928
 20
-4.8661216141732284
 30
0
 11
5.301117755905512
 21
-4.8651850393700791
 31
0
  0
LINE
  5
B68
330
22
100
AcDbEntity
  8
F.Silkscreen
  6
CONTINUOUS
100
AcDbLine
 10
5.301117755905512
 20
-4.8651850393700791
 30
0
 11
5.3023962204724411
 21
-4.8643536220472443
 31
0
  0
LINE
  5
B69
330
22
100
AcDbEntity
  8
F.Silkscreen
  6
CONTINUOUS
100
AcDbLine
 10
5.3023962204724411
 20
-4.8643536220472443
 30
0
 11
5.3037910629921257
 21
-4.863628661417323
 31
0
  0
LINE
  5
B6A
330
22
100
AcDbEntity
  8
F.Silkscreen
  6
CONTINUOUS
100
AcDbLine
 10
5.3037910629921257
 20
-4.863628661417323
 30
0
 11
5.3052683858267713
 21
-4.8630261023622046
 31
0
  0
LINE
  5
B6B
330
22
100
AcDbEntity
  8
F.Silkscreen
  6
CONTINUOUS
100
AcDbLine
 10
5.3052683858267713
 20
-4.8630261023622046
 30
0
 11
5.3068176377952758
 21
-4.862550905511811
 31
0
  0
LINE
  5
B6C
330
22
100
AcDbEntity
  8
F.Silkscreen
  6
CONTINUOUS
100
AcDbLine
 10
5.3068176377952758
 20
-4.862550905511811
 30
0
 11
5.308438897637795
 21
-4.8622029921259839
 31
0
  0
LINE
  5
B6D
330
22
100
AcDbEntity
  8
F.Silkscreen
  6
CONTINUOUS
100
AcDbLine
 10
5.308438897637795
 20
-4.8622029921259839
 30
0
 11
5.3099882677165349
 21
-4.8619959842519682
 31
0
  0
LINE
  5
B6E
330
22
100
AcDbEntity
  8
F.Silkscreen
  6
CONTINUOUS
100
AcDbLine
 10
5.3099882677165349
 20
-4.8619959842519682
 30
0
 11
5.3118972834645666
 21
-4.8618892519685035
 31
0
  0
LINE
  5
B6F
330
22
100
AcDbEntity
  8
F.Silkscreen
  6
CONTINUOUS
100
AcDbLine
 10
5.3118972834645666
 20
-4.8618892519685035
 30
0
 11
5.3168581889763775
 21
-4.8619368897637791
 31
0
  0
LINE
  5
B70
330
22
100
AcDbEntity
  8
F.Silkscreen
  6
CONTINUOUS
100
AcDbLine
 10
5.2101451968503936
 20
-4.6633863385826775
 30
0
 11
5.3479404724409445
 21
-4.6633853149606299
 31
0
  0
LINE
  5
B71
330
22
100
AcDbEntity
  8
F.Silkscreen
  6
CONTINUOUS
100
AcDbLine
 10
5.2101461417322836
 20
-4.7972446062992127
 30
0
 11
5.2101451968503936
 21
-4.6633863385826775
 31
0
  0
LINE
  5
B72
330
22
100
AcDbEntity
  8
F.Silkscreen
  6
CONTINUOUS
100
AcDbLine
 10
5.2168383464566928
 20
-4.7003941732283465
 30
0
 11
5.2168389763779528
 21
-4.7854335433070867
 31
0
  0
LINE
  5
B73
330
22
100
AcDbEntity
  8
F.Silkscreen
  6
CONTINUOUS
100
AcDbLine
 10
5.2168383464566928
 20
-4.7003941732283465
 30
0
 11
5.2534525196850392
 21
-4.7003938976377952
 31
0
  0
LINE
  5
B74
330
22
100
AcDbEntity
  8
F.Silkscreen
  6
CONTINUOUS
100
AcDbLine
 10
5.3412477952755903
 20
-4.7003932283464565
 30
0
 11
5.3046336220472439
 21
-4.7003935039370077
 31
0
  0
LINE
  5
B75
330
22
100
AcDbEntity
  8
F.Silkscreen
  6
CONTINUOUS
100
AcDbLine
 10
5.3412477952755903
 20
-4.7003932283464565
 30
0
 11
5.3412482283464566
 21
-4.7578735433070865
 31
0
  0
LINE
  5
B76
330
22
100
AcDbEntity
  8
F.Silkscreen
  6
CONTINUOUS
100
AcDbLine
 10
5.3479404724409445
 20
-4.6633853149606299
 30
0
 11
5.3479414173228346
 21
-4.7972435826771651
 31
0
  0
LINE
  5
B77
330
22
100
AcDbEntity
  8
F.Silkscreen
  6
CONTINUOUS
100
AcDbLine
 10
5.3479414173228346
 20
-4.7972435826771651
 30
0
 11
5.2101461417322836
 21
-4.7972446062992127
 31
0
  0
LINE
  5
B78
330
22
100
AcDbEntity
  8
F.Silkscreen
  6
CONTINUOUS
100
AcDbLine
 10
5.2086692913385821
 20
-4.7323218897637798
 30
0
 11
5.2021339370078739
 21
-4.7405109055118109
 31
0
  0
LINE
  5
B79
330
22
100
AcDbEntity
  8
F.Silkscreen
  6
CONTINUOUS
100
AcDbLine
 10
5.2021339370078739
 20
-4.7405109055118109
 30
0
 11
5.2023813385826774
 21
-4.7416116141732285
 31
0
  0
LINE
  5
B7A
330
22
100
AcDbEntity
  8
F.Silkscreen
  6
CONTINUOUS
100
AcDbLine
 10
5.2023813385826774
 20
-4.7416116141732285
 30
0
 11
5.2025477952755903
 21
-4.7427434645669289
 31
0
  0
LINE
  5
B7B
330
22
100
AcDbEntity
  8
F.Silkscreen
  6
CONTINUOUS
100
AcDbLine
 10
5.2025477952755903
 20
-4.7427434645669289
 30
0
 11
5.2026332677165357
 21
-4.7439064566929137
 31
0
  0
LINE
  5
B7C
330
22
100
AcDbEntity
  8
F.Silkscreen
  6
CONTINUOUS
100
AcDbLine
 10
5.2026332677165357
 20
-4.7439064566929137
 30
0
 11
5.2026368503937004
 21
-4.7451376377952759
 31
0
  0
LINE
  5
B7D
330
22
100
AcDbEntity
  8
F.Silkscreen
  6
CONTINUOUS
100
AcDbLine
 10
5.2026368503937004
 20
-4.7451376377952759
 30
0
 11
5.2025655118110237
 21
-4.7462559842519685
 31
0
  0
LINE
  5
B7E
330
22
100
AcDbEntity
  8
F.Silkscreen
  6
CONTINUOUS
100
AcDbLine
 10
5.2025655118110237
 20
-4.7462559842519685
 30
0
 11
5.2023999606299212
 21
-4.7474744488188971
 31
0
  0
LINE
  5
B7F
330
22
100
AcDbEntity
  8
F.Silkscreen
  6
CONTINUOUS
100
AcDbLine
 10
5.2023999606299212
 20
-4.7474744488188971
 30
0
 11
5.2021769685039372
 21
-4.7485222047244093
 31
0
  0
LINE
  5
B80
330
22
100
AcDbEntity
  8
F.Silkscreen
  6
CONTINUOUS
100
AcDbLine
 10
5.2021769685039372
 20
-4.7485222047244093
 30
0
 11
5.2018407874015749
 21
-4.7496612598425196
 31
0
  0
LINE
  5
B81
330
22
100
AcDbEntity
  8
F.Silkscreen
  6
CONTINUOUS
100
AcDbLine
 10
5.2018407874015749
 20
-4.7496612598425196
 30
0
 11
5.2014143307086611
 21
-4.7507582283464567
 31
0
  0
LINE
  5
B82
330
22
100
AcDbEntity
  8
F.Silkscreen
  6
CONTINUOUS
100
AcDbLine
 10
5.2014143307086611
 20
-4.7507582283464567
 30
0
 11
5.2009594488188977
 21
-4.7516980708661416
 31
0
  0
LINE
  5
B83
330
22
100
AcDbEntity
  8
F.Silkscreen
  6
CONTINUOUS
100
AcDbLine
 10
5.2009594488188977
 20
-4.7516980708661416
 30
0
 11
5.2004331496062992
 21
-4.7526046456692912
 31
0
  0
LINE
  5
B84
330
22
100
AcDbEntity
  8
F.Silkscreen
  6
CONTINUOUS
100
AcDbLine
 10
5.2004331496062992
 20
-4.7526046456692912
 30
0
 11
5.1997712204724404
 21
-4.753576850393701
 31
0
  0
LINE
  5
B85
330
22
100
AcDbEntity
  8
F.Silkscreen
  6
CONTINUOUS
100
AcDbLine
 10
5.1997712204724404
 20
-4.753576850393701
 30
0
 11
5.1991197637795272
 21
-4.7543888582677161
 31
0
  0
LINE
  5
B86
330
22
100
AcDbEntity
  8
F.Silkscreen
  6
CONTINUOUS
100
AcDbLine
 10
5.1991197637795272
 20
-4.7543888582677161
 30
0
 11
5.198314842519685
 21
-4.7552435433070865
 31
0
  0
LINE
  5
B87
330
22
100
AcDbEntity
  8
F.Silkscreen
  6
CONTINUOUS
100
AcDbLine
 10
5.198314842519685
 20
-4.7552435433070865
 30
0
 11
5.1966954330708663
 21
-4.7566092125984252
 31
0
  0
LINE
  5
B88
330
22
100
AcDbEntity
  8
F.Silkscreen
  6
CONTINUOUS
100
AcDbLine
 10
5.1966954330708663
 20
-4.7566092125984252
 30
0
 11
5.1956785433070864
 21
-4.7572909055118107
 31
0
  0
LINE
  5
B89
330
22
100
AcDbEntity
  8
F.Silkscreen
  6
CONTINUOUS
100
AcDbLine
 10
5.1956785433070864
 20
-4.7572909055118107
 30
0
 11
5.1944592125984252
 21
-4.7579752755905513
 31
0
  0
LINE
  5
B8A
330
22
100
AcDbEntity
  8
F.Silkscreen
  6
CONTINUOUS
100
AcDbLine
 10
5.1944592125984252
 20
-4.7579752755905513
 30
0
 11
5.1932848425196854
 21
-4.7585233070866142
 31
0
  0
LINE
  5
B8B
330
22
100
AcDbEntity
  8
F.Silkscreen
  6
CONTINUOUS
100
AcDbLine
 10
5.1932848425196854
 20
-4.7585233070866142
 30
0
 11
5.1920552362204724
 21
-4.7589964173228347
 31
0
  0
LINE
  5
B8C
330
22
100
AcDbEntity
  8
F.Silkscreen
  6
CONTINUOUS
100
AcDbLine
 10
5.1920552362204724
 20
-4.7589964173228347
 30
0
 11
5.1907727165354327
 21
-4.7593932283464566
 31
0
  0
LINE
  5
B8D
330
22
100
AcDbEntity
  8
F.Silkscreen
  6
CONTINUOUS
100
AcDbLine
 10
5.1907727165354327
 20
-4.7593932283464566
 30
0
 11
5.1894372047244097
 21
-4.7597137401574798
 31
0
  0
LINE
  5
B8E
330
22
100
AcDbEntity
  8
F.Silkscreen
  6
CONTINUOUS
100
AcDbLine
 10
5.1894372047244097
 20
-4.7597137401574798
 30
0
 11
5.1880487795275592
 21
-4.7599579527559053
 31
0
  0
LINE
  5
B8F
330
22
100
AcDbEntity
  8
F.Silkscreen
  6
CONTINUOUS
100
AcDbLine
 10
5.1880487795275592
 20
-4.7599579527559053
 30
0
 11
5.1866074409448819
 21
-4.7601258661417321
 31
0
  0
LINE
  5
B90
330
22
100
AcDbEntity
  8
F.Silkscreen
  6
CONTINUOUS
100
AcDbLine
 10
5.1866074409448819
 20
-4.7601258661417321
 30
0
 11
5.1846032283464565
 21
-4.760231102362205
 31
0
  0
LINE
  5
B91
330
22
100
AcDbEntity
  8
F.Silkscreen
  6
CONTINUOUS
100
AcDbLine
 10
5.1846032283464565
 20
-4.760231102362205
 30
0
 11
5.1812891732283459
 21
-4.7602349999999998
 31
0
  0
LINE
  5
B92
330
22
100
AcDbEntity
  8
F.Silkscreen
  6
CONTINUOUS
100
AcDbLine
 10
5.1812891732283459
 20
-4.7602349999999998
 30
0
 11
5.178568346456693
 21
-4.7600993700787404
 31
0
  0
LINE
  5
B93
330
22
100
AcDbEntity
  8
F.Silkscreen
  6
CONTINUOUS
100
AcDbLine
 10
5.178568346456693
 20
-4.7600993700787404
 30
0
 11
5.1769527952755903
 21
-4.7598921653543309
 31
0
  0
LINE
  5
B94
330
22
100
AcDbEntity
  8
F.Silkscreen
  6
CONTINUOUS
100
AcDbLine
 10
5.1769527952755903
 20
-4.7598921653543309
 30
0
 11
5.1754025590551178
 21
-4.7595907480314956
 31
0
  0
LINE
  5
B95
330
22
100
AcDbEntity
  8
F.Silkscreen
  6
CONTINUOUS
100
AcDbLine
 10
5.1754025590551178
 20
-4.7595907480314956
 30
0
 11
5.1740632677165355
 21
-4.7592389370078738
 31
0
  0
LINE
  5
B96
330
22
100
AcDbEntity
  8
F.Silkscreen
  6
CONTINUOUS
100
AcDbLine
 10
5.1740632677165355
 20
-4.7592389370078738
 30
0
 11
5.1726372834645664
 21
-4.7587585433070867
 31
0
  0
LINE
  5
B97
330
22
100
AcDbEntity
  8
F.Silkscreen
  6
CONTINUOUS
100
AcDbLine
 10
5.1726372834645664
 20
-4.7587585433070867
 30
0
 11
5.1712772834645664
 21
-4.758181811023622
 31
0
  0
LINE
  5
B98
330
22
100
AcDbEntity
  8
F.Silkscreen
  6
CONTINUOUS
100
AcDbLine
 10
5.1712772834645664
 20
-4.758181811023622
 30
0
 11
5.1698829921259843
 21
-4.7574417322834641
 31
0
  0
LINE
  5
B99
330
22
100
AcDbEntity
  8
F.Silkscreen
  6
CONTINUOUS
100
AcDbLine
 10
5.1698829921259843
 20
-4.7574417322834641
 30
0
 11
5.1686073622047246
 21
-4.7566085826771651
 31
0
  0
LINE
  5
B9A
330
22
100
AcDbEntity
  8
F.Silkscreen
  6
CONTINUOUS
100
AcDbLine
 10
5.1686073622047246
 20
-4.7566085826771651
 30
0
 11
5.1674503543307084
 21
-4.7556824015748029
 31
0
  0
LINE
  5
B9B
330
22
100
AcDbEntity
  8
F.Silkscreen
  6
CONTINUOUS
100
AcDbLine
 10
5.1674503543307084
 20
-4.7556824015748029
 30
0
 11
5.1664119685039367
 21
-4.7546631496062988
 31
0
  0
LINE
  5
B9C
330
22
100
AcDbEntity
  8
F.Silkscreen
  6
CONTINUOUS
100
AcDbLine
 10
5.1664119685039367
 20
-4.7546631496062988
 30
0
 11
5.1654922047244094
 21
-4.753550905511811
 31
0
  0
LINE
  5
B9D
330
22
100
AcDbEntity
  8
F.Silkscreen
  6
CONTINUOUS
100
AcDbLine
 10
5.1654922047244094
 20
-4.753550905511811
 30
0
 11
5.1646921653543307
 21
-4.7523427952755908
 31
0
  0
LINE
  5
B9E
330
22
100
AcDbEntity
  8
F.Silkscreen
  6
CONTINUOUS
100
AcDbLine
 10
5.1646921653543307
 20
-4.7523427952755908
 30
0
 11
5.1640237007874017
 21
-4.751059015748031
 31
0
  0
LINE
  5
B9F
330
22
100
AcDbEntity
  8
F.Silkscreen
  6
CONTINUOUS
100
AcDbLine
 10
5.1640237007874017
 20
-4.751059015748031
 30
0
 11
5.1634483858267712
 21
-4.7495895669291341
 31
0
  0
LINE
  5
BA0
330
22
100
AcDbEntity
  8
F.Silkscreen
  6
CONTINUOUS
100
AcDbLine
 10
5.1634483858267712
 20
-4.7495895669291341
 30
0
 11
5.163062047244094
 21
-4.7481793700787405
 31
0
  0
LINE
  5
BA1
330
22
100
AcDbEntity
  8
F.Silkscreen
  6
CONTINUOUS
100
AcDbLine
 10
5.163062047244094
 20
-4.7481793700787405
 30
0
 11
5.1628105905511807
 21
-4.7467086614173226
 31
0
  0
LINE
  5
BA2
330
22
100
AcDbEntity
  8
F.Silkscreen
  6
CONTINUOUS
100
AcDbLine
 10
5.1628105905511807
 20
-4.7467086614173226
 30
0
 11
5.1626940551181102
 21
-4.7451774803149602
 31
0
  0
LINE
  5
BA3
330
22
100
AcDbEntity
  8
F.Silkscreen
  6
CONTINUOUS
100
AcDbLine
 10
5.1626940551181102
 20
-4.7451774803149602
 30
0
 11
5.1627077952755904
 21
-4.744290551181102
 31
0
  0
LINE
  5
BA4
330
22
100
AcDbEntity
  8
F.Silkscreen
  6
CONTINUOUS
100
AcDbLine
 10
5.1627077952755904
 20
-4.744290551181102
 30
0
 11
5.1627077952755904
 21
-4.7442905118110232
 31
0
  0
LINE
  5
BA5
330
22
100
AcDbEntity
  8
F.Silkscreen
  6
CONTINUOUS
100
AcDbLine
 10
5.1627077952755904
 20
-4.7442905118110232
 30
0
 11
5.1670982283464566
 21
-4.7442905118110232
 31
0
  0
LINE
  5
BA6
330
22
100
AcDbEntity
  8
F.Silkscreen
  6
CONTINUOUS
100
AcDbLine
 10
5.1670982283464566
 20
-4.7442905118110232
 30
0
 11
5.1671677952755903
 21
-4.7459271259842515
 31
0
  0
LINE
  5
BA7
330
22
100
AcDbEntity
  8
F.Silkscreen
  6
CONTINUOUS
100
AcDbLine
 10
5.1671677952755903
 20
-4.7459271259842515
 30
0
 11
5.167456023622047
 21
-4.7474322834645672
 31
0
  0
LINE
  5
BA8
330
22
100
AcDbEntity
  8
F.Silkscreen
  6
CONTINUOUS
100
AcDbLine
 10
5.167456023622047
 20
-4.7474322834645672
 30
0
 11
5.1679629133858267
 21
-4.7488164960629922
 31
0
  0
LINE
  5
BA9
330
22
100
AcDbEntity
  8
F.Silkscreen
  6
CONTINUOUS
100
AcDbLine
 10
5.1679629133858267
 20
-4.7488164960629922
 30
0
 11
5.1686884251968506
 21
-4.7500797637795271
 31
0
  0
LINE
  5
BAA
330
22
100
AcDbEntity
  8
F.Silkscreen
  6
CONTINUOUS
100
AcDbLine
 10
5.1686884251968506
 20
-4.7500797637795271
 30
0
 11
5.1694446850393696
 21
-4.7510233858267714
 31
0
  0
LINE
  5
BAB
330
22
100
AcDbEntity
  8
F.Silkscreen
  6
CONTINUOUS
100
AcDbLine
 10
5.1694446850393696
 20
-4.7510233858267714
 30
0
 11
5.170347283464567
 21
-4.7518860236220473
 31
0
  0
LINE
  5
BAC
330
22
100
AcDbEntity
  8
F.Silkscreen
  6
CONTINUOUS
100
AcDbLine
 10
5.170347283464567
 20
-4.7518860236220473
 30
0
 11
5.1715146062992128
 21
-4.7527436614173224
 31
0
  0
LINE
  5
BAD
330
22
100
AcDbEntity
  8
F.Silkscreen
  6
CONTINUOUS
100
AcDbLine
 10
5.1715146062992128
 20
-4.7527436614173224
 30
0
 11
5.1726880708661414
 21
-4.7534044488188973
 31
0
  0
LINE
  5
BAE
330
22
100
AcDbEntity
  8
F.Silkscreen
  6
CONTINUOUS
100
AcDbLine
 10
5.1726880708661414
 20
-4.7534044488188973
 30
0
 11
5.1739751968503933
 21
-4.7539578346456688
 31
0
  0
LINE
  5
BAF
330
22
100
AcDbEntity
  8
F.Silkscreen
  6
CONTINUOUS
100
AcDbLine
 10
5.1739751968503933
 20
-4.7539578346456688
 30
0
 11
5.1753759842519687
 21
-4.7544037795275589
 31
0
  0
LINE
  5
BB0
330
22
100
AcDbEntity
  8
F.Silkscreen
  6
CONTINUOUS
100
AcDbLine
 10
5.1753759842519687
 20
-4.7544037795275589
 30
0
 11
5.1768904724409444
 21
-4.754742244094488
 31
0
  0
LINE
  5
BB1
330
22
100
AcDbEntity
  8
F.Silkscreen
  6
CONTINUOUS
100
AcDbLine
 10
5.1768904724409444
 20
-4.754742244094488
 30
0
 11
5.1787065354330704
 21
-4.7549923228346458
 31
0
  0
LINE
  5
BB2
330
22
100
AcDbEntity
  8
F.Silkscreen
  6
CONTINUOUS
100
AcDbLine
 10
5.1787065354330704
 20
-4.7549923228346458
 30
0
 11
5.1808662992125987
 21
-4.7551142125984249
 31
0
  0
LINE
  5
BB3
330
22
100
AcDbEntity
  8
F.Silkscreen
  6
CONTINUOUS
100
AcDbLine
 10
5.1808662992125987
 20
-4.7551142125984249
 30
0
 11
5.1845268503937003
 21
-4.7551111811023619
 31
0
  0
LINE
  5
BB4
330
22
100
AcDbEntity
  8
F.Silkscreen
  6
CONTINUOUS
100
AcDbLine
 10
5.1845268503937003
 20
-4.7551111811023619
 30
0
 11
5.1863144881889767
 21
-4.75501905511811
 31
0
  0
LINE
  5
BB5
330
22
100
AcDbEntity
  8
F.Silkscreen
  6
CONTINUOUS
100
AcDbLine
 10
5.1863144881889767
 20
-4.75501905511811
 30
0
 11
5.1879884645669287
 21
-4.7548163385826774
 31
0
  0
LINE
  5
BB6
330
22
100
AcDbEntity
  8
F.Silkscreen
  6
CONTINUOUS
100
AcDbLine
 10
5.1879884645669287
 20
-4.7548163385826774
 30
0
 11
5.1897151574803146
 21
-4.7544614566929129
 31
0
  0
LINE
  5
BB7
330
22
100
AcDbEntity
  8
F.Silkscreen
  6
CONTINUOUS
100
AcDbLine
 10
5.1897151574803146
 20
-4.7544614566929129
 30
0
 11
5.1914524015748027
 21
-4.7539134645669288
 31
0
  0
LINE
  5
BB8
330
22
100
AcDbEntity
  8
F.Silkscreen
  6
CONTINUOUS
100
AcDbLine
 10
5.1914524015748027
 20
-4.7539134645669288
 30
0
 11
5.1928843700787404
 21
-4.7532719291338585
 31
0
  0
LINE
  5
BB9
330
22
100
AcDbEntity
  8
F.Silkscreen
  6
CONTINUOUS
100
AcDbLine
 10
5.1928843700787404
 20
-4.7532719291338585
 30
0
 11
5.1941759842519684
 21
-4.7524939370078743
 31
0
  0
LINE
  5
BBA
330
22
100
AcDbEntity
  8
F.Silkscreen
  6
CONTINUOUS
100
AcDbLine
 10
5.1941759842519684
 20
-4.7524939370078743
 30
0
 11
5.1949967716535435
 21
-4.7518720078740158
 31
0
  0
LINE
  5
BBB
330
22
100
AcDbEntity
  8
F.Silkscreen
  6
CONTINUOUS
100
AcDbLine
 10
5.1949967716535435
 20
-4.7518720078740158
 30
0
 11
5.195629763779527
 21
-4.7512971259842516
 31
0
  0
LINE
  5
BBC
330
22
100
AcDbEntity
  8
F.Silkscreen
  6
CONTINUOUS
100
AcDbLine
 10
5.195629763779527
 20
-4.7512971259842516
 30
0
 11
5.1962825590551178
 21
-4.7505783464566926
 31
0
  0
LINE
  5
BBD
330
22
100
AcDbEntity
  8
F.Silkscreen
  6
CONTINUOUS
100
AcDbLine
 10
5.1962825590551178
 20
-4.7505783464566926
 30
0
 11
5.1967685826771648
 21
-4.7499209842519683
 31
0
  0
LINE
  5
BBE
330
22
100
AcDbEntity
  8
F.Silkscreen
  6
CONTINUOUS
100
AcDbLine
 10
5.1967685826771648
 20
-4.7499209842519683
 30
0
 11
5.197249921259842
 21
-4.7491059842519681
 31
0
  0
LINE
  5
BBF
330
22
100
AcDbEntity
  8
F.Silkscreen
  6
CONTINUOUS
100
AcDbLine
 10
5.197249921259842
 20
-4.7491059842519681
 30
0
 11
5.1975890157480311
 21
-4.7483661811023623
 31
0
  0
LINE
  5
BC0
330
22
100
AcDbEntity
  8
F.Silkscreen
  6
CONTINUOUS
100
AcDbLine
 10
5.1975890157480311
 20
-4.7483661811023623
 30
0
 11
5.1978603149606295
 21
-4.7475883070866143
 31
0
  0
LINE
  5
BC1
330
22
100
AcDbEntity
  8
F.Silkscreen
  6
CONTINUOUS
100
AcDbLine
 10
5.1978603149606295
 20
-4.7475883070866143
 30
0
 11
5.1980911023622047
 21
-4.7466327165354327
 31
0
  0
LINE
  5
BC2
330
22
100
AcDbEntity
  8
F.Silkscreen
  6
CONTINUOUS
100
AcDbLine
 10
5.1980911023622047
 20
-4.7466327165354327
 30
0
 11
5.1982295275590547
 21
-4.7456252755905508
 31
0
  0
LINE
  5
BC3
330
22
100
AcDbEntity
  8
F.Silkscreen
  6
CONTINUOUS
100
AcDbLine
 10
5.1982295275590547
 20
-4.7456252755905508
 30
0
 11
5.1982757086614173
 21
-4.7445660236220473
 31
0
  0
LINE
  5
BC4
330
22
100
AcDbEntity
  8
F.Silkscreen
  6
CONTINUOUS
100
AcDbLine
 10
5.1982757086614173
 20
-4.7445660236220473
 30
0
 11
5.1982190944881888
 21
-4.7433609448818901
 31
0
  0
LINE
  5
BC5
330
22
100
AcDbEntity
  8
F.Silkscreen
  6
CONTINUOUS
100
AcDbLine
 10
5.1982190944881888
 20
-4.7433609448818901
 30
0
 11
5.1980767322834645
 21
-4.7423640157480316
 31
0
  0
LINE
  5
BC6
330
22
100
AcDbEntity
  8
F.Silkscreen
  6
CONTINUOUS
100
AcDbLine
 10
5.1980767322834645
 20
-4.7423640157480316
 30
0
 11
5.1978476771653543
 21
-4.7414207874015748
 31
0
  0
LINE
  5
BC7
330
22
100
AcDbEntity
  8
F.Silkscreen
  6
CONTINUOUS
100
AcDbLine
 10
5.1978476771653543
 20
-4.7414207874015748
 30
0
 11
5.1975319685039372
 21
-4.740531220472441
 31
0
  0
LINE
  5
BC8
330
22
100
AcDbEntity
  8
F.Silkscreen
  6
CONTINUOUS
100
AcDbLine
 10
5.1975319685039372
 20
-4.740531220472441
 30
0
 11
5.1971296062992121
 21
-4.7396953937007869
 31
0
  0
LINE
  5
BC9
330
22
100
AcDbEntity
  8
F.Silkscreen
  6
CONTINUOUS
100
AcDbLine
 10
5.1971296062992121
 20
-4.7396953937007869
 30
0
 11
5.1966405905511808
 21
-4.7389132283464566
 31
0
  0
LINE
  5
BCA
330
22
100
AcDbEntity
  8
F.Silkscreen
  6
CONTINUOUS
100
AcDbLine
 10
5.1966405905511808
 20
-4.7389132283464566
 30
0
 11
5.1956006692913386
 21
-4.7376972834645672
 31
0
  0
LINE
  5
BCB
330
22
100
AcDbEntity
  8
F.Silkscreen
  6
CONTINUOUS
100
AcDbLine
 10
5.1956006692913386
 20
-4.7376972834645672
 30
0
 11
5.1949851968503937
 21
-4.737148503937008
 31
0
  0
LINE
  5
BCC
330
22
100
AcDbEntity
  8
F.Silkscreen
  6
CONTINUOUS
100
AcDbLine
 10
5.1949851968503937
 20
-4.737148503937008
 30
0
 11
5.194188700787401
 21
-4.7365594881889761
 31
0
  0
LINE
  5
BCD
330
22
100
AcDbEntity
  8
F.Silkscreen
  6
CONTINUOUS
100
AcDbLine
 10
5.194188700787401
 20
-4.7365594881889761
 30
0
 11
5.1926481889763778
 21
-4.7356930708661418
 31
0
  0
LINE
  5
BCE
330
22
100
AcDbEntity
  8
F.Silkscreen
  6
CONTINUOUS
100
AcDbLine
 10
5.1926481889763778
 20
-4.7356930708661418
 30
0
 11
5.1908889763779529
 21
-4.7350093307086611
 31
0
  0
LINE
  5
BCF
330
22
100
AcDbEntity
  8
F.Silkscreen
  6
CONTINUOUS
100
AcDbLine
 10
5.1908889763779529
 20
-4.7350093307086611
 30
0
 11
5.1889110629921262
 21
-4.7345082677165351
 31
0
  0
LINE
  5
BD0
330
22
100
AcDbEntity
  8
F.Silkscreen
  6
CONTINUOUS
100
AcDbLine
 10
5.1889110629921262
 20
-4.7345082677165351
 30
0
 11
5.1867144881889766
 21
-4.7341899606299211
 31
0
  0
LINE
  5
BD1
330
22
100
AcDbEntity
  8
F.Silkscreen
  6
CONTINUOUS
100
AcDbLine
 10
5.1867144881889766
 20
-4.7341899606299211
 30
0
 11
5.1845088582677166
 21
-4.7340586614173228
 31
0
  0
LINE
  5
BD2
330
22
100
AcDbEntity
  8
F.Silkscreen
  6
CONTINUOUS
100
AcDbLine
 10
5.1845088582677166
 20
-4.7340586614173228
 30
0
 11
5.1813858661417322
 21
-4.7340543700787396
 31
0
  0
LINE
  5
BD3
330
22
100
AcDbEntity
  8
F.Silkscreen
  6
CONTINUOUS
100
AcDbLine
 10
5.1813858661417322
 20
-4.7340543700787396
 30
0
 11
5.1793220078740152
 21
-4.7341216535433066
 31
0
  0
LINE
  5
BD4
330
22
100
AcDbEntity
  8
F.Silkscreen
  6
CONTINUOUS
100
AcDbLine
 10
5.1793220078740152
 20
-4.7341216535433066
 30
0
 11
5.1774119291338581
 21
-4.7343235039370075
 31
0
  0
LINE
  5
BD5
330
22
100
AcDbEntity
  8
F.Silkscreen
  6
CONTINUOUS
100
AcDbLine
 10
5.1774119291338581
 20
-4.7343235039370075
 30
0
 11
5.1756556692913387
 21
-4.7346599606299211
 31
0
  0
LINE
  5
BD6
330
22
100
AcDbEntity
  8
F.Silkscreen
  6
CONTINUOUS
100
AcDbLine
 10
5.1756556692913387
 20
-4.7346599606299211
 30
0
 11
5.1739013779527561
 21
-4.7351854330708658
 31
0
  0
LINE
  5
BD7
330
22
100
AcDbEntity
  8
F.Silkscreen
  6
CONTINUOUS
100
AcDbLine
 10
5.1739013779527561
 20
-4.7351854330708658
 30
0
 11
5.1724680708661417
 21
-4.7358044488188975
 31
0
  0
LINE
  5
BD8
330
22
100
AcDbEntity
  8
F.Silkscreen
  6
CONTINUOUS
100
AcDbLine
 10
5.1724680708661417
 20
-4.7358044488188975
 30
0
 11
5.1711885433070863
 21
-4.7365580314960631
 31
0
  0
LINE
  5
BD9
330
22
100
AcDbEntity
  8
F.Silkscreen
  6
CONTINUOUS
100
AcDbLine
 10
5.1711885433070863
 20
-4.7365580314960631
 30
0
 11
5.1699581102362204
 21
-4.7375263779527561
 31
0
  0
LINE
  5
BDA
330
22
100
AcDbEntity
  8
F.Silkscreen
  6
CONTINUOUS
100
AcDbLine
 10
5.1699581102362204
 20
-4.7375263779527561
 30
0
 11
5.1690267322834647
 21
-4.7385252755905514
 31
0
  0
LINE
  5
BDB
330
22
100
AcDbEntity
  8
F.Silkscreen
  6
CONTINUOUS
100
AcDbLine
 10
5.1690267322834647
 20
-4.7385252755905514
 30
0
 11
5.1682131496062995
 21
-4.7397572440944877
 31
0
  0
LINE
  5
BDC
330
22
100
AcDbEntity
  8
F.Silkscreen
  6
CONTINUOUS
100
AcDbLine
 10
5.1682131496062995
 20
-4.7397572440944877
 30
0
 11
5.1676205118110232
 21
-4.7411287795275587
 31
0
  0
LINE
  5
BDD
330
22
100
AcDbEntity
  8
F.Silkscreen
  6
CONTINUOUS
100
AcDbLine
 10
5.1676205118110232
 20
-4.7411287795275587
 30
0
 11
5.167248897637795
 21
-4.7426398818897635
 31
0
  0
LINE
  5
BDE
330
22
100
AcDbEntity
  8
F.Silkscreen
  6
CONTINUOUS
100
AcDbLine
 10
5.167248897637795
 20
-4.7426398818897635
 30
0
 11
5.1670982283464566
 21
-4.7442905118110232
 31
0
  0
LINE
  5
BDF
330
22
100
AcDbEntity
  8
F.Silkscreen
  6
CONTINUOUS
100
AcDbLine
 10
5.1670982283464566
 20
-4.7442905118110232
 30
0
 11
5.1627077952755904
 21
-4.7442905118110232
 31
0
  0
LINE
  5
BE0
330
22
100
AcDbEntity
  8
F.Silkscreen
  6
CONTINUOUS
100
AcDbLine
 10
5.1627077952755904
 20
-4.7442905118110232
 30
0
 11
5.1627208267716531
 21
-4.7434516535433069
 31
0
  0
LINE
  5
BE1
330
22
100
AcDbEntity
  8
F.Silkscreen
  6
CONTINUOUS
100
AcDbLine
 10
5.1627208267716531
 20
-4.7434516535433069
 30
0
 11
5.1628863779527556
 21
-4.7419211023622045
 31
0
  0
LINE
  5
BE2
330
22
100
AcDbEntity
  8
F.Silkscreen
  6
CONTINUOUS
100
AcDbLine
 10
5.1628863779527556
 20
-4.7419211023622045
 30
0
 11
5.1632208661417325
 21
-4.7403256692913383
 31
0
  0
LINE
  5
BE3
330
22
100
AcDbEntity
  8
F.Silkscreen
  6
CONTINUOUS
100
AcDbLine
 10
5.1632208661417325
 20
-4.7403256692913383
 30
0
 11
5.163668503937008
 21
-4.7389312992125987
 31
0
  0
LINE
  5
BE4
330
22
100
AcDbEntity
  8
F.Silkscreen
  6
CONTINUOUS
100
AcDbLine
 10
5.163668503937008
 20
-4.7389312992125987
 30
0
 11
5.1641925196850389
 21
-4.7377201968503933
 31
0
  0
LINE
  5
BE5
330
22
100
AcDbEntity
  8
F.Silkscreen
  6
CONTINUOUS
100
AcDbLine
 10
5.1641925196850389
 20
-4.7377201968503933
 30
0
 11
5.1648280708661414
 21
-4.7365629527559054
 31
0
  0
LINE
  5
BE6
330
22
100
AcDbEntity
  8
F.Silkscreen
  6
CONTINUOUS
100
AcDbLine
 10
5.1648280708661414
 20
-4.7365629527559054
 30
0
 11
5.1656394094488185
 21
-4.735373307086614
 31
0
  0
LINE
  5
BE7
330
22
100
AcDbEntity
  8
F.Silkscreen
  6
CONTINUOUS
100
AcDbLine
 10
5.1656394094488185
 20
-4.735373307086614
 30
0
 11
5.166477913385827
 21
-4.7343763385826767
 31
0
  0
LINE
  5
BE8
330
22
100
AcDbEntity
  8
F.Silkscreen
  6
CONTINUOUS
100
AcDbLine
 10
5.166477913385827
 20
-4.7343763385826767
 30
0
 11
5.1674144881889763
 21
-4.733458228346457
 31
0
  0
LINE
  5
BE9
330
22
100
AcDbEntity
  8
F.Silkscreen
  6
CONTINUOUS
100
AcDbLine
 10
5.1674144881889763
 20
-4.733458228346457
 30
0
 11
5.1685579527559051
 21
-4.7325393307086614
 31
0
  0
LINE
  5
BEA
330
22
100
AcDbEntity
  8
F.Silkscreen
  6
CONTINUOUS
100
AcDbLine
 10
5.1685579527559051
 20
-4.7325393307086614
 30
0
 11
5.169700433070866
 21
-4.7317866929133858
 31
0
  0
LINE
  5
BEB
330
22
100
AcDbEntity
  8
F.Silkscreen
  6
CONTINUOUS
100
AcDbLine
 10
5.169700433070866
 20
-4.7317866929133858
 30
0
 11
5.1709409055118112
 21
-4.731112913385827
 31
0
  0
LINE
  5
BEC
330
22
100
AcDbEntity
  8
F.Silkscreen
  6
CONTINUOUS
100
AcDbLine
 10
5.1709409055118112
 20
-4.731112913385827
 30
0
 11
5.1722812992125986
 21
-4.7305206692913382
 31
0
  0
LINE
  5
BED
330
22
100
AcDbEntity
  8
F.Silkscreen
  6
CONTINUOUS
100
AcDbLine
 10
5.1722812992125986
 20
-4.7305206692913382
 30
0
 11
5.1736963385826771
 21
-4.7300214566929135
 31
0
  0
LINE
  5
BEE
330
22
100
AcDbEntity
  8
F.Silkscreen
  6
CONTINUOUS
100
AcDbLine
 10
5.1736963385826771
 20
-4.7300214566929135
 30
0
 11
5.1751787007874013
 21
-4.7296163779527554
 31
0
  0
LINE
  5
BEF
330
22
100
AcDbEntity
  8
F.Silkscreen
  6
CONTINUOUS
100
AcDbLine
 10
5.1751787007874013
 20
-4.7296163779527554
 30
0
 11
5.1767283070866137
 21
-4.7293055118110239
 31
0
  0
LINE
  5
BF0
330
22
100
AcDbEntity
  8
F.Silkscreen
  6
CONTINUOUS
100
AcDbLine
 10
5.1767283070866137
 20
-4.7293055118110239
 30
0
 11
5.1781804724409444
 21
-4.7291062992125985
 31
0
  0
LINE
  5
BF1
330
22
100
AcDbEntity
  8
F.Silkscreen
  6
CONTINUOUS
100
AcDbLine
 10
5.1781804724409444
 20
-4.7291062992125985
 30
0
 11
5.1798579527559054
 21
-4.7289744094488189
 31
0
  0
LINE
  5
BF2
330
22
100
AcDbEntity
  8
F.Silkscreen
  6
CONTINUOUS
100
AcDbLine
 10
5.1798579527559054
 20
-4.7289744094488189
 30
0
 11
5.1839055118110231
 21
-4.7289362204724412
 31
0
  0
LINE
  5
BF3
330
22
100
AcDbEntity
  8
F.Silkscreen
  6
CONTINUOUS
100
AcDbLine
 10
5.1839055118110231
 20
-4.7289362204724412
 30
0
 11
5.1864601968503932
 21
-4.7290357086614172
 31
0
  0
LINE
  5
BF4
330
22
100
AcDbEntity
  8
F.Silkscreen
  6
CONTINUOUS
100
AcDbLine
 10
5.1864601968503932
 20
-4.7290357086614172
 30
0
 11
5.1889992519685038
 21
-4.7293611023622049
 31
0
  0
LINE
  5
BF5
330
22
100
AcDbEntity
  8
F.Silkscreen
  6
CONTINUOUS
100
AcDbLine
 10
5.1889992519685038
 20
-4.7293611023622049
 30
0
 11
5.1913463779527556
 21
-4.7299128740157483
 31
0
  0
LINE
  5
BF6
330
22
100
AcDbEntity
  8
F.Silkscreen
  6
CONTINUOUS
100
AcDbLine
 10
5.1913463779527556
 20
-4.7299128740157483
 30
0
 11
5.1933725196850391
 21
-4.7306357480314958
 31
0
  0
LINE
  5
BF7
330
22
100
AcDbEntity
  8
F.Silkscreen
  6
CONTINUOUS
100
AcDbLine
 10
5.1933725196850391
 20
-4.7306357480314958
 30
0
 11
5.1954334645669293
 21
-4.7316576377952755
 31
0
  0
LINE
  5
BF8
330
22
100
AcDbEntity
  8
F.Silkscreen
  6
CONTINUOUS
100
AcDbLine
 10
5.1954334645669293
 20
-4.7316576377952755
 30
0
 11
5.1971426771653544
 21
-4.7328051968503937
 31
0
  0
LINE
  5
BF9
330
22
100
AcDbEntity
  8
F.Silkscreen
  6
CONTINUOUS
100
AcDbLine
 10
5.1971426771653544
 20
-4.7328051968503937
 30
0
 11
5.1979142519685038
 21
-4.7334472834645664
 31
0
  0
LINE
  5
BFA
330
22
100
AcDbEntity
  8
F.Silkscreen
  6
CONTINUOUS
100
AcDbLine
 10
5.1979142519685038
 20
-4.7334472834645664
 30
0
 11
5.1987160629921263
 21
-4.7342240157480315
 31
0
  0
LINE
  5
BFB
330
22
100
AcDbEntity
  8
F.Silkscreen
  6
CONTINUOUS
100
AcDbLine
 10
5.1987160629921263
 20
-4.7342240157480315
 30
0
 11
5.1999685433070866
 21
-4.7357471259842523
 31
0
  0
LINE
  5
BFC
330
22
100
AcDbEntity
  8
F.Silkscreen
  6
CONTINUOUS
100
AcDbLine
 10
5.1999685433070866
 20
-4.7357471259842523
 30
0
 11
5.2054409448818895
 21
-4.7288179527559056
 31
0
  0
LINE
  5
BFD
330
22
100
AcDbEntity
  8
F.Silkscreen
  6
CONTINUOUS
100
AcDbLine
 10
5.2054409448818895
 20
-4.7288179527559056
 30
0
 11
5.2086692913385821
 21
-4.7323218897637798
 31
0
  0
LINE
  5
BFE
330
22
100
AcDbEntity
  8
F.Silkscreen
  6
CONTINUOUS
100
AcDbLine
 10
5.1914043700787404
 20
-4.6975760236220472
 30
0
 11
5.1935730708661412
 21
-4.6979389763779524
 31
0
  0
LINE
  5
BFF
330
22
100
AcDbEntity
  8
F.Silkscreen
  6
CONTINUOUS
100
AcDbLine
 10
5.1935730708661412
 20
-4.6979389763779524
 30
0
 11
5.1948107874015745
 21
-4.6982963779527562
 31
0
  0
LINE
  5
C00
330
22
100
AcDbEntity
  8
F.Silkscreen
  6
CONTINUOUS
100
AcDbLine
 10
5.1948107874015745
 20
-4.6982963779527562
 30
0
 11
5.1958332283464568
 21
-4.6986928740157481
 31
0
  0
LINE
  5
C01
330
22
100
AcDbEntity
  8
F.Silkscreen
  6
CONTINUOUS
100
AcDbLine
 10
5.1958332283464568
 20
-4.6986928740157481
 30
0
 11
5.1969325196850393
 21
-4.6992417322834648
 31
0
  0
LINE
  5
C02
330
22
100
AcDbEntity
  8
F.Silkscreen
  6
CONTINUOUS
100
AcDbLine
 10
5.1969325196850393
 20
-4.6992417322834648
 30
0
 11
5.1978338188976378
 21
-4.6998057480314959
 31
0
  0
LINE
  5
C03
330
22
100
AcDbEntity
  8
F.Silkscreen
  6
CONTINUOUS
100
AcDbLine
 10
5.1978338188976378
 20
-4.6998057480314959
 30
0
 11
5.1987947244094483
 21
-4.700546102362205
 31
0
  0
LINE
  5
C04
330
22
100
AcDbEntity
  8
F.Silkscreen
  6
CONTINUOUS
100
AcDbLine
 10
5.1987947244094483
 20
-4.700546102362205
 30
0
 11
5.1996707086614169
 21
-4.7013792125984253
 31
0
  0
LINE
  5
C05
330
22
100
AcDbEntity
  8
F.Silkscreen
  6
CONTINUOUS
100
AcDbLine
 10
5.1996707086614169
 20
-4.7013792125984253
 30
0
 11
5.2003454330708658
 21
-4.7021655905511812
 31
0
  0
LINE
  5
C06
330
22
100
AcDbEntity
  8
F.Silkscreen
  6
CONTINUOUS
100
AcDbLine
 10
5.2003454330708658
 20
-4.7021655905511812
 30
0
 11
5.2010104330708664
 21
-4.7031289370078735
 31
0
  0
LINE
  5
C07
330
22
100
AcDbEntity
  8
F.Silkscreen
  6
CONTINUOUS
100
AcDbLine
 10
5.2010104330708664
 20
-4.7031289370078735
 30
0
 11
5.201562204724409
 21
-4.7041611811023625
 31
0
  0
LINE
  5
C08
330
22
100
AcDbEntity
  8
F.Silkscreen
  6
CONTINUOUS
100
AcDbLine
 10
5.201562204724409
 20
-4.7041611811023625
 30
0
 11
5.2020008267716538
 21
-4.7052622834645668
 31
0
  0
LINE
  5
C09
330
22
100
AcDbEntity
  8
F.Silkscreen
  6
CONTINUOUS
100
AcDbLine
 10
5.2020008267716538
 20
-4.7052622834645668
 30
0
 11
5.2022917716535435
 21
-4.7062822834645672
 31
0
  0
LINE
  5
C0A
330
22
100
AcDbEntity
  8
F.Silkscreen
  6
CONTINUOUS
100
AcDbLine
 10
5.2022917716535435
 20
-4.7062822834645672
 30
0
 11
5.2025181496062993
 21
-4.7075125984251969
 31
0
  0
LINE
  5
C0B
330
22
100
AcDbEntity
  8
F.Silkscreen
  6
CONTINUOUS
100
AcDbLine
 10
5.2025181496062993
 20
-4.7075125984251969
 30
0
 11
5.2026313779527555
 21
-4.7088118110236223
 31
0
  0
LINE
  5
C0C
330
22
100
AcDbEntity
  8
F.Silkscreen
  6
CONTINUOUS
100
AcDbLine
 10
5.2026313779527555
 20
-4.7088118110236223
 30
0
 11
5.202636102362205
 21
-4.7100067322834649
 31
0
  0
LINE
  5
C0D
330
22
100
AcDbEntity
  8
F.Silkscreen
  6
CONTINUOUS
100
AcDbLine
 10
5.202636102362205
 20
-4.7100067322834649
 30
0
 11
5.2025187401574806
 21
-4.711346220472441
 31
0
  0
LINE
  5
C0E
330
22
100
AcDbEntity
  8
F.Silkscreen
  6
CONTINUOUS
100
AcDbLine
 10
5.2025187401574806
 20
-4.711346220472441
 30
0
 11
5.202306102362205
 21
-4.7124637795275586
 31
0
  0
LINE
  5
C0F
330
22
100
AcDbEntity
  8
F.Silkscreen
  6
CONTINUOUS
100
AcDbLine
 10
5.202306102362205
 20
-4.7124637795275586
 30
0
 11
5.2018241732283466
 21
-4.7139720866141728
 31
0
  0
LINE
  5
C10
330
22
100
AcDbEntity
  8
F.Silkscreen
  6
CONTINUOUS
100
AcDbLine
 10
5.2018241732283466
 20
-4.7139720866141728
 30
0
 11
5.2012112598425198
 21
-4.7152407874015747
 31
0
  0
LINE
  5
C11
330
22
100
AcDbEntity
  8
F.Silkscreen
  6
CONTINUOUS
100
AcDbLine
 10
5.2012112598425198
 20
-4.7152407874015747
 30
0
 11
5.2003312204724406
 21
-4.7165518503937003
 31
0
  0
LINE
  5
C12
330
22
100
AcDbEntity
  8
F.Silkscreen
  6
CONTINUOUS
100
AcDbLine
 10
5.2003312204724406
 20
-4.7165518503937003
 30
0
 11
5.1993600393700783
 21
-4.7176430708661412
 31
0
  0
LINE
  5
C13
330
22
100
AcDbEntity
  8
F.Silkscreen
  6
CONTINUOUS
100
AcDbLine
 10
5.1993600393700783
 20
-4.7176430708661412
 30
0
 11
5.198219527559055
 21
-4.7186498425196852
 31
0
  0
LINE
  5
C14
330
22
100
AcDbEntity
  8
F.Silkscreen
  6
CONTINUOUS
100
AcDbLine
 10
5.198219527559055
 20
-4.7186498425196852
 30
0
 11
5.1968058267716533
 21
-4.7196310236220471
 31
0
  0
LINE
  5
C15
330
22
100
AcDbEntity
  8
F.Silkscreen
  6
CONTINUOUS
100
AcDbLine
 10
5.1968058267716533
 20
-4.7196310236220471
 30
0
 11
5.1952710236220474
 21
-4.720443031496063
 31
0
  0
LINE
  5
C16
330
22
100
AcDbEntity
  8
F.Silkscreen
  6
CONTINUOUS
100
AcDbLine
 10
5.1952710236220474
 20
-4.720443031496063
 30
0
 11
5.193786141732283
 21
-4.7210292125984248
 31
0
  0
LINE
  5
C17
330
22
100
AcDbEntity
  8
F.Silkscreen
  6
CONTINUOUS
100
AcDbLine
 10
5.193786141732283
 20
-4.7210292125984248
 30
0
 11
5.192203149606299
 21
-4.7214783858267717
 31
0
  0
LINE
  5
C18
330
22
100
AcDbEntity
  8
F.Silkscreen
  6
CONTINUOUS
100
AcDbLine
 10
5.192203149606299
 20
-4.7214783858267717
 30
0
 11
5.1907137007874011
 21
-4.7217625984251965
 31
0
  0
LINE
  5
C19
330
22
100
AcDbEntity
  8
F.Silkscreen
  6
CONTINUOUS
100
AcDbLine
 10
5.1907137007874011
 20
-4.7217625984251965
 30
0
 11
5.1891467716535429
 21
-4.7219385433070862
 31
0
  0
LINE
  5
C1A
330
22
100
AcDbEntity
  8
F.Silkscreen
  6
CONTINUOUS
100
AcDbLine
 10
5.1891467716535429
 20
-4.7219385433070862
 30
0
 11
5.1872912598425192
 21
-4.7220070866141732
 31
0
  0
LINE
  5
C1B
330
22
100
AcDbEntity
  8
F.Silkscreen
  6
CONTINUOUS
100
AcDbLine
 10
5.1872912598425192
 20
-4.7220070866141732
 30
0
 11
5.1840824803149603
 21
-4.7219892519685036
 31
0
  0
LINE
  5
C1C
330
22
100
AcDbEntity
  8
F.Silkscreen
  6
CONTINUOUS
100
AcDbLine
 10
5.1840824803149603
 20
-4.7219892519685036
 30
0
 11
5.1815615354330706
 21
-4.7218465354330705
 31
0
  0
LINE
  5
C1D
330
22
100
AcDbEntity
  8
F.Silkscreen
  6
CONTINUOUS
100
AcDbLine
 10
5.1815615354330706
 20
-4.7218465354330705
 30
0
 11
5.1789122834645669
 21
-4.7215154330708664
 31
0
  0
LINE
  5
C1E
330
22
100
AcDbEntity
  8
F.Silkscreen
  6
CONTINUOUS
100
AcDbLine
 10
5.1789122834645669
 20
-4.7215154330708664
 30
0
 11
5.1767233858267714
 21
-4.7210694488188976
 31
0
  0
LINE
  5
C1F
330
22
100
AcDbEntity
  8
F.Silkscreen
  6
CONTINUOUS
100
AcDbLine
 10
5.1767233858267714
 20
-4.7210694488188976
 30
0
 11
5.1751842519685036
 21
-4.7206412992125983
 31
0
  0
LINE
  5
C20
330
22
100
AcDbEntity
  8
F.Silkscreen
  6
CONTINUOUS
100
AcDbLine
 10
5.1751842519685036
 20
-4.7206412992125983
 30
0
 11
5.1734996850393697
 21
-4.7200403543307088
 31
0
  0
LINE
  5
C21
330
22
100
AcDbEntity
  8
F.Silkscreen
  6
CONTINUOUS
100
AcDbLine
 10
5.1734996850393697
 20
-4.7200403543307088
 30
0
 11
5.1719347637795279
 21
-4.7193301181102365
 31
0
  0
LINE
  5
C22
330
22
100
AcDbEntity
  8
F.Silkscreen
  6
CONTINUOUS
100
AcDbLine
 10
5.1719347637795279
 20
-4.7193301181102365
 30
0
 11
5.1706886220472441
 21
-4.7186344094488186
 31
0
  0
LINE
  5
C23
330
22
100
AcDbEntity
  8
F.Silkscreen
  6
CONTINUOUS
100
AcDbLine
 10
5.1706886220472441
 20
-4.7186344094488186
 30
0
 11
5.16953031496063
 21
-4.717858385826772
 31
0
  0
LINE
  5
C24
330
22
100
AcDbEntity
  8
F.Silkscreen
  6
CONTINUOUS
100
AcDbLine
 10
5.16953031496063
 20
-4.717858385826772
 30
0
 11
5.1684648425196853
 21
-4.7170022834645664
 31
0
  0
LINE
  5
C25
330
22
100
AcDbEntity
  8
F.Silkscreen
  6
CONTINUOUS
100
AcDbLine
 10
5.1684648425196853
 20
-4.7170022834645664
 30
0
 11
5.1673480314960631
 21
-4.7159035433070864
 31
0
  0
LINE
  5
C26
330
22
100
AcDbEntity
  8
F.Silkscreen
  6
CONTINUOUS
100
AcDbLine
 10
5.1673480314960631
 20
-4.7159035433070864
 30
0
 11
5.1664964566929132
 21
-4.7148762992125981
 31
0
  0
LINE
  5
C27
330
22
100
AcDbEntity
  8
F.Silkscreen
  6
CONTINUOUS
100
AcDbLine
 10
5.1664964566929132
 20
-4.7148762992125981
 30
0
 11
5.1656262598425196
 21
-4.713578149606299
 31
0
  0
LINE
  5
C28
330
22
100
AcDbEntity
  8
F.Silkscreen
  6
CONTINUOUS
100
AcDbLine
 10
5.1656262598425196
 20
-4.713578149606299
 30
0
 11
5.1649861023622048
 21
-4.7123799999999996
 31
0
  0
LINE
  5
C29
330
22
100
AcDbEntity
  8
F.Silkscreen
  6
CONTINUOUS
100
AcDbLine
 10
5.1649861023622048
 20
-4.7123799999999996
 30
0
 11
5.1643625984251971
 21
-4.7108824015748034
 31
0
  0
LINE
  5
C2A
330
22
100
AcDbEntity
  8
F.Silkscreen
  6
CONTINUOUS
100
AcDbLine
 10
5.1643625984251971
 20
-4.7108824015748034
 30
0
 11
5.1639338582677166
 21
-4.7095133070866142
 31
0
  0
LINE
  5
C2B
330
22
100
AcDbEntity
  8
F.Silkscreen
  6
CONTINUOUS
100
AcDbLine
 10
5.1639338582677166
 20
-4.7095133070866142
 30
0
 11
5.163602677165354
 21
-4.7080653149606295
 31
0
  0
LINE
  5
C2C
330
22
100
AcDbEntity
  8
F.Silkscreen
  6
CONTINUOUS
100
AcDbLine
 10
5.163602677165354
 20
-4.7080653149606295
 30
0
 11
5.1633690944881891
 21
-4.7065384251968503
 31
0
  0
LINE
  5
C2D
330
22
100
AcDbEntity
  8
F.Silkscreen
  6
CONTINUOUS
100
AcDbLine
 10
5.1633690944881891
 20
-4.7065384251968503
 30
0
 11
5.1632331102362201
 21
-4.7049326377952756
 31
0
  0
LINE
  5
C2E
330
22
100
AcDbEntity
  8
F.Silkscreen
  6
CONTINUOUS
100
AcDbLine
 10
5.1632331102362201
 20
-4.7049326377952756
 30
0
 11
5.1631966535433067
 21
-4.7029521259842522
 31
0
  0
LINE
  5
C2F
330
22
100
AcDbEntity
  8
F.Silkscreen
  6
CONTINUOUS
100
AcDbLine
 10
5.1631966535433067
 20
-4.7029521259842522
 30
0
 11
5.1673698818897638
 21
-4.7029520866141734
 31
0
  0
LINE
  5
C30
330
22
100
AcDbEntity
  8
F.Silkscreen
  6
CONTINUOUS
100
AcDbLine
 10
5.1673698818897638
 20
-4.7029520866141734
 30
0
 11
5.1674077952755901
 21
-4.7047415748031494
 31
0
  0
LINE
  5
C31
330
22
100
AcDbEntity
  8
F.Silkscreen
  6
CONTINUOUS
100
AcDbLine
 10
5.1674077952755901
 20
-4.7047415748031494
 30
0
 11
5.1676004330708656
 21
-4.706424409448819
 31
0
  0
LINE
  5
C32
330
22
100
AcDbEntity
  8
F.Silkscreen
  6
CONTINUOUS
100
AcDbLine
 10
5.1676004330708656
 20
-4.706424409448819
 30
0
 11
5.1679069291338582
 21
-4.7078419685039368
 31
0
  0
LINE
  5
C33
330
22
100
AcDbEntity
  8
F.Silkscreen
  6
CONTINUOUS
100
AcDbLine
 10
5.1679069291338582
 20
-4.7078419685039368
 30
0
 11
5.1683954330708657
 21
-4.7093093307086615
 31
0
  0
LINE
  5
C34
330
22
100
AcDbEntity
  8
F.Silkscreen
  6
CONTINUOUS
100
AcDbLine
 10
5.1683954330708657
 20
-4.7093093307086615
 30
0
 11
5.1689681889763781
 21
-4.710532952755905
 31
0
  0
LINE
  5
C35
330
22
100
AcDbEntity
  8
F.Silkscreen
  6
CONTINUOUS
100
AcDbLine
 10
5.1689681889763781
 20
-4.710532952755905
 30
0
 11
5.1697525196850389
 21
-4.7117848031496061
 31
0
  0
LINE
  5
C36
330
22
100
AcDbEntity
  8
F.Silkscreen
  6
CONTINUOUS
100
AcDbLine
 10
5.1697525196850389
 20
-4.7117848031496061
 30
0
 11
5.1706925984251964
 21
-4.7129231889763776
 31
0
  0
LINE
  5
C37
330
22
100
AcDbEntity
  8
F.Silkscreen
  6
CONTINUOUS
100
AcDbLine
 10
5.1706925984251964
 20
-4.7129231889763776
 30
0
 11
5.1717789763779525
 21
-4.7139365354330707
 31
0
  0
LINE
  5
C38
330
22
100
AcDbEntity
  8
F.Silkscreen
  6
CONTINUOUS
100
AcDbLine
 10
5.1717789763779525
 20
-4.7139365354330707
 30
0
 11
5.1726185039370076
 21
-4.7145612992125985
 31
0
  0
LINE
  5
C39
330
22
100
AcDbEntity
  8
F.Silkscreen
  6
CONTINUOUS
100
AcDbLine
 10
5.1726185039370076
 20
-4.7145612992125985
 30
0
 11
5.1735229921259842
 21
-4.7151163779527554
 31
0
  0
LINE
  5
C3A
330
22
100
AcDbEntity
  8
F.Silkscreen
  6
CONTINUOUS
100
AcDbLine
 10
5.1735229921259842
 20
-4.7151163779527554
 30
0
 11
5.1753751574803148
 21
-4.7159623228346454
 31
0
  0
LINE
  5
C3B
330
22
100
AcDbEntity
  8
F.Silkscreen
  6
CONTINUOUS
100
AcDbLine
 10
5.1753751574803148
 20
-4.7159623228346454
 30
0
 11
5.1764653543307082
 21
-4.7163182283464566
 31
0
  0
LINE
  5
C3C
330
22
100
AcDbEntity
  8
F.Silkscreen
  6
CONTINUOUS
100
AcDbLine
 10
5.1764653543307082
 20
-4.7163182283464566
 30
0
 11
5.1776205511811026
 21
-4.7166044488188978
 31
0
  0
LINE
  5
C3D
330
22
100
AcDbEntity
  8
F.Silkscreen
  6
CONTINUOUS
100
AcDbLine
 10
5.1776205511811026
 20
-4.7166044488188978
 30
0
 11
5.1801259055118107
 21
-4.7169677559055119
 31
0
  0
LINE
  5
C3E
330
22
100
AcDbEntity
  8
F.Silkscreen
  6
CONTINUOUS
100
AcDbLine
 10
5.1801259055118107
 20
-4.7169677559055119
 30
0
 11
5.1793931889763778
 21
-4.7162691732283459
 31
0
  0
LINE
  5
C3F
330
22
100
AcDbEntity
  8
F.Silkscreen
  6
CONTINUOUS
100
AcDbLine
 10
5.1793931889763778
 20
-4.7162691732283459
 30
0
 11
5.1787452362204727
 21
-4.7155168897637791
 31
0
  0
LINE
  5
C40
330
22
100
AcDbEntity
  8
F.Silkscreen
  6
CONTINUOUS
100
AcDbLine
 10
5.1787452362204727
 20
-4.7155168897637791
 30
0
 11
5.1782573228346456
 21
-4.7148293307086613
 31
0
  0
LINE
  5
C41
330
22
100
AcDbEntity
  8
F.Silkscreen
  6
CONTINUOUS
100
AcDbLine
 10
5.1782573228346456
 20
-4.7148293307086613
 30
0
 11
5.1777668503937004
 21
-4.713977322834646
 31
0
  0
LINE
  5
C42
330
22
100
AcDbEntity
  8
F.Silkscreen
  6
CONTINUOUS
100
AcDbLine
 10
5.1777668503937004
 20
-4.713977322834646
 30
0
 11
5.1773611023622044
 21
-4.7130716141732281
 31
0
  0
LINE
  5
C43
330
22
100
AcDbEntity
  8
F.Silkscreen
  6
CONTINUOUS
100
AcDbLine
 10
5.1773611023622044
 20
-4.7130716141732281
 30
0
 11
5.1770401574803149
 21
-4.712112244094488
 31
0
  0
LINE
  5
C44
330
22
100
AcDbEntity
  8
F.Silkscreen
  6
CONTINUOUS
100
AcDbLine
 10
5.1770401574803149
 20
-4.712112244094488
 30
0
 11
5.1768325590551179
 21
-4.7112471653543304
 31
0
  0
LINE
  5
C45
330
22
100
AcDbEntity
  8
F.Silkscreen
  6
CONTINUOUS
100
AcDbLine
 10
5.1768325590551179
 20
-4.7112471653543304
 30
0
 11
5.1766690551181105
 21
-4.7101880708661419
 31
0
  0
LINE
  5
C46
330
22
100
AcDbEntity
  8
F.Silkscreen
  6
CONTINUOUS
100
AcDbLine
 10
5.1766690551181105
 20
-4.7101880708661419
 30
0
 11
5.1766138976377949
 21
-4.7094087007874013
 31
0
  0
LINE
  5
C47
330
22
100
AcDbEntity
  8
F.Silkscreen
  6
CONTINUOUS
100
AcDbLine
 10
5.1766138976377949
 20
-4.7094087007874013
 30
0
 11
5.1807163779527556
 21
-4.7094087007874013
 31
0
  0
LINE
  5
C48
330
22
100
AcDbEntity
  8
F.Silkscreen
  6
CONTINUOUS
100
AcDbLine
 10
5.1807163779527556
 20
-4.7094087007874013
 30
0
 11
5.1808098818897639
 21
-4.7106611417322837
 31
0
  0
LINE
  5
C49
330
22
100
AcDbEntity
  8
F.Silkscreen
  6
CONTINUOUS
100
AcDbLine
 10
5.1808098818897639
 20
-4.7106611417322837
 30
0
 11
5.1810674015748033
 21
-4.7117861811023625
 31
0
  0
LINE
  5
C4A
330
22
100
AcDbEntity
  8
F.Silkscreen
  6
CONTINUOUS
100
AcDbLine
 10
5.1810674015748033
 20
-4.7117861811023625
 30
0
 11
5.1815232283464567
 21
-4.7129337401574798
 31
0
  0
LINE
  5
C4B
330
22
100
AcDbEntity
  8
F.Silkscreen
  6
CONTINUOUS
100
AcDbLine
 10
5.1815232283464567
 20
-4.7129337401574798
 30
0
 11
5.1821661023622045
 21
-4.7140271653543309
 31
0
  0
LINE
  5
C4C
330
22
100
AcDbEntity
  8
F.Silkscreen
  6
CONTINUOUS
100
AcDbLine
 10
5.1821661023622045
 20
-4.7140271653543309
 30
0
 11
5.1829733070866144
 21
-4.7150188976377949
 31
0
  0
LINE
  5
C4D
330
22
100
AcDbEntity
  8
F.Silkscreen
  6
CONTINUOUS
100
AcDbLine
 10
5.1829733070866144
 20
-4.7150188976377949
 30
0
 11
5.1838754330708658
 21
-4.7158484251968504
 31
0
  0
LINE
  5
C4E
330
22
100
AcDbEntity
  8
F.Silkscreen
  6
CONTINUOUS
100
AcDbLine
 10
5.1838754330708658
 20
-4.7158484251968504
 30
0
 11
5.1849364173228345
 21
-4.7165518503937003
 31
0
  0
LINE
  5
C4F
330
22
100
AcDbEntity
  8
F.Silkscreen
  6
CONTINUOUS
100
AcDbLine
 10
5.1849364173228345
 20
-4.7165518503937003
 30
0
 11
5.1860314173228348
 21
-4.7170464566929136
 31
0
  0
LINE
  5
C50
330
22
100
AcDbEntity
  8
F.Silkscreen
  6
CONTINUOUS
100
AcDbLine
 10
5.1860314173228348
 20
-4.7170464566929136
 30
0
 11
5.1889098818897637
 21
-4.7170205118110236
 31
0
  0
LINE
  5
C51
330
22
100
AcDbEntity
  8
F.Silkscreen
  6
CONTINUOUS
100
AcDbLine
 10
5.1889098818897637
 20
-4.7170205118110236
 30
0
 11
5.19109
 21
-4.7167667716535435
 31
0
  0
LINE
  5
C52
330
22
100
AcDbEntity
  8
F.Silkscreen
  6
CONTINUOUS
100
AcDbLine
 10
5.19109
 20
-4.7167667716535435
 30
0
 11
5.1920914566929133
 21
-4.7165383858267713
 31
0
  0
LINE
  5
C53
330
22
100
AcDbEntity
  8
F.Silkscreen
  6
CONTINUOUS
100
AcDbLine
 10
5.1920914566929133
 20
-4.7165383858267713
 30
0
 11
5.193033897637795
 21
-4.7162423228346455
 31
0
  0
LINE
  5
C54
330
22
100
AcDbEntity
  8
F.Silkscreen
  6
CONTINUOUS
100
AcDbLine
 10
5.193033897637795
 20
-4.7162423228346455
 30
0
 11
5.1939172440944876
 21
-4.7158785826771652
 31
0
  0
LINE
  5
C55
330
22
100
AcDbEntity
  8
F.Silkscreen
  6
CONTINUOUS
100
AcDbLine
 10
5.1939172440944876
 20
-4.7158785826771652
 30
0
 11
5.1948404330708664
 21
-4.7153885433070863
 31
0
  0
LINE
  5
C56
330
22
100
AcDbEntity
  8
F.Silkscreen
  6
CONTINUOUS
100
AcDbLine
 10
5.1948404330708664
 20
-4.7153885433070863
 30
0
 11
5.1956898818897637
 21
-4.7148131102362205
 31
0
  0
LINE
  5
C57
330
22
100
AcDbEntity
  8
F.Silkscreen
  6
CONTINUOUS
100
AcDbLine
 10
5.1956898818897637
 20
-4.7148131102362205
 30
0
 11
5.1964489370078741
 21
-4.7141783858267718
 31
0
  0
LINE
  5
C58
330
22
100
AcDbEntity
  8
F.Silkscreen
  6
CONTINUOUS
100
AcDbLine
 10
5.1964489370078741
 20
-4.7141783858267718
 30
0
 11
5.1970912598425194
 21
-4.7135016535433074
 31
0
  0
LINE
  5
C59
330
22
100
AcDbEntity
  8
F.Silkscreen
  6
CONTINUOUS
100
AcDbLine
 10
5.1970912598425194
 20
-4.7135016535433074
 30
0
 11
5.1976167716535429
 21
-4.7127828740157476
 31
0
  0
LINE
  5
C5A
330
22
100
AcDbEntity
  8
F.Silkscreen
  6
CONTINUOUS
100
AcDbLine
 10
5.1976167716535429
 20
-4.7127828740157476
 30
0
 11
5.1979858661417317
 21
-4.7121086614173224
 31
0
  0
LINE
  5
C5B
330
22
100
AcDbEntity
  8
F.Silkscreen
  6
CONTINUOUS
100
AcDbLine
 10
5.1979858661417317
 20
-4.7121086614173224
 30
0
 11
5.1982907874015742
 21
-4.7113104330708664
 31
0
  0
LINE
  5
C5C
330
22
100
AcDbEntity
  8
F.Silkscreen
  6
CONTINUOUS
100
AcDbLine
 10
5.1982907874015742
 20
-4.7113104330708664
 30
0
 11
5.1984789370078737
 21
-4.7104701968503937
 31
0
  0
LINE
  5
C5D
330
22
100
AcDbEntity
  8
F.Silkscreen
  6
CONTINUOUS
100
AcDbLine
 10
5.1984789370078737
 20
-4.7104701968503937
 30
0
 11
5.19855031496063
 21
-4.7095879133858265
 31
0
  0
LINE
  5
C5E
330
22
100
AcDbEntity
  8
F.Silkscreen
  6
CONTINUOUS
100
AcDbLine
 10
5.19855031496063
 20
-4.7095879133858265
 30
0
 11
5.198521338582677
 21
-4.7087803543307087
 31
0
  0
LINE
  5
C5F
330
22
100
AcDbEntity
  8
F.Silkscreen
  6
CONTINUOUS
100
AcDbLine
 10
5.198521338582677
 20
-4.7087803543307087
 30
0
 11
5.1984147637795273
 21
-4.7080127952755904
 31
0
  0
LINE
  5
C60
330
22
100
AcDbEntity
  8
F.Silkscreen
  6
CONTINUOUS
100
AcDbLine
 10
5.1984147637795273
 20
-4.7080127952755904
 30
0
 11
5.1982306692913385
 21
-4.7072883070866141
 31
0
  0
LINE
  5
C61
330
22
100
AcDbEntity
  8
F.Silkscreen
  6
CONTINUOUS
100
AcDbLine
 10
5.1982306692913385
 20
-4.7072883070866141
 30
0
 11
5.1979690944881884
 21
-4.7066068503937011
 31
0
  0
LINE
  5
C62
330
22
100
AcDbEntity
  8
F.Silkscreen
  6
CONTINUOUS
100
AcDbLine
 10
5.1979690944881884
 20
-4.7066068503937011
 30
0
 11
5.1972696456692908
 21
-4.7054452362204726
 31
0
  0
LINE
  5
C63
330
22
100
AcDbEntity
  8
F.Silkscreen
  6
CONTINUOUS
100
AcDbLine
 10
5.1972696456692908
 20
-4.7054452362204726
 30
0
 11
5.1967852362204727
 21
-4.7048875984251968
 31
0
  0
LINE
  5
C64
330
22
100
AcDbEntity
  8
F.Silkscreen
  6
CONTINUOUS
100
AcDbLine
 10
5.1967852362204727
 20
-4.7048875984251968
 30
0
 11
5.196223267716535
 21
-4.704373031496063
 31
0
  0
LINE
  5
C65
330
22
100
AcDbEntity
  8
F.Silkscreen
  6
CONTINUOUS
100
AcDbLine
 10
5.196223267716535
 20
-4.704373031496063
 30
0
 11
5.1949292913385827
 21
-4.7035147637795278
 31
0
  0
LINE
  5
C66
330
22
100
AcDbEntity
  8
F.Silkscreen
  6
CONTINUOUS
100
AcDbLine
 10
5.1949292913385827
 20
-4.7035147637795278
 30
0
 11
5.1934449212598421
 21
-4.7028946850393698
 31
0
  0
LINE
  5
C67
330
22
100
AcDbEntity
  8
F.Silkscreen
  6
CONTINUOUS
100
AcDbLine
 10
5.1934449212598421
 20
-4.7028946850393698
 30
0
 11
5.1916574409448817
 21
-4.7024946850393698
 31
0
  0
LINE
  5
C68
330
22
100
AcDbEntity
  8
F.Silkscreen
  6
CONTINUOUS
100
AcDbLine
 10
5.1916574409448817
 20
-4.7024946850393698
 30
0
 11
5.189777244094488
 21
-4.702361850393701
 31
0
  0
LINE
  5
C69
330
22
100
AcDbEntity
  8
F.Silkscreen
  6
CONTINUOUS
100
AcDbLine
 10
5.189777244094488
 20
-4.702361850393701
 30
0
 11
5.1878574803149604
 21
-4.7024673622047244
 31
0
  0
LINE
  5
C6A
330
22
100
AcDbEntity
  8
F.Silkscreen
  6
CONTINUOUS
100
AcDbLine
 10
5.1878574803149604
 20
-4.7024673622047244
 30
0
 11
5.1861325590551184
 21
-4.7028140157480314
 31
0
  0
LINE
  5
C6B
330
22
100
AcDbEntity
  8
F.Silkscreen
  6
CONTINUOUS
100
AcDbLine
 10
5.1861325590551184
 20
-4.7028140157480314
 30
0
 11
5.1846045275590553
 21
-4.703401811023622
 31
0
  0
LINE
  5
C6C
330
22
100
AcDbEntity
  8
F.Silkscreen
  6
CONTINUOUS
100
AcDbLine
 10
5.1846045275590553
 20
-4.703401811023622
 30
0
 11
5.1832733070866137
 21
-4.7042307480314962
 31
0
  0
LINE
  5
C6D
330
22
100
AcDbEntity
  8
F.Silkscreen
  6
CONTINUOUS
100
AcDbLine
 10
5.1832733070866137
 20
-4.7042307480314962
 30
0
 11
5.182615354330709
 21
-4.7047925196850393
 31
0
  0
LINE
  5
C6E
330
22
100
AcDbEntity
  8
F.Silkscreen
  6
CONTINUOUS
100
AcDbLine
 10
5.182615354330709
 20
-4.7047925196850393
 30
0
 11
5.1821115354330711
 21
-4.705333858267716
 31
0
  0
LINE
  5
C6F
330
22
100
AcDbEntity
  8
F.Silkscreen
  6
CONTINUOUS
100
AcDbLine
 10
5.1821115354330711
 20
-4.705333858267716
 30
0
 11
5.1816852362204724
 21
-4.7059146062992125
 31
0
  0
LINE
  5
C70
330
22
100
AcDbEntity
  8
F.Silkscreen
  6
CONTINUOUS
100
AcDbLine
 10
5.1816852362204724
 20
-4.7059146062992125
 30
0
 11
5.1813364566929137
 21
-4.7065346850393697
 31
0
  0
LINE
  5
C71
330
22
100
AcDbEntity
  8
F.Silkscreen
  6
CONTINUOUS
100
AcDbLine
 10
5.1813364566929137
 20
-4.7065346850393697
 30
0
 11
5.1810651574803153
 21
-4.7071941338582679
 31
0
  0
LINE
  5
C72
330
22
100
AcDbEntity
  8
F.Silkscreen
  6
CONTINUOUS
100
AcDbLine
 10
5.1810651574803153
 20
-4.7071941338582679
 30
0
 11
5.180871377952756
 21
-4.7078929527559055
 31
0
  0
LINE
  5
C73
330
22
100
AcDbEntity
  8
F.Silkscreen
  6
CONTINUOUS
100
AcDbLine
 10
5.180871377952756
 20
-4.7078929527559055
 30
0
 11
5.1807551181102358
 21
-4.7086311417322833
 31
0
  0
LINE
  5
C74
330
22
100
AcDbEntity
  8
F.Silkscreen
  6
CONTINUOUS
100
AcDbLine
 10
5.1807551181102358
 20
-4.7086311417322833
 30
0
 11
5.1807163779527556
 21
-4.7094087007874013
 31
0
  0
LINE
  5
C75
330
22
100
AcDbEntity
  8
F.Silkscreen
  6
CONTINUOUS
100
AcDbLine
 10
5.1807163779527556
 20
-4.7094087007874013
 30
0
 11
5.1766138976377949
 21
-4.7094087007874013
 31
0
  0
LINE
  5
C76
330
22
100
AcDbEntity
  8
F.Silkscreen
  6
CONTINUOUS
100
AcDbLine
 10
5.1766138976377949
 20
-4.7094087007874013
 30
0
 11
5.17659031496063
 21
-4.7090753149606295
 31
0
  0
LINE
  5
C77
330
22
100
AcDbEntity
  8
F.Silkscreen
  6
CONTINUOUS
100
AcDbLine
 10
5.17659031496063
 20
-4.7090753149606295
 30
0
 11
5.1765964960629924
 21
-4.7079598818897637
 31
0
  0
LINE
  5
C78
330
22
100
AcDbEntity
  8
F.Silkscreen
  6
CONTINUOUS
100
AcDbLine
 10
5.1765964960629924
 20
-4.7079598818897637
 30
0
 11
5.1766883464566931
 21
-4.706908976377953
 31
0
  0
LINE
  5
C79
330
22
100
AcDbEntity
  8
F.Silkscreen
  6
CONTINUOUS
100
AcDbLine
 10
5.1766883464566931
 20
-4.706908976377953
 30
0
 11
5.1768659055118107
 21
-4.7059061417322834
 31
0
  0
LINE
  5
C7A
330
22
100
AcDbEntity
  8
F.Silkscreen
  6
CONTINUOUS
100
AcDbLine
 10
5.1768659055118107
 20
-4.7059061417322834
 30
0
 11
5.1771291732283462
 21
-4.7049512992125981
 31
0
  0
LINE
  5
C7B
330
22
100
AcDbEntity
  8
F.Silkscreen
  6
CONTINUOUS
100
AcDbLine
 10
5.1771291732283462
 20
-4.7049512992125981
 30
0
 11
5.1774781496062987
 21
-4.7040445275590548
 31
0
  0
LINE
  5
C7C
330
22
100
AcDbEntity
  8
F.Silkscreen
  6
CONTINUOUS
100
AcDbLine
 10
5.1774781496062987
 20
-4.7040445275590548
 30
0
 11
5.1779128740157478
 21
-4.7031858267716533
 31
0
  0
LINE
  5
C7D
330
22
100
AcDbEntity
  8
F.Silkscreen
  6
CONTINUOUS
100
AcDbLine
 10
5.1779128740157478
 20
-4.7031858267716533
 30
0
 11
5.178433307086614
 21
-4.7023751181102362
 31
0
  0
LINE
  5
C7E
330
22
100
AcDbEntity
  8
F.Silkscreen
  6
CONTINUOUS
100
AcDbLine
 10
5.178433307086614
 20
-4.7023751181102362
 30
0
 11
5.1790394488188971
 21
-4.7016124409448814
 31
0
  0
LINE
  5
C7F
330
22
100
AcDbEntity
  8
F.Silkscreen
  6
CONTINUOUS
100
AcDbLine
 10
5.1790394488188971
 20
-4.7016124409448814
 30
0
 11
5.179627204724409
 21
-4.7009969685039366
 31
0
  0
LINE
  5
C80
330
22
100
AcDbEntity
  8
F.Silkscreen
  6
CONTINUOUS
100
AcDbLine
 10
5.179627204724409
 20
-4.7009969685039366
 30
0
 11
5.1803911023622042
 21
-4.700324566929134
 31
0
  0
LINE
  5
C81
330
22
100
AcDbEntity
  8
F.Silkscreen
  6
CONTINUOUS
100
AcDbLine
 10
5.1803911023622042
 20
-4.700324566929134
 30
0
 11
5.1812140157480311
 21
-4.6997183858267713
 31
0
  0
LINE
  5
C82
330
22
100
AcDbEntity
  8
F.Silkscreen
  6
CONTINUOUS
100
AcDbLine
 10
5.1812140157480311
 20
-4.6997183858267713
 30
0
 11
5.1828747637795276
 21
-4.6987850787401575
 31
0
  0
LINE
  5
C83
330
22
100
AcDbEntity
  8
F.Silkscreen
  6
CONTINUOUS
100
AcDbLine
 10
5.1828747637795276
 20
-4.6987850787401575
 30
0
 11
5.1847077165354332
 21
-4.6981019685039369
 31
0
  0
LINE
  5
C84
330
22
100
AcDbEntity
  8
F.Silkscreen
  6
CONTINUOUS
100
AcDbLine
 10
5.1847077165354332
 20
-4.6981019685039369
 30
0
 11
5.1857660236220475
 21
-4.6978377165354326
 31
0
  0
LINE
  5
C85
330
22
100
AcDbEntity
  8
F.Silkscreen
  6
CONTINUOUS
100
AcDbLine
 10
5.1857660236220475
 20
-4.6978377165354326
 30
0
 11
5.1868742125984255
 21
-4.6976460236220472
 31
0
  0
LINE
  5
C86
330
22
100
AcDbEntity
  8
F.Silkscreen
  6
CONTINUOUS
100
AcDbLine
 10
5.1868742125984255
 20
-4.6976460236220472
 30
0
 11
5.1890648031496065
 21
-4.6974824409448814
 31
0
  0
LINE
  5
C87
330
22
100
AcDbEntity
  8
F.Silkscreen
  6
CONTINUOUS
100
AcDbLine
 10
5.1890648031496065
 20
-4.6974824409448814
 30
0
 11
5.1914043700787404
 21
-4.6975760236220472
 31
0
  0
CIRCLE
  5
C88
330
22
100
AcDbEntity
  8
F.Silkscreen
100
AcDbCircle
 10
6.2304102362204725
 20
-3.3696811023622049
 30
0
 40
0.0366141338582677
  0
CIRCLE
  5
C89
330
22
100
AcDbEntity
  8
F.Silkscreen
100
AcDbCircle
 10
5.630410236220472
 20
-3.3696855118110234
 30
0
 40
0.0366141338582677
  0
CIRCLE
  5
C8A
330
22
100
AcDbEntity
  8
F.Silkscreen
100
AcDbCircle
 10
6.230422007874016
 20
-4.9696811023622045
 30
0
 40
0.0366141338582677
  0
CIRCLE
  5
C8B
330
22
100
AcDbEntity
  8
F.Silkscreen
100
AcDbCircle
 10
5.6304220078740155
 20
-4.9696855118110239
 30
0
 40
0.0366141338582677
  0
CIRCLE
  5
C8C
330
22
100
AcDbEntity
  8
F.Silkscreen
100
AcDbCircle
 10
6.2304205118110234
 20
-4.7696811023622043
 30
0
 40
0.0226377952755905
  0
CIRCLE
  5
C8D
330
22
100
AcDbEntity
  8
F.Silkscreen
100
AcDbCircle
 10
6.2304190551181104
 20
-4.569681102362205
 30
0
 40
0.0226377952755905
  0
CIRCLE
  5
C8E
330
22
100
AcDbEntity
  8
F.Silkscreen
100
AcDbCircle
 10
6.2304183070866141
 20
-4.4696811023622045
 30
0
 40
0.0226377952755905
  0
CIRCLE
  5
C8F
330
22
100
AcDbEntity
  8
F.Silkscreen
100
AcDbCircle
 10
6.2304175984251966
 20
-4.3696811023622049
 30
0
 40
0.0226377952755905
  0
CIRCLE
  5
C90
330
22
100
AcDbEntity
  8
F.Silkscreen
100
AcDbCircle
 10
6.2304168503937003
 20
-4.2696811023622043
 30
0
 40
0.0226377952755905
  0
CIRCLE
  5
C91
330
22
100
AcDbEntity
  8
F.Silkscreen
100
AcDbCircle
 10
6.2304161023622049
 20
-4.1696811023622047
 30
0
 40
0.0226377952755905
  0
CIRCLE
  5
C92
330
22
100
AcDbEntity
  8
F.Silkscreen
100
AcDbCircle
 10
6.2304153937007873
 20
-4.069681102362205
 30
0
 40
0.0226377952755905
  0
CIRCLE
  5
C93
330
22
100
AcDbEntity
  8
F.Silkscreen
100
AcDbCircle
 10
6.230414645669291
 20
-3.9696811023622045
 30
0
 40
0.0226377952755905
  0
CIRCLE
  5
C94
330
22
100
AcDbEntity
  8
F.Silkscreen
100
AcDbCircle
 10
6.2304138976377947
 20
-3.8696811023622044
 30
0
 40
0.0226377952755905
  0
CIRCLE
  5
C95
330
22
100
AcDbEntity
  8
F.Silkscreen
100
AcDbCircle
 10
6.2304198031496059
 20
-4.6696811023622047
 30
0
 40
0.0226377952755905
  0
CIRCLE
  5
C96
330
22
100
AcDbEntity
  8
F.Silkscreen
100
AcDbCircle
 10
6.2304124409448818
 20
-3.6696811023622047
 30
0
 40
0.0226377952755905
  0
CIRCLE
  5
C97
330
22
100
AcDbEntity
  8
F.Silkscreen
100
AcDbCircle
 10
5.6304109842519683
 20
-3.4696855118110235
 30
0
 40
0.0226377952755905
  0
CIRCLE
  5
C98
330
22
100
AcDbEntity
  8
F.Silkscreen
100
AcDbCircle
 10
5.6304116929133858
 20
-3.5696855118110236
 30
0
 40
0.0226377952755905
  0
CIRCLE
  5
C99
330
22
100
AcDbEntity
  8
F.Silkscreen
100
AcDbCircle
 10
5.6304138976377951
 20
-3.8696855118110234
 30
0
 40
0.0226377952755905
  0
CIRCLE
  5
C9A
330
22
100
AcDbEntity
  8
F.Silkscreen
100
AcDbCircle
 10
5.6304146456692914
 20
-3.9696855118110235
 30
0
 40
0.0226377952755905
  0
CIRCLE
  5
C9B
330
22
100
AcDbEntity
  8
F.Silkscreen
100
AcDbCircle
 10
5.6304153937007877
 20
-4.0696855118110236
 30
0
 40
0.0226377952755905
  0
CIRCLE
  5
C9C
330
22
100
AcDbEntity
  8
F.Silkscreen
100
AcDbCircle
 10
5.6304161023622044
 20
-4.1696855118110232
 30
0
 40
0.0226377952755905
  0
CIRCLE
  5
C9D
330
22
100
AcDbEntity
  8
F.Silkscreen
100
AcDbCircle
 10
5.6304168503937007
 20
-4.2696855118110237
 30
0
 40
0.0226377952755905
  0
CIRCLE
  5
C9E
330
22
100
AcDbEntity
  8
F.Silkscreen
100
AcDbCircle
 10
5.630417598425197
 20
-4.3696855118110234
 30
0
 40
0.0226377952755905
  0
CIRCLE
  5
C9F
330
22
100
AcDbEntity
  8
F.Silkscreen
100
AcDbCircle
 10
5.6304183070866136
 20
-4.4696855118110239
 30
0
 40
0.0226377952755905
  0
CIRCLE
  5
CA0
330
22
100
AcDbEntity
  8
F.Silkscreen
100
AcDbCircle
 10
5.6304190551181099
 20
-4.5696855118110236
 30
0
 40
0.0226377952755905
  0
CIRCLE
  5
CA1
330
22
100
AcDbEntity
  8
F.Silkscreen
100
AcDbCircle
 10
5.6304198031496062
 20
-4.6696855118110232
 30
0
 40
0.0226377952755905
  0
CIRCLE
  5
CA2
330
22
100
AcDbEntity
  8
F.Silkscreen
100
AcDbCircle
 10
5.6304205118110238
 20
-4.7696855118110237
 30
0
 40
0.0226377952755905
  0
CIRCLE
  5
CA3
330
22
100
AcDbEntity
  8
F.Silkscreen
100
AcDbCircle
 10
5.6304212598425192
 20
-4.8696855118110234
 30
0
 40
0.0226377952755905
  0
CIRCLE
  5
CA4
330
22
100
AcDbEntity
  8
F.Silkscreen
100
AcDbCircle
 10
6.2304212598425197
 20
-4.8696811023622049
 30
0
 40
0.0226377952755905
  0
CIRCLE
  5
CA5
330
22
100
AcDbEntity
  8
F.Silkscreen
100
AcDbCircle
 10
6.2304116929133855
 20
-3.5696811023622046
 30
0
 40
0.0226377952755905
  0
CIRCLE
  5
CA6
330
22
100
AcDbEntity
  8
F.Silkscreen
100
AcDbCircle
 10
5.6304131889763775
 20
-3.7696855118110237
 30
0
 40
0.0226377952755905
  0
CIRCLE
  5
CA7
330
22
100
AcDbEntity
  8
F.Silkscreen
100
AcDbCircle
 10
5.6304124409448821
 20
-3.6696855118110236
 30
0
 40
0.0226377952755905
  0
CIRCLE
  5
CA8
330
22
100
AcDbEntity
  8
F.Silkscreen
100
AcDbCircle
 10
6.2304131889763781
 20
-3.7696811023622048
 30
0
 40
0.0226377952755905
  0
CIRCLE
  5
CA9
330
22
100
AcDbEntity
  8
F.Silkscreen
100
AcDbCircle
 10
6.2304109842519679
 20
-3.4696811023622045
 30
0
 40
0.0226377952755905
  0
CIRCLE
  5
CAA
330
22
100
AcDbEntity
  8
F.Silkscreen
100
AcDbCircle
 10
5.3164437795275585
 20
-3.3728346456692915
 30
0
 40
0.0196850393700787
  0
CIRCLE
  5
CAB
330
22
100
AcDbEntity
  8
F.Silkscreen
100
AcDbCircle
 10
5.3164445275590548
 20
-3.471259842519685
 30
0
 40
0.0196850393700787
  0
CIRCLE
  5
CAC
330
22
100
AcDbEntity
  8
F.Silkscreen
100
AcDbCircle
 10
5.3164452362204724
 20
-3.5696850393700785
 30
0
 40
0.0196850393700787
  0
CIRCLE
  5
CAD
330
22
100
AcDbEntity
  8
F.Silkscreen
100
AcDbCircle
 10
5.3164459842519687
 20
-3.6681102362204725
 30
0
 40
0.0196850393700787
  0
CIRCLE
  5
CAE
330
22
100
AcDbEntity
  8
F.Silkscreen
100
AcDbCircle
 10
6.3975394881889764
 20
-3.5712598425196851
 30
0
 40
0.0196850393700787
  0
CIRCLE
  5
CAF
330
22
100
AcDbEntity
  8
F.Silkscreen
100
AcDbCircle
 10
6.3975392519685039
 20
-3.471259842519685
 30
0
 40
0.0196850393700787
  0
ENDSEC
  0
SECTION
  2
OBJECTS
  0
DICTIONARY
  5
28
330
0
100
AcDbDictionary
281
1
  3
ACAD_GROUP
350
CB0
  3
ACAD_LAYOUT
350
29
  3
ACAD_PLOTSTYLENAME
350
11
  0
DICTIONARY
  5
CB0
330
28
100
AcDbDictionary
281
1
  0
ACDBDICTIONARYWDFLT
  5
11
330
28
100
AcDbDictionary
281
1
  3
Normal
350
10
100
AcDbDictionaryWithDefault
340
10
  0
ACDBPLACEHOLDER
  5
10
330
11
  0
DICTIONARY
  5
29
330
28
100
AcDbDictionary
281
1
  3
Model
350
25
  3
Layout1
350
26
  3
Layout2
350
27
  0
LAYOUT
  5
25
330
29
100
AcDbPlotSettings
  1

  2
none_device
  4
A3
  6

 40
0.0
 41
0.0
 42
0.0
 43
0.0
 44
420.0
 45
297.0
 46
0.0
 47
0.0
 48
0.0
 49
0.0
140
0.0
141
0.0
142
1.0
143
1.0
 70
1024
 72
1
 73
0
 74
5
  7

 75
16
 76
0
 77
2
 78
300
147
1.0
148
0.0
149
0.0
100
AcDbLayout
  1
Model
 70
1
 71
0
 10
0.0
 20
0.0
 11
420.0
 21
297.0
 12
0.0
 22
0.0
 32
0.0
 14
1e+20
 24
1e+20
 34
1e+20
 15
-1e+20
 25
-1e+20
 35
-1e+20
146
0.0
 13
0.0
 23
0.0
 33
0.0
 16
1.0
 26
0.0
 36
0.0
 17
0.0
 27
1.0
 37
0.0
 76
0
330
22
  0
LAYOUT
  5
26
330
29
100
AcDbPlotSettings
  1

  2
none_device
  4
A3
  6

 40
0.0
 41
0.0
 42
0.0
 43
0.0
 44
420.0
 45
297.0
 46
0.0
 47
0.0
 48
0.0
 49
0.0
140
0.0
141
0.0
142
1.0
143
1.0
 70
0
 72
1
 73
0
 74
5
  7

 75
16
 76
0
 77
2
 78
300
147
1.0
148
0.0
149
0.0
100
AcDbLayout
  1
Layout1
 70
1
 71
1
 10
0.0
 20
0.0
 11
420.0
 21
297.0
 12
0.0
 22
0.0
 32
0.0
 14
1e+20
 24
1e+20
 34
1e+20
 15
-1e+20
 25
-1e+20
 35
-1e+20
146
0.0
 13
0.0
 23
0.0
 33
0.0
 16
1.0
 26
0.0
 36
0.0
 17
0.0
 27
1.0
 37
0.0
 76
0
330
23
  0
LAYOUT
  5
27
330
29
100
AcDbPlotSettings
  1

  2
none_device
  4
A3
  6

 40
0.0
 41
0.0
 42
0.0
 43
0.0
 44
420.0
 45
297.0
 46
0.0
 47
0.0
 48
0.0
 49
0.0
140
0.0
141
0.0
142
1.0
143
1.0
 70
0
 72
1
 73
0
 74
5
  7

 75
16
 76
0
 77
2
 78
300
147
1.0
148
0.0
149
0.0
100
AcDbLayout
  1
Layout2
 70
1
 71
2
 10
0.0
 20
0.0
 11
420.0
 21
297.0
 12
0.0
 22
0.0
 32
0.0
 14
1e+20
 24
1e+20
 34
1e+20
 15
-1e+20
 25
-1e+20
 35
-1e+20
146
0.0
 13
0.0
 23
0.0
 33
0.0
 16
1.0
 26
0.0
 36
0.0
 17
0.0
 27
1.0
 37
0.0
 76
0
330
24
  0
ENDSEC
  0
EOF
