  0
SECTION
  2
HEADER
  9
$ACADVER
  1
AC1018
  9
$HANDSEED
  5
FFFFFFFF
  9
$ANGBASE
  50
0.0
  9
$ANGDIR
  70
1
  9
$MEASUREMENT
  70
0
  9
$INSUNITS
  70
1
  0
ENDSEC
  0
SECTION
  2
TABLES
  0
TABLE
  2
APPID
  5
1
330
0
100
AcDbSymbolTable
 70
1
  0
APPID
  5
2
330
1
100
AcDbSymbolTableRecord
100
AcDbRegAppTableRecord
  2
ACAD
 70
0
  0
ENDTAB
  0
TABLE
  2
LTYPE
  5
3
330
0
100
AcDbSymbolTable
 70
6
  0
LTYPE
  5
4
330
3
100
AcDbSymbolTableRecord
100
AcDbLinetypeTableRecord
  2
ByBlock
 70
0
  3

 72
65
 73
0
 40
0
  0
LTYPE
  5
5
330
3
100
AcDbSymbolTableRecord
100
AcDbLinetypeTableRecord
  2
ByLayer
 70
0
  3

 72
65
 73
0
 40
0
  0
LTYPE
  5
6
330
3
100
AcDbSymbolTableRecord
100
AcDbLinetypeTableRecord
  2
CONTINUOUS
 70
0
  3
Solid line
 72
65
 73
0
 40
0
  0
LTYPE
  5
7
330
3
100
AcDbSymbolTableRecord
100
AcDbLinetypeTableRecord
  2
DASHDOT
 70
0
  3
Dash Dot ____ _ ____ _
 72
65
 73
4
 40
2
 49
1.25
 74
0
 49
-0.25
 74
0
 49
0.25
 74
0
 49
-0.25
 74
0
  0
LTYPE
  5
8
330
3
100
AcDbSymbolTableRecord
100
AcDbLinetypeTableRecord
  2
DASHED
 70
0
  3
Dashed __ __ __ __ __
 72
65
 73
2
 40
0.75
 49
0.5
 74
0
 49
-0.25
 74
0
  0
LTYPE
  5
9
330
3
100
AcDbSymbolTableRecord
100
AcDbLinetypeTableRecord
  2
DOTTED
 70
0
  3
Dotted .  .  .  .
 72
65
 73
2
 40
0.2
 49
0.0
 74
0
 49
-0.2
 74
0
  0
ENDTAB
  0
TABLE
  2
STYLE
  5
A
330
0
100
AcDbSymbolTable
 70
4
  0
STYLE
  5
B
330
A
100
AcDbSymbolTableRecord
100
AcDbTextStyleTableRecord
  2
Flux
 70
0
 40
0
 41
1
 42
1
 50
0
 71
0
  3
isocp.shx
  0
STYLE
  5
C
330
A
100
AcDbSymbolTableRecord
100
AcDbTextStyleTableRecord
  2
FluxB
 70
0
 40
0
 41
1
 42
1
 50
0
 71
0
  3
isocp.shx
  0
STYLE
  5
D
330
A
100
AcDbSymbolTableRecord
100
AcDbTextStyleTableRecord
  2
FluxI
 70
0
 40
0
 41
1
 42
1
 50
15
 71
0
  3
isocp.shx
  0
STYLE
  5
E
330
A
100
AcDbSymbolTableRecord
100
AcDbTextStyleTableRecord
  2
FluxBI
 70
0
 40
0
 41
1
 42
1
 50
15
 71
0
  3
isocp.shx
  0
ENDTAB
  0
TABLE
  2
LAYER
  5
F
330
0
100
AcDbSymbolTable
 70
10
  0
LAYER
  5
12
330
F
100
AcDbSymbolTableRecord
100
AcDbLayerTableRecord
  2
0
 70
0
 62
7
  6
CONTINUOUS
390
10
  0
LAYER
  5
13
330
F
100
AcDbSymbolTableRecord
100
AcDbLayerTableRecord
  2
Edge.Cuts
 70
0
 62
254
420
13685453
  6
CONTINUOUS
390
10
  0
LAYER
  5
14
330
F
100
AcDbSymbolTableRecord
100
AcDbLayerTableRecord
  2
B.Cu
 70
0
 62
153
420
5078980
  6
CONTINUOUS
390
10
  0
LAYER
  5
15
330
F
100
AcDbSymbolTableRecord
100
AcDbLayerTableRecord
  2
B.Mask
 70
0
 62
4
420
196590
  6
CONTINUOUS
390
10
  0
LAYER
  5
16
330
F
100
AcDbSymbolTableRecord
100
AcDbLayerTableRecord
  2
B.Paste
 70
0
 62
132
420
49858
  6
CONTINUOUS
390
10
  0
LAYER
  5
17
330
F
100
AcDbSymbolTableRecord
100
AcDbLayerTableRecord
  2
B.Silkscreen
 70
0
 62
31
420
15250087
  6
CONTINUOUS
390
10
  0
LAYER
  5
18
330
F
100
AcDbSymbolTableRecord
100
AcDbLayerTableRecord
  2
F.Cu
 70
0
 62
13
420
13120564
  6
CONTINUOUS
390
10
  0
LAYER
  5
19
330
F
100
AcDbSymbolTableRecord
100
AcDbLayerTableRecord
  2
F.Mask
 70
0
 62
201
420
14181631
  6
CONTINUOUS
390
10
  0
LAYER
  5
1A
330
F
100
AcDbSymbolTableRecord
100
AcDbLayerTableRecord
  2
F.Paste
 70
0
 62
253
420
11837594
  6
CONTINUOUS
390
10
  0
LAYER
  5
1B
330
F
100
AcDbSymbolTableRecord
100
AcDbLayerTableRecord
  2
F.Silkscreen
 70
0
 62
41
420
15920545
  6
CONTINUOUS
390
10
  0
ENDTAB
  0
TABLE
  2
VPORT
  5
1C
330
0
100
AcDbSymbolTable
 70
0
  0
ENDTAB
  0
TABLE
  2
VIEW
  5
1D
330
0
100
AcDbSymbolTable
 70
0
  0
ENDTAB
  0
TABLE
  2
UCS
  5
1E
330
0
100
AcDbSymbolTable
 70
0
  0
ENDTAB
  0
TABLE
  2
DIMSTYLE
  5
1F
330
0
100
AcDbSymbolTable
 70
1
100
AcDbDimStyleTable
 71
0
  0
DIMSTYLE
105
20
330
1F
100
AcDbSymbolTableRecord
100
AcDbDimStyleTableRecord
  2
Standard
 70
0
  0
ENDTAB
  0
TABLE
  2
BLOCK_RECORD
  5
21
330
0
100
AcDbSymbolTable
 70
3
  0
BLOCK_RECORD
  5
22
330
21
100
AcDbSymbolTableRecord
100
AcDbBlockTableRecord
  2
*Model_Space
340
25
 70
0
280
1
281
0
  0
BLOCK_RECORD
  5
23
330
21
100
AcDbSymbolTableRecord
100
AcDbBlockTableRecord
  2
*Paper_Space
340
26
 70
0
280
1
281
0
  0
BLOCK_RECORD
  5
24
330
21
100
AcDbSymbolTableRecord
100
AcDbBlockTableRecord
  2
*Paper_Space0
340
27
 70
0
280
1
281
0
  0
ENDTAB
  0
ENDSEC
  0
SECTION
  2
BLOCKS
  0
BLOCK
  5
2B
330
22
100
AcDbEntity
  8
0
100
AcDbBlockBegin
  2
*Model_Space
 70
0
 10
0.0
 20
0.0
 30
0.0
  3
*Model_Space
  1

  0
ENDBLK
  5
2A
330
22
100
AcDbEntity
  8
0
100
AcDbBlockEnd
  0
BLOCK
  5
2D
330
23
100
AcDbEntity
 67
1
  8
0
100
AcDbBlockBegin
  2
*Paper_Space
 70
0
 10
0.0
 20
0.0
 30
0.0
  3
*Paper_Space
  1

  0
ENDBLK
  5
2C
330
23
100
AcDbEntity
 67
1
  8
0
100
AcDbBlockEnd
  0
BLOCK
  5
2F
330
24
100
AcDbEntity
 67
1
  8
0
100
AcDbBlockBegin
  2
*Paper_Space0
 70
0
 10
0.0
 20
0.0
 30
0.0
  3
*Paper_Space0
  1

  0
ENDBLK
  5
2E
330
24
100
AcDbEntity
 67
1
  8
0
100
AcDbBlockEnd
  0
ENDSEC
  0
SECTION
  2
ENTITIES
  0
LINE
  5
30
330
22
100
AcDbEntity
  8
F.Cu
  6
CONTINUOUS
100
AcDbLine
 10
5.6402725196850394
 20
-4.0371909842519687
 30
0
 11
5.6464224803149605
 21
-4.0397383858267712
 31
0
  0
LINE
  5
31
330
22
100
AcDbEntity
  8
F.Cu
  6
CONTINUOUS
100
AcDbLine
 10
5.6464224803149605
 20
-4.0397383858267712
 30
0
 11
5.6519572834645668
 21
-4.0434366141732285
 31
0
  0
LINE
  5
32
330
22
100
AcDbEntity
  8
F.Cu
  6
CONTINUOUS
100
AcDbLine
 10
5.6519572834645668
 20
-4.0434366141732285
 30
0
 11
5.6566642913385827
 21
-4.0481436220472444
 31
0
  0
LINE
  5
33
330
22
100
AcDbEntity
  8
F.Cu
  6
CONTINUOUS
100
AcDbLine
 10
5.6566642913385827
 20
-4.0481436220472444
 30
0
 11
5.6603625196850391
 21
-4.0536784251968507
 31
0
  0
LINE
  5
34
330
22
100
AcDbEntity
  8
F.Cu
  6
CONTINUOUS
100
AcDbLine
 10
5.6603625196850391
 20
-4.0536784251968507
 30
0
 11
5.6629099212598426
 21
-4.0598283858267719
 31
0
  0
LINE
  5
35
330
22
100
AcDbEntity
  8
F.Cu
  6
CONTINUOUS
100
AcDbLine
 10
5.6629099212598426
 20
-4.0598283858267719
 30
0
 11
5.6642085826771655
 21
-4.0663571653543302
 31
0
  0
LINE
  5
36
330
22
100
AcDbEntity
  8
F.Cu
  6
CONTINUOUS
100
AcDbLine
 10
5.6642085826771655
 20
-4.0663571653543302
 30
0
 11
5.6642085826771655
 21
-4.073013858267716
 31
0
  0
LINE
  5
37
330
22
100
AcDbEntity
  8
F.Cu
  6
CONTINUOUS
100
AcDbLine
 10
5.6642085826771655
 20
-4.073013858267716
 30
0
 11
5.6629099212598426
 21
-4.0795426377952753
 31
0
  0
LINE
  5
38
330
22
100
AcDbEntity
  8
F.Cu
  6
CONTINUOUS
100
AcDbLine
 10
5.6629099212598426
 20
-4.0795426377952753
 30
0
 11
5.6603625196850391
 21
-4.0856925984251964
 31
0
  0
LINE
  5
39
330
22
100
AcDbEntity
  8
F.Cu
  6
CONTINUOUS
100
AcDbLine
 10
5.6603625196850391
 20
-4.0856925984251964
 30
0
 11
5.6566642913385827
 21
-4.0912274015748027
 31
0
  0
LINE
  5
3A
330
22
100
AcDbEntity
  8
F.Cu
  6
CONTINUOUS
100
AcDbLine
 10
5.6566642913385827
 20
-4.0912274015748027
 30
0
 11
5.6519572834645668
 21
-4.0959344094488186
 31
0
  0
LINE
  5
3B
330
22
100
AcDbEntity
  8
F.Cu
  6
CONTINUOUS
100
AcDbLine
 10
5.6519572834645668
 20
-4.0959344094488186
 30
0
 11
5.6464224803149605
 21
-4.0996326377952759
 31
0
  0
LINE
  5
3C
330
22
100
AcDbEntity
  8
F.Cu
  6
CONTINUOUS
100
AcDbLine
 10
5.6464224803149605
 20
-4.0996326377952759
 30
0
 11
5.6402725196850394
 21
-4.1021800393700785
 31
0
  0
LINE
  5
3D
330
22
100
AcDbEntity
  8
F.Cu
  6
CONTINUOUS
100
AcDbLine
 10
5.6402725196850394
 20
-4.1021800393700785
 30
0
 11
5.6337437401574801
 21
-4.1034787007874014
 31
0
  0
LINE
  5
3E
330
22
100
AcDbEntity
  8
F.Cu
  6
CONTINUOUS
100
AcDbLine
 10
5.6337437401574801
 20
-4.1034787007874014
 30
0
 11
5.6270870472440944
 21
-4.1034787007874014
 31
0
  0
LINE
  5
3F
330
22
100
AcDbEntity
  8
F.Cu
  6
CONTINUOUS
100
AcDbLine
 10
5.6270870472440944
 20
-4.1034787007874014
 30
0
 11
5.6205582677165351
 21
-4.1021800393700785
 31
0
  0
LINE
  5
40
330
22
100
AcDbEntity
  8
F.Cu
  6
CONTINUOUS
100
AcDbLine
 10
5.6205582677165351
 20
-4.1021800393700785
 30
0
 11
5.614408307086614
 21
-4.0996326377952759
 31
0
  0
LINE
  5
41
330
22
100
AcDbEntity
  8
F.Cu
  6
CONTINUOUS
100
AcDbLine
 10
5.614408307086614
 20
-4.0996326377952759
 30
0
 11
5.6102914960629917
 21
-4.0968818897637798
 31
0
  0
LINE
  5
42
330
22
100
AcDbEntity
  8
F.Cu
  6
CONTINUOUS
100
AcDbLine
 10
5.6102914960629917
 20
-4.0968818897637798
 30
0
 11
5.533787401574803
 21
-4.1733860236220472
 31
0
  0
LINE
  5
43
330
22
100
AcDbEntity
  8
F.Cu
  6
CONTINUOUS
100
AcDbLine
 10
5.533787401574803
 20
-4.1733860236220472
 30
0
 11
5.533787401574803
 21
-4.8696850393700783
 31
0
  0
LINE
  5
44
330
22
100
AcDbEntity
  8
F.Cu
  6
CONTINUOUS
100
AcDbLine
 10
5.533787401574803
 20
-4.8696850393700783
 30
0
 11
5.5336913385826767
 21
-4.870660472440945
 31
0
  0
LINE
  5
45
330
22
100
AcDbEntity
  8
F.Cu
  6
CONTINUOUS
100
AcDbLine
 10
5.5336913385826767
 20
-4.870660472440945
 30
0
 11
5.5329447637795273
 21
-4.8724628740157483
 31
0
  0
LINE
  5
46
330
22
100
AcDbEntity
  8
F.Cu
  6
CONTINUOUS
100
AcDbLine
 10
5.5329447637795273
 20
-4.8724628740157483
 30
0
 11
5.5329268897637798
 21
-4.872480708661417
 31
0
  0
LINE
  5
47
330
22
100
AcDbEntity
  8
F.Cu
  6
CONTINUOUS
100
AcDbLine
 10
5.5329268897637798
 20
-4.872480708661417
 30
0
 11
5.532322952755905
 21
-4.873216614173228
 31
0
  0
LINE
  5
48
330
22
100
AcDbEntity
  8
F.Cu
  6
CONTINUOUS
100
AcDbLine
 10
5.532322952755905
 20
-4.873216614173228
 30
0
 11
5.4369449999999997
 21
-4.9685946062992121
 31
0
  0
LINE
  5
49
330
22
100
AcDbEntity
  8
F.Cu
  6
CONTINUOUS
100
AcDbLine
 10
5.4369449999999997
 20
-4.9685946062992121
 30
0
 11
5.4361873228346456
 21
-4.9692163779527556
 31
0
  0
LINE
  5
4A
330
22
100
AcDbEntity
  8
F.Cu
  6
CONTINUOUS
100
AcDbLine
 10
5.4361873228346456
 20
-4.9692163779527556
 30
0
 11
5.4361872834645668
 21
-4.9692164173228344
 31
0
  0
LINE
  5
4B
330
22
100
AcDbEntity
  8
F.Cu
  6
CONTINUOUS
100
AcDbLine
 10
5.4361872834645668
 20
-4.9692164173228344
 30
0
 11
5.4351314960629917
 21
-4.9696537007874015
 31
0
  0
LINE
  5
4C
330
22
100
AcDbEntity
  8
F.Cu
  6
CONTINUOUS
100
AcDbLine
 10
5.4351314960629917
 20
-4.9696537007874015
 30
0
 11
5.4343849212598423
 21
-4.9699629921259838
 31
0
  0
LINE
  5
4D
330
22
100
AcDbEntity
  8
F.Cu
  6
CONTINUOUS
100
AcDbLine
 10
5.4343849212598423
 20
-4.9699629921259838
 30
0
 11
5.4343848818897635
 21
-4.9699629921259838
 31
0
  0
LINE
  5
4E
330
22
100
AcDbEntity
  8
F.Cu
  6
CONTINUOUS
100
AcDbLine
 10
5.4343848818897635
 20
-4.9699629921259838
 30
0
 11
5.4334094488188978
 21
-4.9700590551181101
 31
0
  0
LINE
  5
4F
330
22
100
AcDbEntity
  8
F.Cu
  6
CONTINUOUS
100
AcDbLine
 10
5.4334094488188978
 20
-4.9700590551181101
 30
0
 11
5.2760909842519688
 21
-4.9700590551181101
 31
0
  0
LINE
  5
50
330
22
100
AcDbEntity
  8
F.Cu
  6
CONTINUOUS
100
AcDbLine
 10
5.2760909842519688
 20
-4.9700590551181101
 30
0
 11
5.2760909842519688
 21
-4.982035433070866
 31
0
  0
LINE
  5
51
330
22
100
AcDbEntity
  8
F.Cu
  6
CONTINUOUS
100
AcDbLine
 10
5.2760909842519688
 20
-4.982035433070866
 30
0
 11
5.2756974803149603
 21
-4.984013622047244
 31
0
  0
LINE
  5
52
330
22
100
AcDbEntity
  8
F.Cu
  6
CONTINUOUS
100
AcDbLine
 10
5.2756974803149603
 20
-4.984013622047244
 30
0
 11
5.2745769291338584
 21
-4.9856906692913388
 31
0
  0
LINE
  5
53
330
22
100
AcDbEntity
  8
F.Cu
  6
CONTINUOUS
100
AcDbLine
 10
5.2745769291338584
 20
-4.9856906692913388
 30
0
 11
5.2728998818897637
 21
-4.9868112204724406
 31
0
  0
LINE
  5
54
330
22
100
AcDbEntity
  8
F.Cu
  6
CONTINUOUS
100
AcDbLine
 10
5.2728998818897637
 20
-4.9868112204724406
 30
0
 11
5.2709216929133857
 21
-4.9872047244094491
 31
0
  0
LINE
  5
55
330
22
100
AcDbEntity
  8
F.Cu
  6
CONTINUOUS
100
AcDbLine
 10
5.2709216929133857
 20
-4.9872047244094491
 30
0
 11
5.2123626377952759
 21
-4.9872047244094491
 31
0
  0
LINE
  5
56
330
22
100
AcDbEntity
  8
F.Cu
  6
CONTINUOUS
100
AcDbLine
 10
5.2123626377952759
 20
-4.9872047244094491
 30
0
 11
5.210384448818898
 21
-4.9868112204724406
 31
0
  0
LINE
  5
57
330
22
100
AcDbEntity
  8
F.Cu
  6
CONTINUOUS
100
AcDbLine
 10
5.210384448818898
 20
-4.9868112204724406
 30
0
 11
5.2087074015748032
 21
-4.9856906692913388
 31
0
  0
LINE
  5
58
330
22
100
AcDbEntity
  8
F.Cu
  6
CONTINUOUS
100
AcDbLine
 10
5.2087074015748032
 20
-4.9856906692913388
 30
0
 11
5.2075868503937004
 21
-4.984013622047244
 31
0
  0
LINE
  5
59
330
22
100
AcDbEntity
  8
F.Cu
  6
CONTINUOUS
100
AcDbLine
 10
5.2075868503937004
 20
-4.984013622047244
 30
0
 11
5.2071933464566929
 21
-4.982035433070866
 31
0
  0
LINE
  5
5A
330
22
100
AcDbEntity
  8
F.Cu
  6
CONTINUOUS
100
AcDbLine
 10
5.2071933464566929
 20
-4.982035433070866
 30
0
 11
5.2071933464566929
 21
-4.9480826771653543
 31
0
  0
LINE
  5
5B
330
22
100
AcDbEntity
  8
F.Cu
  6
CONTINUOUS
100
AcDbLine
 10
5.2071933464566929
 20
-4.9480826771653543
 30
0
 11
5.2075868503937004
 21
-4.9461044881889764
 31
0
  0
LINE
  5
5C
330
22
100
AcDbEntity
  8
F.Cu
  6
CONTINUOUS
100
AcDbLine
 10
5.2075868503937004
 20
-4.9461044881889764
 30
0
 11
5.2087074015748032
 21
-4.9444274409448816
 31
0
  0
LINE
  5
5D
330
22
100
AcDbEntity
  8
F.Cu
  6
CONTINUOUS
100
AcDbLine
 10
5.2087074015748032
 20
-4.9444274409448816
 30
0
 11
5.210384448818898
 21
-4.9433068897637797
 31
0
  0
LINE
  5
5E
330
22
100
AcDbEntity
  8
F.Cu
  6
CONTINUOUS
100
AcDbLine
 10
5.210384448818898
 20
-4.9433068897637797
 30
0
 11
5.2123626377952759
 21
-4.9429133858267713
 31
0
  0
LINE
  5
5F
330
22
100
AcDbEntity
  8
F.Cu
  6
CONTINUOUS
100
AcDbLine
 10
5.2123626377952759
 20
-4.9429133858267713
 30
0
 11
5.2709216929133857
 21
-4.9429133858267713
 31
0
  0
LINE
  5
60
330
22
100
AcDbEntity
  8
F.Cu
  6
CONTINUOUS
100
AcDbLine
 10
5.2709216929133857
 20
-4.9429133858267713
 30
0
 11
5.2728998818897637
 21
-4.9433068897637797
 31
0
  0
LINE
  5
61
330
22
100
AcDbEntity
  8
F.Cu
  6
CONTINUOUS
100
AcDbLine
 10
5.2728998818897637
 20
-4.9433068897637797
 30
0
 11
5.2745769291338584
 21
-4.9444274409448816
 31
0
  0
LINE
  5
62
330
22
100
AcDbEntity
  8
F.Cu
  6
CONTINUOUS
100
AcDbLine
 10
5.2745769291338584
 20
-4.9444274409448816
 30
0
 11
5.2756974803149603
 21
-4.9461044881889764
 31
0
  0
LINE
  5
63
330
22
100
AcDbEntity
  8
F.Cu
  6
CONTINUOUS
100
AcDbLine
 10
5.2756974803149603
 20
-4.9461044881889764
 30
0
 11
5.2760909842519688
 21
-4.9480826771653543
 31
0
  0
LINE
  5
64
330
22
100
AcDbEntity
  8
F.Cu
  6
CONTINUOUS
100
AcDbLine
 10
5.2760909842519688
 20
-4.9480826771653543
 30
0
 11
5.2760909842519688
 21
-4.9600590551181103
 31
0
  0
LINE
  5
65
330
22
100
AcDbEntity
  8
F.Cu
  6
CONTINUOUS
100
AcDbLine
 10
5.2760909842519688
 20
-4.9600590551181103
 30
0
 11
5.4313383464566929
 21
-4.9600590551181103
 31
0
  0
LINE
  5
66
330
22
100
AcDbEntity
  8
F.Cu
  6
CONTINUOUS
100
AcDbLine
 10
5.4313383464566929
 20
-4.9600590551181103
 30
0
 11
5.5237874015748032
 21
-4.86761
 31
0
  0
LINE
  5
67
330
22
100
AcDbEntity
  8
F.Cu
  6
CONTINUOUS
100
AcDbLine
 10
5.5237874015748032
 20
-4.86761
 30
0
 11
5.5237874015748032
 21
-4.1713149606299211
 31
0
  0
LINE
  5
68
330
22
100
AcDbEntity
  8
F.Cu
  6
CONTINUOUS
100
AcDbLine
 10
5.5237874015748032
 20
-4.1713149606299211
 30
0
 11
5.5238834645669286
 21
-4.1703395275590553
 31
0
  0
LINE
  5
69
330
22
100
AcDbEntity
  8
F.Cu
  6
CONTINUOUS
100
AcDbLine
 10
5.5238834645669286
 20
-4.1703395275590553
 30
0
 11
5.5246300393700789
 21
-4.1685371259842521
 31
0
  0
LINE
  5
6A
330
22
100
AcDbEntity
  8
F.Cu
  6
CONTINUOUS
100
AcDbLine
 10
5.5246300393700789
 20
-4.1685371259842521
 30
0
 11
5.5246300787401577
 21
-4.1685370866141733
 31
0
  0
LINE
  5
6B
330
22
100
AcDbEntity
  8
F.Cu
  6
CONTINUOUS
100
AcDbLine
 10
5.5246300787401577
 20
-4.1685370866141733
 30
0
 11
5.5252518503937003
 21
-4.1677794094488192
 31
0
  0
LINE
  5
6C
330
22
100
AcDbEntity
  8
F.Cu
  6
CONTINUOUS
100
AcDbLine
 10
5.5252518503937003
 20
-4.1677794094488192
 30
0
 11
5.6032201574803144
 21
-4.089811102362205
 31
0
  0
LINE
  5
6D
330
22
100
AcDbEntity
  8
F.Cu
  6
CONTINUOUS
100
AcDbLine
 10
5.6032201574803144
 20
-4.089811102362205
 30
0
 11
5.6004682677165354
 21
-4.0856925984251964
 31
0
  0
LINE
  5
6E
330
22
100
AcDbEntity
  8
F.Cu
  6
CONTINUOUS
100
AcDbLine
 10
5.6004682677165354
 20
-4.0856925984251964
 30
0
 11
5.5979208661417319
 21
-4.0795426377952753
 31
0
  0
LINE
  5
6F
330
22
100
AcDbEntity
  8
F.Cu
  6
CONTINUOUS
100
AcDbLine
 10
5.5979208661417319
 20
-4.0795426377952753
 30
0
 11
5.596622204724409
 21
-4.073013858267716
 31
0
  0
LINE
  5
70
330
22
100
AcDbEntity
  8
F.Cu
  6
CONTINUOUS
100
AcDbLine
 10
5.596622204724409
 20
-4.073013858267716
 30
0
 11
5.596622204724409
 21
-4.0663571653543302
 31
0
  0
LINE
  5
71
330
22
100
AcDbEntity
  8
F.Cu
  6
CONTINUOUS
100
AcDbLine
 10
5.596622204724409
 20
-4.0663571653543302
 30
0
 11
5.5979208661417319
 21
-4.0598283858267719
 31
0
  0
LINE
  5
72
330
22
100
AcDbEntity
  8
F.Cu
  6
CONTINUOUS
100
AcDbLine
 10
5.5979208661417319
 20
-4.0598283858267719
 30
0
 11
5.6004682677165354
 21
-4.0536784251968507
 31
0
  0
LINE
  5
73
330
22
100
AcDbEntity
  8
F.Cu
  6
CONTINUOUS
100
AcDbLine
 10
5.6004682677165354
 20
-4.0536784251968507
 30
0
 11
5.6041664960629918
 21
-4.0481436220472444
 31
0
  0
LINE
  5
74
330
22
100
AcDbEntity
  8
F.Cu
  6
CONTINUOUS
100
AcDbLine
 10
5.6041664960629918
 20
-4.0481436220472444
 30
0
 11
5.6088735039370077
 21
-4.0434366141732285
 31
0
  0
LINE
  5
75
330
22
100
AcDbEntity
  8
F.Cu
  6
CONTINUOUS
100
AcDbLine
 10
5.6088735039370077
 20
-4.0434366141732285
 30
0
 11
5.614408307086614
 21
-4.0397383858267712
 31
0
  0
LINE
  5
76
330
22
100
AcDbEntity
  8
F.Cu
  6
CONTINUOUS
100
AcDbLine
 10
5.614408307086614
 20
-4.0397383858267712
 30
0
 11
5.6205582677165351
 21
-4.0371909842519687
 31
0
  0
LINE
  5
77
330
22
100
AcDbEntity
  8
F.Cu
  6
CONTINUOUS
100
AcDbLine
 10
5.6205582677165351
 20
-4.0371909842519687
 30
0
 11
5.6270870472440944
 21
-4.0358923228346457
 31
0
  0
LINE
  5
78
330
22
100
AcDbEntity
  8
F.Cu
  6
CONTINUOUS
100
AcDbLine
 10
5.6270870472440944
 20
-4.0358923228346457
 30
0
 11
5.6337437401574801
 21
-4.0358923228346457
 31
0
  0
LINE
  5
79
330
22
100
AcDbEntity
  8
F.Cu
  6
CONTINUOUS
100
AcDbLine
 10
5.6337437401574801
 20
-4.0358923228346457
 30
0
 11
5.6402725196850394
 21
-4.0371909842519687
 31
0
  0
LINE
  5
7A
330
22
100
AcDbEntity
  8
F.Cu
  6
CONTINUOUS
100
AcDbLine
 10
6.2643779527559058
 20
-4.9036377952755901
 30
0
 11
6.1964645669291336
 21
-4.9036377952755901
 31
0
  0
LINE
  5
7B
330
22
100
AcDbEntity
  8
F.Cu
  6
CONTINUOUS
100
AcDbLine
 10
6.1964645669291336
 20
-4.9036377952755901
 30
0
 11
6.1964645669291336
 21
-4.8357244094488188
 31
0
  0
LINE
  5
7C
330
22
100
AcDbEntity
  8
F.Cu
  6
CONTINUOUS
100
AcDbLine
 10
6.1964645669291336
 20
-4.8357244094488188
 30
0
 11
6.2643779527559058
 21
-4.8357244094488188
 31
0
  0
LINE
  5
7D
330
22
100
AcDbEntity
  8
F.Cu
  6
CONTINUOUS
100
AcDbLine
 10
6.2643779527559058
 20
-4.8357244094488188
 30
0
 11
6.2643779527559058
 21
-4.9036377952755901
 31
0
  0
LINE
  5
7E
330
22
100
AcDbEntity
  8
F.Cu
  6
CONTINUOUS
100
AcDbLine
 10
5.6402783858267718
 20
-4.8371909842519685
 30
0
 11
5.6464283464566929
 21
-4.839738385826772
 31
0
  0
LINE
  5
7F
330
22
100
AcDbEntity
  8
F.Cu
  6
CONTINUOUS
100
AcDbLine
 10
5.6464283464566929
 20
-4.839738385826772
 30
0
 11
5.6519631496062992
 21
-4.8434366141732283
 31
0
  0
LINE
  5
80
330
22
100
AcDbEntity
  8
F.Cu
  6
CONTINUOUS
100
AcDbLine
 10
5.6519631496062992
 20
-4.8434366141732283
 30
0
 11
5.6566701574803151
 21
-4.8481436220472442
 31
0
  0
LINE
  5
81
330
22
100
AcDbEntity
  8
F.Cu
  6
CONTINUOUS
100
AcDbLine
 10
5.6566701574803151
 20
-4.8481436220472442
 30
0
 11
5.6603683858267715
 21
-4.8536784251968506
 31
0
  0
LINE
  5
82
330
22
100
AcDbEntity
  8
F.Cu
  6
CONTINUOUS
100
AcDbLine
 10
5.6603683858267715
 20
-4.8536784251968506
 30
0
 11
5.662915787401575
 21
-4.8598283858267717
 31
0
  0
LINE
  5
83
330
22
100
AcDbEntity
  8
F.Cu
  6
CONTINUOUS
100
AcDbLine
 10
5.662915787401575
 20
-4.8598283858267717
 30
0
 11
5.6642144488188979
 21
-4.8663571653543309
 31
0
  0
LINE
  5
84
330
22
100
AcDbEntity
  8
F.Cu
  6
CONTINUOUS
100
AcDbLine
 10
5.6642144488188979
 20
-4.8663571653543309
 30
0
 11
5.6642144488188979
 21
-4.8730138582677167
 31
0
  0
LINE
  5
85
330
22
100
AcDbEntity
  8
F.Cu
  6
CONTINUOUS
100
AcDbLine
 10
5.6642144488188979
 20
-4.8730138582677167
 30
0
 11
5.662915787401575
 21
-4.8795426377952751
 31
0
  0
LINE
  5
86
330
22
100
AcDbEntity
  8
F.Cu
  6
CONTINUOUS
100
AcDbLine
 10
5.662915787401575
 20
-4.8795426377952751
 30
0
 11
5.6603683858267715
 21
-4.8856925984251971
 31
0
  0
LINE
  5
87
330
22
100
AcDbEntity
  8
F.Cu
  6
CONTINUOUS
100
AcDbLine
 10
5.6603683858267715
 20
-4.8856925984251971
 30
0
 11
5.6566701574803151
 21
-4.8912274015748034
 31
0
  0
LINE
  5
88
330
22
100
AcDbEntity
  8
F.Cu
  6
CONTINUOUS
100
AcDbLine
 10
5.6566701574803151
 20
-4.8912274015748034
 30
0
 11
5.6519631496062992
 21
-4.8959344094488184
 31
0
  0
LINE
  5
89
330
22
100
AcDbEntity
  8
F.Cu
  6
CONTINUOUS
100
AcDbLine
 10
5.6519631496062992
 20
-4.8959344094488184
 30
0
 11
5.6464283464566929
 21
-4.8996326377952757
 31
0
  0
LINE
  5
8A
330
22
100
AcDbEntity
  8
F.Cu
  6
CONTINUOUS
100
AcDbLine
 10
5.6464283464566929
 20
-4.8996326377952757
 30
0
 11
5.6402783858267718
 21
-4.9021800393700783
 31
0
  0
LINE
  5
8B
330
22
100
AcDbEntity
  8
F.Cu
  6
CONTINUOUS
100
AcDbLine
 10
5.6402783858267718
 20
-4.9021800393700783
 30
0
 11
5.6337496062992125
 21
-4.9034787007874012
 31
0
  0
LINE
  5
8C
330
22
100
AcDbEntity
  8
F.Cu
  6
CONTINUOUS
100
AcDbLine
 10
5.6337496062992125
 20
-4.9034787007874012
 30
0
 11
5.6270929133858267
 21
-4.9034787007874012
 31
0
  0
LINE
  5
8D
330
22
100
AcDbEntity
  8
F.Cu
  6
CONTINUOUS
100
AcDbLine
 10
5.6270929133858267
 20
-4.9034787007874012
 30
0
 11
5.6205641338582675
 21
-4.9021800393700783
 31
0
  0
LINE
  5
8E
330
22
100
AcDbEntity
  8
F.Cu
  6
CONTINUOUS
100
AcDbLine
 10
5.6205641338582675
 20
-4.9021800393700783
 30
0
 11
5.6144141732283463
 21
-4.8996326377952757
 31
0
  0
LINE
  5
8F
330
22
100
AcDbEntity
  8
F.Cu
  6
CONTINUOUS
100
AcDbLine
 10
5.6144141732283463
 20
-4.8996326377952757
 30
0
 11
5.60887937007874
 21
-4.8959344094488184
 31
0
  0
LINE
  5
90
330
22
100
AcDbEntity
  8
F.Cu
  6
CONTINUOUS
100
AcDbLine
 10
5.60887937007874
 20
-4.8959344094488184
 30
0
 11
5.6041723622047241
 21
-4.8912274015748034
 31
0
  0
LINE
  5
91
330
22
100
AcDbEntity
  8
F.Cu
  6
CONTINUOUS
100
AcDbLine
 10
5.6041723622047241
 20
-4.8912274015748034
 30
0
 11
5.6004741338582678
 21
-4.8856925984251971
 31
0
  0
LINE
  5
92
330
22
100
AcDbEntity
  8
F.Cu
  6
CONTINUOUS
100
AcDbLine
 10
5.6004741338582678
 20
-4.8856925984251971
 30
0
 11
5.5979267322834643
 21
-4.8795426377952751
 31
0
  0
LINE
  5
93
330
22
100
AcDbEntity
  8
F.Cu
  6
CONTINUOUS
100
AcDbLine
 10
5.5979267322834643
 20
-4.8795426377952751
 30
0
 11
5.5966280708661413
 21
-4.8730138582677167
 31
0
  0
LINE
  5
94
330
22
100
AcDbEntity
  8
F.Cu
  6
CONTINUOUS
100
AcDbLine
 10
5.5966280708661413
 20
-4.8730138582677167
 30
0
 11
5.5966280708661413
 21
-4.8663571653543309
 31
0
  0
LINE
  5
95
330
22
100
AcDbEntity
  8
F.Cu
  6
CONTINUOUS
100
AcDbLine
 10
5.5966280708661413
 20
-4.8663571653543309
 30
0
 11
5.5979267322834643
 21
-4.8598283858267717
 31
0
  0
LINE
  5
96
330
22
100
AcDbEntity
  8
F.Cu
  6
CONTINUOUS
100
AcDbLine
 10
5.5979267322834643
 20
-4.8598283858267717
 30
0
 11
5.6004741338582678
 21
-4.8536784251968506
 31
0
  0
LINE
  5
97
330
22
100
AcDbEntity
  8
F.Cu
  6
CONTINUOUS
100
AcDbLine
 10
5.6004741338582678
 20
-4.8536784251968506
 30
0
 11
5.6041723622047241
 21
-4.8481436220472442
 31
0
  0
LINE
  5
98
330
22
100
AcDbEntity
  8
F.Cu
  6
CONTINUOUS
100
AcDbLine
 10
5.6041723622047241
 20
-4.8481436220472442
 30
0
 11
5.60887937007874
 21
-4.8434366141732283
 31
0
  0
LINE
  5
99
330
22
100
AcDbEntity
  8
F.Cu
  6
CONTINUOUS
100
AcDbLine
 10
5.60887937007874
 20
-4.8434366141732283
 30
0
 11
5.6144141732283463
 21
-4.839738385826772
 31
0
  0
LINE
  5
9A
330
22
100
AcDbEntity
  8
F.Cu
  6
CONTINUOUS
100
AcDbLine
 10
5.6144141732283463
 20
-4.839738385826772
 30
0
 11
5.6205641338582675
 21
-4.8371909842519685
 31
0
  0
LINE
  5
9B
330
22
100
AcDbEntity
  8
F.Cu
  6
CONTINUOUS
100
AcDbLine
 10
5.6205641338582675
 20
-4.8371909842519685
 30
0
 11
5.6270929133858267
 21
-4.8358923228346455
 31
0
  0
LINE
  5
9C
330
22
100
AcDbEntity
  8
F.Cu
  6
CONTINUOUS
100
AcDbLine
 10
5.6270929133858267
 20
-4.8358923228346455
 30
0
 11
5.6337496062992125
 21
-4.8358923228346455
 31
0
  0
LINE
  5
9D
330
22
100
AcDbEntity
  8
F.Cu
  6
CONTINUOUS
100
AcDbLine
 10
5.6337496062992125
 20
-4.8358923228346455
 30
0
 11
5.6402783858267718
 21
-4.8371909842519685
 31
0
  0
LINE
  5
9E
330
22
100
AcDbEntity
  8
F.Cu
  6
CONTINUOUS
100
AcDbLine
 10
5.2573900393700788
 20
-4.7874018503937004
 30
0
 11
5.2466417322834644
 21
-4.7874018503937004
 31
0
  0
LINE
  5
9F
330
22
100
AcDbEntity
  8
F.Cu
  6
CONTINUOUS
100
AcDbLine
 10
5.2466417322834644
 20
-4.7874018503937004
 30
0
 11
5.2466417322834644
 21
-4.8277559055118111
 31
0
  0
LINE
  5
A0
330
22
100
AcDbEntity
  8
F.Cu
  6
CONTINUOUS
100
AcDbLine
 10
5.2466417322834644
 20
-4.8277559055118111
 30
0
 11
5.2709208267716532
 21
-4.8277559055118111
 31
0
  0
LINE
  5
A1
330
22
100
AcDbEntity
  8
F.Cu
  6
CONTINUOUS
100
AcDbLine
 10
5.2709208267716532
 20
-4.8277559055118111
 30
0
 11
5.2728990157480311
 21
-4.8281494094488187
 31
0
  0
LINE
  5
A2
330
22
100
AcDbEntity
  8
F.Cu
  6
CONTINUOUS
100
AcDbLine
 10
5.2728990157480311
 20
-4.8281494094488187
 30
0
 11
5.2745760629921259
 21
-4.8292699606299214
 31
0
  0
LINE
  5
A3
330
22
100
AcDbEntity
  8
F.Cu
  6
CONTINUOUS
100
AcDbLine
 10
5.2745760629921259
 20
-4.8292699606299214
 30
0
 11
5.2756966141732287
 21
-4.8309470078740153
 31
0
  0
LINE
  5
A4
330
22
100
AcDbEntity
  8
F.Cu
  6
CONTINUOUS
100
AcDbLine
 10
5.2756966141732287
 20
-4.8309470078740153
 30
0
 11
5.2760901181102362
 21
-4.8329251968503932
 31
0
  0
LINE
  5
A5
330
22
100
AcDbEntity
  8
F.Cu
  6
CONTINUOUS
100
AcDbLine
 10
5.2760901181102362
 20
-4.8329251968503932
 30
0
 11
5.2760901181102362
 21
-4.8668779527559058
 31
0
  0
LINE
  5
A6
330
22
100
AcDbEntity
  8
F.Cu
  6
CONTINUOUS
100
AcDbLine
 10
5.2760901181102362
 20
-4.8668779527559058
 30
0
 11
5.2756966141732287
 21
-4.8688561417322838
 31
0
  0
LINE
  5
A7
330
22
100
AcDbEntity
  8
F.Cu
  6
CONTINUOUS
100
AcDbLine
 10
5.2756966141732287
 20
-4.8688561417322838
 30
0
 11
5.2745760629921259
 21
-4.8705331889763777
 31
0
  0
LINE
  5
A8
330
22
100
AcDbEntity
  8
F.Cu
  6
CONTINUOUS
100
AcDbLine
 10
5.2745760629921259
 20
-4.8705331889763777
 30
0
 11
5.2728990157480311
 21
-4.8716537401574804
 31
0
  0
LINE
  5
A9
330
22
100
AcDbEntity
  8
F.Cu
  6
CONTINUOUS
100
AcDbLine
 10
5.2728990157480311
 20
-4.8716537401574804
 30
0
 11
5.2709208267716532
 21
-4.872047244094488
 31
0
  0
LINE
  5
AA
330
22
100
AcDbEntity
  8
F.Cu
  6
CONTINUOUS
100
AcDbLine
 10
5.2709208267716532
 20
-4.872047244094488
 30
0
 11
5.2123617716535433
 21
-4.872047244094488
 31
0
  0
LINE
  5
AB
330
22
100
AcDbEntity
  8
F.Cu
  6
CONTINUOUS
100
AcDbLine
 10
5.2123617716535433
 20
-4.872047244094488
 30
0
 11
5.2103835826771654
 21
-4.8716537401574804
 31
0
  0
LINE
  5
AC
330
22
100
AcDbEntity
  8
F.Cu
  6
CONTINUOUS
100
AcDbLine
 10
5.2103835826771654
 20
-4.8716537401574804
 30
0
 11
5.2087065354330706
 21
-4.8705331889763777
 31
0
  0
LINE
  5
AD
330
22
100
AcDbEntity
  8
F.Cu
  6
CONTINUOUS
100
AcDbLine
 10
5.2087065354330706
 20
-4.8705331889763777
 30
0
 11
5.2075859842519687
 21
-4.8688561417322838
 31
0
  0
LINE
  5
AE
330
22
100
AcDbEntity
  8
F.Cu
  6
CONTINUOUS
100
AcDbLine
 10
5.2075859842519687
 20
-4.8688561417322838
 30
0
 11
5.2071924803149603
 21
-4.8668779527559058
 31
0
  0
LINE
  5
AF
330
22
100
AcDbEntity
  8
F.Cu
  6
CONTINUOUS
100
AcDbLine
 10
5.2071924803149603
 20
-4.8668779527559058
 30
0
 11
5.2071924803149603
 21
-4.8329251968503932
 31
0
  0
LINE
  5
B0
330
22
100
AcDbEntity
  8
F.Cu
  6
CONTINUOUS
100
AcDbLine
 10
5.2071924803149603
 20
-4.8329251968503932
 30
0
 11
5.2075859842519687
 21
-4.8309470078740153
 31
0
  0
LINE
  5
B1
330
22
100
AcDbEntity
  8
F.Cu
  6
CONTINUOUS
100
AcDbLine
 10
5.2075859842519687
 20
-4.8309470078740153
 30
0
 11
5.2087065354330706
 21
-4.8292699606299214
 31
0
  0
LINE
  5
B2
330
22
100
AcDbEntity
  8
F.Cu
  6
CONTINUOUS
100
AcDbLine
 10
5.2087065354330706
 20
-4.8292699606299214
 30
0
 11
5.2103835826771654
 21
-4.8281494094488187
 31
0
  0
LINE
  5
B3
330
22
100
AcDbEntity
  8
F.Cu
  6
CONTINUOUS
100
AcDbLine
 10
5.2103835826771654
 20
-4.8281494094488187
 30
0
 11
5.2123617716535433
 21
-4.8277559055118111
 31
0
  0
LINE
  5
B4
330
22
100
AcDbEntity
  8
F.Cu
  6
CONTINUOUS
100
AcDbLine
 10
5.2123617716535433
 20
-4.8277559055118111
 30
0
 11
5.2366417322834646
 21
-4.8277559055118111
 31
0
  0
LINE
  5
B5
330
22
100
AcDbEntity
  8
F.Cu
  6
CONTINUOUS
100
AcDbLine
 10
5.2366417322834646
 20
-4.8277559055118111
 30
0
 11
5.2366417322834646
 21
-4.7874018503937004
 31
0
  0
LINE
  5
B6
330
22
100
AcDbEntity
  8
F.Cu
  6
CONTINUOUS
100
AcDbLine
 10
5.2366417322834646
 20
-4.7874018503937004
 30
0
 11
5.2258939763779528
 21
-4.7874018503937004
 31
0
  0
LINE
  5
B7
330
22
100
AcDbEntity
  8
F.Cu
  6
CONTINUOUS
100
AcDbLine
 10
5.2258939763779528
 20
-4.7874018503937004
 30
0
 11
5.2258939763779528
 21
-4.7519687795275587
 31
0
  0
LINE
  5
B8
330
22
100
AcDbEntity
  8
F.Cu
  6
CONTINUOUS
100
AcDbLine
 10
5.2258939763779528
 20
-4.7519687795275587
 30
0
 11
5.2573900393700788
 21
-4.7519687795275587
 31
0
  0
LINE
  5
B9
330
22
100
AcDbEntity
  8
F.Cu
  6
CONTINUOUS
100
AcDbLine
 10
5.2573900393700788
 20
-4.7519687795275587
 30
0
 11
5.2573900393700788
 21
-4.7874018503937004
 31
0
  0
LINE
  5
BA
330
22
100
AcDbEntity
  8
F.Cu
  6
CONTINUOUS
100
AcDbLine
 10
5.6402776377952755
 20
-4.7371909842519688
 30
0
 11
5.6464275984251966
 21
-4.7397383858267714
 31
0
  0
LINE
  5
BB
330
22
100
AcDbEntity
  8
F.Cu
  6
CONTINUOUS
100
AcDbLine
 10
5.6464275984251966
 20
-4.7397383858267714
 30
0
 11
5.6519624015748029
 21
-4.7434366141732278
 31
0
  0
LINE
  5
BC
330
22
100
AcDbEntity
  8
F.Cu
  6
CONTINUOUS
100
AcDbLine
 10
5.6519624015748029
 20
-4.7434366141732278
 30
0
 11
5.6566694094488188
 21
-4.7481436220472437
 31
0
  0
LINE
  5
BD
330
22
100
AcDbEntity
  8
F.Cu
  6
CONTINUOUS
100
AcDbLine
 10
5.6566694094488188
 20
-4.7481436220472437
 30
0
 11
5.6603676377952752
 21
-4.75367842519685
 31
0
  0
LINE
  5
BE
330
22
100
AcDbEntity
  8
F.Cu
  6
CONTINUOUS
100
AcDbLine
 10
5.6603676377952752
 20
-4.75367842519685
 30
0
 11
5.6629150393700787
 21
-4.7598283858267711
 31
0
  0
LINE
  5
BF
330
22
100
AcDbEntity
  8
F.Cu
  6
CONTINUOUS
100
AcDbLine
 10
5.6629150393700787
 20
-4.7598283858267711
 30
0
 11
5.6642137007874016
 21
-4.7663571653543304
 31
0
  0
LINE
  5
C0
330
22
100
AcDbEntity
  8
F.Cu
  6
CONTINUOUS
100
AcDbLine
 10
5.6642137007874016
 20
-4.7663571653543304
 30
0
 11
5.6642137007874016
 21
-4.7730138582677162
 31
0
  0
LINE
  5
C1
330
22
100
AcDbEntity
  8
F.Cu
  6
CONTINUOUS
100
AcDbLine
 10
5.6642137007874016
 20
-4.7730138582677162
 30
0
 11
5.6629150393700787
 21
-4.7795426377952754
 31
0
  0
LINE
  5
C2
330
22
100
AcDbEntity
  8
F.Cu
  6
CONTINUOUS
100
AcDbLine
 10
5.6629150393700787
 20
-4.7795426377952754
 30
0
 11
5.6603676377952752
 21
-4.7856925984251966
 31
0
  0
LINE
  5
C3
330
22
100
AcDbEntity
  8
F.Cu
  6
CONTINUOUS
100
AcDbLine
 10
5.6603676377952752
 20
-4.7856925984251966
 30
0
 11
5.6566694094488188
 21
-4.7912274015748029
 31
0
  0
LINE
  5
C4
330
22
100
AcDbEntity
  8
F.Cu
  6
CONTINUOUS
100
AcDbLine
 10
5.6566694094488188
 20
-4.7912274015748029
 30
0
 11
5.6519624015748029
 21
-4.7959344094488188
 31
0
  0
LINE
  5
C5
330
22
100
AcDbEntity
  8
F.Cu
  6
CONTINUOUS
100
AcDbLine
 10
5.6519624015748029
 20
-4.7959344094488188
 30
0
 11
5.6464275984251966
 21
-4.7996326377952752
 31
0
  0
LINE
  5
C6
330
22
100
AcDbEntity
  8
F.Cu
  6
CONTINUOUS
100
AcDbLine
 10
5.6464275984251966
 20
-4.7996326377952752
 30
0
 11
5.6402776377952755
 21
-4.8021800393700786
 31
0
  0
LINE
  5
C7
330
22
100
AcDbEntity
  8
F.Cu
  6
CONTINUOUS
100
AcDbLine
 10
5.6402776377952755
 20
-4.8021800393700786
 30
0
 11
5.6337488582677162
 21
-4.8034787007874016
 31
0
  0
LINE
  5
C8
330
22
100
AcDbEntity
  8
F.Cu
  6
CONTINUOUS
100
AcDbLine
 10
5.6337488582677162
 20
-4.8034787007874016
 30
0
 11
5.6270921653543304
 21
-4.8034787007874016
 31
0
  0
LINE
  5
C9
330
22
100
AcDbEntity
  8
F.Cu
  6
CONTINUOUS
100
AcDbLine
 10
5.6270921653543304
 20
-4.8034787007874016
 30
0
 11
5.6205633858267712
 21
-4.8021800393700786
 31
0
  0
LINE
  5
CA
330
22
100
AcDbEntity
  8
F.Cu
  6
CONTINUOUS
100
AcDbLine
 10
5.6205633858267712
 20
-4.8021800393700786
 30
0
 11
5.61441342519685
 21
-4.7996326377952752
 31
0
  0
LINE
  5
CB
330
22
100
AcDbEntity
  8
F.Cu
  6
CONTINUOUS
100
AcDbLine
 10
5.61441342519685
 20
-4.7996326377952752
 30
0
 11
5.6088786220472437
 21
-4.7959344094488188
 31
0
  0
LINE
  5
CC
330
22
100
AcDbEntity
  8
F.Cu
  6
CONTINUOUS
100
AcDbLine
 10
5.6088786220472437
 20
-4.7959344094488188
 30
0
 11
5.6041716141732278
 21
-4.7912274015748029
 31
0
  0
LINE
  5
CD
330
22
100
AcDbEntity
  8
F.Cu
  6
CONTINUOUS
100
AcDbLine
 10
5.6041716141732278
 20
-4.7912274015748029
 30
0
 11
5.6004733858267715
 21
-4.7856925984251966
 31
0
  0
LINE
  5
CE
330
22
100
AcDbEntity
  8
F.Cu
  6
CONTINUOUS
100
AcDbLine
 10
5.6004733858267715
 20
-4.7856925984251966
 30
0
 11
5.597925984251968
 21
-4.7795426377952754
 31
0
  0
LINE
  5
CF
330
22
100
AcDbEntity
  8
F.Cu
  6
CONTINUOUS
100
AcDbLine
 10
5.597925984251968
 20
-4.7795426377952754
 30
0
 11
5.5966273228346459
 21
-4.7730138582677162
 31
0
  0
LINE
  5
D0
330
22
100
AcDbEntity
  8
F.Cu
  6
CONTINUOUS
100
AcDbLine
 10
5.5966273228346459
 20
-4.7730138582677162
 30
0
 11
5.5966273228346459
 21
-4.7663571653543304
 31
0
  0
LINE
  5
D1
330
22
100
AcDbEntity
  8
F.Cu
  6
CONTINUOUS
100
AcDbLine
 10
5.5966273228346459
 20
-4.7663571653543304
 30
0
 11
5.597925984251968
 21
-4.7598283858267711
 31
0
  0
LINE
  5
D2
330
22
100
AcDbEntity
  8
F.Cu
  6
CONTINUOUS
100
AcDbLine
 10
5.597925984251968
 20
-4.7598283858267711
 30
0
 11
5.6004733858267715
 21
-4.75367842519685
 31
0
  0
LINE
  5
D3
330
22
100
AcDbEntity
  8
F.Cu
  6
CONTINUOUS
100
AcDbLine
 10
5.6004733858267715
 20
-4.75367842519685
 30
0
 11
5.6041716141732278
 21
-4.7481436220472437
 31
0
  0
LINE
  5
D4
330
22
100
AcDbEntity
  8
F.Cu
  6
CONTINUOUS
100
AcDbLine
 10
5.6041716141732278
 20
-4.7481436220472437
 30
0
 11
5.6088786220472437
 21
-4.7434366141732278
 31
0
  0
LINE
  5
D5
330
22
100
AcDbEntity
  8
F.Cu
  6
CONTINUOUS
100
AcDbLine
 10
5.6088786220472437
 20
-4.7434366141732278
 30
0
 11
5.61441342519685
 21
-4.7397383858267714
 31
0
  0
LINE
  5
D6
330
22
100
AcDbEntity
  8
F.Cu
  6
CONTINUOUS
100
AcDbLine
 10
5.61441342519685
 20
-4.7397383858267714
 30
0
 11
5.6205633858267712
 21
-4.7371909842519688
 31
0
  0
LINE
  5
D7
330
22
100
AcDbEntity
  8
F.Cu
  6
CONTINUOUS
100
AcDbLine
 10
5.6205633858267712
 20
-4.7371909842519688
 30
0
 11
5.6270921653543304
 21
-4.7358923228346459
 31
0
  0
LINE
  5
D8
330
22
100
AcDbEntity
  8
F.Cu
  6
CONTINUOUS
100
AcDbLine
 10
5.6270921653543304
 20
-4.7358923228346459
 30
0
 11
5.6337488582677162
 21
-4.7358923228346459
 31
0
  0
LINE
  5
D9
330
22
100
AcDbEntity
  8
F.Cu
  6
CONTINUOUS
100
AcDbLine
 10
5.6337488582677162
 20
-4.7358923228346459
 30
0
 11
5.6402776377952755
 21
-4.7371909842519688
 31
0
  0
LINE
  5
DA
330
22
100
AcDbEntity
  8
F.Cu
  6
CONTINUOUS
100
AcDbLine
 10
6.0069624409448821
 20
-3.9356297244094489
 30
0
 11
6.008639488188976
 21
-3.9367502755905512
 31
0
  0
LINE
  5
DB
330
22
100
AcDbEntity
  8
F.Cu
  6
CONTINUOUS
100
AcDbLine
 10
6.008639488188976
 20
-3.9367502755905512
 30
0
 11
6.0097600393700787
 21
-3.9384273228346456
 31
0
  0
LINE
  5
DC
330
22
100
AcDbEntity
  8
F.Cu
  6
CONTINUOUS
100
AcDbLine
 10
6.0097600393700787
 20
-3.9384273228346456
 30
0
 11
6.0101535433070863
 21
-3.9404055118110235
 31
0
  0
LINE
  5
DD
330
22
100
AcDbEntity
  8
F.Cu
  6
CONTINUOUS
100
AcDbLine
 10
6.0101535433070863
 20
-3.9404055118110235
 30
0
 11
6.0101535433070863
 21
-3.9989645669291338
 31
0
  0
LINE
  5
DE
330
22
100
AcDbEntity
  8
F.Cu
  6
CONTINUOUS
100
AcDbLine
 10
6.0101535433070863
 20
-3.9989645669291338
 30
0
 11
6.0097600393700787
 21
-4.0009427559055117
 31
0
  0
LINE
  5
DF
330
22
100
AcDbEntity
  8
F.Cu
  6
CONTINUOUS
100
AcDbLine
 10
6.0097600393700787
 20
-4.0009427559055117
 30
0
 11
6.008639488188976
 21
-4.0026198031496065
 31
0
  0
LINE
  5
E0
330
22
100
AcDbEntity
  8
F.Cu
  6
CONTINUOUS
100
AcDbLine
 10
6.008639488188976
 20
-4.0026198031496065
 30
0
 11
6.0069624409448821
 21
-4.0037403543307084
 31
0
  0
LINE
  5
E1
330
22
100
AcDbEntity
  8
F.Cu
  6
CONTINUOUS
100
AcDbLine
 10
6.0069624409448821
 20
-4.0037403543307084
 30
0
 11
6.0049842519685042
 21
-4.0041338582677168
 31
0
  0
LINE
  5
E2
330
22
100
AcDbEntity
  8
F.Cu
  6
CONTINUOUS
100
AcDbLine
 10
6.0049842519685042
 20
-4.0041338582677168
 30
0
 11
5.9930078740157482
 21
-4.0041338582677168
 31
0
  0
LINE
  5
E3
330
22
100
AcDbEntity
  8
F.Cu
  6
CONTINUOUS
100
AcDbLine
 10
5.9930078740157482
 20
-4.0041338582677168
 30
0
 11
5.9930078740157482
 21
-4.5252005511811024
 31
0
  0
LINE
  5
E4
330
22
100
AcDbEntity
  8
F.Cu
  6
CONTINUOUS
100
AcDbLine
 10
5.9930078740157482
 20
-4.5252005511811024
 30
0
 11
6.2102938582677165
 21
-4.7424865354330707
 31
0
  0
LINE
  5
E5
330
22
100
AcDbEntity
  8
F.Cu
  6
CONTINUOUS
100
AcDbLine
 10
6.2102938582677165
 20
-4.7424865354330707
 30
0
 11
6.2144134251968506
 21
-4.7397339763779529
 31
0
  0
LINE
  5
E6
330
22
100
AcDbEntity
  8
F.Cu
  6
CONTINUOUS
100
AcDbLine
 10
6.2144134251968506
 20
-4.7397339763779529
 30
0
 11
6.2205633858267717
 21
-4.7371865748031494
 31
0
  0
LINE
  5
E7
330
22
100
AcDbEntity
  8
F.Cu
  6
CONTINUOUS
100
AcDbLine
 10
6.2205633858267717
 20
-4.7371865748031494
 30
0
 11
6.227092165354331
 21
-4.7358879133858265
 31
0
  0
LINE
  5
E8
330
22
100
AcDbEntity
  8
F.Cu
  6
CONTINUOUS
100
AcDbLine
 10
6.227092165354331
 20
-4.7358879133858265
 30
0
 11
6.2337488582677167
 21
-4.7358879133858265
 31
0
  0
LINE
  5
E9
330
22
100
AcDbEntity
  8
F.Cu
  6
CONTINUOUS
100
AcDbLine
 10
6.2337488582677167
 20
-4.7358879133858265
 30
0
 11
6.2402776377952751
 21
-4.7371865748031494
 31
0
  0
LINE
  5
EA
330
22
100
AcDbEntity
  8
F.Cu
  6
CONTINUOUS
100
AcDbLine
 10
6.2402776377952751
 20
-4.7371865748031494
 30
0
 11
6.2464275984251971
 21
-4.7397339763779529
 31
0
  0
LINE
  5
EB
330
22
100
AcDbEntity
  8
F.Cu
  6
CONTINUOUS
100
AcDbLine
 10
6.2464275984251971
 20
-4.7397339763779529
 30
0
 11
6.2519624015748034
 21
-4.7434322047244093
 31
0
  0
LINE
  5
EC
330
22
100
AcDbEntity
  8
F.Cu
  6
CONTINUOUS
100
AcDbLine
 10
6.2519624015748034
 20
-4.7434322047244093
 30
0
 11
6.2566694094488184
 21
-4.7481392125984252
 31
0
  0
LINE
  5
ED
330
22
100
AcDbEntity
  8
F.Cu
  6
CONTINUOUS
100
AcDbLine
 10
6.2566694094488184
 20
-4.7481392125984252
 30
0
 11
6.2603676377952757
 21
-4.7536740157480315
 31
0
  0
LINE
  5
EE
330
22
100
AcDbEntity
  8
F.Cu
  6
CONTINUOUS
100
AcDbLine
 10
6.2603676377952757
 20
-4.7536740157480315
 30
0
 11
6.2629150393700783
 21
-4.7598239763779526
 31
0
  0
LINE
  5
EF
330
22
100
AcDbEntity
  8
F.Cu
  6
CONTINUOUS
100
AcDbLine
 10
6.2629150393700783
 20
-4.7598239763779526
 30
0
 11
6.2642137007874013
 21
-4.7663527559055119
 31
0
  0
LINE
  5
F0
330
22
100
AcDbEntity
  8
F.Cu
  6
CONTINUOUS
100
AcDbLine
 10
6.2642137007874013
 20
-4.7663527559055119
 30
0
 11
6.2642137007874013
 21
-4.7730094488188977
 31
0
  0
LINE
  5
F1
330
22
100
AcDbEntity
  8
F.Cu
  6
CONTINUOUS
100
AcDbLine
 10
6.2642137007874013
 20
-4.7730094488188977
 30
0
 11
6.2629150393700783
 21
-4.7795382283464569
 31
0
  0
LINE
  5
F2
330
22
100
AcDbEntity
  8
F.Cu
  6
CONTINUOUS
100
AcDbLine
 10
6.2629150393700783
 20
-4.7795382283464569
 30
0
 11
6.2603676377952757
 21
-4.785688188976378
 31
0
  0
LINE
  5
F3
330
22
100
AcDbEntity
  8
F.Cu
  6
CONTINUOUS
100
AcDbLine
 10
6.2603676377952757
 20
-4.785688188976378
 30
0
 11
6.2566694094488184
 21
-4.7912229921259843
 31
0
  0
LINE
  5
F4
330
22
100
AcDbEntity
  8
F.Cu
  6
CONTINUOUS
100
AcDbLine
 10
6.2566694094488184
 20
-4.7912229921259843
 30
0
 11
6.2519624015748034
 21
-4.7959300000000002
 31
0
  0
LINE
  5
F5
330
22
100
AcDbEntity
  8
F.Cu
  6
CONTINUOUS
100
AcDbLine
 10
6.2519624015748034
 20
-4.7959300000000002
 30
0
 11
6.2464275984251971
 21
-4.7996282283464566
 31
0
  0
LINE
  5
F6
330
22
100
AcDbEntity
  8
F.Cu
  6
CONTINUOUS
100
AcDbLine
 10
6.2464275984251971
 20
-4.7996282283464566
 30
0
 11
6.2402776377952751
 21
-4.8021756299212601
 31
0
  0
LINE
  5
F7
330
22
100
AcDbEntity
  8
F.Cu
  6
CONTINUOUS
100
AcDbLine
 10
6.2402776377952751
 20
-4.8021756299212601
 30
0
 11
6.2337488582677167
 21
-4.8034742913385822
 31
0
  0
LINE
  5
F8
330
22
100
AcDbEntity
  8
F.Cu
  6
CONTINUOUS
100
AcDbLine
 10
6.2337488582677167
 20
-4.8034742913385822
 30
0
 11
6.227092165354331
 21
-4.8034742913385822
 31
0
  0
LINE
  5
F9
330
22
100
AcDbEntity
  8
F.Cu
  6
CONTINUOUS
100
AcDbLine
 10
6.227092165354331
 20
-4.8034742913385822
 30
0
 11
6.2205633858267717
 21
-4.8021756299212601
 31
0
  0
LINE
  5
FA
330
22
100
AcDbEntity
  8
F.Cu
  6
CONTINUOUS
100
AcDbLine
 10
6.2205633858267717
 20
-4.8021756299212601
 30
0
 11
6.2144134251968506
 21
-4.7996282283464566
 31
0
  0
LINE
  5
FB
330
22
100
AcDbEntity
  8
F.Cu
  6
CONTINUOUS
100
AcDbLine
 10
6.2144134251968506
 20
-4.7996282283464566
 30
0
 11
6.2088786220472443
 21
-4.7959300000000002
 31
0
  0
LINE
  5
FC
330
22
100
AcDbEntity
  8
F.Cu
  6
CONTINUOUS
100
AcDbLine
 10
6.2088786220472443
 20
-4.7959300000000002
 30
0
 11
6.2041716141732284
 21
-4.7912229921259843
 31
0
  0
LINE
  5
FD
330
22
100
AcDbEntity
  8
F.Cu
  6
CONTINUOUS
100
AcDbLine
 10
6.2041716141732284
 20
-4.7912229921259843
 30
0
 11
6.2004733858267711
 21
-4.785688188976378
 31
0
  0
LINE
  5
FE
330
22
100
AcDbEntity
  8
F.Cu
  6
CONTINUOUS
100
AcDbLine
 10
6.2004733858267711
 20
-4.785688188976378
 30
0
 11
6.1979259842519685
 21
-4.7795382283464569
 31
0
  0
LINE
  5
FF
330
22
100
AcDbEntity
  8
F.Cu
  6
CONTINUOUS
100
AcDbLine
 10
6.1979259842519685
 20
-4.7795382283464569
 30
0
 11
6.1966273228346456
 21
-4.7730094488188977
 31
0
  0
LINE
  5
100
330
22
100
AcDbEntity
  8
F.Cu
  6
CONTINUOUS
100
AcDbLine
 10
6.1966273228346456
 20
-4.7730094488188977
 30
0
 11
6.1966273228346456
 21
-4.7663527559055119
 31
0
  0
LINE
  5
101
330
22
100
AcDbEntity
  8
F.Cu
  6
CONTINUOUS
100
AcDbLine
 10
6.1966273228346456
 20
-4.7663527559055119
 30
0
 11
6.1979259842519685
 21
-4.7598239763779526
 31
0
  0
LINE
  5
102
330
22
100
AcDbEntity
  8
F.Cu
  6
CONTINUOUS
100
AcDbLine
 10
6.1979259842519685
 20
-4.7598239763779526
 30
0
 11
6.2004733858267711
 21
-4.7536740157480315
 31
0
  0
LINE
  5
103
330
22
100
AcDbEntity
  8
F.Cu
  6
CONTINUOUS
100
AcDbLine
 10
6.2004733858267711
 20
-4.7536740157480315
 30
0
 11
6.2032234251968505
 21
-4.7495582677165356
 31
0
  0
LINE
  5
104
330
22
100
AcDbEntity
  8
F.Cu
  6
CONTINUOUS
100
AcDbLine
 10
6.2032234251968505
 20
-4.7495582677165356
 30
0
 11
5.9844723228346455
 21
-4.5308072047244092
 31
0
  0
LINE
  5
105
330
22
100
AcDbEntity
  8
F.Cu
  6
CONTINUOUS
100
AcDbLine
 10
5.9844723228346455
 20
-4.5308072047244092
 30
0
 11
5.983850551181102
 21
-4.5300495275590551
 31
0
  0
LINE
  5
106
330
22
100
AcDbEntity
  8
F.Cu
  6
CONTINUOUS
100
AcDbLine
 10
5.983850551181102
 20
-4.5300495275590551
 30
0
 11
5.9831039370078738
 21
-4.5282471259842518
 31
0
  0
LINE
  5
107
330
22
100
AcDbEntity
  8
F.Cu
  6
CONTINUOUS
100
AcDbLine
 10
5.9831039370078738
 20
-4.5282471259842518
 30
0
 11
5.9831039370078738
 21
-4.5282431496062987
 31
0
  0
LINE
  5
108
330
22
100
AcDbEntity
  8
F.Cu
  6
CONTINUOUS
100
AcDbLine
 10
5.9831039370078738
 20
-4.5282431496062987
 30
0
 11
5.9830078740157475
 21
-4.5272677165354329
 31
0
  0
LINE
  5
109
330
22
100
AcDbEntity
  8
F.Cu
  6
CONTINUOUS
100
AcDbLine
 10
5.9830078740157475
 20
-4.5272677165354329
 30
0
 11
5.9830078740157475
 21
-4.0041338582677168
 31
0
  0
LINE
  5
10A
330
22
100
AcDbEntity
  8
F.Cu
  6
CONTINUOUS
100
AcDbLine
 10
5.9830078740157475
 20
-4.0041338582677168
 30
0
 11
5.9710314960629916
 21
-4.0041338582677168
 31
0
  0
LINE
  5
10B
330
22
100
AcDbEntity
  8
F.Cu
  6
CONTINUOUS
100
AcDbLine
 10
5.9710314960629916
 20
-4.0041338582677168
 30
0
 11
5.9690533070866136
 21
-4.0037403543307084
 31
0
  0
LINE
  5
10C
330
22
100
AcDbEntity
  8
F.Cu
  6
CONTINUOUS
100
AcDbLine
 10
5.9690533070866136
 20
-4.0037403543307084
 30
0
 11
5.9673762598425197
 21
-4.0026198031496065
 31
0
  0
LINE
  5
10D
330
22
100
AcDbEntity
  8
F.Cu
  6
CONTINUOUS
100
AcDbLine
 10
5.9673762598425197
 20
-4.0026198031496065
 30
0
 11
5.966255708661417
 21
-4.0009427559055117
 31
0
  0
LINE
  5
10E
330
22
100
AcDbEntity
  8
F.Cu
  6
CONTINUOUS
100
AcDbLine
 10
5.966255708661417
 20
-4.0009427559055117
 30
0
 11
5.9658622047244094
 21
-3.9989645669291338
 31
0
  0
LINE
  5
10F
330
22
100
AcDbEntity
  8
F.Cu
  6
CONTINUOUS
100
AcDbLine
 10
5.9658622047244094
 20
-3.9989645669291338
 30
0
 11
5.9658622047244094
 21
-3.9404055118110235
 31
0
  0
LINE
  5
110
330
22
100
AcDbEntity
  8
F.Cu
  6
CONTINUOUS
100
AcDbLine
 10
5.9658622047244094
 20
-3.9404055118110235
 30
0
 11
5.966255708661417
 21
-3.9384273228346456
 31
0
  0
LINE
  5
111
330
22
100
AcDbEntity
  8
F.Cu
  6
CONTINUOUS
100
AcDbLine
 10
5.966255708661417
 20
-3.9384273228346456
 30
0
 11
5.9673762598425197
 21
-3.9367502755905512
 31
0
  0
LINE
  5
112
330
22
100
AcDbEntity
  8
F.Cu
  6
CONTINUOUS
100
AcDbLine
 10
5.9673762598425197
 20
-3.9367502755905512
 30
0
 11
5.9690533070866136
 21
-3.9356297244094489
 31
0
  0
LINE
  5
113
330
22
100
AcDbEntity
  8
F.Cu
  6
CONTINUOUS
100
AcDbLine
 10
5.9690533070866136
 20
-3.9356297244094489
 30
0
 11
5.9710314960629916
 21
-3.9352362204724409
 31
0
  0
LINE
  5
114
330
22
100
AcDbEntity
  8
F.Cu
  6
CONTINUOUS
100
AcDbLine
 10
5.9710314960629916
 20
-3.9352362204724409
 30
0
 11
6.0049842519685042
 21
-3.9352362204724409
 31
0
  0
LINE
  5
115
330
22
100
AcDbEntity
  8
F.Cu
  6
CONTINUOUS
100
AcDbLine
 10
6.0049842519685042
 20
-3.9352362204724409
 30
0
 11
6.0069624409448821
 21
-3.9356297244094489
 31
0
  0
LINE
  5
116
330
22
100
AcDbEntity
  8
F.Cu
  6
CONTINUOUS
100
AcDbLine
 10
5.3261602362204723
 20
-3.6360866535433072
 30
0
 11
5.3322210629921258
 21
-3.6385971259842518
 31
0
  0
LINE
  5
117
330
22
100
AcDbEntity
  8
F.Cu
  6
CONTINUOUS
100
AcDbLine
 10
5.3322210629921258
 20
-3.6385971259842518
 30
0
 11
5.3376756692913387
 21
-3.6422417716535431
 31
0
  0
LINE
  5
118
330
22
100
AcDbEntity
  8
F.Cu
  6
CONTINUOUS
100
AcDbLine
 10
5.3376756692913387
 20
-3.6422417716535431
 30
0
 11
5.3423144488188976
 21
-3.6468805511811024
 31
0
  0
LINE
  5
119
330
22
100
AcDbEntity
  8
F.Cu
  6
CONTINUOUS
100
AcDbLine
 10
5.3423144488188976
 20
-3.6468805511811024
 30
0
 11
5.3459590944881885
 21
-3.6523351574803149
 31
0
  0
LINE
  5
11A
330
22
100
AcDbEntity
  8
F.Cu
  6
CONTINUOUS
100
AcDbLine
 10
5.3459590944881885
 20
-3.6523351574803149
 30
0
 11
5.3484695669291336
 21
-3.6583959842519684
 31
0
  0
LINE
  5
11B
330
22
100
AcDbEntity
  8
F.Cu
  6
CONTINUOUS
100
AcDbLine
 10
5.3484695669291336
 20
-3.6583959842519684
 30
0
 11
5.3497494094488189
 21
-3.6648301181102361
 31
0
  0
LINE
  5
11C
330
22
100
AcDbEntity
  8
F.Cu
  6
CONTINUOUS
100
AcDbLine
 10
5.3497494094488189
 20
-3.6648301181102361
 30
0
 11
5.3497494094488189
 21
-3.6713903543307085
 31
0
  0
LINE
  5
11D
330
22
100
AcDbEntity
  8
F.Cu
  6
CONTINUOUS
100
AcDbLine
 10
5.3497494094488189
 20
-3.6713903543307085
 30
0
 11
5.3484695669291336
 21
-3.6778244881889761
 31
0
  0
LINE
  5
11E
330
22
100
AcDbEntity
  8
F.Cu
  6
CONTINUOUS
100
AcDbLine
 10
5.3484695669291336
 20
-3.6778244881889761
 30
0
 11
5.3459590944881885
 21
-3.6838853149606297
 31
0
  0
LINE
  5
11F
330
22
100
AcDbEntity
  8
F.Cu
  6
CONTINUOUS
100
AcDbLine
 10
5.3459590944881885
 20
-3.6838853149606297
 30
0
 11
5.3423144488188976
 21
-3.6893399212598426
 31
0
  0
LINE
  5
120
330
22
100
AcDbEntity
  8
F.Cu
  6
CONTINUOUS
100
AcDbLine
 10
5.3423144488188976
 20
-3.6893399212598426
 30
0
 11
5.3376756692913387
 21
-3.6939787007874014
 31
0
  0
LINE
  5
121
330
22
100
AcDbEntity
  8
F.Cu
  6
CONTINUOUS
100
AcDbLine
 10
5.3376756692913387
 20
-3.6939787007874014
 30
0
 11
5.3322210629921258
 21
-3.6976233464566928
 31
0
  0
LINE
  5
122
330
22
100
AcDbEntity
  8
F.Cu
  6
CONTINUOUS
100
AcDbLine
 10
5.3322210629921258
 20
-3.6976233464566928
 30
0
 11
5.3261602362204723
 21
-3.7001338188976378
 31
0
  0
LINE
  5
123
330
22
100
AcDbEntity
  8
F.Cu
  6
CONTINUOUS
100
AcDbLine
 10
5.3261602362204723
 20
-3.7001338188976378
 30
0
 11
5.3197261023622042
 21
-3.7014136614173228
 31
0
  0
LINE
  5
124
330
22
100
AcDbEntity
  8
F.Cu
  6
CONTINUOUS
100
AcDbLine
 10
5.3197261023622042
 20
-3.7014136614173228
 30
0
 11
5.3131658661417323
 21
-3.7014136614173228
 31
0
  0
LINE
  5
125
330
22
100
AcDbEntity
  8
F.Cu
  6
CONTINUOUS
100
AcDbLine
 10
5.3131658661417323
 20
-3.7014136614173228
 30
0
 11
5.3067317322834642
 21
-3.7001338188976378
 31
0
  0
LINE
  5
126
330
22
100
AcDbEntity
  8
F.Cu
  6
CONTINUOUS
100
AcDbLine
 10
5.3067317322834642
 20
-3.7001338188976378
 30
0
 11
5.3006709055118106
 21
-3.6976233464566928
 31
0
  0
LINE
  5
127
330
22
100
AcDbEntity
  8
F.Cu
  6
CONTINUOUS
100
AcDbLine
 10
5.3006709055118106
 20
-3.6976233464566928
 30
0
 11
5.2952162992125986
 21
-3.6939787007874014
 31
0
  0
LINE
  5
128
330
22
100
AcDbEntity
  8
F.Cu
  6
CONTINUOUS
100
AcDbLine
 10
5.2952162992125986
 20
-3.6939787007874014
 30
0
 11
5.2905775196850389
 21
-3.6893399212598426
 31
0
  0
LINE
  5
129
330
22
100
AcDbEntity
  8
F.Cu
  6
CONTINUOUS
100
AcDbLine
 10
5.2905775196850389
 20
-3.6893399212598426
 30
0
 11
5.286932874015748
 21
-3.6838853149606297
 31
0
  0
LINE
  5
12A
330
22
100
AcDbEntity
  8
F.Cu
  6
CONTINUOUS
100
AcDbLine
 10
5.286932874015748
 20
-3.6838853149606297
 30
0
 11
5.2867699999999997
 21
-3.6834921259842517
 31
0
  0
LINE
  5
12B
330
22
100
AcDbEntity
  8
F.Cu
  6
CONTINUOUS
100
AcDbLine
 10
5.2867699999999997
 20
-3.6834921259842517
 30
0
 11
5.2287926771653543
 21
-3.6834921259842517
 31
0
  0
LINE
  5
12C
330
22
100
AcDbEntity
  8
F.Cu
  6
CONTINUOUS
100
AcDbLine
 10
5.2287926771653543
 20
-3.6834921259842517
 30
0
 11
5.0986377952755904
 21
-3.8136470078740157
 31
0
  0
LINE
  5
12D
330
22
100
AcDbEntity
  8
F.Cu
  6
CONTINUOUS
100
AcDbLine
 10
5.0986377952755904
 20
-3.8136470078740157
 30
0
 11
5.0986377952755904
 21
-4.5633136220472439
 31
0
  0
LINE
  5
12E
330
22
100
AcDbEntity
  8
F.Cu
  6
CONTINUOUS
100
AcDbLine
 10
5.0986377952755904
 20
-4.5633136220472439
 30
0
 11
5.210887125984252
 21
-4.6755629921259843
 31
0
  0
LINE
  5
12F
330
22
100
AcDbEntity
  8
F.Cu
  6
CONTINUOUS
100
AcDbLine
 10
5.210887125984252
 20
-4.6755629921259843
 30
0
 11
5.2632950000000003
 21
-4.6755629921259843
 31
0
  0
LINE
  5
130
330
22
100
AcDbEntity
  8
F.Cu
  6
CONTINUOUS
100
AcDbLine
 10
5.2632950000000003
 20
-4.6755629921259843
 30
0
 11
5.2632950000000003
 21
-4.6732283464566926
 31
0
  0
LINE
  5
131
330
22
100
AcDbEntity
  8
F.Cu
  6
CONTINUOUS
100
AcDbLine
 10
5.2632950000000003
 20
-4.6732283464566926
 30
0
 11
5.2947910629921262
 21
-4.6732283464566926
 31
0
  0
LINE
  5
132
330
22
100
AcDbEntity
  8
F.Cu
  6
CONTINUOUS
100
AcDbLine
 10
5.2947910629921262
 20
-4.6732283464566926
 30
0
 11
5.2947910629921262
 21
-4.7086614173228343
 31
0
  0
LINE
  5
133
330
22
100
AcDbEntity
  8
F.Cu
  6
CONTINUOUS
100
AcDbLine
 10
5.2947910629921262
 20
-4.7086614173228343
 30
0
 11
5.2632950000000003
 21
-4.7086614173228343
 31
0
  0
LINE
  5
134
330
22
100
AcDbEntity
  8
F.Cu
  6
CONTINUOUS
100
AcDbLine
 10
5.2632950000000003
 20
-4.7086614173228343
 30
0
 11
5.2632950000000003
 21
-4.7063267716535435
 31
0
  0
LINE
  5
135
330
22
100
AcDbEntity
  8
F.Cu
  6
CONTINUOUS
100
AcDbLine
 10
5.2632950000000003
 20
-4.7063267716535435
 30
0
 11
5.2045157480314961
 21
-4.7063267716535435
 31
0
  0
LINE
  5
136
330
22
100
AcDbEntity
  8
F.Cu
  6
CONTINUOUS
100
AcDbLine
 10
5.2045157480314961
 20
-4.7063267716535435
 30
0
 11
5.2025079921259838
 21
-4.7061951968503939
 31
0
  0
LINE
  5
137
330
22
100
AcDbEntity
  8
F.Cu
  6
CONTINUOUS
100
AcDbLine
 10
5.2025079921259838
 20
-4.7061951968503939
 30
0
 11
5.1993059842519687
 21
-4.7053372047244091
 31
0
  0
LINE
  5
138
330
22
100
AcDbEntity
  8
F.Cu
  6
CONTINUOUS
100
AcDbLine
 10
5.1993059842519687
 20
-4.7053372047244091
 30
0
 11
5.1986293307086617
 21
-4.7051559055118108
 31
0
  0
LINE
  5
139
330
22
100
AcDbEntity
  8
F.Cu
  6
CONTINUOUS
100
AcDbLine
 10
5.1986293307086617
 20
-4.7051559055118108
 30
0
 11
5.1951518503937004
 21
-4.7031481889763782
 31
0
  0
LINE
  5
13A
330
22
100
AcDbEntity
  8
F.Cu
  6
CONTINUOUS
100
AcDbLine
 10
5.1951518503937004
 20
-4.7031481889763782
 30
0
 11
5.1936391338582677
 21
-4.701821535433071
 31
0
  0
LINE
  5
13B
330
22
100
AcDbEntity
  8
F.Cu
  6
CONTINUOUS
100
AcDbLine
 10
5.1936391338582677
 20
-4.701821535433071
 30
0
 11
5.0723792519685036
 21
-4.5805616929133857
 31
0
  0
LINE
  5
13C
330
22
100
AcDbEntity
  8
F.Cu
  6
CONTINUOUS
100
AcDbLine
 10
5.0723792519685036
 20
-4.5805616929133857
 30
0
 11
5.0710525984251964
 21
-4.5790489370078742
 31
0
  0
LINE
  5
13D
330
22
100
AcDbEntity
  8
F.Cu
  6
CONTINUOUS
100
AcDbLine
 10
5.0710525984251964
 20
-4.5790489370078742
 30
0
 11
5.0690448818897638
 21
-4.5755714566929129
 31
0
  0
LINE
  5
13E
330
22
100
AcDbEntity
  8
F.Cu
  6
CONTINUOUS
100
AcDbLine
 10
5.0690448818897638
 20
-4.5755714566929129
 30
0
 11
5.0684381496062993
 21
-4.5733070866141734
 31
0
  0
LINE
  5
13F
330
22
100
AcDbEntity
  8
F.Cu
  6
CONTINUOUS
100
AcDbLine
 10
5.0684381496062993
 20
-4.5733070866141734
 30
0
 11
5.0680055905511807
 21
-4.5716927952755908
 31
0
  0
LINE
  5
140
330
22
100
AcDbEntity
  8
F.Cu
  6
CONTINUOUS
100
AcDbLine
 10
5.0680055905511807
 20
-4.5716927952755908
 30
0
 11
5.0678740157480311
 21
-4.5696850393700785
 31
0
  0
LINE
  5
141
330
22
100
AcDbEntity
  8
F.Cu
  6
CONTINUOUS
100
AcDbLine
 10
5.0678740157480311
 20
-4.5696850393700785
 30
0
 11
5.0678740157480311
 21
-3.8085984251968501
 31
0
  0
LINE
  5
142
330
22
100
AcDbEntity
  8
F.Cu
  6
CONTINUOUS
100
AcDbLine
 10
5.0678740157480311
 20
-3.8085984251968501
 30
0
 11
5.0678741338582673
 21
-3.8085964566929134
 31
0
  0
LINE
  5
143
330
22
100
AcDbEntity
  8
F.Cu
  6
CONTINUOUS
100
AcDbLine
 10
5.0678741338582673
 20
-3.8085964566929134
 30
0
 11
5.0678740157480311
 21
-3.8085944881889762
 31
0
  0
LINE
  5
144
330
22
100
AcDbEntity
  8
F.Cu
  6
CONTINUOUS
100
AcDbLine
 10
5.0678740157480311
 20
-3.8085944881889762
 30
0
 11
5.0678740157480311
 21
-3.8072716535433071
 31
0
  0
LINE
  5
145
330
22
100
AcDbEntity
  8
F.Cu
  6
CONTINUOUS
100
AcDbLine
 10
5.0678740157480311
 20
-3.8072716535433071
 30
0
 11
5.0680055905511807
 21
-3.8052638976377953
 31
0
  0
LINE
  5
146
330
22
100
AcDbEntity
  8
F.Cu
  6
CONTINUOUS
100
AcDbLine
 10
5.0680055905511807
 20
-3.8052638976377953
 30
0
 11
5.0690448818897638
 21
-3.8013852755905511
 31
0
  0
LINE
  5
147
330
22
100
AcDbEntity
  8
F.Cu
  6
CONTINUOUS
100
AcDbLine
 10
5.0690448818897638
 20
-3.8013852755905511
 30
0
 11
5.0710526377952752
 21
-3.7979077559055119
 31
0
  0
LINE
  5
148
330
22
100
AcDbEntity
  8
F.Cu
  6
CONTINUOUS
100
AcDbLine
 10
5.0710526377952752
 20
-3.7979077559055119
 30
0
 11
5.0710803543307081
 21
-3.7978799999999997
 31
0
  0
LINE
  5
149
330
22
100
AcDbEntity
  8
F.Cu
  6
CONTINUOUS
100
AcDbLine
 10
5.0710803543307081
 20
-3.7978799999999997
 30
0
 11
5.0723792519685036
 21
-3.7963989370078739
 31
0
  0
LINE
  5
14A
330
22
100
AcDbEntity
  8
F.Cu
  6
CONTINUOUS
100
AcDbLine
 10
5.0723792519685036
 20
-3.7963989370078739
 30
0
 11
5.2115446062992126
 21
-3.6572335826771654
 31
0
  0
LINE
  5
14B
330
22
100
AcDbEntity
  8
F.Cu
  6
CONTINUOUS
100
AcDbLine
 10
5.2115446062992126
 20
-3.6572335826771654
 30
0
 11
5.2130256692913388
 21
-3.6559346850393699
 31
0
  0
LINE
  5
14C
330
22
100
AcDbEntity
  8
F.Cu
  6
CONTINUOUS
100
AcDbLine
 10
5.2130256692913388
 20
-3.6559346850393699
 30
0
 11
5.2130534251968506
 21
-3.6559069685039369
 31
0
  0
LINE
  5
14D
330
22
100
AcDbEntity
  8
F.Cu
  6
CONTINUOUS
100
AcDbLine
 10
5.2130534251968506
 20
-3.6559069685039369
 30
0
 11
5.2165309448818897
 21
-3.6538992125984251
 31
0
  0
LINE
  5
14E
330
22
100
AcDbEntity
  8
F.Cu
  6
CONTINUOUS
100
AcDbLine
 10
5.2165309448818897
 20
-3.6538992125984251
 30
0
 11
5.2204095669291339
 21
-3.6528599212598425
 31
0
  0
LINE
  5
14F
330
22
100
AcDbEntity
  8
F.Cu
  6
CONTINUOUS
100
AcDbLine
 10
5.2204095669291339
 20
-3.6528599212598425
 30
0
 11
5.2224173228346453
 21
-3.6527283464566929
 31
0
  0
LINE
  5
150
330
22
100
AcDbEntity
  8
F.Cu
  6
CONTINUOUS
100
AcDbLine
 10
5.2224173228346453
 20
-3.6527283464566929
 30
0
 11
5.2867699999999997
 21
-3.6527283464566929
 31
0
  0
LINE
  5
151
330
22
100
AcDbEntity
  8
F.Cu
  6
CONTINUOUS
100
AcDbLine
 10
5.2867699999999997
 20
-3.6527283464566929
 30
0
 11
5.286932874015748
 21
-3.6523351574803149
 31
0
  0
LINE
  5
152
330
22
100
AcDbEntity
  8
F.Cu
  6
CONTINUOUS
100
AcDbLine
 10
5.286932874015748
 20
-3.6523351574803149
 30
0
 11
5.2905775196850389
 21
-3.6468805511811024
 31
0
  0
LINE
  5
153
330
22
100
AcDbEntity
  8
F.Cu
  6
CONTINUOUS
100
AcDbLine
 10
5.2905775196850389
 20
-3.6468805511811024
 30
0
 11
5.2952162992125986
 21
-3.6422417716535431
 31
0
  0
LINE
  5
154
330
22
100
AcDbEntity
  8
F.Cu
  6
CONTINUOUS
100
AcDbLine
 10
5.2952162992125986
 20
-3.6422417716535431
 30
0
 11
5.3006709055118106
 21
-3.6385971259842518
 31
0
  0
LINE
  5
155
330
22
100
AcDbEntity
  8
F.Cu
  6
CONTINUOUS
100
AcDbLine
 10
5.3006709055118106
 20
-3.6385971259842518
 30
0
 11
5.3067317322834642
 21
-3.6360866535433072
 31
0
  0
LINE
  5
156
330
22
100
AcDbEntity
  8
F.Cu
  6
CONTINUOUS
100
AcDbLine
 10
5.3067317322834642
 20
-3.6360866535433072
 30
0
 11
5.3131658661417323
 21
-3.6348068110236218
 31
0
  0
LINE
  5
157
330
22
100
AcDbEntity
  8
F.Cu
  6
CONTINUOUS
100
AcDbLine
 10
5.3131658661417323
 20
-3.6348068110236218
 30
0
 11
5.3197261023622042
 21
-3.6348068110236218
 31
0
  0
LINE
  5
158
330
22
100
AcDbEntity
  8
F.Cu
  6
CONTINUOUS
100
AcDbLine
 10
5.3197261023622042
 20
-3.6348068110236218
 30
0
 11
5.3261602362204723
 21
-3.6360866535433072
 31
0
  0
LINE
  5
159
330
22
100
AcDbEntity
  8
F.Cu
  6
CONTINUOUS
100
AcDbLine
 10
5.6402769291338579
 20
-4.6371909842519683
 30
0
 11
5.646426889763779
 21
-4.6397383858267718
 31
0
  0
LINE
  5
15A
330
22
100
AcDbEntity
  8
F.Cu
  6
CONTINUOUS
100
AcDbLine
 10
5.646426889763779
 20
-4.6397383858267718
 30
0
 11
5.6519616929133853
 21
-4.6434366141732282
 31
0
  0
LINE
  5
15B
330
22
100
AcDbEntity
  8
F.Cu
  6
CONTINUOUS
100
AcDbLine
 10
5.6519616929133853
 20
-4.6434366141732282
 30
0
 11
5.6566687007874012
 21
-4.6481436220472441
 31
0
  0
LINE
  5
15C
330
22
100
AcDbEntity
  8
F.Cu
  6
CONTINUOUS
100
AcDbLine
 10
5.6566687007874012
 20
-4.6481436220472441
 30
0
 11
5.6603669291338585
 21
-4.6536784251968504
 31
0
  0
LINE
  5
15D
330
22
100
AcDbEntity
  8
F.Cu
  6
CONTINUOUS
100
AcDbLine
 10
5.6603669291338585
 20
-4.6536784251968504
 30
0
 11
5.6629143307086611
 21
-4.6598283858267715
 31
0
  0
LINE
  5
15E
330
22
100
AcDbEntity
  8
F.Cu
  6
CONTINUOUS
100
AcDbLine
 10
5.6629143307086611
 20
-4.6598283858267715
 30
0
 11
5.6642129921259841
 21
-4.6663571653543308
 31
0
  0
LINE
  5
15F
330
22
100
AcDbEntity
  8
F.Cu
  6
CONTINUOUS
100
AcDbLine
 10
5.6642129921259841
 20
-4.6663571653543308
 30
0
 11
5.6642129921259841
 21
-4.6730138582677165
 31
0
  0
LINE
  5
160
330
22
100
AcDbEntity
  8
F.Cu
  6
CONTINUOUS
100
AcDbLine
 10
5.6642129921259841
 20
-4.6730138582677165
 30
0
 11
5.6629143307086611
 21
-4.6795426377952758
 31
0
  0
LINE
  5
161
330
22
100
AcDbEntity
  8
F.Cu
  6
CONTINUOUS
100
AcDbLine
 10
5.6629143307086611
 20
-4.6795426377952758
 30
0
 11
5.6603669291338585
 21
-4.6856925984251969
 31
0
  0
LINE
  5
162
330
22
100
AcDbEntity
  8
F.Cu
  6
CONTINUOUS
100
AcDbLine
 10
5.6603669291338585
 20
-4.6856925984251969
 30
0
 11
5.6566687007874012
 21
-4.6912274015748032
 31
0
  0
LINE
  5
163
330
22
100
AcDbEntity
  8
F.Cu
  6
CONTINUOUS
100
AcDbLine
 10
5.6566687007874012
 20
-4.6912274015748032
 30
0
 11
5.6519616929133853
 21
-4.6959344094488191
 31
0
  0
LINE
  5
164
330
22
100
AcDbEntity
  8
F.Cu
  6
CONTINUOUS
100
AcDbLine
 10
5.6519616929133853
 20
-4.6959344094488191
 30
0
 11
5.646426889763779
 21
-4.6996326377952755
 31
0
  0
LINE
  5
165
330
22
100
AcDbEntity
  8
F.Cu
  6
CONTINUOUS
100
AcDbLine
 10
5.646426889763779
 20
-4.6996326377952755
 30
0
 11
5.6402769291338579
 21
-4.702180039370079
 31
0
  0
LINE
  5
166
330
22
100
AcDbEntity
  8
F.Cu
  6
CONTINUOUS
100
AcDbLine
 10
5.6402769291338579
 20
-4.702180039370079
 30
0
 11
5.6337481496062987
 21
-4.703478700787401
 31
0
  0
LINE
  5
167
330
22
100
AcDbEntity
  8
F.Cu
  6
CONTINUOUS
100
AcDbLine
 10
5.6337481496062987
 20
-4.703478700787401
 30
0
 11
5.6270914566929129
 21
-4.703478700787401
 31
0
  0
LINE
  5
168
330
22
100
AcDbEntity
  8
F.Cu
  6
CONTINUOUS
100
AcDbLine
 10
5.6270914566929129
 20
-4.703478700787401
 30
0
 11
5.6205626771653545
 21
-4.702180039370079
 31
0
  0
LINE
  5
169
330
22
100
AcDbEntity
  8
F.Cu
  6
CONTINUOUS
100
AcDbLine
 10
5.6205626771653545
 20
-4.702180039370079
 30
0
 11
5.6144127165354325
 21
-4.6996326377952755
 31
0
  0
LINE
  5
16A
330
22
100
AcDbEntity
  8
F.Cu
  6
CONTINUOUS
100
AcDbLine
 10
5.6144127165354325
 20
-4.6996326377952755
 30
0
 11
5.6088779133858271
 21
-4.6959344094488191
 31
0
  0
LINE
  5
16B
330
22
100
AcDbEntity
  8
F.Cu
  6
CONTINUOUS
100
AcDbLine
 10
5.6088779133858271
 20
-4.6959344094488191
 30
0
 11
5.6041709055118112
 21
-4.6912274015748032
 31
0
  0
LINE
  5
16C
330
22
100
AcDbEntity
  8
F.Cu
  6
CONTINUOUS
100
AcDbLine
 10
5.6041709055118112
 20
-4.6912274015748032
 30
0
 11
5.6004726771653539
 21
-4.6856925984251969
 31
0
  0
LINE
  5
16D
330
22
100
AcDbEntity
  8
F.Cu
  6
CONTINUOUS
100
AcDbLine
 10
5.6004726771653539
 20
-4.6856925984251969
 30
0
 11
5.5979252755905513
 21
-4.6795426377952758
 31
0
  0
LINE
  5
16E
330
22
100
AcDbEntity
  8
F.Cu
  6
CONTINUOUS
100
AcDbLine
 10
5.5979252755905513
 20
-4.6795426377952758
 30
0
 11
5.5966266141732284
 21
-4.6730138582677165
 31
0
  0
LINE
  5
16F
330
22
100
AcDbEntity
  8
F.Cu
  6
CONTINUOUS
100
AcDbLine
 10
5.5966266141732284
 20
-4.6730138582677165
 30
0
 11
5.5966266141732284
 21
-4.6663571653543308
 31
0
  0
LINE
  5
170
330
22
100
AcDbEntity
  8
F.Cu
  6
CONTINUOUS
100
AcDbLine
 10
5.5966266141732284
 20
-4.6663571653543308
 30
0
 11
5.5979252755905513
 21
-4.6598283858267715
 31
0
  0
LINE
  5
171
330
22
100
AcDbEntity
  8
F.Cu
  6
CONTINUOUS
100
AcDbLine
 10
5.5979252755905513
 20
-4.6598283858267715
 30
0
 11
5.6004726771653539
 21
-4.6536784251968504
 31
0
  0
LINE
  5
172
330
22
100
AcDbEntity
  8
F.Cu
  6
CONTINUOUS
100
AcDbLine
 10
5.6004726771653539
 20
-4.6536784251968504
 30
0
 11
5.6041709055118112
 21
-4.6481436220472441
 31
0
  0
LINE
  5
173
330
22
100
AcDbEntity
  8
F.Cu
  6
CONTINUOUS
100
AcDbLine
 10
5.6041709055118112
 20
-4.6481436220472441
 30
0
 11
5.6088779133858271
 21
-4.6434366141732282
 31
0
  0
LINE
  5
174
330
22
100
AcDbEntity
  8
F.Cu
  6
CONTINUOUS
100
AcDbLine
 10
5.6088779133858271
 20
-4.6434366141732282
 30
0
 11
5.6144127165354325
 21
-4.6397383858267718
 31
0
  0
LINE
  5
175
330
22
100
AcDbEntity
  8
F.Cu
  6
CONTINUOUS
100
AcDbLine
 10
5.6144127165354325
 20
-4.6397383858267718
 30
0
 11
5.6205626771653545
 21
-4.6371909842519683
 31
0
  0
LINE
  5
176
330
22
100
AcDbEntity
  8
F.Cu
  6
CONTINUOUS
100
AcDbLine
 10
5.6205626771653545
 20
-4.6371909842519683
 30
0
 11
5.6270914566929129
 21
-4.6358923228346454
 31
0
  0
LINE
  5
177
330
22
100
AcDbEntity
  8
F.Cu
  6
CONTINUOUS
100
AcDbLine
 10
5.6270914566929129
 20
-4.6358923228346454
 30
0
 11
5.6337481496062987
 21
-4.6358923228346454
 31
0
  0
LINE
  5
178
330
22
100
AcDbEntity
  8
F.Cu
  6
CONTINUOUS
100
AcDbLine
 10
5.6337481496062987
 20
-4.6358923228346454
 30
0
 11
5.6402769291338579
 21
-4.6371909842519683
 31
0
  0
LINE
  5
179
330
22
100
AcDbEntity
  8
F.Cu
  6
CONTINUOUS
100
AcDbLine
 10
6.2402769291338585
 20
-4.6371865748031498
 30
0
 11
6.2464268897637796
 21
-4.6397339763779524
 31
0
  0
LINE
  5
17A
330
22
100
AcDbEntity
  8
F.Cu
  6
CONTINUOUS
100
AcDbLine
 10
6.2464268897637796
 20
-4.6397339763779524
 30
0
 11
6.2519616929133859
 21
-4.6434322047244097
 31
0
  0
LINE
  5
17B
330
22
100
AcDbEntity
  8
F.Cu
  6
CONTINUOUS
100
AcDbLine
 10
6.2519616929133859
 20
-4.6434322047244097
 30
0
 11
6.2566687007874018
 21
-4.6481392125984247
 31
0
  0
LINE
  5
17C
330
22
100
AcDbEntity
  8
F.Cu
  6
CONTINUOUS
100
AcDbLine
 10
6.2566687007874018
 20
-4.6481392125984247
 30
0
 11
6.2603669291338582
 21
-4.653674015748031
 31
0
  0
LINE
  5
17D
330
22
100
AcDbEntity
  8
F.Cu
  6
CONTINUOUS
100
AcDbLine
 10
6.2603669291338582
 20
-4.653674015748031
 30
0
 11
6.2629143307086617
 21
-4.659823976377953
 31
0
  0
LINE
  5
17E
330
22
100
AcDbEntity
  8
F.Cu
  6
CONTINUOUS
100
AcDbLine
 10
6.2629143307086617
 20
-4.659823976377953
 30
0
 11
6.2642129921259837
 21
-4.6663527559055114
 31
0
  0
LINE
  5
17F
330
22
100
AcDbEntity
  8
F.Cu
  6
CONTINUOUS
100
AcDbLine
 10
6.2642129921259837
 20
-4.6663527559055114
 30
0
 11
6.2642129921259837
 21
-4.6730094488188971
 31
0
  0
LINE
  5
180
330
22
100
AcDbEntity
  8
F.Cu
  6
CONTINUOUS
100
AcDbLine
 10
6.2642129921259837
 20
-4.6730094488188971
 30
0
 11
6.2629143307086617
 21
-4.6795382283464564
 31
0
  0
LINE
  5
181
330
22
100
AcDbEntity
  8
F.Cu
  6
CONTINUOUS
100
AcDbLine
 10
6.2629143307086617
 20
-4.6795382283464564
 30
0
 11
6.2603669291338582
 21
-4.6856881889763775
 31
0
  0
LINE
  5
182
330
22
100
AcDbEntity
  8
F.Cu
  6
CONTINUOUS
100
AcDbLine
 10
6.2603669291338582
 20
-4.6856881889763775
 30
0
 11
6.2566687007874018
 21
-4.6912229921259838
 31
0
  0
LINE
  5
183
330
22
100
AcDbEntity
  8
F.Cu
  6
CONTINUOUS
100
AcDbLine
 10
6.2566687007874018
 20
-4.6912229921259838
 30
0
 11
6.2519616929133859
 21
-4.6959299999999997
 31
0
  0
LINE
  5
184
330
22
100
AcDbEntity
  8
F.Cu
  6
CONTINUOUS
100
AcDbLine
 10
6.2519616929133859
 20
-4.6959299999999997
 30
0
 11
6.2464268897637796
 21
-4.699628228346457
 31
0
  0
LINE
  5
185
330
22
100
AcDbEntity
  8
F.Cu
  6
CONTINUOUS
100
AcDbLine
 10
6.2464268897637796
 20
-4.699628228346457
 30
0
 11
6.2402769291338585
 21
-4.7021756299212596
 31
0
  0
LINE
  5
186
330
22
100
AcDbEntity
  8
F.Cu
  6
CONTINUOUS
100
AcDbLine
 10
6.2402769291338585
 20
-4.7021756299212596
 30
0
 11
6.2337481496062992
 21
-4.7034742913385825
 31
0
  0
LINE
  5
187
330
22
100
AcDbEntity
  8
F.Cu
  6
CONTINUOUS
100
AcDbLine
 10
6.2337481496062992
 20
-4.7034742913385825
 30
0
 11
6.2270914566929134
 21
-4.7034742913385825
 31
0
  0
LINE
  5
188
330
22
100
AcDbEntity
  8
F.Cu
  6
CONTINUOUS
100
AcDbLine
 10
6.2270914566929134
 20
-4.7034742913385825
 30
0
 11
6.2205626771653542
 21
-4.7021756299212596
 31
0
  0
LINE
  5
189
330
22
100
AcDbEntity
  8
F.Cu
  6
CONTINUOUS
100
AcDbLine
 10
6.2205626771653542
 20
-4.7021756299212596
 30
0
 11
6.214412716535433
 21
-4.699628228346457
 31
0
  0
LINE
  5
18A
330
22
100
AcDbEntity
  8
F.Cu
  6
CONTINUOUS
100
AcDbLine
 10
6.214412716535433
 20
-4.699628228346457
 30
0
 11
6.2088779133858267
 21
-4.6959299999999997
 31
0
  0
LINE
  5
18B
330
22
100
AcDbEntity
  8
F.Cu
  6
CONTINUOUS
100
AcDbLine
 10
6.2088779133858267
 20
-4.6959299999999997
 30
0
 11
6.2041709055118108
 21
-4.6912229921259838
 31
0
  0
LINE
  5
18C
330
22
100
AcDbEntity
  8
F.Cu
  6
CONTINUOUS
100
AcDbLine
 10
6.2041709055118108
 20
-4.6912229921259838
 30
0
 11
6.2004726771653544
 21
-4.6856881889763775
 31
0
  0
LINE
  5
18D
330
22
100
AcDbEntity
  8
F.Cu
  6
CONTINUOUS
100
AcDbLine
 10
6.2004726771653544
 20
-4.6856881889763775
 30
0
 11
6.197925275590551
 21
-4.6795382283464564
 31
0
  0
LINE
  5
18E
330
22
100
AcDbEntity
  8
F.Cu
  6
CONTINUOUS
100
AcDbLine
 10
6.197925275590551
 20
-4.6795382283464564
 30
0
 11
6.196626614173228
 21
-4.6730094488188971
 31
0
  0
LINE
  5
18F
330
22
100
AcDbEntity
  8
F.Cu
  6
CONTINUOUS
100
AcDbLine
 10
6.196626614173228
 20
-4.6730094488188971
 30
0
 11
6.196626614173228
 21
-4.6663527559055114
 31
0
  0
LINE
  5
190
330
22
100
AcDbEntity
  8
F.Cu
  6
CONTINUOUS
100
AcDbLine
 10
6.196626614173228
 20
-4.6663527559055114
 30
0
 11
6.197925275590551
 21
-4.659823976377953
 31
0
  0
LINE
  5
191
330
22
100
AcDbEntity
  8
F.Cu
  6
CONTINUOUS
100
AcDbLine
 10
6.197925275590551
 20
-4.659823976377953
 30
0
 11
6.2004726771653544
 21
-4.653674015748031
 31
0
  0
LINE
  5
192
330
22
100
AcDbEntity
  8
F.Cu
  6
CONTINUOUS
100
AcDbLine
 10
6.2004726771653544
 20
-4.653674015748031
 30
0
 11
6.2041709055118108
 21
-4.6481392125984247
 31
0
  0
LINE
  5
193
330
22
100
AcDbEntity
  8
F.Cu
  6
CONTINUOUS
100
AcDbLine
 10
6.2041709055118108
 20
-4.6481392125984247
 30
0
 11
6.2088779133858267
 21
-4.6434322047244097
 31
0
  0
LINE
  5
194
330
22
100
AcDbEntity
  8
F.Cu
  6
CONTINUOUS
100
AcDbLine
 10
6.2088779133858267
 20
-4.6434322047244097
 30
0
 11
6.214412716535433
 21
-4.6397339763779524
 31
0
  0
LINE
  5
195
330
22
100
AcDbEntity
  8
F.Cu
  6
CONTINUOUS
100
AcDbLine
 10
6.214412716535433
 20
-4.6397339763779524
 30
0
 11
6.2205626771653542
 21
-4.6371865748031498
 31
0
  0
LINE
  5
196
330
22
100
AcDbEntity
  8
F.Cu
  6
CONTINUOUS
100
AcDbLine
 10
6.2205626771653542
 20
-4.6371865748031498
 30
0
 11
6.2270914566929134
 21
-4.6358879133858268
 31
0
  0
LINE
  5
197
330
22
100
AcDbEntity
  8
F.Cu
  6
CONTINUOUS
100
AcDbLine
 10
6.2270914566929134
 20
-4.6358879133858268
 30
0
 11
6.2337481496062992
 21
-4.6358879133858268
 31
0
  0
LINE
  5
198
330
22
100
AcDbEntity
  8
F.Cu
  6
CONTINUOUS
100
AcDbLine
 10
6.2337481496062992
 20
-4.6358879133858268
 30
0
 11
6.2402769291338585
 21
-4.6371865748031498
 31
0
  0
LINE
  5
199
330
22
100
AcDbEntity
  8
F.Cu
  6
CONTINUOUS
100
AcDbLine
 10
5.891804960629921
 20
-3.9356297244094489
 30
0
 11
5.8934820078740158
 21
-3.9367502755905512
 31
0
  0
LINE
  5
19A
330
22
100
AcDbEntity
  8
F.Cu
  6
CONTINUOUS
100
AcDbLine
 10
5.8934820078740158
 20
-3.9367502755905512
 30
0
 11
5.8946025590551177
 21
-3.9384273228346456
 31
0
  0
LINE
  5
19B
330
22
100
AcDbEntity
  8
F.Cu
  6
CONTINUOUS
100
AcDbLine
 10
5.8946025590551177
 20
-3.9384273228346456
 30
0
 11
5.8949960629921261
 21
-3.9404055118110235
 31
0
  0
LINE
  5
19C
330
22
100
AcDbEntity
  8
F.Cu
  6
CONTINUOUS
100
AcDbLine
 10
5.8949960629921261
 20
-3.9404055118110235
 30
0
 11
5.8949960629921261
 21
-3.9989645669291338
 31
0
  0
LINE
  5
19D
330
22
100
AcDbEntity
  8
F.Cu
  6
CONTINUOUS
100
AcDbLine
 10
5.8949960629921261
 20
-3.9989645669291338
 30
0
 11
5.8946025590551177
 21
-4.0009427559055117
 31
0
  0
LINE
  5
19E
330
22
100
AcDbEntity
  8
F.Cu
  6
CONTINUOUS
100
AcDbLine
 10
5.8946025590551177
 20
-4.0009427559055117
 30
0
 11
5.8934820078740158
 21
-4.0026198031496065
 31
0
  0
LINE
  5
19F
330
22
100
AcDbEntity
  8
F.Cu
  6
CONTINUOUS
100
AcDbLine
 10
5.8934820078740158
 20
-4.0026198031496065
 30
0
 11
5.891804960629921
 21
-4.0037403543307084
 31
0
  0
LINE
  5
1A0
330
22
100
AcDbEntity
  8
F.Cu
  6
CONTINUOUS
100
AcDbLine
 10
5.891804960629921
 20
-4.0037403543307084
 30
0
 11
5.8898267716535431
 21
-4.0041338582677168
 31
0
  0
LINE
  5
1A1
330
22
100
AcDbEntity
  8
F.Cu
  6
CONTINUOUS
100
AcDbLine
 10
5.8898267716535431
 20
-4.0041338582677168
 30
0
 11
5.8558740157480313
 21
-4.0041338582677168
 31
0
  0
LINE
  5
1A2
330
22
100
AcDbEntity
  8
F.Cu
  6
CONTINUOUS
100
AcDbLine
 10
5.8558740157480313
 20
-4.0041338582677168
 30
0
 11
5.8538958267716534
 21
-4.0037403543307084
 31
0
  0
LINE
  5
1A3
330
22
100
AcDbEntity
  8
F.Cu
  6
CONTINUOUS
100
AcDbLine
 10
5.8538958267716534
 20
-4.0037403543307084
 30
0
 11
5.8522187795275586
 21
-4.0026198031496065
 31
0
  0
LINE
  5
1A4
330
22
100
AcDbEntity
  8
F.Cu
  6
CONTINUOUS
100
AcDbLine
 10
5.8522187795275586
 20
-4.0026198031496065
 30
0
 11
5.8510982283464568
 21
-4.0009427559055117
 31
0
  0
LINE
  5
1A5
330
22
100
AcDbEntity
  8
F.Cu
  6
CONTINUOUS
100
AcDbLine
 10
5.8510982283464568
 20
-4.0009427559055117
 30
0
 11
5.8507047244094483
 21
-3.9989645669291338
 31
0
  0
LINE
  5
1A6
330
22
100
AcDbEntity
  8
F.Cu
  6
CONTINUOUS
100
AcDbLine
 10
5.8507047244094483
 20
-3.9989645669291338
 30
0
 11
5.8507047244094483
 21
-3.9746850393700788
 31
0
  0
LINE
  5
1A7
330
22
100
AcDbEntity
  8
F.Cu
  6
CONTINUOUS
100
AcDbLine
 10
5.8507047244094483
 20
-3.9746850393700788
 30
0
 11
5.6638754330708663
 21
-3.9746850393700788
 31
0
  0
LINE
  5
1A8
330
22
100
AcDbEntity
  8
F.Cu
  6
CONTINUOUS
100
AcDbLine
 10
5.6638754330708663
 20
-3.9746850393700788
 30
0
 11
5.6629091732283463
 21
-3.9795426377952756
 31
0
  0
LINE
  5
1A9
330
22
100
AcDbEntity
  8
F.Cu
  6
CONTINUOUS
100
AcDbLine
 10
5.6629091732283463
 20
-3.9795426377952756
 30
0
 11
5.6603617716535428
 21
-3.9856925984251967
 31
0
  0
LINE
  5
1AA
330
22
100
AcDbEntity
  8
F.Cu
  6
CONTINUOUS
100
AcDbLine
 10
5.6603617716535428
 20
-3.9856925984251967
 30
0
 11
5.6566635433070864
 21
-3.991227401574803
 31
0
  0
LINE
  5
1AB
330
22
100
AcDbEntity
  8
F.Cu
  6
CONTINUOUS
100
AcDbLine
 10
5.6566635433070864
 20
-3.991227401574803
 30
0
 11
5.6519565354330705
 21
-3.9959344094488189
 31
0
  0
LINE
  5
1AC
330
22
100
AcDbEntity
  8
F.Cu
  6
CONTINUOUS
100
AcDbLine
 10
5.6519565354330705
 20
-3.9959344094488189
 30
0
 11
5.6464217322834642
 21
-3.9996326377952753
 31
0
  0
LINE
  5
1AD
330
22
100
AcDbEntity
  8
F.Cu
  6
CONTINUOUS
100
AcDbLine
 10
5.6464217322834642
 20
-3.9996326377952753
 30
0
 11
5.6402717716535431
 21
-4.0021800393700788
 31
0
  0
LINE
  5
1AE
330
22
100
AcDbEntity
  8
F.Cu
  6
CONTINUOUS
100
AcDbLine
 10
5.6402717716535431
 20
-4.0021800393700788
 30
0
 11
5.6337429921259838
 21
-4.0034787007874018
 31
0
  0
LINE
  5
1AF
330
22
100
AcDbEntity
  8
F.Cu
  6
CONTINUOUS
100
AcDbLine
 10
5.6337429921259838
 20
-4.0034787007874018
 30
0
 11
5.6270862992125981
 21
-4.0034787007874018
 31
0
  0
LINE
  5
1B0
330
22
100
AcDbEntity
  8
F.Cu
  6
CONTINUOUS
100
AcDbLine
 10
5.6270862992125981
 20
-4.0034787007874018
 30
0
 11
5.6205575196850388
 21
-4.0021800393700788
 31
0
  0
LINE
  5
1B1
330
22
100
AcDbEntity
  8
F.Cu
  6
CONTINUOUS
100
AcDbLine
 10
5.6205575196850388
 20
-4.0021800393700788
 30
0
 11
5.6144075590551177
 21
-3.9996326377952753
 31
0
  0
LINE
  5
1B2
330
22
100
AcDbEntity
  8
F.Cu
  6
CONTINUOUS
100
AcDbLine
 10
5.6144075590551177
 20
-3.9996326377952753
 30
0
 11
5.6102912204724404
 21
-3.9968822047244092
 31
0
  0
LINE
  5
1B3
330
22
100
AcDbEntity
  8
F.Cu
  6
CONTINUOUS
100
AcDbLine
 10
5.6102912204724404
 20
-3.9968822047244092
 30
0
 11
5.4619527559055117
 21
-4.1452207086614168
 31
0
  0
LINE
  5
1B4
330
22
100
AcDbEntity
  8
F.Cu
  6
CONTINUOUS
100
AcDbLine
 10
5.4619527559055117
 20
-4.1452207086614168
 30
0
 11
5.4619527559055117
 21
-4.5272677165354329
 31
0
  0
LINE
  5
1B5
330
22
100
AcDbEntity
  8
F.Cu
  6
CONTINUOUS
100
AcDbLine
 10
5.4619527559055117
 20
-4.5272677165354329
 30
0
 11
5.4618566929133854
 21
-4.5282431496062987
 31
0
  0
LINE
  5
1B6
330
22
100
AcDbEntity
  8
F.Cu
  6
CONTINUOUS
100
AcDbLine
 10
5.4618566929133854
 20
-4.5282431496062987
 30
0
 11
5.4611101181102359
 21
-4.530045551181102
 31
0
  0
LINE
  5
1B7
330
22
100
AcDbEntity
  8
F.Cu
  6
CONTINUOUS
100
AcDbLine
 10
5.4611101181102359
 20
-4.530045551181102
 30
0
 11
5.4611100787401572
 21
-4.5300455905511807
 31
0
  0
LINE
  5
1B8
330
22
100
AcDbEntity
  8
F.Cu
  6
CONTINUOUS
100
AcDbLine
 10
5.4611100787401572
 20
-4.5300455905511807
 30
0
 11
5.4604882677165349
 21
-4.5308032677165357
 31
0
  0
LINE
  5
1B9
330
22
100
AcDbEntity
  8
F.Cu
  6
CONTINUOUS
100
AcDbLine
 10
5.4604882677165349
 20
-4.5308032677165357
 30
0
 11
5.3903701968503936
 21
-4.6009213779527558
 31
0
  0
LINE
  5
1BA
330
22
100
AcDbEntity
  8
F.Cu
  6
CONTINUOUS
100
AcDbLine
 10
5.3903701968503936
 20
-4.6009213779527558
 30
0
 11
5.3896125196850395
 21
-4.6015431496062993
 31
0
  0
LINE
  5
1BB
330
22
100
AcDbEntity
  8
F.Cu
  6
CONTINUOUS
100
AcDbLine
 10
5.3896125196850395
 20
-4.6015431496062993
 30
0
 11
5.3896124803149608
 21
-4.601543188976378
 31
0
  0
LINE
  5
1BC
330
22
100
AcDbEntity
  8
F.Cu
  6
CONTINUOUS
100
AcDbLine
 10
5.3896124803149608
 20
-4.601543188976378
 30
0
 11
5.3885566929133857
 21
-4.6019804724409452
 31
0
  0
LINE
  5
1BD
330
22
100
AcDbEntity
  8
F.Cu
  6
CONTINUOUS
100
AcDbLine
 10
5.3885566929133857
 20
-4.6019804724409452
 30
0
 11
5.3878101181102362
 21
-4.6022897637795275
 31
0
  0
LINE
  5
1BE
330
22
100
AcDbEntity
  8
F.Cu
  6
CONTINUOUS
100
AcDbLine
 10
5.3878101181102362
 20
-4.6022897637795275
 30
0
 11
5.3878100787401575
 21
-4.6022897637795275
 31
0
  0
LINE
  5
1BF
330
22
100
AcDbEntity
  8
F.Cu
  6
CONTINUOUS
100
AcDbLine
 10
5.3878100787401575
 20
-4.6022897637795275
 30
0
 11
5.3868346456692908
 21
-4.6023858267716538
 31
0
  0
LINE
  5
1C0
330
22
100
AcDbEntity
  8
F.Cu
  6
CONTINUOUS
100
AcDbLine
 10
5.3868346456692908
 20
-4.6023858267716538
 30
0
 11
5.2760909842519688
 21
-4.6023858267716538
 31
0
  0
LINE
  5
1C1
330
22
100
AcDbEntity
  8
F.Cu
  6
CONTINUOUS
100
AcDbLine
 10
5.2760909842519688
 20
-4.6023858267716538
 30
0
 11
5.2760909842519688
 21
-4.6143622047244097
 31
0
  0
LINE
  5
1C2
330
22
100
AcDbEntity
  8
F.Cu
  6
CONTINUOUS
100
AcDbLine
 10
5.2760909842519688
 20
-4.6143622047244097
 30
0
 11
5.2756974803149603
 21
-4.6163403937007876
 31
0
  0
LINE
  5
1C3
330
22
100
AcDbEntity
  8
F.Cu
  6
CONTINUOUS
100
AcDbLine
 10
5.2756974803149603
 20
-4.6163403937007876
 30
0
 11
5.2745769291338584
 21
-4.6180174409448815
 31
0
  0
LINE
  5
1C4
330
22
100
AcDbEntity
  8
F.Cu
  6
CONTINUOUS
100
AcDbLine
 10
5.2745769291338584
 20
-4.6180174409448815
 30
0
 11
5.2728998818897637
 21
-4.6191379921259843
 31
0
  0
LINE
  5
1C5
330
22
100
AcDbEntity
  8
F.Cu
  6
CONTINUOUS
100
AcDbLine
 10
5.2728998818897637
 20
-4.6191379921259843
 30
0
 11
5.2709216929133857
 21
-4.6195314960629918
 31
0
  0
LINE
  5
1C6
330
22
100
AcDbEntity
  8
F.Cu
  6
CONTINUOUS
100
AcDbLine
 10
5.2709216929133857
 20
-4.6195314960629918
 30
0
 11
5.2123626377952759
 21
-4.6195314960629918
 31
0
  0
LINE
  5
1C7
330
22
100
AcDbEntity
  8
F.Cu
  6
CONTINUOUS
100
AcDbLine
 10
5.2123626377952759
 20
-4.6195314960629918
 30
0
 11
5.210384448818898
 21
-4.6191379921259843
 31
0
  0
LINE
  5
1C8
330
22
100
AcDbEntity
  8
F.Cu
  6
CONTINUOUS
100
AcDbLine
 10
5.210384448818898
 20
-4.6191379921259843
 30
0
 11
5.2087074015748032
 21
-4.6180174409448815
 31
0
  0
LINE
  5
1C9
330
22
100
AcDbEntity
  8
F.Cu
  6
CONTINUOUS
100
AcDbLine
 10
5.2087074015748032
 20
-4.6180174409448815
 30
0
 11
5.2075868503937004
 21
-4.6163403937007876
 31
0
  0
LINE
  5
1CA
330
22
100
AcDbEntity
  8
F.Cu
  6
CONTINUOUS
100
AcDbLine
 10
5.2075868503937004
 20
-4.6163403937007876
 30
0
 11
5.2071933464566929
 21
-4.6143622047244097
 31
0
  0
LINE
  5
1CB
330
22
100
AcDbEntity
  8
F.Cu
  6
CONTINUOUS
100
AcDbLine
 10
5.2071933464566929
 20
-4.6143622047244097
 30
0
 11
5.2071933464566929
 21
-4.5804094488188971
 31
0
  0
LINE
  5
1CC
330
22
100
AcDbEntity
  8
F.Cu
  6
CONTINUOUS
100
AcDbLine
 10
5.2071933464566929
 20
-4.5804094488188971
 30
0
 11
5.2075868503937004
 21
-4.5784312598425192
 31
0
  0
LINE
  5
1CD
330
22
100
AcDbEntity
  8
F.Cu
  6
CONTINUOUS
100
AcDbLine
 10
5.2075868503937004
 20
-4.5784312598425192
 30
0
 11
5.2087074015748032
 21
-4.5767542125984253
 31
0
  0
LINE
  5
1CE
330
22
100
AcDbEntity
  8
F.Cu
  6
CONTINUOUS
100
AcDbLine
 10
5.2087074015748032
 20
-4.5767542125984253
 30
0
 11
5.210384448818898
 21
-4.5756336614173225
 31
0
  0
LINE
  5
1CF
330
22
100
AcDbEntity
  8
F.Cu
  6
CONTINUOUS
100
AcDbLine
 10
5.210384448818898
 20
-4.5756336614173225
 30
0
 11
5.2123626377952759
 21
-4.575240157480315
 31
0
  0
LINE
  5
1D0
330
22
100
AcDbEntity
  8
F.Cu
  6
CONTINUOUS
100
AcDbLine
 10
5.2123626377952759
 20
-4.575240157480315
 30
0
 11
5.2709216929133857
 21
-4.575240157480315
 31
0
  0
LINE
  5
1D1
330
22
100
AcDbEntity
  8
F.Cu
  6
CONTINUOUS
100
AcDbLine
 10
5.2709216929133857
 20
-4.575240157480315
 30
0
 11
5.2728998818897637
 21
-4.5756336614173225
 31
0
  0
LINE
  5
1D2
330
22
100
AcDbEntity
  8
F.Cu
  6
CONTINUOUS
100
AcDbLine
 10
5.2728998818897637
 20
-4.5756336614173225
 30
0
 11
5.2745769291338584
 21
-4.5767542125984253
 31
0
  0
LINE
  5
1D3
330
22
100
AcDbEntity
  8
F.Cu
  6
CONTINUOUS
100
AcDbLine
 10
5.2745769291338584
 20
-4.5767542125984253
 30
0
 11
5.2756974803149603
 21
-4.5784312598425192
 31
0
  0
LINE
  5
1D4
330
22
100
AcDbEntity
  8
F.Cu
  6
CONTINUOUS
100
AcDbLine
 10
5.2756974803149603
 20
-4.5784312598425192
 30
0
 11
5.2760909842519688
 21
-4.5804094488188971
 31
0
  0
LINE
  5
1D5
330
22
100
AcDbEntity
  8
F.Cu
  6
CONTINUOUS
100
AcDbLine
 10
5.2760909842519688
 20
-4.5804094488188971
 30
0
 11
5.2760909842519688
 21
-4.5923858267716531
 31
0
  0
LINE
  5
1D6
330
22
100
AcDbEntity
  8
F.Cu
  6
CONTINUOUS
100
AcDbLine
 10
5.2760909842519688
 20
-4.5923858267716531
 30
0
 11
5.3847635433070868
 21
-4.5923858267716531
 31
0
  0
LINE
  5
1D7
330
22
100
AcDbEntity
  8
F.Cu
  6
CONTINUOUS
100
AcDbLine
 10
5.3847635433070868
 20
-4.5923858267716531
 30
0
 11
5.4519527559055119
 21
-4.525196614173228
 31
0
  0
LINE
  5
1D8
330
22
100
AcDbEntity
  8
F.Cu
  6
CONTINUOUS
100
AcDbLine
 10
5.4519527559055119
 20
-4.525196614173228
 30
0
 11
5.4519527559055119
 21
-4.1431496062992128
 31
0
  0
LINE
  5
1D9
330
22
100
AcDbEntity
  8
F.Cu
  6
CONTINUOUS
100
AcDbLine
 10
5.4519527559055119
 20
-4.1431496062992128
 30
0
 11
5.4520488188976373
 21
-4.1421741732283461
 31
0
  0
LINE
  5
1DA
330
22
100
AcDbEntity
  8
F.Cu
  6
CONTINUOUS
100
AcDbLine
 10
5.4520488188976373
 20
-4.1421741732283461
 30
0
 11
5.4521177165354331
 21
-4.1420078740157482
 31
0
  0
LINE
  5
1DB
330
22
100
AcDbEntity
  8
F.Cu
  6
CONTINUOUS
100
AcDbLine
 10
5.4521177165354331
 20
-4.1420078740157482
 30
0
 11
5.4524112204724409
 21
-4.1412992125984252
 31
0
  0
LINE
  5
1DC
330
22
100
AcDbEntity
  8
F.Cu
  6
CONTINUOUS
100
AcDbLine
 10
5.4524112204724409
 20
-4.1412992125984252
 30
0
 11
5.4527953937007876
 21
-4.1403717716535429
 31
0
  0
LINE
  5
1DD
330
22
100
AcDbEntity
  8
F.Cu
  6
CONTINUOUS
100
AcDbLine
 10
5.4527953937007876
 20
-4.1403717716535429
 30
0
 11
5.4527954330708663
 21
-4.1403717322834641
 31
0
  0
LINE
  5
1DE
330
22
100
AcDbEntity
  8
F.Cu
  6
CONTINUOUS
100
AcDbLine
 10
5.4527954330708663
 20
-4.1403717322834641
 30
0
 11
5.4534172047244089
 21
-4.13961405511811
 31
0
  0
LINE
  5
1DF
330
22
100
AcDbEntity
  8
F.Cu
  6
CONTINUOUS
100
AcDbLine
 10
5.4534172047244089
 20
-4.13961405511811
 30
0
 11
5.6032196850393703
 21
-3.9898115354330708
 31
0
  0
LINE
  5
1E0
330
22
100
AcDbEntity
  8
F.Cu
  6
CONTINUOUS
100
AcDbLine
 10
5.6032196850393703
 20
-3.9898115354330708
 30
0
 11
5.6004675196850391
 21
-3.9856925984251967
 31
0
  0
LINE
  5
1E1
330
22
100
AcDbEntity
  8
F.Cu
  6
CONTINUOUS
100
AcDbLine
 10
5.6004675196850391
 20
-3.9856925984251967
 30
0
 11
5.5979201181102365
 21
-3.9795426377952756
 31
0
  0
LINE
  5
1E2
330
22
100
AcDbEntity
  8
F.Cu
  6
CONTINUOUS
100
AcDbLine
 10
5.5979201181102365
 20
-3.9795426377952756
 30
0
 11
5.5966214566929136
 21
-3.9730138582677164
 31
0
  0
LINE
  5
1E3
330
22
100
AcDbEntity
  8
F.Cu
  6
CONTINUOUS
100
AcDbLine
 10
5.5966214566929136
 20
-3.9730138582677164
 30
0
 11
5.5966214566929136
 21
-3.9663571653543306
 31
0
  0
LINE
  5
1E4
330
22
100
AcDbEntity
  8
F.Cu
  6
CONTINUOUS
100
AcDbLine
 10
5.5966214566929136
 20
-3.9663571653543306
 30
0
 11
5.5979201181102365
 21
-3.9598283858267718
 31
0
  0
LINE
  5
1E5
330
22
100
AcDbEntity
  8
F.Cu
  6
CONTINUOUS
100
AcDbLine
 10
5.5979201181102365
 20
-3.9598283858267718
 30
0
 11
5.6004675196850391
 21
-3.9536784251968502
 31
0
  0
LINE
  5
1E6
330
22
100
AcDbEntity
  8
F.Cu
  6
CONTINUOUS
100
AcDbLine
 10
5.6004675196850391
 20
-3.9536784251968502
 30
0
 11
5.6041657480314964
 21
-3.9481436220472439
 31
0
  0
LINE
  5
1E7
330
22
100
AcDbEntity
  8
F.Cu
  6
CONTINUOUS
100
AcDbLine
 10
5.6041657480314964
 20
-3.9481436220472439
 30
0
 11
5.6088727559055114
 21
-3.9434366141732284
 31
0
  0
LINE
  5
1E8
330
22
100
AcDbEntity
  8
F.Cu
  6
CONTINUOUS
100
AcDbLine
 10
5.6088727559055114
 20
-3.9434366141732284
 30
0
 11
5.6144075590551177
 21
-3.9397383858267716
 31
0
  0
LINE
  5
1E9
330
22
100
AcDbEntity
  8
F.Cu
  6
CONTINUOUS
100
AcDbLine
 10
5.6144075590551177
 20
-3.9397383858267716
 30
0
 11
5.6205575196850388
 21
-3.9371909842519686
 31
0
  0
LINE
  5
1EA
330
22
100
AcDbEntity
  8
F.Cu
  6
CONTINUOUS
100
AcDbLine
 10
5.6205575196850388
 20
-3.9371909842519686
 30
0
 11
5.6270862992125981
 21
-3.9358923228346456
 31
0
  0
LINE
  5
1EB
330
22
100
AcDbEntity
  8
F.Cu
  6
CONTINUOUS
100
AcDbLine
 10
5.6270862992125981
 20
-3.9358923228346456
 30
0
 11
5.6337429921259838
 21
-3.9358923228346456
 31
0
  0
LINE
  5
1EC
330
22
100
AcDbEntity
  8
F.Cu
  6
CONTINUOUS
100
AcDbLine
 10
5.6337429921259838
 20
-3.9358923228346456
 30
0
 11
5.6402717716535431
 21
-3.9371909842519686
 31
0
  0
LINE
  5
1ED
330
22
100
AcDbEntity
  8
F.Cu
  6
CONTINUOUS
100
AcDbLine
 10
5.6402717716535431
 20
-3.9371909842519686
 30
0
 11
5.6464217322834642
 21
-3.9397383858267716
 31
0
  0
LINE
  5
1EE
330
22
100
AcDbEntity
  8
F.Cu
  6
CONTINUOUS
100
AcDbLine
 10
5.6464217322834642
 20
-3.9397383858267716
 30
0
 11
5.6519565354330705
 21
-3.9434366141732284
 31
0
  0
LINE
  5
1EF
330
22
100
AcDbEntity
  8
F.Cu
  6
CONTINUOUS
100
AcDbLine
 10
5.6519565354330705
 20
-3.9434366141732284
 30
0
 11
5.6566635433070864
 21
-3.9481436220472439
 31
0
  0
LINE
  5
1F0
330
22
100
AcDbEntity
  8
F.Cu
  6
CONTINUOUS
100
AcDbLine
 10
5.6566635433070864
 20
-3.9481436220472439
 30
0
 11
5.6603617716535428
 21
-3.9536784251968502
 31
0
  0
LINE
  5
1F1
330
22
100
AcDbEntity
  8
F.Cu
  6
CONTINUOUS
100
AcDbLine
 10
5.6603617716535428
 20
-3.9536784251968502
 30
0
 11
5.6629091732283463
 21
-3.9598283858267718
 31
0
  0
LINE
  5
1F2
330
22
100
AcDbEntity
  8
F.Cu
  6
CONTINUOUS
100
AcDbLine
 10
5.6629091732283463
 20
-3.9598283858267718
 30
0
 11
5.6638752362204725
 21
-3.9646850393700785
 31
0
  0
LINE
  5
1F3
330
22
100
AcDbEntity
  8
F.Cu
  6
CONTINUOUS
100
AcDbLine
 10
5.6638752362204725
 20
-3.9646850393700785
 30
0
 11
5.8507047244094483
 21
-3.9646850393700785
 31
0
  0
LINE
  5
1F4
330
22
100
AcDbEntity
  8
F.Cu
  6
CONTINUOUS
100
AcDbLine
 10
5.8507047244094483
 20
-3.9646850393700785
 30
0
 11
5.8507047244094483
 21
-3.9404055118110235
 31
0
  0
LINE
  5
1F5
330
22
100
AcDbEntity
  8
F.Cu
  6
CONTINUOUS
100
AcDbLine
 10
5.8507047244094483
 20
-3.9404055118110235
 30
0
 11
5.8510982283464568
 21
-3.9384273228346456
 31
0
  0
LINE
  5
1F6
330
22
100
AcDbEntity
  8
F.Cu
  6
CONTINUOUS
100
AcDbLine
 10
5.8510982283464568
 20
-3.9384273228346456
 30
0
 11
5.8522187795275586
 21
-3.9367502755905512
 31
0
  0
LINE
  5
1F7
330
22
100
AcDbEntity
  8
F.Cu
  6
CONTINUOUS
100
AcDbLine
 10
5.8522187795275586
 20
-3.9367502755905512
 30
0
 11
5.8538958267716534
 21
-3.9356297244094489
 31
0
  0
LINE
  5
1F8
330
22
100
AcDbEntity
  8
F.Cu
  6
CONTINUOUS
100
AcDbLine
 10
5.8538958267716534
 20
-3.9356297244094489
 30
0
 11
5.8558740157480313
 21
-3.9352362204724409
 31
0
  0
LINE
  5
1F9
330
22
100
AcDbEntity
  8
F.Cu
  6
CONTINUOUS
100
AcDbLine
 10
5.8558740157480313
 20
-3.9352362204724409
 30
0
 11
5.8898267716535431
 21
-3.9352362204724409
 31
0
  0
LINE
  5
1FA
330
22
100
AcDbEntity
  8
F.Cu
  6
CONTINUOUS
100
AcDbLine
 10
5.8898267716535431
 20
-3.9352362204724409
 30
0
 11
5.891804960629921
 21
-3.9356297244094489
 31
0
  0
LINE
  5
1FB
330
22
100
AcDbEntity
  8
F.Cu
  6
CONTINUOUS
100
AcDbLine
 10
5.6402761811023625
 20
-4.5371909842519687
 30
0
 11
5.6464261417322836
 21
-4.5397383858267712
 31
0
  0
LINE
  5
1FC
330
22
100
AcDbEntity
  8
F.Cu
  6
CONTINUOUS
100
AcDbLine
 10
5.6464261417322836
 20
-4.5397383858267712
 30
0
 11
5.6519609448818899
 21
-4.5434366141732285
 31
0
  0
LINE
  5
1FD
330
22
100
AcDbEntity
  8
F.Cu
  6
CONTINUOUS
100
AcDbLine
 10
5.6519609448818899
 20
-4.5434366141732285
 30
0
 11
5.6566679527559049
 21
-4.5481436220472444
 31
0
  0
LINE
  5
1FE
330
22
100
AcDbEntity
  8
F.Cu
  6
CONTINUOUS
100
AcDbLine
 10
5.6566679527559049
 20
-4.5481436220472444
 30
0
 11
5.6603661811023622
 21
-4.5536784251968507
 31
0
  0
LINE
  5
1FF
330
22
100
AcDbEntity
  8
F.Cu
  6
CONTINUOUS
100
AcDbLine
 10
5.6603661811023622
 20
-4.5536784251968507
 30
0
 11
5.6629135826771648
 21
-4.5598283858267719
 31
0
  0
LINE
  5
200
330
22
100
AcDbEntity
  8
F.Cu
  6
CONTINUOUS
100
AcDbLine
 10
5.6629135826771648
 20
-4.5598283858267719
 30
0
 11
5.6642122440944878
 21
-4.5663571653543302
 31
0
  0
LINE
  5
201
330
22
100
AcDbEntity
  8
F.Cu
  6
CONTINUOUS
100
AcDbLine
 10
5.6642122440944878
 20
-4.5663571653543302
 30
0
 11
5.6642122440944878
 21
-4.573013858267716
 31
0
  0
LINE
  5
202
330
22
100
AcDbEntity
  8
F.Cu
  6
CONTINUOUS
100
AcDbLine
 10
5.6642122440944878
 20
-4.573013858267716
 30
0
 11
5.6629135826771648
 21
-4.5795426377952753
 31
0
  0
LINE
  5
203
330
22
100
AcDbEntity
  8
F.Cu
  6
CONTINUOUS
100
AcDbLine
 10
5.6629135826771648
 20
-4.5795426377952753
 30
0
 11
5.6603661811023622
 21
-4.5856925984251964
 31
0
  0
LINE
  5
204
330
22
100
AcDbEntity
  8
F.Cu
  6
CONTINUOUS
100
AcDbLine
 10
5.6603661811023622
 20
-4.5856925984251964
 30
0
 11
5.6566679527559049
 21
-4.5912274015748027
 31
0
  0
LINE
  5
205
330
22
100
AcDbEntity
  8
F.Cu
  6
CONTINUOUS
100
AcDbLine
 10
5.6566679527559049
 20
-4.5912274015748027
 30
0
 11
5.6519609448818899
 21
-4.5959344094488186
 31
0
  0
LINE
  5
206
330
22
100
AcDbEntity
  8
F.Cu
  6
CONTINUOUS
100
AcDbLine
 10
5.6519609448818899
 20
-4.5959344094488186
 30
0
 11
5.6464261417322836
 21
-4.5996326377952759
 31
0
  0
LINE
  5
207
330
22
100
AcDbEntity
  8
F.Cu
  6
CONTINUOUS
100
AcDbLine
 10
5.6464261417322836
 20
-4.5996326377952759
 30
0
 11
5.6402761811023625
 21
-4.6021800393700785
 31
0
  0
LINE
  5
208
330
22
100
AcDbEntity
  8
F.Cu
  6
CONTINUOUS
100
AcDbLine
 10
5.6402761811023625
 20
-4.6021800393700785
 30
0
 11
5.6337474015748032
 21
-4.6034787007874014
 31
0
  0
LINE
  5
209
330
22
100
AcDbEntity
  8
F.Cu
  6
CONTINUOUS
100
AcDbLine
 10
5.6337474015748032
 20
-4.6034787007874014
 30
0
 11
5.6270907086614175
 21
-4.6034787007874014
 31
0
  0
LINE
  5
20A
330
22
100
AcDbEntity
  8
F.Cu
  6
CONTINUOUS
100
AcDbLine
 10
5.6270907086614175
 20
-4.6034787007874014
 30
0
 11
5.6205619291338582
 21
-4.6021800393700785
 31
0
  0
LINE
  5
20B
330
22
100
AcDbEntity
  8
F.Cu
  6
CONTINUOUS
100
AcDbLine
 10
5.6205619291338582
 20
-4.6021800393700785
 30
0
 11
5.6144119685039371
 21
-4.5996326377952759
 31
0
  0
LINE
  5
20C
330
22
100
AcDbEntity
  8
F.Cu
  6
CONTINUOUS
100
AcDbLine
 10
5.6144119685039371
 20
-4.5996326377952759
 30
0
 11
5.6088771653543308
 21
-4.5959344094488186
 31
0
  0
LINE
  5
20D
330
22
100
AcDbEntity
  8
F.Cu
  6
CONTINUOUS
100
AcDbLine
 10
5.6088771653543308
 20
-4.5959344094488186
 30
0
 11
5.6041701574803149
 21
-4.5912274015748027
 31
0
  0
LINE
  5
20E
330
22
100
AcDbEntity
  8
F.Cu
  6
CONTINUOUS
100
AcDbLine
 10
5.6041701574803149
 20
-4.5912274015748027
 30
0
 11
5.6004719291338585
 21
-4.5856925984251964
 31
0
  0
LINE
  5
20F
330
22
100
AcDbEntity
  8
F.Cu
  6
CONTINUOUS
100
AcDbLine
 10
5.6004719291338585
 20
-4.5856925984251964
 30
0
 11
5.597924527559055
 21
-4.5795426377952753
 31
0
  0
LINE
  5
210
330
22
100
AcDbEntity
  8
F.Cu
  6
CONTINUOUS
100
AcDbLine
 10
5.597924527559055
 20
-4.5795426377952753
 30
0
 11
5.5966258661417321
 21
-4.573013858267716
 31
0
  0
LINE
  5
211
330
22
100
AcDbEntity
  8
F.Cu
  6
CONTINUOUS
100
AcDbLine
 10
5.5966258661417321
 20
-4.573013858267716
 30
0
 11
5.5966258661417321
 21
-4.5663571653543302
 31
0
  0
LINE
  5
212
330
22
100
AcDbEntity
  8
F.Cu
  6
CONTINUOUS
100
AcDbLine
 10
5.5966258661417321
 20
-4.5663571653543302
 30
0
 11
5.597924527559055
 21
-4.5598283858267719
 31
0
  0
LINE
  5
213
330
22
100
AcDbEntity
  8
F.Cu
  6
CONTINUOUS
100
AcDbLine
 10
5.597924527559055
 20
-4.5598283858267719
 30
0
 11
5.6004719291338585
 21
-4.5536784251968507
 31
0
  0
LINE
  5
214
330
22
100
AcDbEntity
  8
F.Cu
  6
CONTINUOUS
100
AcDbLine
 10
5.6004719291338585
 20
-4.5536784251968507
 30
0
 11
5.6041701574803149
 21
-4.5481436220472444
 31
0
  0
LINE
  5
215
330
22
100
AcDbEntity
  8
F.Cu
  6
CONTINUOUS
100
AcDbLine
 10
5.6041701574803149
 20
-4.5481436220472444
 30
0
 11
5.6088771653543308
 21
-4.5434366141732285
 31
0
  0
LINE
  5
216
330
22
100
AcDbEntity
  8
F.Cu
  6
CONTINUOUS
100
AcDbLine
 10
5.6088771653543308
 20
-4.5434366141732285
 30
0
 11
5.6144119685039371
 21
-4.5397383858267712
 31
0
  0
LINE
  5
217
330
22
100
AcDbEntity
  8
F.Cu
  6
CONTINUOUS
100
AcDbLine
 10
5.6144119685039371
 20
-4.5397383858267712
 30
0
 11
5.6205619291338582
 21
-4.5371909842519687
 31
0
  0
LINE
  5
218
330
22
100
AcDbEntity
  8
F.Cu
  6
CONTINUOUS
100
AcDbLine
 10
5.6205619291338582
 20
-4.5371909842519687
 30
0
 11
5.6270907086614175
 21
-4.5358923228346457
 31
0
  0
LINE
  5
219
330
22
100
AcDbEntity
  8
F.Cu
  6
CONTINUOUS
100
AcDbLine
 10
5.6270907086614175
 20
-4.5358923228346457
 30
0
 11
5.6337474015748032
 21
-4.5358923228346457
 31
0
  0
LINE
  5
21A
330
22
100
AcDbEntity
  8
F.Cu
  6
CONTINUOUS
100
AcDbLine
 10
5.6337474015748032
 20
-4.5358923228346457
 30
0
 11
5.6402761811023625
 21
-4.5371909842519687
 31
0
  0
LINE
  5
21B
330
22
100
AcDbEntity
  8
F.Cu
  6
CONTINUOUS
100
AcDbLine
 10
6.2402761811023622
 20
-4.5371865748031492
 30
0
 11
6.2464261417322833
 21
-4.5397339763779527
 31
0
  0
LINE
  5
21C
330
22
100
AcDbEntity
  8
F.Cu
  6
CONTINUOUS
100
AcDbLine
 10
6.2464261417322833
 20
-4.5397339763779527
 30
0
 11
6.2519609448818896
 21
-4.5434322047244091
 31
0
  0
LINE
  5
21D
330
22
100
AcDbEntity
  8
F.Cu
  6
CONTINUOUS
100
AcDbLine
 10
6.2519609448818896
 20
-4.5434322047244091
 30
0
 11
6.2566679527559055
 21
-4.548139212598425
 31
0
  0
LINE
  5
21E
330
22
100
AcDbEntity
  8
F.Cu
  6
CONTINUOUS
100
AcDbLine
 10
6.2566679527559055
 20
-4.548139212598425
 30
0
 11
6.2603661811023619
 21
-4.5536740157480313
 31
0
  0
LINE
  5
21F
330
22
100
AcDbEntity
  8
F.Cu
  6
CONTINUOUS
100
AcDbLine
 10
6.2603661811023619
 20
-4.5536740157480313
 30
0
 11
6.2629135826771654
 21
-4.5598239763779524
 31
0
  0
LINE
  5
220
330
22
100
AcDbEntity
  8
F.Cu
  6
CONTINUOUS
100
AcDbLine
 10
6.2629135826771654
 20
-4.5598239763779524
 30
0
 11
6.2642122440944883
 21
-4.5663527559055117
 31
0
  0
LINE
  5
221
330
22
100
AcDbEntity
  8
F.Cu
  6
CONTINUOUS
100
AcDbLine
 10
6.2642122440944883
 20
-4.5663527559055117
 30
0
 11
6.2642122440944883
 21
-4.5730094488188975
 31
0
  0
LINE
  5
222
330
22
100
AcDbEntity
  8
F.Cu
  6
CONTINUOUS
100
AcDbLine
 10
6.2642122440944883
 20
-4.5730094488188975
 30
0
 11
6.2629135826771654
 21
-4.5795382283464567
 31
0
  0
LINE
  5
223
330
22
100
AcDbEntity
  8
F.Cu
  6
CONTINUOUS
100
AcDbLine
 10
6.2629135826771654
 20
-4.5795382283464567
 30
0
 11
6.2603661811023619
 21
-4.5856881889763779
 31
0
  0
LINE
  5
224
330
22
100
AcDbEntity
  8
F.Cu
  6
CONTINUOUS
100
AcDbLine
 10
6.2603661811023619
 20
-4.5856881889763779
 30
0
 11
6.2566679527559055
 21
-4.5912229921259842
 31
0
  0
LINE
  5
225
330
22
100
AcDbEntity
  8
F.Cu
  6
CONTINUOUS
100
AcDbLine
 10
6.2566679527559055
 20
-4.5912229921259842
 30
0
 11
6.2519609448818896
 21
-4.5959300000000001
 31
0
  0
LINE
  5
226
330
22
100
AcDbEntity
  8
F.Cu
  6
CONTINUOUS
100
AcDbLine
 10
6.2519609448818896
 20
-4.5959300000000001
 30
0
 11
6.2464261417322833
 21
-4.5996282283464565
 31
0
  0
LINE
  5
227
330
22
100
AcDbEntity
  8
F.Cu
  6
CONTINUOUS
100
AcDbLine
 10
6.2464261417322833
 20
-4.5996282283464565
 30
0
 11
6.2402761811023622
 21
-4.6021756299212599
 31
0
  0
LINE
  5
228
330
22
100
AcDbEntity
  8
F.Cu
  6
CONTINUOUS
100
AcDbLine
 10
6.2402761811023622
 20
-4.6021756299212599
 30
0
 11
6.2337474015748029
 21
-4.6034742913385829
 31
0
  0
LINE
  5
229
330
22
100
AcDbEntity
  8
F.Cu
  6
CONTINUOUS
100
AcDbLine
 10
6.2337474015748029
 20
-4.6034742913385829
 30
0
 11
6.2270907086614171
 21
-4.6034742913385829
 31
0
  0
LINE
  5
22A
330
22
100
AcDbEntity
  8
F.Cu
  6
CONTINUOUS
100
AcDbLine
 10
6.2270907086614171
 20
-4.6034742913385829
 30
0
 11
6.2205619291338579
 21
-4.6021756299212599
 31
0
  0
LINE
  5
22B
330
22
100
AcDbEntity
  8
F.Cu
  6
CONTINUOUS
100
AcDbLine
 10
6.2205619291338579
 20
-4.6021756299212599
 30
0
 11
6.2144119685039367
 21
-4.5996282283464565
 31
0
  0
LINE
  5
22C
330
22
100
AcDbEntity
  8
F.Cu
  6
CONTINUOUS
100
AcDbLine
 10
6.2144119685039367
 20
-4.5996282283464565
 30
0
 11
6.2088771653543304
 21
-4.5959300000000001
 31
0
  0
LINE
  5
22D
330
22
100
AcDbEntity
  8
F.Cu
  6
CONTINUOUS
100
AcDbLine
 10
6.2088771653543304
 20
-4.5959300000000001
 30
0
 11
6.2041701574803145
 21
-4.5912229921259842
 31
0
  0
LINE
  5
22E
330
22
100
AcDbEntity
  8
F.Cu
  6
CONTINUOUS
100
AcDbLine
 10
6.2041701574803145
 20
-4.5912229921259842
 30
0
 11
6.2004719291338581
 21
-4.5856881889763779
 31
0
  0
LINE
  5
22F
330
22
100
AcDbEntity
  8
F.Cu
  6
CONTINUOUS
100
AcDbLine
 10
6.2004719291338581
 20
-4.5856881889763779
 30
0
 11
6.1979245275590547
 21
-4.5795382283464567
 31
0
  0
LINE
  5
230
330
22
100
AcDbEntity
  8
F.Cu
  6
CONTINUOUS
100
AcDbLine
 10
6.1979245275590547
 20
-4.5795382283464567
 30
0
 11
6.1966258661417317
 21
-4.5730094488188975
 31
0
  0
LINE
  5
231
330
22
100
AcDbEntity
  8
F.Cu
  6
CONTINUOUS
100
AcDbLine
 10
6.1966258661417317
 20
-4.5730094488188975
 30
0
 11
6.1966258661417317
 21
-4.5663527559055117
 31
0
  0
LINE
  5
232
330
22
100
AcDbEntity
  8
F.Cu
  6
CONTINUOUS
100
AcDbLine
 10
6.1966258661417317
 20
-4.5663527559055117
 30
0
 11
6.1979245275590547
 21
-4.5598239763779524
 31
0
  0
LINE
  5
233
330
22
100
AcDbEntity
  8
F.Cu
  6
CONTINUOUS
100
AcDbLine
 10
6.1979245275590547
 20
-4.5598239763779524
 30
0
 11
6.2004719291338581
 21
-4.5536740157480313
 31
0
  0
LINE
  5
234
330
22
100
AcDbEntity
  8
F.Cu
  6
CONTINUOUS
100
AcDbLine
 10
6.2004719291338581
 20
-4.5536740157480313
 30
0
 11
6.2041701574803145
 21
-4.548139212598425
 31
0
  0
LINE
  5
235
330
22
100
AcDbEntity
  8
F.Cu
  6
CONTINUOUS
100
AcDbLine
 10
6.2041701574803145
 20
-4.548139212598425
 30
0
 11
6.2088771653543304
 21
-4.5434322047244091
 31
0
  0
LINE
  5
236
330
22
100
AcDbEntity
  8
F.Cu
  6
CONTINUOUS
100
AcDbLine
 10
6.2088771653543304
 20
-4.5434322047244091
 30
0
 11
6.2144119685039367
 21
-4.5397339763779527
 31
0
  0
LINE
  5
237
330
22
100
AcDbEntity
  8
F.Cu
  6
CONTINUOUS
100
AcDbLine
 10
6.2144119685039367
 20
-4.5397339763779527
 30
0
 11
6.2205619291338579
 21
-4.5371865748031492
 31
0
  0
LINE
  5
238
330
22
100
AcDbEntity
  8
F.Cu
  6
CONTINUOUS
100
AcDbLine
 10
6.2205619291338579
 20
-4.5371865748031492
 30
0
 11
6.2270907086614171
 21
-4.5358879133858263
 31
0
  0
LINE
  5
239
330
22
100
AcDbEntity
  8
F.Cu
  6
CONTINUOUS
100
AcDbLine
 10
6.2270907086614171
 20
-4.5358879133858263
 30
0
 11
6.2337474015748029
 21
-4.5358879133858263
 31
0
  0
LINE
  5
23A
330
22
100
AcDbEntity
  8
F.Cu
  6
CONTINUOUS
100
AcDbLine
 10
6.2337474015748029
 20
-4.5358879133858263
 30
0
 11
6.2402761811023622
 21
-4.5371865748031492
 31
0
  0
LINE
  5
23B
330
22
100
AcDbEntity
  8
F.Cu
  6
CONTINUOUS
100
AcDbLine
 10
5.2573900393700788
 20
-4.419728622047244
 30
0
 11
5.2466417322834644
 21
-4.419728622047244
 31
0
  0
LINE
  5
23C
330
22
100
AcDbEntity
  8
F.Cu
  6
CONTINUOUS
100
AcDbLine
 10
5.2466417322834644
 20
-4.419728622047244
 30
0
 11
5.2466417322834644
 21
-4.4600826771653539
 31
0
  0
LINE
  5
23D
330
22
100
AcDbEntity
  8
F.Cu
  6
CONTINUOUS
100
AcDbLine
 10
5.2466417322834644
 20
-4.4600826771653539
 30
0
 11
5.2709208267716532
 21
-4.4600826771653539
 31
0
  0
LINE
  5
23E
330
22
100
AcDbEntity
  8
F.Cu
  6
CONTINUOUS
100
AcDbLine
 10
5.2709208267716532
 20
-4.4600826771653539
 30
0
 11
5.2728990157480311
 21
-4.4604761811023623
 31
0
  0
LINE
  5
23F
330
22
100
AcDbEntity
  8
F.Cu
  6
CONTINUOUS
100
AcDbLine
 10
5.2728990157480311
 20
-4.4604761811023623
 30
0
 11
5.2745760629921259
 21
-4.4615967322834642
 31
0
  0
LINE
  5
240
330
22
100
AcDbEntity
  8
F.Cu
  6
CONTINUOUS
100
AcDbLine
 10
5.2745760629921259
 20
-4.4615967322834642
 30
0
 11
5.2756966141732287
 21
-4.463273779527559
 31
0
  0
LINE
  5
241
330
22
100
AcDbEntity
  8
F.Cu
  6
CONTINUOUS
100
AcDbLine
 10
5.2756966141732287
 20
-4.463273779527559
 30
0
 11
5.2760901181102362
 21
-4.4652519685039369
 31
0
  0
LINE
  5
242
330
22
100
AcDbEntity
  8
F.Cu
  6
CONTINUOUS
100
AcDbLine
 10
5.2760901181102362
 20
-4.4652519685039369
 30
0
 11
5.2760901181102362
 21
-4.4992047244094486
 31
0
  0
LINE
  5
243
330
22
100
AcDbEntity
  8
F.Cu
  6
CONTINUOUS
100
AcDbLine
 10
5.2760901181102362
 20
-4.4992047244094486
 30
0
 11
5.2756966141732287
 21
-4.5011829133858265
 31
0
  0
LINE
  5
244
330
22
100
AcDbEntity
  8
F.Cu
  6
CONTINUOUS
100
AcDbLine
 10
5.2756966141732287
 20
-4.5011829133858265
 30
0
 11
5.2745760629921259
 21
-4.5028599606299213
 31
0
  0
LINE
  5
245
330
22
100
AcDbEntity
  8
F.Cu
  6
CONTINUOUS
100
AcDbLine
 10
5.2745760629921259
 20
-4.5028599606299213
 30
0
 11
5.2728990157480311
 21
-4.5039805118110232
 31
0
  0
LINE
  5
246
330
22
100
AcDbEntity
  8
F.Cu
  6
CONTINUOUS
100
AcDbLine
 10
5.2728990157480311
 20
-4.5039805118110232
 30
0
 11
5.2709208267716532
 21
-4.5043740157480316
 31
0
  0
LINE
  5
247
330
22
100
AcDbEntity
  8
F.Cu
  6
CONTINUOUS
100
AcDbLine
 10
5.2709208267716532
 20
-4.5043740157480316
 30
0
 11
5.2123617716535433
 21
-4.5043740157480316
 31
0
  0
LINE
  5
248
330
22
100
AcDbEntity
  8
F.Cu
  6
CONTINUOUS
100
AcDbLine
 10
5.2123617716535433
 20
-4.5043740157480316
 30
0
 11
5.2103835826771654
 21
-4.5039805118110232
 31
0
  0
LINE
  5
249
330
22
100
AcDbEntity
  8
F.Cu
  6
CONTINUOUS
100
AcDbLine
 10
5.2103835826771654
 20
-4.5039805118110232
 30
0
 11
5.2087065354330706
 21
-4.5028599606299213
 31
0
  0
LINE
  5
24A
330
22
100
AcDbEntity
  8
F.Cu
  6
CONTINUOUS
100
AcDbLine
 10
5.2087065354330706
 20
-4.5028599606299213
 30
0
 11
5.2075859842519687
 21
-4.5011829133858265
 31
0
  0
LINE
  5
24B
330
22
100
AcDbEntity
  8
F.Cu
  6
CONTINUOUS
100
AcDbLine
 10
5.2075859842519687
 20
-4.5011829133858265
 30
0
 11
5.2071924803149603
 21
-4.4992047244094486
 31
0
  0
LINE
  5
24C
330
22
100
AcDbEntity
  8
F.Cu
  6
CONTINUOUS
100
AcDbLine
 10
5.2071924803149603
 20
-4.4992047244094486
 30
0
 11
5.2071924803149603
 21
-4.4652519685039369
 31
0
  0
LINE
  5
24D
330
22
100
AcDbEntity
  8
F.Cu
  6
CONTINUOUS
100
AcDbLine
 10
5.2071924803149603
 20
-4.4652519685039369
 30
0
 11
5.2075859842519687
 21
-4.463273779527559
 31
0
  0
LINE
  5
24E
330
22
100
AcDbEntity
  8
F.Cu
  6
CONTINUOUS
100
AcDbLine
 10
5.2075859842519687
 20
-4.463273779527559
 30
0
 11
5.2087065354330706
 21
-4.4615967322834642
 31
0
  0
LINE
  5
24F
330
22
100
AcDbEntity
  8
F.Cu
  6
CONTINUOUS
100
AcDbLine
 10
5.2087065354330706
 20
-4.4615967322834642
 30
0
 11
5.2103835826771654
 21
-4.4604761811023623
 31
0
  0
LINE
  5
250
330
22
100
AcDbEntity
  8
F.Cu
  6
CONTINUOUS
100
AcDbLine
 10
5.2103835826771654
 20
-4.4604761811023623
 30
0
 11
5.2123617716535433
 21
-4.4600826771653539
 31
0
  0
LINE
  5
251
330
22
100
AcDbEntity
  8
F.Cu
  6
CONTINUOUS
100
AcDbLine
 10
5.2123617716535433
 20
-4.4600826771653539
 30
0
 11
5.2366417322834646
 21
-4.4600826771653539
 31
0
  0
LINE
  5
252
330
22
100
AcDbEntity
  8
F.Cu
  6
CONTINUOUS
100
AcDbLine
 10
5.2366417322834646
 20
-4.4600826771653539
 30
0
 11
5.2366417322834646
 21
-4.419728622047244
 31
0
  0
LINE
  5
253
330
22
100
AcDbEntity
  8
F.Cu
  6
CONTINUOUS
100
AcDbLine
 10
5.2366417322834646
 20
-4.419728622047244
 30
0
 11
5.2258939763779528
 21
-4.419728622047244
 31
0
  0
LINE
  5
254
330
22
100
AcDbEntity
  8
F.Cu
  6
CONTINUOUS
100
AcDbLine
 10
5.2258939763779528
 20
-4.419728622047244
 30
0
 11
5.2258939763779528
 21
-4.3842955511811024
 31
0
  0
LINE
  5
255
330
22
100
AcDbEntity
  8
F.Cu
  6
CONTINUOUS
100
AcDbLine
 10
5.2258939763779528
 20
-4.3842955511811024
 30
0
 11
5.2573900393700788
 21
-4.3842955511811024
 31
0
  0
LINE
  5
256
330
22
100
AcDbEntity
  8
F.Cu
  6
CONTINUOUS
100
AcDbLine
 10
5.2573900393700788
 20
-4.3842955511811024
 30
0
 11
5.2573900393700788
 21
-4.419728622047244
 31
0
  0
LINE
  5
257
330
22
100
AcDbEntity
  8
F.Cu
  6
CONTINUOUS
100
AcDbLine
 10
5.6402754330708662
 20
-4.4371909842519681
 30
0
 11
5.6464253937007873
 21
-4.4397383858267716
 31
0
  0
LINE
  5
258
330
22
100
AcDbEntity
  8
F.Cu
  6
CONTINUOUS
100
AcDbLine
 10
5.6464253937007873
 20
-4.4397383858267716
 30
0
 11
5.6519601968503936
 21
-4.443436614173228
 31
0
  0
LINE
  5
259
330
22
100
AcDbEntity
  8
F.Cu
  6
CONTINUOUS
100
AcDbLine
 10
5.6519601968503936
 20
-4.443436614173228
 30
0
 11
5.6566672047244095
 21
-4.4481436220472439
 31
0
  0
LINE
  5
25A
330
22
100
AcDbEntity
  8
F.Cu
  6
CONTINUOUS
100
AcDbLine
 10
5.6566672047244095
 20
-4.4481436220472439
 30
0
 11
5.6603654330708659
 21
-4.4536784251968502
 31
0
  0
LINE
  5
25B
330
22
100
AcDbEntity
  8
F.Cu
  6
CONTINUOUS
100
AcDbLine
 10
5.6603654330708659
 20
-4.4536784251968502
 30
0
 11
5.6629128346456694
 21
-4.4598283858267713
 31
0
  0
LINE
  5
25C
330
22
100
AcDbEntity
  8
F.Cu
  6
CONTINUOUS
100
AcDbLine
 10
5.6629128346456694
 20
-4.4598283858267713
 30
0
 11
5.6642114960629923
 21
-4.4663571653543306
 31
0
  0
LINE
  5
25D
330
22
100
AcDbEntity
  8
F.Cu
  6
CONTINUOUS
100
AcDbLine
 10
5.6642114960629923
 20
-4.4663571653543306
 30
0
 11
5.6642114960629923
 21
-4.4730138582677164
 31
0
  0
LINE
  5
25E
330
22
100
AcDbEntity
  8
F.Cu
  6
CONTINUOUS
100
AcDbLine
 10
5.6642114960629923
 20
-4.4730138582677164
 30
0
 11
5.6629128346456694
 21
-4.4795426377952756
 31
0
  0
LINE
  5
25F
330
22
100
AcDbEntity
  8
F.Cu
  6
CONTINUOUS
100
AcDbLine
 10
5.6629128346456694
 20
-4.4795426377952756
 30
0
 11
5.6603654330708659
 21
-4.4856925984251967
 31
0
  0
LINE
  5
260
330
22
100
AcDbEntity
  8
F.Cu
  6
CONTINUOUS
100
AcDbLine
 10
5.6603654330708659
 20
-4.4856925984251967
 30
0
 11
5.6566672047244095
 21
-4.491227401574803
 31
0
  0
LINE
  5
261
330
22
100
AcDbEntity
  8
F.Cu
  6
CONTINUOUS
100
AcDbLine
 10
5.6566672047244095
 20
-4.491227401574803
 30
0
 11
5.6519601968503936
 21
-4.4959344094488189
 31
0
  0
LINE
  5
262
330
22
100
AcDbEntity
  8
F.Cu
  6
CONTINUOUS
100
AcDbLine
 10
5.6519601968503936
 20
-4.4959344094488189
 30
0
 11
5.6464253937007873
 21
-4.4996326377952753
 31
0
  0
LINE
  5
263
330
22
100
AcDbEntity
  8
F.Cu
  6
CONTINUOUS
100
AcDbLine
 10
5.6464253937007873
 20
-4.4996326377952753
 30
0
 11
5.6402754330708662
 21
-4.5021800393700788
 31
0
  0
LINE
  5
264
330
22
100
AcDbEntity
  8
F.Cu
  6
CONTINUOUS
100
AcDbLine
 10
5.6402754330708662
 20
-4.5021800393700788
 30
0
 11
5.6337466535433069
 21
-4.5034787007874018
 31
0
  0
LINE
  5
265
330
22
100
AcDbEntity
  8
F.Cu
  6
CONTINUOUS
100
AcDbLine
 10
5.6337466535433069
 20
-4.5034787007874018
 30
0
 11
5.6270899606299212
 21
-4.5034787007874018
 31
0
  0
LINE
  5
266
330
22
100
AcDbEntity
  8
F.Cu
  6
CONTINUOUS
100
AcDbLine
 10
5.6270899606299212
 20
-4.5034787007874018
 30
0
 11
5.6205611811023619
 21
-4.5021800393700788
 31
0
  0
LINE
  5
267
330
22
100
AcDbEntity
  8
F.Cu
  6
CONTINUOUS
100
AcDbLine
 10
5.6205611811023619
 20
-4.5021800393700788
 30
0
 11
5.6144112204724408
 21
-4.4996326377952753
 31
0
  0
LINE
  5
268
330
22
100
AcDbEntity
  8
F.Cu
  6
CONTINUOUS
100
AcDbLine
 10
5.6144112204724408
 20
-4.4996326377952753
 30
0
 11
5.6088764173228345
 21
-4.4959344094488189
 31
0
  0
LINE
  5
269
330
22
100
AcDbEntity
  8
F.Cu
  6
CONTINUOUS
100
AcDbLine
 10
5.6088764173228345
 20
-4.4959344094488189
 30
0
 11
5.6041694094488186
 21
-4.491227401574803
 31
0
  0
LINE
  5
26A
330
22
100
AcDbEntity
  8
F.Cu
  6
CONTINUOUS
100
AcDbLine
 10
5.6041694094488186
 20
-4.491227401574803
 30
0
 11
5.6004711811023622
 21
-4.4856925984251967
 31
0
  0
LINE
  5
26B
330
22
100
AcDbEntity
  8
F.Cu
  6
CONTINUOUS
100
AcDbLine
 10
5.6004711811023622
 20
-4.4856925984251967
 30
0
 11
5.5979237795275587
 21
-4.4795426377952756
 31
0
  0
LINE
  5
26C
330
22
100
AcDbEntity
  8
F.Cu
  6
CONTINUOUS
100
AcDbLine
 10
5.5979237795275587
 20
-4.4795426377952756
 30
0
 11
5.5966251181102358
 21
-4.4730138582677164
 31
0
  0
LINE
  5
26D
330
22
100
AcDbEntity
  8
F.Cu
  6
CONTINUOUS
100
AcDbLine
 10
5.5966251181102358
 20
-4.4730138582677164
 30
0
 11
5.5966251181102358
 21
-4.4663571653543306
 31
0
  0
LINE
  5
26E
330
22
100
AcDbEntity
  8
F.Cu
  6
CONTINUOUS
100
AcDbLine
 10
5.5966251181102358
 20
-4.4663571653543306
 30
0
 11
5.5979237795275587
 21
-4.4598283858267713
 31
0
  0
LINE
  5
26F
330
22
100
AcDbEntity
  8
F.Cu
  6
CONTINUOUS
100
AcDbLine
 10
5.5979237795275587
 20
-4.4598283858267713
 30
0
 11
5.6004711811023622
 21
-4.4536784251968502
 31
0
  0
LINE
  5
270
330
22
100
AcDbEntity
  8
F.Cu
  6
CONTINUOUS
100
AcDbLine
 10
5.6004711811023622
 20
-4.4536784251968502
 30
0
 11
5.6041694094488186
 21
-4.4481436220472439
 31
0
  0
LINE
  5
271
330
22
100
AcDbEntity
  8
F.Cu
  6
CONTINUOUS
100
AcDbLine
 10
5.6041694094488186
 20
-4.4481436220472439
 30
0
 11
5.6088764173228345
 21
-4.443436614173228
 31
0
  0
LINE
  5
272
330
22
100
AcDbEntity
  8
F.Cu
  6
CONTINUOUS
100
AcDbLine
 10
5.6088764173228345
 20
-4.443436614173228
 30
0
 11
5.6144112204724408
 21
-4.4397383858267716
 31
0
  0
LINE
  5
273
330
22
100
AcDbEntity
  8
F.Cu
  6
CONTINUOUS
100
AcDbLine
 10
5.6144112204724408
 20
-4.4397383858267716
 30
0
 11
5.6205611811023619
 21
-4.4371909842519681
 31
0
  0
LINE
  5
274
330
22
100
AcDbEntity
  8
F.Cu
  6
CONTINUOUS
100
AcDbLine
 10
5.6205611811023619
 20
-4.4371909842519681
 30
0
 11
5.6270899606299212
 21
-4.4358923228346452
 31
0
  0
LINE
  5
275
330
22
100
AcDbEntity
  8
F.Cu
  6
CONTINUOUS
100
AcDbLine
 10
5.6270899606299212
 20
-4.4358923228346452
 30
0
 11
5.6337466535433069
 21
-4.4358923228346452
 31
0
  0
LINE
  5
276
330
22
100
AcDbEntity
  8
F.Cu
  6
CONTINUOUS
100
AcDbLine
 10
5.6337466535433069
 20
-4.4358923228346452
 30
0
 11
5.6402754330708662
 21
-4.4371909842519681
 31
0
  0
LINE
  5
277
330
22
100
AcDbEntity
  8
F.Cu
  6
CONTINUOUS
100
AcDbLine
 10
6.2402754330708659
 20
-4.4371865748031496
 30
0
 11
6.246425393700787
 21
-4.4397339763779531
 31
0
  0
LINE
  5
278
330
22
100
AcDbEntity
  8
F.Cu
  6
CONTINUOUS
100
AcDbLine
 10
6.246425393700787
 20
-4.4397339763779531
 30
0
 11
6.2519601968503933
 21
-4.4434322047244095
 31
0
  0
LINE
  5
279
330
22
100
AcDbEntity
  8
F.Cu
  6
CONTINUOUS
100
AcDbLine
 10
6.2519601968503933
 20
-4.4434322047244095
 30
0
 11
6.2566672047244092
 21
-4.4481392125984254
 31
0
  0
LINE
  5
27A
330
22
100
AcDbEntity
  8
F.Cu
  6
CONTINUOUS
100
AcDbLine
 10
6.2566672047244092
 20
-4.4481392125984254
 30
0
 11
6.2603654330708656
 21
-4.4536740157480317
 31
0
  0
LINE
  5
27B
330
22
100
AcDbEntity
  8
F.Cu
  6
CONTINUOUS
100
AcDbLine
 10
6.2603654330708656
 20
-4.4536740157480317
 30
0
 11
6.2629128346456691
 21
-4.4598239763779528
 31
0
  0
LINE
  5
27C
330
22
100
AcDbEntity
  8
F.Cu
  6
CONTINUOUS
100
AcDbLine
 10
6.2629128346456691
 20
-4.4598239763779528
 30
0
 11
6.264211496062992
 21
-4.4663527559055121
 31
0
  0
LINE
  5
27D
330
22
100
AcDbEntity
  8
F.Cu
  6
CONTINUOUS
100
AcDbLine
 10
6.264211496062992
 20
-4.4663527559055121
 30
0
 11
6.264211496062992
 21
-4.4730094488188978
 31
0
  0
LINE
  5
27E
330
22
100
AcDbEntity
  8
F.Cu
  6
CONTINUOUS
100
AcDbLine
 10
6.264211496062992
 20
-4.4730094488188978
 30
0
 11
6.2629128346456691
 21
-4.4795382283464562
 31
0
  0
LINE
  5
27F
330
22
100
AcDbEntity
  8
F.Cu
  6
CONTINUOUS
100
AcDbLine
 10
6.2629128346456691
 20
-4.4795382283464562
 30
0
 11
6.2603654330708656
 21
-4.4856881889763782
 31
0
  0
LINE
  5
280
330
22
100
AcDbEntity
  8
F.Cu
  6
CONTINUOUS
100
AcDbLine
 10
6.2603654330708656
 20
-4.4856881889763782
 30
0
 11
6.2566672047244092
 21
-4.4912229921259845
 31
0
  0
LINE
  5
281
330
22
100
AcDbEntity
  8
F.Cu
  6
CONTINUOUS
100
AcDbLine
 10
6.2566672047244092
 20
-4.4912229921259845
 30
0
 11
6.2519601968503933
 21
-4.4959299999999995
 31
0
  0
LINE
  5
282
330
22
100
AcDbEntity
  8
F.Cu
  6
CONTINUOUS
100
AcDbLine
 10
6.2519601968503933
 20
-4.4959299999999995
 30
0
 11
6.246425393700787
 21
-4.4996282283464568
 31
0
  0
LINE
  5
283
330
22
100
AcDbEntity
  8
F.Cu
  6
CONTINUOUS
100
AcDbLine
 10
6.246425393700787
 20
-4.4996282283464568
 30
0
 11
6.2402754330708659
 21
-4.5021756299212594
 31
0
  0
LINE
  5
284
330
22
100
AcDbEntity
  8
F.Cu
  6
CONTINUOUS
100
AcDbLine
 10
6.2402754330708659
 20
-4.5021756299212594
 30
0
 11
6.2337466535433066
 21
-4.5034742913385823
 31
0
  0
LINE
  5
285
330
22
100
AcDbEntity
  8
F.Cu
  6
CONTINUOUS
100
AcDbLine
 10
6.2337466535433066
 20
-4.5034742913385823
 30
0
 11
6.2270899606299208
 21
-4.5034742913385823
 31
0
  0
LINE
  5
286
330
22
100
AcDbEntity
  8
F.Cu
  6
CONTINUOUS
100
AcDbLine
 10
6.2270899606299208
 20
-4.5034742913385823
 30
0
 11
6.2205611811023624
 21
-4.5021756299212594
 31
0
  0
LINE
  5
287
330
22
100
AcDbEntity
  8
F.Cu
  6
CONTINUOUS
100
AcDbLine
 10
6.2205611811023624
 20
-4.5021756299212594
 30
0
 11
6.2144112204724404
 21
-4.4996282283464568
 31
0
  0
LINE
  5
288
330
22
100
AcDbEntity
  8
F.Cu
  6
CONTINUOUS
100
AcDbLine
 10
6.2144112204724404
 20
-4.4996282283464568
 30
0
 11
6.2088764173228341
 21
-4.4959299999999995
 31
0
  0
LINE
  5
289
330
22
100
AcDbEntity
  8
F.Cu
  6
CONTINUOUS
100
AcDbLine
 10
6.2088764173228341
 20
-4.4959299999999995
 30
0
 11
6.2041694094488191
 21
-4.4912229921259845
 31
0
  0
LINE
  5
28A
330
22
100
AcDbEntity
  8
F.Cu
  6
CONTINUOUS
100
AcDbLine
 10
6.2041694094488191
 20
-4.4912229921259845
 30
0
 11
6.2004711811023618
 21
-4.4856881889763782
 31
0
  0
LINE
  5
28B
330
22
100
AcDbEntity
  8
F.Cu
  6
CONTINUOUS
100
AcDbLine
 10
6.2004711811023618
 20
-4.4856881889763782
 30
0
 11
6.1979237795275592
 21
-4.4795382283464562
 31
0
  0
LINE
  5
28C
330
22
100
AcDbEntity
  8
F.Cu
  6
CONTINUOUS
100
AcDbLine
 10
6.1979237795275592
 20
-4.4795382283464562
 30
0
 11
6.1966251181102363
 21
-4.4730094488188978
 31
0
  0
LINE
  5
28D
330
22
100
AcDbEntity
  8
F.Cu
  6
CONTINUOUS
100
AcDbLine
 10
6.1966251181102363
 20
-4.4730094488188978
 30
0
 11
6.1966251181102363
 21
-4.4663527559055121
 31
0
  0
LINE
  5
28E
330
22
100
AcDbEntity
  8
F.Cu
  6
CONTINUOUS
100
AcDbLine
 10
6.1966251181102363
 20
-4.4663527559055121
 30
0
 11
6.1979237795275592
 21
-4.4598239763779528
 31
0
  0
LINE
  5
28F
330
22
100
AcDbEntity
  8
F.Cu
  6
CONTINUOUS
100
AcDbLine
 10
6.1979237795275592
 20
-4.4598239763779528
 30
0
 11
6.2004711811023618
 21
-4.4536740157480317
 31
0
  0
LINE
  5
290
330
22
100
AcDbEntity
  8
F.Cu
  6
CONTINUOUS
100
AcDbLine
 10
6.2004711811023618
 20
-4.4536740157480317
 30
0
 11
6.2041694094488191
 21
-4.4481392125984254
 31
0
  0
LINE
  5
291
330
22
100
AcDbEntity
  8
F.Cu
  6
CONTINUOUS
100
AcDbLine
 10
6.2041694094488191
 20
-4.4481392125984254
 30
0
 11
6.2088764173228341
 21
-4.4434322047244095
 31
0
  0
LINE
  5
292
330
22
100
AcDbEntity
  8
F.Cu
  6
CONTINUOUS
100
AcDbLine
 10
6.2088764173228341
 20
-4.4434322047244095
 30
0
 11
6.2144112204724404
 21
-4.4397339763779531
 31
0
  0
LINE
  5
293
330
22
100
AcDbEntity
  8
F.Cu
  6
CONTINUOUS
100
AcDbLine
 10
6.2144112204724404
 20
-4.4397339763779531
 30
0
 11
6.2205611811023624
 21
-4.4371865748031496
 31
0
  0
LINE
  5
294
330
22
100
AcDbEntity
  8
F.Cu
  6
CONTINUOUS
100
AcDbLine
 10
6.2205611811023624
 20
-4.4371865748031496
 30
0
 11
6.2270899606299208
 21
-4.4358879133858267
 31
0
  0
LINE
  5
295
330
22
100
AcDbEntity
  8
F.Cu
  6
CONTINUOUS
100
AcDbLine
 10
6.2270899606299208
 20
-4.4358879133858267
 30
0
 11
6.2337466535433066
 21
-4.4358879133858267
 31
0
  0
LINE
  5
296
330
22
100
AcDbEntity
  8
F.Cu
  6
CONTINUOUS
100
AcDbLine
 10
6.2337466535433066
 20
-4.4358879133858267
 30
0
 11
6.2402754330708659
 21
-4.4371865748031496
 31
0
  0
LINE
  5
297
330
22
100
AcDbEntity
  8
F.Cu
  6
CONTINUOUS
100
AcDbLine
 10
5.6402747244094487
 20
-4.3371909842519685
 30
0
 11
5.6464246850393698
 21
-4.339738385826772
 31
0
  0
LINE
  5
298
330
22
100
AcDbEntity
  8
F.Cu
  6
CONTINUOUS
100
AcDbLine
 10
5.6464246850393698
 20
-4.339738385826772
 30
0
 11
5.6519594881889761
 21
-4.3434366141732283
 31
0
  0
LINE
  5
299
330
22
100
AcDbEntity
  8
F.Cu
  6
CONTINUOUS
100
AcDbLine
 10
5.6519594881889761
 20
-4.3434366141732283
 30
0
 11
5.656666496062992
 21
-4.3481436220472442
 31
0
  0
LINE
  5
29A
330
22
100
AcDbEntity
  8
F.Cu
  6
CONTINUOUS
100
AcDbLine
 10
5.656666496062992
 20
-4.3481436220472442
 30
0
 11
5.6603647244094484
 21
-4.3536784251968506
 31
0
  0
LINE
  5
29B
330
22
100
AcDbEntity
  8
F.Cu
  6
CONTINUOUS
100
AcDbLine
 10
5.6603647244094484
 20
-4.3536784251968506
 30
0
 11
5.6629121259842519
 21
-4.3598283858267717
 31
0
  0
LINE
  5
29C
330
22
100
AcDbEntity
  8
F.Cu
  6
CONTINUOUS
100
AcDbLine
 10
5.6629121259842519
 20
-4.3598283858267717
 30
0
 11
5.6642107874015748
 21
-4.3663571653543309
 31
0
  0
LINE
  5
29D
330
22
100
AcDbEntity
  8
F.Cu
  6
CONTINUOUS
100
AcDbLine
 10
5.6642107874015748
 20
-4.3663571653543309
 30
0
 11
5.6642107874015748
 21
-4.3730138582677167
 31
0
  0
LINE
  5
29E
330
22
100
AcDbEntity
  8
F.Cu
  6
CONTINUOUS
100
AcDbLine
 10
5.6642107874015748
 20
-4.3730138582677167
 30
0
 11
5.6629121259842519
 21
-4.3795426377952751
 31
0
  0
LINE
  5
29F
330
22
100
AcDbEntity
  8
F.Cu
  6
CONTINUOUS
100
AcDbLine
 10
5.6629121259842519
 20
-4.3795426377952751
 30
0
 11
5.6603647244094484
 21
-4.3856925984251971
 31
0
  0
LINE
  5
2A0
330
22
100
AcDbEntity
  8
F.Cu
  6
CONTINUOUS
100
AcDbLine
 10
5.6603647244094484
 20
-4.3856925984251971
 30
0
 11
5.656666496062992
 21
-4.3912274015748034
 31
0
  0
LINE
  5
2A1
330
22
100
AcDbEntity
  8
F.Cu
  6
CONTINUOUS
100
AcDbLine
 10
5.656666496062992
 20
-4.3912274015748034
 30
0
 11
5.6519594881889761
 21
-4.3959344094488184
 31
0
  0
LINE
  5
2A2
330
22
100
AcDbEntity
  8
F.Cu
  6
CONTINUOUS
100
AcDbLine
 10
5.6519594881889761
 20
-4.3959344094488184
 30
0
 11
5.6464246850393698
 21
-4.3996326377952757
 31
0
  0
LINE
  5
2A3
330
22
100
AcDbEntity
  8
F.Cu
  6
CONTINUOUS
100
AcDbLine
 10
5.6464246850393698
 20
-4.3996326377952757
 30
0
 11
5.6402747244094487
 21
-4.4021800393700783
 31
0
  0
LINE
  5
2A4
330
22
100
AcDbEntity
  8
F.Cu
  6
CONTINUOUS
100
AcDbLine
 10
5.6402747244094487
 20
-4.4021800393700783
 30
0
 11
5.6337459448818894
 21
-4.4034787007874012
 31
0
  0
LINE
  5
2A5
330
22
100
AcDbEntity
  8
F.Cu
  6
CONTINUOUS
100
AcDbLine
 10
5.6337459448818894
 20
-4.4034787007874012
 30
0
 11
5.6270892519685036
 21
-4.4034787007874012
 31
0
  0
LINE
  5
2A6
330
22
100
AcDbEntity
  8
F.Cu
  6
CONTINUOUS
100
AcDbLine
 10
5.6270892519685036
 20
-4.4034787007874012
 30
0
 11
5.6205604724409444
 21
-4.4021800393700783
 31
0
  0
LINE
  5
2A7
330
22
100
AcDbEntity
  8
F.Cu
  6
CONTINUOUS
100
AcDbLine
 10
5.6205604724409444
 20
-4.4021800393700783
 30
0
 11
5.6144105118110232
 21
-4.3996326377952757
 31
0
  0
LINE
  5
2A8
330
22
100
AcDbEntity
  8
F.Cu
  6
CONTINUOUS
100
AcDbLine
 10
5.6144105118110232
 20
-4.3996326377952757
 30
0
 11
5.6088757086614169
 21
-4.3959344094488184
 31
0
  0
LINE
  5
2A9
330
22
100
AcDbEntity
  8
F.Cu
  6
CONTINUOUS
100
AcDbLine
 10
5.6088757086614169
 20
-4.3959344094488184
 30
0
 11
5.604168700787401
 21
-4.3912274015748034
 31
0
  0
LINE
  5
2AA
330
22
100
AcDbEntity
  8
F.Cu
  6
CONTINUOUS
100
AcDbLine
 10
5.604168700787401
 20
-4.3912274015748034
 30
0
 11
5.6004704724409446
 21
-4.3856925984251971
 31
0
  0
LINE
  5
2AB
330
22
100
AcDbEntity
  8
F.Cu
  6
CONTINUOUS
100
AcDbLine
 10
5.6004704724409446
 20
-4.3856925984251971
 30
0
 11
5.597923070866142
 21
-4.3795426377952751
 31
0
  0
LINE
  5
2AC
330
22
100
AcDbEntity
  8
F.Cu
  6
CONTINUOUS
100
AcDbLine
 10
5.597923070866142
 20
-4.3795426377952751
 30
0
 11
5.5966244094488191
 21
-4.3730138582677167
 31
0
  0
LINE
  5
2AD
330
22
100
AcDbEntity
  8
F.Cu
  6
CONTINUOUS
100
AcDbLine
 10
5.5966244094488191
 20
-4.3730138582677167
 30
0
 11
5.5966244094488191
 21
-4.3663571653543309
 31
0
  0
LINE
  5
2AE
330
22
100
AcDbEntity
  8
F.Cu
  6
CONTINUOUS
100
AcDbLine
 10
5.5966244094488191
 20
-4.3663571653543309
 30
0
 11
5.597923070866142
 21
-4.3598283858267717
 31
0
  0
LINE
  5
2AF
330
22
100
AcDbEntity
  8
F.Cu
  6
CONTINUOUS
100
AcDbLine
 10
5.597923070866142
 20
-4.3598283858267717
 30
0
 11
5.6004704724409446
 21
-4.3536784251968506
 31
0
  0
LINE
  5
2B0
330
22
100
AcDbEntity
  8
F.Cu
  6
CONTINUOUS
100
AcDbLine
 10
5.6004704724409446
 20
-4.3536784251968506
 30
0
 11
5.604168700787401
 21
-4.3481436220472442
 31
0
  0
LINE
  5
2B1
330
22
100
AcDbEntity
  8
F.Cu
  6
CONTINUOUS
100
AcDbLine
 10
5.604168700787401
 20
-4.3481436220472442
 30
0
 11
5.6088757086614169
 21
-4.3434366141732283
 31
0
  0
LINE
  5
2B2
330
22
100
AcDbEntity
  8
F.Cu
  6
CONTINUOUS
100
AcDbLine
 10
5.6088757086614169
 20
-4.3434366141732283
 30
0
 11
5.6144105118110232
 21
-4.339738385826772
 31
0
  0
LINE
  5
2B3
330
22
100
AcDbEntity
  8
F.Cu
  6
CONTINUOUS
100
AcDbLine
 10
5.6144105118110232
 20
-4.339738385826772
 30
0
 11
5.6205604724409444
 21
-4.3371909842519685
 31
0
  0
LINE
  5
2B4
330
22
100
AcDbEntity
  8
F.Cu
  6
CONTINUOUS
100
AcDbLine
 10
5.6205604724409444
 20
-4.3371909842519685
 30
0
 11
5.6270892519685036
 21
-4.3358923228346455
 31
0
  0
LINE
  5
2B5
330
22
100
AcDbEntity
  8
F.Cu
  6
CONTINUOUS
100
AcDbLine
 10
5.6270892519685036
 20
-4.3358923228346455
 30
0
 11
5.6337459448818894
 21
-4.3358923228346455
 31
0
  0
LINE
  5
2B6
330
22
100
AcDbEntity
  8
F.Cu
  6
CONTINUOUS
100
AcDbLine
 10
5.6337459448818894
 20
-4.3358923228346455
 30
0
 11
5.6402747244094487
 21
-4.3371909842519685
 31
0
  0
LINE
  5
2B7
330
22
100
AcDbEntity
  8
F.Cu
  6
CONTINUOUS
100
AcDbLine
 10
6.2402747244094483
 20
-4.3371865748031491
 30
0
 11
6.2464246850393703
 21
-4.3397339763779526
 31
0
  0
LINE
  5
2B8
330
22
100
AcDbEntity
  8
F.Cu
  6
CONTINUOUS
100
AcDbLine
 10
6.2464246850393703
 20
-4.3397339763779526
 30
0
 11
6.2519594881889766
 21
-4.3434322047244089
 31
0
  0
LINE
  5
2B9
330
22
100
AcDbEntity
  8
F.Cu
  6
CONTINUOUS
100
AcDbLine
 10
6.2519594881889766
 20
-4.3434322047244089
 30
0
 11
6.2566664960629916
 21
-4.3481392125984248
 31
0
  0
LINE
  5
2BA
330
22
100
AcDbEntity
  8
F.Cu
  6
CONTINUOUS
100
AcDbLine
 10
6.2566664960629916
 20
-4.3481392125984248
 30
0
 11
6.2603647244094489
 21
-4.3536740157480311
 31
0
  0
LINE
  5
2BB
330
22
100
AcDbEntity
  8
F.Cu
  6
CONTINUOUS
100
AcDbLine
 10
6.2603647244094489
 20
-4.3536740157480311
 30
0
 11
6.2629121259842515
 21
-4.3598239763779523
 31
0
  0
LINE
  5
2BC
330
22
100
AcDbEntity
  8
F.Cu
  6
CONTINUOUS
100
AcDbLine
 10
6.2629121259842515
 20
-4.3598239763779523
 30
0
 11
6.2642107874015744
 21
-4.3663527559055115
 31
0
  0
LINE
  5
2BD
330
22
100
AcDbEntity
  8
F.Cu
  6
CONTINUOUS
100
AcDbLine
 10
6.2642107874015744
 20
-4.3663527559055115
 30
0
 11
6.2642107874015744
 21
-4.3730094488188973
 31
0
  0
LINE
  5
2BE
330
22
100
AcDbEntity
  8
F.Cu
  6
CONTINUOUS
100
AcDbLine
 10
6.2642107874015744
 20
-4.3730094488188973
 30
0
 11
6.2629121259842515
 21
-4.3795382283464566
 31
0
  0
LINE
  5
2BF
330
22
100
AcDbEntity
  8
F.Cu
  6
CONTINUOUS
100
AcDbLine
 10
6.2629121259842515
 20
-4.3795382283464566
 30
0
 11
6.2603647244094489
 21
-4.3856881889763777
 31
0
  0
LINE
  5
2C0
330
22
100
AcDbEntity
  8
F.Cu
  6
CONTINUOUS
100
AcDbLine
 10
6.2603647244094489
 20
-4.3856881889763777
 30
0
 11
6.2566664960629916
 21
-4.391222992125984
 31
0
  0
LINE
  5
2C1
330
22
100
AcDbEntity
  8
F.Cu
  6
CONTINUOUS
100
AcDbLine
 10
6.2566664960629916
 20
-4.391222992125984
 30
0
 11
6.2519594881889766
 21
-4.3959299999999999
 31
0
  0
LINE
  5
2C2
330
22
100
AcDbEntity
  8
F.Cu
  6
CONTINUOUS
100
AcDbLine
 10
6.2519594881889766
 20
-4.3959299999999999
 30
0
 11
6.2464246850393703
 21
-4.3996282283464563
 31
0
  0
LINE
  5
2C3
330
22
100
AcDbEntity
  8
F.Cu
  6
CONTINUOUS
100
AcDbLine
 10
6.2464246850393703
 20
-4.3996282283464563
 30
0
 11
6.2402747244094483
 21
-4.4021756299212598
 31
0
  0
LINE
  5
2C4
330
22
100
AcDbEntity
  8
F.Cu
  6
CONTINUOUS
100
AcDbLine
 10
6.2402747244094483
 20
-4.4021756299212598
 30
0
 11
6.2337459448818899
 21
-4.4034742913385827
 31
0
  0
LINE
  5
2C5
330
22
100
AcDbEntity
  8
F.Cu
  6
CONTINUOUS
100
AcDbLine
 10
6.2337459448818899
 20
-4.4034742913385827
 30
0
 11
6.2270892519685042
 21
-4.4034742913385827
 31
0
  0
LINE
  5
2C6
330
22
100
AcDbEntity
  8
F.Cu
  6
CONTINUOUS
100
AcDbLine
 10
6.2270892519685042
 20
-4.4034742913385827
 30
0
 11
6.2205604724409449
 21
-4.4021756299212598
 31
0
  0
LINE
  5
2C7
330
22
100
AcDbEntity
  8
F.Cu
  6
CONTINUOUS
100
AcDbLine
 10
6.2205604724409449
 20
-4.4021756299212598
 30
0
 11
6.2144105118110238
 21
-4.3996282283464563
 31
0
  0
LINE
  5
2C8
330
22
100
AcDbEntity
  8
F.Cu
  6
CONTINUOUS
100
AcDbLine
 10
6.2144105118110238
 20
-4.3996282283464563
 30
0
 11
6.2088757086614175
 21
-4.3959299999999999
 31
0
  0
LINE
  5
2C9
330
22
100
AcDbEntity
  8
F.Cu
  6
CONTINUOUS
100
AcDbLine
 10
6.2088757086614175
 20
-4.3959299999999999
 30
0
 11
6.2041687007874016
 21
-4.391222992125984
 31
0
  0
LINE
  5
2CA
330
22
100
AcDbEntity
  8
F.Cu
  6
CONTINUOUS
100
AcDbLine
 10
6.2041687007874016
 20
-4.391222992125984
 30
0
 11
6.2004704724409452
 21
-4.3856881889763777
 31
0
  0
LINE
  5
2CB
330
22
100
AcDbEntity
  8
F.Cu
  6
CONTINUOUS
100
AcDbLine
 10
6.2004704724409452
 20
-4.3856881889763777
 30
0
 11
6.1979230708661417
 21
-4.3795382283464566
 31
0
  0
LINE
  5
2CC
330
22
100
AcDbEntity
  8
F.Cu
  6
CONTINUOUS
100
AcDbLine
 10
6.1979230708661417
 20
-4.3795382283464566
 30
0
 11
6.1966244094488188
 21
-4.3730094488188973
 31
0
  0
LINE
  5
2CD
330
22
100
AcDbEntity
  8
F.Cu
  6
CONTINUOUS
100
AcDbLine
 10
6.1966244094488188
 20
-4.3730094488188973
 30
0
 11
6.1966244094488188
 21
-4.3663527559055115
 31
0
  0
LINE
  5
2CE
330
22
100
AcDbEntity
  8
F.Cu
  6
CONTINUOUS
100
AcDbLine
 10
6.1966244094488188
 20
-4.3663527559055115
 30
0
 11
6.1979230708661417
 21
-4.3598239763779523
 31
0
  0
LINE
  5
2CF
330
22
100
AcDbEntity
  8
F.Cu
  6
CONTINUOUS
100
AcDbLine
 10
6.1979230708661417
 20
-4.3598239763779523
 30
0
 11
6.2004704724409452
 21
-4.3536740157480311
 31
0
  0
LINE
  5
2D0
330
22
100
AcDbEntity
  8
F.Cu
  6
CONTINUOUS
100
AcDbLine
 10
6.2004704724409452
 20
-4.3536740157480311
 30
0
 11
6.2041687007874016
 21
-4.3481392125984248
 31
0
  0
LINE
  5
2D1
330
22
100
AcDbEntity
  8
F.Cu
  6
CONTINUOUS
100
AcDbLine
 10
6.2041687007874016
 20
-4.3481392125984248
 30
0
 11
6.2088757086614175
 21
-4.3434322047244089
 31
0
  0
LINE
  5
2D2
330
22
100
AcDbEntity
  8
F.Cu
  6
CONTINUOUS
100
AcDbLine
 10
6.2088757086614175
 20
-4.3434322047244089
 30
0
 11
6.2144105118110238
 21
-4.3397339763779526
 31
0
  0
LINE
  5
2D3
330
22
100
AcDbEntity
  8
F.Cu
  6
CONTINUOUS
100
AcDbLine
 10
6.2144105118110238
 20
-4.3397339763779526
 30
0
 11
6.2205604724409449
 21
-4.3371865748031491
 31
0
  0
LINE
  5
2D4
330
22
100
AcDbEntity
  8
F.Cu
  6
CONTINUOUS
100
AcDbLine
 10
6.2205604724409449
 20
-4.3371865748031491
 30
0
 11
6.2270892519685042
 21
-4.335887913385827
 31
0
  0
LINE
  5
2D5
330
22
100
AcDbEntity
  8
F.Cu
  6
CONTINUOUS
100
AcDbLine
 10
6.2270892519685042
 20
-4.335887913385827
 30
0
 11
6.2337459448818899
 21
-4.335887913385827
 31
0
  0
LINE
  5
2D6
330
22
100
AcDbEntity
  8
F.Cu
  6
CONTINUOUS
100
AcDbLine
 10
6.2337459448818899
 20
-4.335887913385827
 30
0
 11
6.2402747244094483
 21
-4.3371865748031491
 31
0
  0
LINE
  5
2D7
330
22
100
AcDbEntity
  8
F.Cu
  6
CONTINUOUS
100
AcDbLine
 10
5.326159488188976
 20
-3.5376614566929132
 30
0
 11
5.3322203149606295
 21
-3.5401719291338583
 31
0
  0
LINE
  5
2D8
330
22
100
AcDbEntity
  8
F.Cu
  6
CONTINUOUS
100
AcDbLine
 10
5.3322203149606295
 20
-3.5401719291338583
 30
0
 11
5.3376749212598424
 21
-3.5438165748031496
 31
0
  0
LINE
  5
2D9
330
22
100
AcDbEntity
  8
F.Cu
  6
CONTINUOUS
100
AcDbLine
 10
5.3376749212598424
 20
-3.5438165748031496
 30
0
 11
5.3423137007874013
 21
-3.5484553543307085
 31
0
  0
LINE
  5
2DA
330
22
100
AcDbEntity
  8
F.Cu
  6
CONTINUOUS
100
AcDbLine
 10
5.3423137007874013
 20
-3.5484553543307085
 30
0
 11
5.3459583464566931
 21
-3.5539099606299214
 31
0
  0
LINE
  5
2DB
330
22
100
AcDbEntity
  8
F.Cu
  6
CONTINUOUS
100
AcDbLine
 10
5.3459583464566931
 20
-3.5539099606299214
 30
0
 11
5.3484688188976373
 21
-3.5599707874015749
 31
0
  0
LINE
  5
2DC
330
22
100
AcDbEntity
  8
F.Cu
  6
CONTINUOUS
100
AcDbLine
 10
5.3484688188976373
 20
-3.5599707874015749
 30
0
 11
5.3497486614173226
 21
-3.5664049212598425
 31
0
  0
LINE
  5
2DD
330
22
100
AcDbEntity
  8
F.Cu
  6
CONTINUOUS
100
AcDbLine
 10
5.3497486614173226
 20
-3.5664049212598425
 30
0
 11
5.3497486614173226
 21
-3.572965157480315
 31
0
  0
LINE
  5
2DE
330
22
100
AcDbEntity
  8
F.Cu
  6
CONTINUOUS
100
AcDbLine
 10
5.3497486614173226
 20
-3.572965157480315
 30
0
 11
5.3484688188976373
 21
-3.5793992913385826
 31
0
  0
LINE
  5
2DF
330
22
100
AcDbEntity
  8
F.Cu
  6
CONTINUOUS
100
AcDbLine
 10
5.3484688188976373
 20
-3.5793992913385826
 30
0
 11
5.3483058267716537
 21
-3.5797926771653543
 31
0
  0
LINE
  5
2E0
330
22
100
AcDbEntity
  8
F.Cu
  6
CONTINUOUS
100
AcDbLine
 10
5.3483058267716537
 20
-3.5797926771653543
 30
0
 11
5.4354475196850389
 21
-3.66693437007874
 31
0
  0
LINE
  5
2E1
330
22
100
AcDbEntity
  8
F.Cu
  6
CONTINUOUS
100
AcDbLine
 10
5.4354475196850389
 20
-3.66693437007874
 30
0
 11
5.4367741732283461
 21
-3.6684471259842519
 31
0
  0
LINE
  5
2E2
330
22
100
AcDbEntity
  8
F.Cu
  6
CONTINUOUS
100
AcDbLine
 10
5.4367741732283461
 20
-3.6684471259842519
 30
0
 11
5.4387818897637796
 21
-3.6719246062992124
 31
0
  0
LINE
  5
2E3
330
22
100
AcDbEntity
  8
F.Cu
  6
CONTINUOUS
100
AcDbLine
 10
5.4387818897637796
 20
-3.6719246062992124
 30
0
 11
5.4388885826771656
 21
-3.6723228346456693
 31
0
  0
LINE
  5
2E4
330
22
100
AcDbEntity
  8
F.Cu
  6
CONTINUOUS
100
AcDbLine
 10
5.4388885826771656
 20
-3.6723228346456693
 30
0
 11
5.4398211811023618
 21
-3.6758032677165353
 31
0
  0
LINE
  5
2E5
330
22
100
AcDbEntity
  8
F.Cu
  6
CONTINUOUS
100
AcDbLine
 10
5.4398211811023618
 20
-3.6758032677165353
 30
0
 11
5.4399527559055114
 21
-3.6778110236220471
 31
0
  0
LINE
  5
2E6
330
22
100
AcDbEntity
  8
F.Cu
  6
CONTINUOUS
100
AcDbLine
 10
5.4399527559055114
 20
-3.6778110236220471
 30
0
 11
5.4399527559055114
 21
-3.8696850393700788
 31
0
  0
LINE
  5
2E7
330
22
100
AcDbEntity
  8
F.Cu
  6
CONTINUOUS
100
AcDbLine
 10
5.4399527559055114
 20
-3.8696850393700788
 30
0
 11
5.4398211811023618
 21
-3.8716927952755906
 31
0
  0
LINE
  5
2E8
330
22
100
AcDbEntity
  8
F.Cu
  6
CONTINUOUS
100
AcDbLine
 10
5.4398211811023618
 20
-3.8716927952755906
 30
0
 11
5.4387818897637796
 21
-3.8755714173228344
 31
0
  0
LINE
  5
2E9
330
22
100
AcDbEntity
  8
F.Cu
  6
CONTINUOUS
100
AcDbLine
 10
5.4387818897637796
 20
-3.8755714173228344
 30
0
 11
5.4367741338582674
 21
-3.879048937007874
 31
0
  0
LINE
  5
2EA
330
22
100
AcDbEntity
  8
F.Cu
  6
CONTINUOUS
100
AcDbLine
 10
5.4367741338582674
 20
-3.879048937007874
 30
0
 11
5.4339347637795274
 21
-3.8818883070866139
 31
0
  0
LINE
  5
2EB
330
22
100
AcDbEntity
  8
F.Cu
  6
CONTINUOUS
100
AcDbLine
 10
5.4339347637795274
 20
-3.8818883070866139
 30
0
 11
5.4304572440944883
 21
-3.8838960629921258
 31
0
  0
LINE
  5
2EC
330
22
100
AcDbEntity
  8
F.Cu
  6
CONTINUOUS
100
AcDbLine
 10
5.4304572440944883
 20
-3.8838960629921258
 30
0
 11
5.4265786220472441
 21
-3.8849353543307084
 31
0
  0
LINE
  5
2ED
330
22
100
AcDbEntity
  8
F.Cu
  6
CONTINUOUS
100
AcDbLine
 10
5.4265786220472441
 20
-3.8849353543307084
 30
0
 11
5.4245708661417318
 21
-3.885066929133858
 31
0
  0
LINE
  5
2EE
330
22
100
AcDbEntity
  8
F.Cu
  6
CONTINUOUS
100
AcDbLine
 10
5.4245708661417318
 20
-3.885066929133858
 30
0
 11
5.1574409448818894
 21
-3.885066929133858
 31
0
  0
LINE
  5
2EF
330
22
100
AcDbEntity
  8
F.Cu
  6
CONTINUOUS
100
AcDbLine
 10
5.1574409448818894
 20
-3.885066929133858
 30
0
 11
5.1574409448818894
 21
-4.1713149606299211
 31
0
  0
LINE
  5
2F0
330
22
100
AcDbEntity
  8
F.Cu
  6
CONTINUOUS
100
AcDbLine
 10
5.1574409448818894
 20
-4.1713149606299211
 30
0
 11
5.1574409448818894
 21
-4.2633136220472441
 31
0
  0
LINE
  5
2F1
330
22
100
AcDbEntity
  8
F.Cu
  6
CONTINUOUS
100
AcDbLine
 10
5.1574409448818894
 20
-4.2633136220472441
 30
0
 11
5.2020170866141733
 21
-4.307889763779527
 31
0
  0
LINE
  5
2F2
330
22
100
AcDbEntity
  8
F.Cu
  6
CONTINUOUS
100
AcDbLine
 10
5.2020170866141733
 20
-4.307889763779527
 30
0
 11
5.2632950000000003
 21
-4.307889763779527
 31
0
  0
LINE
  5
2F3
330
22
100
AcDbEntity
  8
F.Cu
  6
CONTINUOUS
100
AcDbLine
 10
5.2632950000000003
 20
-4.307889763779527
 30
0
 11
5.2632950000000003
 21
-4.3055551181102363
 31
0
  0
LINE
  5
2F4
330
22
100
AcDbEntity
  8
F.Cu
  6
CONTINUOUS
100
AcDbLine
 10
5.2632950000000003
 20
-4.3055551181102363
 30
0
 11
5.2947910629921262
 21
-4.3055551181102363
 31
0
  0
LINE
  5
2F5
330
22
100
AcDbEntity
  8
F.Cu
  6
CONTINUOUS
100
AcDbLine
 10
5.2947910629921262
 20
-4.3055551181102363
 30
0
 11
5.2947910629921262
 21
-4.3409881889763779
 31
0
  0
LINE
  5
2F6
330
22
100
AcDbEntity
  8
F.Cu
  6
CONTINUOUS
100
AcDbLine
 10
5.2947910629921262
 20
-4.3409881889763779
 30
0
 11
5.2632950000000003
 21
-4.3409881889763779
 31
0
  0
LINE
  5
2F7
330
22
100
AcDbEntity
  8
F.Cu
  6
CONTINUOUS
100
AcDbLine
 10
5.2632950000000003
 20
-4.3409881889763779
 30
0
 11
5.2632950000000003
 21
-4.3386535433070863
 31
0
  0
LINE
  5
2F8
330
22
100
AcDbEntity
  8
F.Cu
  6
CONTINUOUS
100
AcDbLine
 10
5.2632950000000003
 20
-4.3386535433070863
 30
0
 11
5.1918622047244094
 21
-4.3386535433070863
 31
0
  0
LINE
  5
2F9
330
22
100
AcDbEntity
  8
F.Cu
  6
CONTINUOUS
100
AcDbLine
 10
5.1918622047244094
 20
-4.3386535433070863
 30
0
 11
5.1898544488188971
 21
-4.3385219685039367
 31
0
  0
LINE
  5
2FA
330
22
100
AcDbEntity
  8
F.Cu
  6
CONTINUOUS
100
AcDbLine
 10
5.1898544488188971
 20
-4.3385219685039367
 30
0
 11
5.1859758267716538
 21
-4.3374826771653545
 31
0
  0
LINE
  5
2FB
330
22
100
AcDbEntity
  8
F.Cu
  6
CONTINUOUS
100
AcDbLine
 10
5.1859758267716538
 20
-4.3374826771653545
 30
0
 11
5.1824983070866137
 21
-4.3354749212598422
 31
0
  0
LINE
  5
2FC
330
22
100
AcDbEntity
  8
F.Cu
  6
CONTINUOUS
100
AcDbLine
 10
5.1824983070866137
 20
-4.3354749212598422
 30
0
 11
5.1796589370078738
 21
-4.3326355511811023
 31
0
  0
LINE
  5
2FD
330
22
100
AcDbEntity
  8
F.Cu
  6
CONTINUOUS
100
AcDbLine
 10
5.1796589370078738
 20
-4.3326355511811023
 30
0
 11
5.1776511811023624
 21
-4.3291580314960632
 31
0
  0
LINE
  5
2FE
330
22
100
AcDbEntity
  8
F.Cu
  6
CONTINUOUS
100
AcDbLine
 10
5.1776511811023624
 20
-4.3291580314960632
 30
0
 11
5.1768724015748031
 21
-4.3262516929133854
 31
0
  0
LINE
  5
2FF
330
22
100
AcDbEntity
  8
F.Cu
  6
CONTINUOUS
100
AcDbLine
 10
5.1768724015748031
 20
-4.3262516929133854
 30
0
 11
5.1311824015748027
 21
-4.2805616929133858
 31
0
  0
LINE
  5
300
330
22
100
AcDbEntity
  8
F.Cu
  6
CONTINUOUS
100
AcDbLine
 10
5.1311824015748027
 20
-4.2805616929133858
 30
0
 11
5.1298557480314964
 21
-4.2790489370078735
 31
0
  0
LINE
  5
301
330
22
100
AcDbEntity
  8
F.Cu
  6
CONTINUOUS
100
AcDbLine
 10
5.1298557480314964
 20
-4.2790489370078735
 30
0
 11
5.1278480314960628
 21
-4.2755714566929131
 31
0
  0
LINE
  5
302
330
22
100
AcDbEntity
  8
F.Cu
  6
CONTINUOUS
100
AcDbLine
 10
5.1278480314960628
 20
-4.2755714566929131
 30
0
 11
5.1275788582677162
 21
-4.2745669291338579
 31
0
  0
LINE
  5
303
330
22
100
AcDbEntity
  8
F.Cu
  6
CONTINUOUS
100
AcDbLine
 10
5.1275788582677162
 20
-4.2745669291338579
 30
0
 11
5.1268087401574798
 21
-4.2716927952755901
 31
0
  0
LINE
  5
304
330
22
100
AcDbEntity
  8
F.Cu
  6
CONTINUOUS
100
AcDbLine
 10
5.1268087401574798
 20
-4.2716927952755901
 30
0
 11
5.1266771653543302
 21
-4.2696850393700787
 31
0
  0
LINE
  5
305
330
22
100
AcDbEntity
  8
F.Cu
  6
CONTINUOUS
100
AcDbLine
 10
5.1266771653543302
 20
-4.2696850393700787
 30
0
 11
5.1266771653543302
 21
-4.1713149606299211
 31
0
  0
LINE
  5
306
330
22
100
AcDbEntity
  8
F.Cu
  6
CONTINUOUS
100
AcDbLine
 10
5.1266771653543302
 20
-4.1713149606299211
 30
0
 11
5.1266771653543302
 21
-3.8696850393700788
 31
0
  0
LINE
  5
307
330
22
100
AcDbEntity
  8
F.Cu
  6
CONTINUOUS
100
AcDbLine
 10
5.1266771653543302
 20
-3.8696850393700788
 30
0
 11
5.1268087401574798
 21
-3.867677283464567
 31
0
  0
LINE
  5
308
330
22
100
AcDbEntity
  8
F.Cu
  6
CONTINUOUS
100
AcDbLine
 10
5.1268087401574798
 20
-3.867677283464567
 30
0
 11
5.1278480314960628
 21
-3.8637986614173228
 31
0
  0
LINE
  5
309
330
22
100
AcDbEntity
  8
F.Cu
  6
CONTINUOUS
100
AcDbLine
 10
5.1278480314960628
 20
-3.8637986614173228
 30
0
 11
5.1298557874015751
 21
-3.8603211417322836
 31
0
  0
LINE
  5
30A
330
22
100
AcDbEntity
  8
F.Cu
  6
CONTINUOUS
100
AcDbLine
 10
5.1298557874015751
 20
-3.8603211417322836
 30
0
 11
5.132695157480315
 21
-3.8574817716535432
 31
0
  0
LINE
  5
30B
330
22
100
AcDbEntity
  8
F.Cu
  6
CONTINUOUS
100
AcDbLine
 10
5.132695157480315
 20
-3.8574817716535432
 30
0
 11
5.1361726771653542
 21
-3.8554740157480314
 31
0
  0
LINE
  5
30C
330
22
100
AcDbEntity
  8
F.Cu
  6
CONTINUOUS
100
AcDbLine
 10
5.1361726771653542
 20
-3.8554740157480314
 30
0
 11
5.1400512992125984
 21
-3.8544347244094488
 31
0
  0
LINE
  5
30D
330
22
100
AcDbEntity
  8
F.Cu
  6
CONTINUOUS
100
AcDbLine
 10
5.1400512992125984
 20
-3.8544347244094488
 30
0
 11
5.1420590551181098
 21
-3.8543031496062992
 31
0
  0
LINE
  5
30E
330
22
100
AcDbEntity
  8
F.Cu
  6
CONTINUOUS
100
AcDbLine
 10
5.1420590551181098
 20
-3.8543031496062992
 30
0
 11
5.409188976377953
 21
-3.8543031496062992
 31
0
  0
LINE
  5
30F
330
22
100
AcDbEntity
  8
F.Cu
  6
CONTINUOUS
100
AcDbLine
 10
5.409188976377953
 20
-3.8543031496062992
 30
0
 11
5.409188976377953
 21
-3.6841824409448818
 31
0
  0
LINE
  5
310
330
22
100
AcDbEntity
  8
F.Cu
  6
CONTINUOUS
100
AcDbLine
 10
5.409188976377953
 20
-3.6841824409448818
 30
0
 11
5.3265524015748031
 21
-3.6015458661417323
 31
0
  0
LINE
  5
311
330
22
100
AcDbEntity
  8
F.Cu
  6
CONTINUOUS
100
AcDbLine
 10
5.3265524015748031
 20
-3.6015458661417323
 30
0
 11
5.326159488188976
 21
-3.6017086220472438
 31
0
  0
LINE
  5
312
330
22
100
AcDbEntity
  8
F.Cu
  6
CONTINUOUS
100
AcDbLine
 10
5.326159488188976
 20
-3.6017086220472438
 30
0
 11
5.3197253543307088
 21
-3.6029884645669292
 31
0
  0
LINE
  5
313
330
22
100
AcDbEntity
  8
F.Cu
  6
CONTINUOUS
100
AcDbLine
 10
5.3197253543307088
 20
-3.6029884645669292
 30
0
 11
5.313165118110236
 21
-3.6029884645669292
 31
0
  0
LINE
  5
314
330
22
100
AcDbEntity
  8
F.Cu
  6
CONTINUOUS
100
AcDbLine
 10
5.313165118110236
 20
-3.6029884645669292
 30
0
 11
5.3067309842519688
 21
-3.6017086220472438
 31
0
  0
LINE
  5
315
330
22
100
AcDbEntity
  8
F.Cu
  6
CONTINUOUS
100
AcDbLine
 10
5.3067309842519688
 20
-3.6017086220472438
 30
0
 11
5.3006701574803152
 21
-3.5991981496062992
 31
0
  0
LINE
  5
316
330
22
100
AcDbEntity
  8
F.Cu
  6
CONTINUOUS
100
AcDbLine
 10
5.3006701574803152
 20
-3.5991981496062992
 30
0
 11
5.2952155511811023
 21
-3.5955535039370079
 31
0
  0
LINE
  5
317
330
22
100
AcDbEntity
  8
F.Cu
  6
CONTINUOUS
100
AcDbLine
 10
5.2952155511811023
 20
-3.5955535039370079
 30
0
 11
5.2905767716535435
 21
-3.5909147244094486
 31
0
  0
LINE
  5
318
330
22
100
AcDbEntity
  8
F.Cu
  6
CONTINUOUS
100
AcDbLine
 10
5.2905767716535435
 20
-3.5909147244094486
 30
0
 11
5.2869321259842517
 21
-3.5854601181102361
 31
0
  0
LINE
  5
319
330
22
100
AcDbEntity
  8
F.Cu
  6
CONTINUOUS
100
AcDbLine
 10
5.2869321259842517
 20
-3.5854601181102361
 30
0
 11
5.2844216535433066
 21
-3.5793992913385826
 31
0
  0
LINE
  5
31A
330
22
100
AcDbEntity
  8
F.Cu
  6
CONTINUOUS
100
AcDbLine
 10
5.2844216535433066
 20
-3.5793992913385826
 30
0
 11
5.2831418110236221
 21
-3.572965157480315
 31
0
  0
LINE
  5
31B
330
22
100
AcDbEntity
  8
F.Cu
  6
CONTINUOUS
100
AcDbLine
 10
5.2831418110236221
 20
-3.572965157480315
 30
0
 11
5.2831418110236221
 21
-3.5664049212598425
 31
0
  0
LINE
  5
31C
330
22
100
AcDbEntity
  8
F.Cu
  6
CONTINUOUS
100
AcDbLine
 10
5.2831418110236221
 20
-3.5664049212598425
 30
0
 11
5.2844216535433066
 21
-3.5599707874015749
 31
0
  0
LINE
  5
31D
330
22
100
AcDbEntity
  8
F.Cu
  6
CONTINUOUS
100
AcDbLine
 10
5.2844216535433066
 20
-3.5599707874015749
 30
0
 11
5.2869321259842517
 21
-3.5539099606299214
 31
0
  0
LINE
  5
31E
330
22
100
AcDbEntity
  8
F.Cu
  6
CONTINUOUS
100
AcDbLine
 10
5.2869321259842517
 20
-3.5539099606299214
 30
0
 11
5.2905767716535435
 21
-3.5484553543307085
 31
0
  0
LINE
  5
31F
330
22
100
AcDbEntity
  8
F.Cu
  6
CONTINUOUS
100
AcDbLine
 10
5.2905767716535435
 20
-3.5484553543307085
 30
0
 11
5.2952155511811023
 21
-3.5438165748031496
 31
0
  0
LINE
  5
320
330
22
100
AcDbEntity
  8
F.Cu
  6
CONTINUOUS
100
AcDbLine
 10
5.2952155511811023
 20
-3.5438165748031496
 30
0
 11
5.3006701574803152
 21
-3.5401719291338583
 31
0
  0
LINE
  5
321
330
22
100
AcDbEntity
  8
F.Cu
  6
CONTINUOUS
100
AcDbLine
 10
5.3006701574803152
 20
-3.5401719291338583
 30
0
 11
5.3067309842519688
 21
-3.5376614566929132
 31
0
  0
LINE
  5
322
330
22
100
AcDbEntity
  8
F.Cu
  6
CONTINUOUS
100
AcDbLine
 10
5.3067309842519688
 20
-3.5376614566929132
 30
0
 11
5.313165118110236
 21
-3.5363816141732283
 31
0
  0
LINE
  5
323
330
22
100
AcDbEntity
  8
F.Cu
  6
CONTINUOUS
100
AcDbLine
 10
5.313165118110236
 20
-3.5363816141732283
 30
0
 11
5.3197253543307088
 21
-3.5363816141732283
 31
0
  0
LINE
  5
324
330
22
100
AcDbEntity
  8
F.Cu
  6
CONTINUOUS
100
AcDbLine
 10
5.3197253543307088
 20
-3.5363816141732283
 30
0
 11
5.326159488188976
 21
-3.5376614566929132
 31
0
  0
LINE
  5
325
330
22
100
AcDbEntity
  8
F.Cu
  6
CONTINUOUS
100
AcDbLine
 10
5.6402739763779524
 20
-4.2371909842519688
 30
0
 11
5.6464239370078735
 21
-4.2397383858267714
 31
0
  0
LINE
  5
326
330
22
100
AcDbEntity
  8
F.Cu
  6
CONTINUOUS
100
AcDbLine
 10
5.6464239370078735
 20
-4.2397383858267714
 30
0
 11
5.6519587401574798
 21
-4.2434366141732278
 31
0
  0
LINE
  5
327
330
22
100
AcDbEntity
  8
F.Cu
  6
CONTINUOUS
100
AcDbLine
 10
5.6519587401574798
 20
-4.2434366141732278
 30
0
 11
5.6566657480314957
 21
-4.2481436220472437
 31
0
  0
LINE
  5
328
330
22
100
AcDbEntity
  8
F.Cu
  6
CONTINUOUS
100
AcDbLine
 10
5.6566657480314957
 20
-4.2481436220472437
 30
0
 11
5.660363976377953
 21
-4.25367842519685
 31
0
  0
LINE
  5
329
330
22
100
AcDbEntity
  8
F.Cu
  6
CONTINUOUS
100
AcDbLine
 10
5.660363976377953
 20
-4.25367842519685
 30
0
 11
5.6629113779527556
 21
-4.2598283858267711
 31
0
  0
LINE
  5
32A
330
22
100
AcDbEntity
  8
F.Cu
  6
CONTINUOUS
100
AcDbLine
 10
5.6629113779527556
 20
-4.2598283858267711
 30
0
 11
5.6642100393700785
 21
-4.2663571653543304
 31
0
  0
LINE
  5
32B
330
22
100
AcDbEntity
  8
F.Cu
  6
CONTINUOUS
100
AcDbLine
 10
5.6642100393700785
 20
-4.2663571653543304
 30
0
 11
5.6642100393700785
 21
-4.2730138582677162
 31
0
  0
LINE
  5
32C
330
22
100
AcDbEntity
  8
F.Cu
  6
CONTINUOUS
100
AcDbLine
 10
5.6642100393700785
 20
-4.2730138582677162
 30
0
 11
5.6629113779527556
 21
-4.2795426377952754
 31
0
  0
LINE
  5
32D
330
22
100
AcDbEntity
  8
F.Cu
  6
CONTINUOUS
100
AcDbLine
 10
5.6629113779527556
 20
-4.2795426377952754
 30
0
 11
5.660363976377953
 21
-4.2856925984251966
 31
0
  0
LINE
  5
32E
330
22
100
AcDbEntity
  8
F.Cu
  6
CONTINUOUS
100
AcDbLine
 10
5.660363976377953
 20
-4.2856925984251966
 30
0
 11
5.6566657480314957
 21
-4.2912274015748029
 31
0
  0
LINE
  5
32F
330
22
100
AcDbEntity
  8
F.Cu
  6
CONTINUOUS
100
AcDbLine
 10
5.6566657480314957
 20
-4.2912274015748029
 30
0
 11
5.6519587401574798
 21
-4.2959344094488188
 31
0
  0
LINE
  5
330
330
22
100
AcDbEntity
  8
F.Cu
  6
CONTINUOUS
100
AcDbLine
 10
5.6519587401574798
 20
-4.2959344094488188
 30
0
 11
5.6464239370078735
 21
-4.2996326377952752
 31
0
  0
LINE
  5
331
330
22
100
AcDbEntity
  8
F.Cu
  6
CONTINUOUS
100
AcDbLine
 10
5.6464239370078735
 20
-4.2996326377952752
 30
0
 11
5.6402739763779524
 21
-4.3021800393700786
 31
0
  0
LINE
  5
332
330
22
100
AcDbEntity
  8
F.Cu
  6
CONTINUOUS
100
AcDbLine
 10
5.6402739763779524
 20
-4.3021800393700786
 30
0
 11
5.633745196850394
 21
-4.3034787007874016
 31
0
  0
LINE
  5
333
330
22
100
AcDbEntity
  8
F.Cu
  6
CONTINUOUS
100
AcDbLine
 10
5.633745196850394
 20
-4.3034787007874016
 30
0
 11
5.6270885039370073
 21
-4.3034787007874016
 31
0
  0
LINE
  5
334
330
22
100
AcDbEntity
  8
F.Cu
  6
CONTINUOUS
100
AcDbLine
 10
5.6270885039370073
 20
-4.3034787007874016
 30
0
 11
5.620559724409449
 21
-4.3021800393700786
 31
0
  0
LINE
  5
335
330
22
100
AcDbEntity
  8
F.Cu
  6
CONTINUOUS
100
AcDbLine
 10
5.620559724409449
 20
-4.3021800393700786
 30
0
 11
5.6144097637795278
 21
-4.2996326377952752
 31
0
  0
LINE
  5
336
330
22
100
AcDbEntity
  8
F.Cu
  6
CONTINUOUS
100
AcDbLine
 10
5.6144097637795278
 20
-4.2996326377952752
 30
0
 11
5.6088749606299215
 21
-4.2959344094488188
 31
0
  0
LINE
  5
337
330
22
100
AcDbEntity
  8
F.Cu
  6
CONTINUOUS
100
AcDbLine
 10
5.6088749606299215
 20
-4.2959344094488188
 30
0
 11
5.6041679527559056
 21
-4.2912274015748029
 31
0
  0
LINE
  5
338
330
22
100
AcDbEntity
  8
F.Cu
  6
CONTINUOUS
100
AcDbLine
 10
5.6041679527559056
 20
-4.2912274015748029
 30
0
 11
5.6004697244094483
 21
-4.2856925984251966
 31
0
  0
LINE
  5
339
330
22
100
AcDbEntity
  8
F.Cu
  6
CONTINUOUS
100
AcDbLine
 10
5.6004697244094483
 20
-4.2856925984251966
 30
0
 11
5.5979223228346457
 21
-4.2795426377952754
 31
0
  0
LINE
  5
33A
330
22
100
AcDbEntity
  8
F.Cu
  6
CONTINUOUS
100
AcDbLine
 10
5.5979223228346457
 20
-4.2795426377952754
 30
0
 11
5.5966236614173228
 21
-4.2730138582677162
 31
0
  0
LINE
  5
33B
330
22
100
AcDbEntity
  8
F.Cu
  6
CONTINUOUS
100
AcDbLine
 10
5.5966236614173228
 20
-4.2730138582677162
 30
0
 11
5.5966236614173228
 21
-4.2663571653543304
 31
0
  0
LINE
  5
33C
330
22
100
AcDbEntity
  8
F.Cu
  6
CONTINUOUS
100
AcDbLine
 10
5.5966236614173228
 20
-4.2663571653543304
 30
0
 11
5.5979223228346457
 21
-4.2598283858267711
 31
0
  0
LINE
  5
33D
330
22
100
AcDbEntity
  8
F.Cu
  6
CONTINUOUS
100
AcDbLine
 10
5.5979223228346457
 20
-4.2598283858267711
 30
0
 11
5.6004697244094483
 21
-4.25367842519685
 31
0
  0
LINE
  5
33E
330
22
100
AcDbEntity
  8
F.Cu
  6
CONTINUOUS
100
AcDbLine
 10
5.6004697244094483
 20
-4.25367842519685
 30
0
 11
5.6041679527559056
 21
-4.2481436220472437
 31
0
  0
LINE
  5
33F
330
22
100
AcDbEntity
  8
F.Cu
  6
CONTINUOUS
100
AcDbLine
 10
5.6041679527559056
 20
-4.2481436220472437
 30
0
 11
5.6088749606299215
 21
-4.2434366141732278
 31
0
  0
LINE
  5
340
330
22
100
AcDbEntity
  8
F.Cu
  6
CONTINUOUS
100
AcDbLine
 10
5.6088749606299215
 20
-4.2434366141732278
 30
0
 11
5.6144097637795278
 21
-4.2397383858267714
 31
0
  0
LINE
  5
341
330
22
100
AcDbEntity
  8
F.Cu
  6
CONTINUOUS
100
AcDbLine
 10
5.6144097637795278
 20
-4.2397383858267714
 30
0
 11
5.620559724409449
 21
-4.2371909842519688
 31
0
  0
LINE
  5
342
330
22
100
AcDbEntity
  8
F.Cu
  6
CONTINUOUS
100
AcDbLine
 10
5.620559724409449
 20
-4.2371909842519688
 30
0
 11
5.6270885039370073
 21
-4.2358923228346459
 31
0
  0
LINE
  5
343
330
22
100
AcDbEntity
  8
F.Cu
  6
CONTINUOUS
100
AcDbLine
 10
5.6270885039370073
 20
-4.2358923228346459
 30
0
 11
5.633745196850394
 21
-4.2358923228346459
 31
0
  0
LINE
  5
344
330
22
100
AcDbEntity
  8
F.Cu
  6
CONTINUOUS
100
AcDbLine
 10
5.633745196850394
 20
-4.2358923228346459
 30
0
 11
5.6402739763779524
 21
-4.2371909842519688
 31
0
  0
LINE
  5
345
330
22
100
AcDbEntity
  8
F.Cu
  6
CONTINUOUS
100
AcDbLine
 10
6.2402739763779529
 20
-4.2371865748031494
 30
0
 11
6.246423937007874
 21
-4.2397339763779529
 31
0
  0
LINE
  5
346
330
22
100
AcDbEntity
  8
F.Cu
  6
CONTINUOUS
100
AcDbLine
 10
6.246423937007874
 20
-4.2397339763779529
 30
0
 11
6.2519587401574803
 21
-4.2434322047244093
 31
0
  0
LINE
  5
347
330
22
100
AcDbEntity
  8
F.Cu
  6
CONTINUOUS
100
AcDbLine
 10
6.2519587401574803
 20
-4.2434322047244093
 30
0
 11
6.2566657480314962
 21
-4.2481392125984252
 31
0
  0
LINE
  5
348
330
22
100
AcDbEntity
  8
F.Cu
  6
CONTINUOUS
100
AcDbLine
 10
6.2566657480314962
 20
-4.2481392125984252
 30
0
 11
6.2603639763779526
 21
-4.2536740157480315
 31
0
  0
LINE
  5
349
330
22
100
AcDbEntity
  8
F.Cu
  6
CONTINUOUS
100
AcDbLine
 10
6.2603639763779526
 20
-4.2536740157480315
 30
0
 11
6.2629113779527561
 21
-4.2598239763779526
 31
0
  0
LINE
  5
34A
330
22
100
AcDbEntity
  8
F.Cu
  6
CONTINUOUS
100
AcDbLine
 10
6.2629113779527561
 20
-4.2598239763779526
 30
0
 11
6.264210039370079
 21
-4.2663527559055119
 31
0
  0
LINE
  5
34B
330
22
100
AcDbEntity
  8
F.Cu
  6
CONTINUOUS
100
AcDbLine
 10
6.264210039370079
 20
-4.2663527559055119
 30
0
 11
6.264210039370079
 21
-4.2730094488188977
 31
0
  0
LINE
  5
34C
330
22
100
AcDbEntity
  8
F.Cu
  6
CONTINUOUS
100
AcDbLine
 10
6.264210039370079
 20
-4.2730094488188977
 30
0
 11
6.2629113779527561
 21
-4.2795382283464569
 31
0
  0
LINE
  5
34D
330
22
100
AcDbEntity
  8
F.Cu
  6
CONTINUOUS
100
AcDbLine
 10
6.2629113779527561
 20
-4.2795382283464569
 30
0
 11
6.2603639763779526
 21
-4.285688188976378
 31
0
  0
LINE
  5
34E
330
22
100
AcDbEntity
  8
F.Cu
  6
CONTINUOUS
100
AcDbLine
 10
6.2603639763779526
 20
-4.285688188976378
 30
0
 11
6.2566657480314962
 21
-4.2912229921259843
 31
0
  0
LINE
  5
34F
330
22
100
AcDbEntity
  8
F.Cu
  6
CONTINUOUS
100
AcDbLine
 10
6.2566657480314962
 20
-4.2912229921259843
 30
0
 11
6.2519587401574803
 21
-4.2959300000000002
 31
0
  0
LINE
  5
350
330
22
100
AcDbEntity
  8
F.Cu
  6
CONTINUOUS
100
AcDbLine
 10
6.2519587401574803
 20
-4.2959300000000002
 30
0
 11
6.246423937007874
 21
-4.2996282283464566
 31
0
  0
LINE
  5
351
330
22
100
AcDbEntity
  8
F.Cu
  6
CONTINUOUS
100
AcDbLine
 10
6.246423937007874
 20
-4.2996282283464566
 30
0
 11
6.2402739763779529
 21
-4.3021756299212601
 31
0
  0
LINE
  5
352
330
22
100
AcDbEntity
  8
F.Cu
  6
CONTINUOUS
100
AcDbLine
 10
6.2402739763779529
 20
-4.3021756299212601
 30
0
 11
6.2337451968503936
 21
-4.3034742913385822
 31
0
  0
LINE
  5
353
330
22
100
AcDbEntity
  8
F.Cu
  6
CONTINUOUS
100
AcDbLine
 10
6.2337451968503936
 20
-4.3034742913385822
 30
0
 11
6.2270885039370079
 21
-4.3034742913385822
 31
0
  0
LINE
  5
354
330
22
100
AcDbEntity
  8
F.Cu
  6
CONTINUOUS
100
AcDbLine
 10
6.2270885039370079
 20
-4.3034742913385822
 30
0
 11
6.2205597244094486
 21
-4.3021756299212601
 31
0
  0
LINE
  5
355
330
22
100
AcDbEntity
  8
F.Cu
  6
CONTINUOUS
100
AcDbLine
 10
6.2205597244094486
 20
-4.3021756299212601
 30
0
 11
6.2144097637795275
 21
-4.2996282283464566
 31
0
  0
LINE
  5
356
330
22
100
AcDbEntity
  8
F.Cu
  6
CONTINUOUS
100
AcDbLine
 10
6.2144097637795275
 20
-4.2996282283464566
 30
0
 11
6.2088749606299212
 21
-4.2959300000000002
 31
0
  0
LINE
  5
357
330
22
100
AcDbEntity
  8
F.Cu
  6
CONTINUOUS
100
AcDbLine
 10
6.2088749606299212
 20
-4.2959300000000002
 30
0
 11
6.2041679527559053
 21
-4.2912229921259843
 31
0
  0
LINE
  5
358
330
22
100
AcDbEntity
  8
F.Cu
  6
CONTINUOUS
100
AcDbLine
 10
6.2041679527559053
 20
-4.2912229921259843
 30
0
 11
6.2004697244094489
 21
-4.285688188976378
 31
0
  0
LINE
  5
359
330
22
100
AcDbEntity
  8
F.Cu
  6
CONTINUOUS
100
AcDbLine
 10
6.2004697244094489
 20
-4.285688188976378
 30
0
 11
6.1979223228346454
 21
-4.2795382283464569
 31
0
  0
LINE
  5
35A
330
22
100
AcDbEntity
  8
F.Cu
  6
CONTINUOUS
100
AcDbLine
 10
6.1979223228346454
 20
-4.2795382283464569
 30
0
 11
6.1966236614173225
 21
-4.2730094488188977
 31
0
  0
LINE
  5
35B
330
22
100
AcDbEntity
  8
F.Cu
  6
CONTINUOUS
100
AcDbLine
 10
6.1966236614173225
 20
-4.2730094488188977
 30
0
 11
6.1966236614173225
 21
-4.2663527559055119
 31
0
  0
LINE
  5
35C
330
22
100
AcDbEntity
  8
F.Cu
  6
CONTINUOUS
100
AcDbLine
 10
6.1966236614173225
 20
-4.2663527559055119
 30
0
 11
6.1979223228346454
 21
-4.2598239763779526
 31
0
  0
LINE
  5
35D
330
22
100
AcDbEntity
  8
F.Cu
  6
CONTINUOUS
100
AcDbLine
 10
6.1979223228346454
 20
-4.2598239763779526
 30
0
 11
6.2004697244094489
 21
-4.2536740157480315
 31
0
  0
LINE
  5
35E
330
22
100
AcDbEntity
  8
F.Cu
  6
CONTINUOUS
100
AcDbLine
 10
6.2004697244094489
 20
-4.2536740157480315
 30
0
 11
6.2041679527559053
 21
-4.2481392125984252
 31
0
  0
LINE
  5
35F
330
22
100
AcDbEntity
  8
F.Cu
  6
CONTINUOUS
100
AcDbLine
 10
6.2041679527559053
 20
-4.2481392125984252
 30
0
 11
6.2088749606299212
 21
-4.2434322047244093
 31
0
  0
LINE
  5
360
330
22
100
AcDbEntity
  8
F.Cu
  6
CONTINUOUS
100
AcDbLine
 10
6.2088749606299212
 20
-4.2434322047244093
 30
0
 11
6.2144097637795275
 21
-4.2397339763779529
 31
0
  0
LINE
  5
361
330
22
100
AcDbEntity
  8
F.Cu
  6
CONTINUOUS
100
AcDbLine
 10
6.2144097637795275
 20
-4.2397339763779529
 30
0
 11
6.2205597244094486
 21
-4.2371865748031494
 31
0
  0
LINE
  5
362
330
22
100
AcDbEntity
  8
F.Cu
  6
CONTINUOUS
100
AcDbLine
 10
6.2205597244094486
 20
-4.2371865748031494
 30
0
 11
6.2270885039370079
 21
-4.2358879133858265
 31
0
  0
LINE
  5
363
330
22
100
AcDbEntity
  8
F.Cu
  6
CONTINUOUS
100
AcDbLine
 10
6.2270885039370079
 20
-4.2358879133858265
 30
0
 11
6.2337451968503936
 21
-4.2358879133858265
 31
0
  0
LINE
  5
364
330
22
100
AcDbEntity
  8
F.Cu
  6
CONTINUOUS
100
AcDbLine
 10
6.2337451968503936
 20
-4.2358879133858265
 30
0
 11
6.2402739763779529
 21
-4.2371865748031494
 31
0
  0
LINE
  5
365
330
22
100
AcDbEntity
  8
F.Cu
  6
CONTINUOUS
100
AcDbLine
 10
5.6402710236220468
 20
-3.8371909842519685
 30
0
 11
5.6464209842519688
 21
-3.8397383858267715
 31
0
  0
LINE
  5
366
330
22
100
AcDbEntity
  8
F.Cu
  6
CONTINUOUS
100
AcDbLine
 10
5.6464209842519688
 20
-3.8397383858267715
 30
0
 11
5.6519557874015751
 21
-3.8434366141732283
 31
0
  0
LINE
  5
367
330
22
100
AcDbEntity
  8
F.Cu
  6
CONTINUOUS
100
AcDbLine
 10
5.6519557874015751
 20
-3.8434366141732283
 30
0
 11
5.6566627952755901
 21
-3.8481436220472438
 31
0
  0
LINE
  5
368
330
22
100
AcDbEntity
  8
F.Cu
  6
CONTINUOUS
100
AcDbLine
 10
5.6566627952755901
 20
-3.8481436220472438
 30
0
 11
5.6603610236220474
 21
-3.8536784251968501
 31
0
  0
LINE
  5
369
330
22
100
AcDbEntity
  8
F.Cu
  6
CONTINUOUS
100
AcDbLine
 10
5.6603610236220474
 20
-3.8536784251968501
 30
0
 11
5.66290842519685
 21
-3.8598283858267717
 31
0
  0
LINE
  5
36A
330
22
100
AcDbEntity
  8
F.Cu
  6
CONTINUOUS
100
AcDbLine
 10
5.66290842519685
 20
-3.8598283858267717
 30
0
 11
5.6642070866141729
 21
-3.8663571653543305
 31
0
  0
LINE
  5
36B
330
22
100
AcDbEntity
  8
F.Cu
  6
CONTINUOUS
100
AcDbLine
 10
5.6642070866141729
 20
-3.8663571653543305
 30
0
 11
5.6642070866141729
 21
-3.8730138582677163
 31
0
  0
LINE
  5
36C
330
22
100
AcDbEntity
  8
F.Cu
  6
CONTINUOUS
100
AcDbLine
 10
5.6642070866141729
 20
-3.8730138582677163
 30
0
 11
5.66290842519685
 21
-3.8795426377952755
 31
0
  0
LINE
  5
36D
330
22
100
AcDbEntity
  8
F.Cu
  6
CONTINUOUS
100
AcDbLine
 10
5.66290842519685
 20
-3.8795426377952755
 30
0
 11
5.6603610236220474
 21
-3.8856925984251967
 31
0
  0
LINE
  5
36E
330
22
100
AcDbEntity
  8
F.Cu
  6
CONTINUOUS
100
AcDbLine
 10
5.6603610236220474
 20
-3.8856925984251967
 30
0
 11
5.6566627952755901
 21
-3.891227401574803
 31
0
  0
LINE
  5
36F
330
22
100
AcDbEntity
  8
F.Cu
  6
CONTINUOUS
100
AcDbLine
 10
5.6566627952755901
 20
-3.891227401574803
 30
0
 11
5.6519557874015751
 21
-3.8959344094488189
 31
0
  0
LINE
  5
370
330
22
100
AcDbEntity
  8
F.Cu
  6
CONTINUOUS
100
AcDbLine
 10
5.6519557874015751
 20
-3.8959344094488189
 30
0
 11
5.6464209842519688
 21
-3.8996326377952757
 31
0
  0
LINE
  5
371
330
22
100
AcDbEntity
  8
F.Cu
  6
CONTINUOUS
100
AcDbLine
 10
5.6464209842519688
 20
-3.8996326377952757
 30
0
 11
5.6402710236220468
 21
-3.9021800393700787
 31
0
  0
LINE
  5
372
330
22
100
AcDbEntity
  8
F.Cu
  6
CONTINUOUS
100
AcDbLine
 10
5.6402710236220468
 20
-3.9021800393700787
 30
0
 11
5.6337422440944884
 21
-3.9034787007874017
 31
0
  0
LINE
  5
373
330
22
100
AcDbEntity
  8
F.Cu
  6
CONTINUOUS
100
AcDbLine
 10
5.6337422440944884
 20
-3.9034787007874017
 30
0
 11
5.6270855511811027
 21
-3.9034787007874017
 31
0
  0
LINE
  5
374
330
22
100
AcDbEntity
  8
F.Cu
  6
CONTINUOUS
100
AcDbLine
 10
5.6270855511811027
 20
-3.9034787007874017
 30
0
 11
5.6205567716535434
 21
-3.9021800393700787
 31
0
  0
LINE
  5
375
330
22
100
AcDbEntity
  8
F.Cu
  6
CONTINUOUS
100
AcDbLine
 10
5.6205567716535434
 20
-3.9021800393700787
 30
0
 11
5.6144068110236223
 21
-3.8996326377952757
 31
0
  0
LINE
  5
376
330
22
100
AcDbEntity
  8
F.Cu
  6
CONTINUOUS
100
AcDbLine
 10
5.6144068110236223
 20
-3.8996326377952757
 30
0
 11
5.6102909055118113
 21
-3.8968824803149604
 31
0
  0
LINE
  5
377
330
22
100
AcDbEntity
  8
F.Cu
  6
CONTINUOUS
100
AcDbLine
 10
5.6102909055118113
 20
-3.8968824803149604
 30
0
 11
5.2968977559055119
 21
-4.2102757086614169
 31
0
  0
LINE
  5
378
330
22
100
AcDbEntity
  8
F.Cu
  6
CONTINUOUS
100
AcDbLine
 10
5.2968977559055119
 20
-4.2102757086614169
 30
0
 11
5.2961400787401578
 21
-4.2108974803149604
 31
0
  0
LINE
  5
379
330
22
100
AcDbEntity
  8
F.Cu
  6
CONTINUOUS
100
AcDbLine
 10
5.2961400787401578
 20
-4.2108974803149604
 30
0
 11
5.2943376771653545
 21
-4.2116440944881885
 31
0
  0
LINE
  5
37A
330
22
100
AcDbEntity
  8
F.Cu
  6
CONTINUOUS
100
AcDbLine
 10
5.2943376771653545
 20
-4.2116440944881885
 30
0
 11
5.2943337007874014
 21
-4.2116440944881885
 31
0
  0
LINE
  5
37B
330
22
100
AcDbEntity
  8
F.Cu
  6
CONTINUOUS
100
AcDbLine
 10
5.2943337007874014
 20
-4.2116440944881885
 30
0
 11
5.2933582677165356
 21
-4.2117401574803148
 31
0
  0
LINE
  5
37C
330
22
100
AcDbEntity
  8
F.Cu
  6
CONTINUOUS
100
AcDbLine
 10
5.2933582677165356
 20
-4.2117401574803148
 30
0
 11
5.2760909842519688
 21
-4.2117401574803148
 31
0
  0
LINE
  5
37D
330
22
100
AcDbEntity
  8
F.Cu
  6
CONTINUOUS
100
AcDbLine
 10
5.2760909842519688
 20
-4.2117401574803148
 30
0
 11
5.2760909842519688
 21
-4.2237165354330708
 31
0
  0
LINE
  5
37E
330
22
100
AcDbEntity
  8
F.Cu
  6
CONTINUOUS
100
AcDbLine
 10
5.2760909842519688
 20
-4.2237165354330708
 30
0
 11
5.2756974803149603
 21
-4.2256947244094487
 31
0
  0
LINE
  5
37F
330
22
100
AcDbEntity
  8
F.Cu
  6
CONTINUOUS
100
AcDbLine
 10
5.2756974803149603
 20
-4.2256947244094487
 30
0
 11
5.2745769291338584
 21
-4.2273717716535435
 31
0
  0
LINE
  5
380
330
22
100
AcDbEntity
  8
F.Cu
  6
CONTINUOUS
100
AcDbLine
 10
5.2745769291338584
 20
-4.2273717716535435
 30
0
 11
5.2728998818897637
 21
-4.2284923228346454
 31
0
  0
LINE
  5
381
330
22
100
AcDbEntity
  8
F.Cu
  6
CONTINUOUS
100
AcDbLine
 10
5.2728998818897637
 20
-4.2284923228346454
 30
0
 11
5.2709216929133857
 21
-4.2288858267716538
 31
0
  0
LINE
  5
382
330
22
100
AcDbEntity
  8
F.Cu
  6
CONTINUOUS
100
AcDbLine
 10
5.2709216929133857
 20
-4.2288858267716538
 30
0
 11
5.2123626377952759
 21
-4.2288858267716538
 31
0
  0
LINE
  5
383
330
22
100
AcDbEntity
  8
F.Cu
  6
CONTINUOUS
100
AcDbLine
 10
5.2123626377952759
 20
-4.2288858267716538
 30
0
 11
5.210384448818898
 21
-4.2284923228346454
 31
0
  0
LINE
  5
384
330
22
100
AcDbEntity
  8
F.Cu
  6
CONTINUOUS
100
AcDbLine
 10
5.210384448818898
 20
-4.2284923228346454
 30
0
 11
5.2087074015748032
 21
-4.2273717716535435
 31
0
  0
LINE
  5
385
330
22
100
AcDbEntity
  8
F.Cu
  6
CONTINUOUS
100
AcDbLine
 10
5.2087074015748032
 20
-4.2273717716535435
 30
0
 11
5.2075868503937004
 21
-4.2256947244094487
 31
0
  0
LINE
  5
386
330
22
100
AcDbEntity
  8
F.Cu
  6
CONTINUOUS
100
AcDbLine
 10
5.2075868503937004
 20
-4.2256947244094487
 30
0
 11
5.2071933464566929
 21
-4.2237165354330708
 31
0
  0
LINE
  5
387
330
22
100
AcDbEntity
  8
F.Cu
  6
CONTINUOUS
100
AcDbLine
 10
5.2071933464566929
 20
-4.2237165354330708
 30
0
 11
5.2071933464566929
 21
-4.1897637795275591
 31
0
  0
LINE
  5
388
330
22
100
AcDbEntity
  8
F.Cu
  6
CONTINUOUS
100
AcDbLine
 10
5.2071933464566929
 20
-4.1897637795275591
 30
0
 11
5.2075868503937004
 21
-4.1877855905511812
 31
0
  0
LINE
  5
389
330
22
100
AcDbEntity
  8
F.Cu
  6
CONTINUOUS
100
AcDbLine
 10
5.2075868503937004
 20
-4.1877855905511812
 30
0
 11
5.2087074015748032
 21
-4.1861085433070864
 31
0
  0
LINE
  5
38A
330
22
100
AcDbEntity
  8
F.Cu
  6
CONTINUOUS
100
AcDbLine
 10
5.2087074015748032
 20
-4.1861085433070864
 30
0
 11
5.210384448818898
 21
-4.1849879921259845
 31
0
  0
LINE
  5
38B
330
22
100
AcDbEntity
  8
F.Cu
  6
CONTINUOUS
100
AcDbLine
 10
5.210384448818898
 20
-4.1849879921259845
 30
0
 11
5.2123626377952759
 21
-4.1845944881889761
 31
0
  0
LINE
  5
38C
330
22
100
AcDbEntity
  8
F.Cu
  6
CONTINUOUS
100
AcDbLine
 10
5.2123626377952759
 20
-4.1845944881889761
 30
0
 11
5.2709216929133857
 21
-4.1845944881889761
 31
0
  0
LINE
  5
38D
330
22
100
AcDbEntity
  8
F.Cu
  6
CONTINUOUS
100
AcDbLine
 10
5.2709216929133857
 20
-4.1845944881889761
 30
0
 11
5.2728998818897637
 21
-4.1849879921259845
 31
0
  0
LINE
  5
38E
330
22
100
AcDbEntity
  8
F.Cu
  6
CONTINUOUS
100
AcDbLine
 10
5.2728998818897637
 20
-4.1849879921259845
 30
0
 11
5.2745769291338584
 21
-4.1861085433070864
 31
0
  0
LINE
  5
38F
330
22
100
AcDbEntity
  8
F.Cu
  6
CONTINUOUS
100
AcDbLine
 10
5.2745769291338584
 20
-4.1861085433070864
 30
0
 11
5.2756974803149603
 21
-4.1877855905511812
 31
0
  0
LINE
  5
390
330
22
100
AcDbEntity
  8
F.Cu
  6
CONTINUOUS
100
AcDbLine
 10
5.2756974803149603
 20
-4.1877855905511812
 30
0
 11
5.2760909842519688
 21
-4.1897637795275591
 31
0
  0
LINE
  5
391
330
22
100
AcDbEntity
  8
F.Cu
  6
CONTINUOUS
100
AcDbLine
 10
5.2760909842519688
 20
-4.1897637795275591
 30
0
 11
5.2760909842519688
 21
-4.201740157480315
 31
0
  0
LINE
  5
392
330
22
100
AcDbEntity
  8
F.Cu
  6
CONTINUOUS
100
AcDbLine
 10
5.2760909842519688
 20
-4.201740157480315
 30
0
 11
5.2912911023622042
 21
-4.201740157480315
 31
0
  0
LINE
  5
393
330
22
100
AcDbEntity
  8
F.Cu
  6
CONTINUOUS
100
AcDbLine
 10
5.2912911023622042
 20
-4.201740157480315
 30
0
 11
5.603219251968504
 21
-3.8898120078740157
 31
0
  0
LINE
  5
394
330
22
100
AcDbEntity
  8
F.Cu
  6
CONTINUOUS
100
AcDbLine
 10
5.603219251968504
 20
-3.8898120078740157
 30
0
 11
5.6004667716535428
 21
-3.8856925984251967
 31
0
  0
LINE
  5
395
330
22
100
AcDbEntity
  8
F.Cu
  6
CONTINUOUS
100
AcDbLine
 10
5.6004667716535428
 20
-3.8856925984251967
 30
0
 11
5.5979193700787402
 21
-3.8795426377952755
 31
0
  0
LINE
  5
396
330
22
100
AcDbEntity
  8
F.Cu
  6
CONTINUOUS
100
AcDbLine
 10
5.5979193700787402
 20
-3.8795426377952755
 30
0
 11
5.5966207086614173
 21
-3.8730138582677163
 31
0
  0
LINE
  5
397
330
22
100
AcDbEntity
  8
F.Cu
  6
CONTINUOUS
100
AcDbLine
 10
5.5966207086614173
 20
-3.8730138582677163
 30
0
 11
5.5966207086614173
 21
-3.8663571653543305
 31
0
  0
LINE
  5
398
330
22
100
AcDbEntity
  8
F.Cu
  6
CONTINUOUS
100
AcDbLine
 10
5.5966207086614173
 20
-3.8663571653543305
 30
0
 11
5.5979193700787402
 21
-3.8598283858267717
 31
0
  0
LINE
  5
399
330
22
100
AcDbEntity
  8
F.Cu
  6
CONTINUOUS
100
AcDbLine
 10
5.5979193700787402
 20
-3.8598283858267717
 30
0
 11
5.6004667716535428
 21
-3.8536784251968501
 31
0
  0
LINE
  5
39A
330
22
100
AcDbEntity
  8
F.Cu
  6
CONTINUOUS
100
AcDbLine
 10
5.6004667716535428
 20
-3.8536784251968501
 30
0
 11
5.6041650000000001
 21
-3.8481436220472438
 31
0
  0
LINE
  5
39B
330
22
100
AcDbEntity
  8
F.Cu
  6
CONTINUOUS
100
AcDbLine
 10
5.6041650000000001
 20
-3.8481436220472438
 30
0
 11
5.608872007874016
 21
-3.8434366141732283
 31
0
  0
LINE
  5
39C
330
22
100
AcDbEntity
  8
F.Cu
  6
CONTINUOUS
100
AcDbLine
 10
5.608872007874016
 20
-3.8434366141732283
 30
0
 11
5.6144068110236223
 21
-3.8397383858267715
 31
0
  0
LINE
  5
39D
330
22
100
AcDbEntity
  8
F.Cu
  6
CONTINUOUS
100
AcDbLine
 10
5.6144068110236223
 20
-3.8397383858267715
 30
0
 11
5.6205567716535434
 21
-3.8371909842519685
 31
0
  0
LINE
  5
39E
330
22
100
AcDbEntity
  8
F.Cu
  6
CONTINUOUS
100
AcDbLine
 10
5.6205567716535434
 20
-3.8371909842519685
 30
0
 11
5.6270855511811027
 21
-3.8358923228346455
 31
0
  0
LINE
  5
39F
330
22
100
AcDbEntity
  8
F.Cu
  6
CONTINUOUS
100
AcDbLine
 10
5.6270855511811027
 20
-3.8358923228346455
 30
0
 11
5.6337422440944884
 21
-3.8358923228346455
 31
0
  0
LINE
  5
3A0
330
22
100
AcDbEntity
  8
F.Cu
  6
CONTINUOUS
100
AcDbLine
 10
5.6337422440944884
 20
-3.8358923228346455
 30
0
 11
5.6402710236220468
 21
-3.8371909842519685
 31
0
  0
LINE
  5
3A1
330
22
100
AcDbEntity
  8
F.Cu
  6
CONTINUOUS
100
AcDbLine
 10
5.6402732283464569
 20
-4.1371909842519683
 30
0
 11
5.6464231889763781
 21
-4.1397383858267718
 31
0
  0
LINE
  5
3A2
330
22
100
AcDbEntity
  8
F.Cu
  6
CONTINUOUS
100
AcDbLine
 10
5.6464231889763781
 20
-4.1397383858267718
 30
0
 11
5.6519579921259844
 21
-4.1434366141732282
 31
0
  0
LINE
  5
3A3
330
22
100
AcDbEntity
  8
F.Cu
  6
CONTINUOUS
100
AcDbLine
 10
5.6519579921259844
 20
-4.1434366141732282
 30
0
 11
5.6566650000000003
 21
-4.1481436220472441
 31
0
  0
LINE
  5
3A4
330
22
100
AcDbEntity
  8
F.Cu
  6
CONTINUOUS
100
AcDbLine
 10
5.6566650000000003
 20
-4.1481436220472441
 30
0
 11
5.6603632283464567
 21
-4.1536784251968504
 31
0
  0
LINE
  5
3A5
330
22
100
AcDbEntity
  8
F.Cu
  6
CONTINUOUS
100
AcDbLine
 10
5.6603632283464567
 20
-4.1536784251968504
 30
0
 11
5.6629106299212602
 21
-4.1598283858267715
 31
0
  0
LINE
  5
3A6
330
22
100
AcDbEntity
  8
F.Cu
  6
CONTINUOUS
100
AcDbLine
 10
5.6629106299212602
 20
-4.1598283858267715
 30
0
 11
5.6642092913385822
 21
-4.1663571653543308
 31
0
  0
LINE
  5
3A7
330
22
100
AcDbEntity
  8
F.Cu
  6
CONTINUOUS
100
AcDbLine
 10
5.6642092913385822
 20
-4.1663571653543308
 30
0
 11
5.6642092913385822
 21
-4.1730138582677165
 31
0
  0
LINE
  5
3A8
330
22
100
AcDbEntity
  8
F.Cu
  6
CONTINUOUS
100
AcDbLine
 10
5.6642092913385822
 20
-4.1730138582677165
 30
0
 11
5.6629106299212602
 21
-4.1795426377952758
 31
0
  0
LINE
  5
3A9
330
22
100
AcDbEntity
  8
F.Cu
  6
CONTINUOUS
100
AcDbLine
 10
5.6629106299212602
 20
-4.1795426377952758
 30
0
 11
5.6603632283464567
 21
-4.1856925984251969
 31
0
  0
LINE
  5
3AA
330
22
100
AcDbEntity
  8
F.Cu
  6
CONTINUOUS
100
AcDbLine
 10
5.6603632283464567
 20
-4.1856925984251969
 30
0
 11
5.6566650000000003
 21
-4.1912274015748032
 31
0
  0
LINE
  5
3AB
330
22
100
AcDbEntity
  8
F.Cu
  6
CONTINUOUS
100
AcDbLine
 10
5.6566650000000003
 20
-4.1912274015748032
 30
0
 11
5.6519579921259844
 21
-4.1959344094488191
 31
0
  0
LINE
  5
3AC
330
22
100
AcDbEntity
  8
F.Cu
  6
CONTINUOUS
100
AcDbLine
 10
5.6519579921259844
 20
-4.1959344094488191
 30
0
 11
5.6464231889763781
 21
-4.1996326377952755
 31
0
  0
LINE
  5
3AD
330
22
100
AcDbEntity
  8
F.Cu
  6
CONTINUOUS
100
AcDbLine
 10
5.6464231889763781
 20
-4.1996326377952755
 30
0
 11
5.6402732283464569
 21
-4.202180039370079
 31
0
  0
LINE
  5
3AE
330
22
100
AcDbEntity
  8
F.Cu
  6
CONTINUOUS
100
AcDbLine
 10
5.6402732283464569
 20
-4.202180039370079
 30
0
 11
5.6337444488188977
 21
-4.203478700787401
 31
0
  0
LINE
  5
3AF
330
22
100
AcDbEntity
  8
F.Cu
  6
CONTINUOUS
100
AcDbLine
 10
5.6337444488188977
 20
-4.203478700787401
 30
0
 11
5.6270877559055119
 21
-4.203478700787401
 31
0
  0
LINE
  5
3B0
330
22
100
AcDbEntity
  8
F.Cu
  6
CONTINUOUS
100
AcDbLine
 10
5.6270877559055119
 20
-4.203478700787401
 30
0
 11
5.6205589763779527
 21
-4.202180039370079
 31
0
  0
LINE
  5
3B1
330
22
100
AcDbEntity
  8
F.Cu
  6
CONTINUOUS
100
AcDbLine
 10
5.6205589763779527
 20
-4.202180039370079
 30
0
 11
5.6144090157480315
 21
-4.1996326377952755
 31
0
  0
LINE
  5
3B2
330
22
100
AcDbEntity
  8
F.Cu
  6
CONTINUOUS
100
AcDbLine
 10
5.6144090157480315
 20
-4.1996326377952755
 30
0
 11
5.6088742125984252
 21
-4.1959344094488191
 31
0
  0
LINE
  5
3B3
330
22
100
AcDbEntity
  8
F.Cu
  6
CONTINUOUS
100
AcDbLine
 10
5.6088742125984252
 20
-4.1959344094488191
 30
0
 11
5.6041672047244093
 21
-4.1912274015748032
 31
0
  0
LINE
  5
3B4
330
22
100
AcDbEntity
  8
F.Cu
  6
CONTINUOUS
100
AcDbLine
 10
5.6041672047244093
 20
-4.1912274015748032
 30
0
 11
5.6004689763779529
 21
-4.1856925984251969
 31
0
  0
LINE
  5
3B5
330
22
100
AcDbEntity
  8
F.Cu
  6
CONTINUOUS
100
AcDbLine
 10
5.6004689763779529
 20
-4.1856925984251969
 30
0
 11
5.5979215748031494
 21
-4.1795426377952758
 31
0
  0
LINE
  5
3B6
330
22
100
AcDbEntity
  8
F.Cu
  6
CONTINUOUS
100
AcDbLine
 10
5.5979215748031494
 20
-4.1795426377952758
 30
0
 11
5.5966229133858265
 21
-4.1730138582677165
 31
0
  0
LINE
  5
3B7
330
22
100
AcDbEntity
  8
F.Cu
  6
CONTINUOUS
100
AcDbLine
 10
5.5966229133858265
 20
-4.1730138582677165
 30
0
 11
5.5966229133858265
 21
-4.1663571653543308
 31
0
  0
LINE
  5
3B8
330
22
100
AcDbEntity
  8
F.Cu
  6
CONTINUOUS
100
AcDbLine
 10
5.5966229133858265
 20
-4.1663571653543308
 30
0
 11
5.5979215748031494
 21
-4.1598283858267715
 31
0
  0
LINE
  5
3B9
330
22
100
AcDbEntity
  8
F.Cu
  6
CONTINUOUS
100
AcDbLine
 10
5.5979215748031494
 20
-4.1598283858267715
 30
0
 11
5.6004689763779529
 21
-4.1536784251968504
 31
0
  0
LINE
  5
3BA
330
22
100
AcDbEntity
  8
F.Cu
  6
CONTINUOUS
100
AcDbLine
 10
5.6004689763779529
 20
-4.1536784251968504
 30
0
 11
5.6041672047244093
 21
-4.1481436220472441
 31
0
  0
LINE
  5
3BB
330
22
100
AcDbEntity
  8
F.Cu
  6
CONTINUOUS
100
AcDbLine
 10
5.6041672047244093
 20
-4.1481436220472441
 30
0
 11
5.6088742125984252
 21
-4.1434366141732282
 31
0
  0
LINE
  5
3BC
330
22
100
AcDbEntity
  8
F.Cu
  6
CONTINUOUS
100
AcDbLine
 10
5.6088742125984252
 20
-4.1434366141732282
 30
0
 11
5.6144090157480315
 21
-4.1397383858267718
 31
0
  0
LINE
  5
3BD
330
22
100
AcDbEntity
  8
F.Cu
  6
CONTINUOUS
100
AcDbLine
 10
5.6144090157480315
 20
-4.1397383858267718
 30
0
 11
5.6205589763779527
 21
-4.1371909842519683
 31
0
  0
LINE
  5
3BE
330
22
100
AcDbEntity
  8
F.Cu
  6
CONTINUOUS
100
AcDbLine
 10
5.6205589763779527
 20
-4.1371909842519683
 30
0
 11
5.6270877559055119
 21
-4.1358923228346454
 31
0
  0
LINE
  5
3BF
330
22
100
AcDbEntity
  8
F.Cu
  6
CONTINUOUS
100
AcDbLine
 10
5.6270877559055119
 20
-4.1358923228346454
 30
0
 11
5.6337444488188977
 21
-4.1358923228346454
 31
0
  0
LINE
  5
3C0
330
22
100
AcDbEntity
  8
F.Cu
  6
CONTINUOUS
100
AcDbLine
 10
5.6337444488188977
 20
-4.1358923228346454
 30
0
 11
5.6402732283464569
 21
-4.1371909842519683
 31
0
  0
LINE
  5
3C1
330
22
100
AcDbEntity
  8
F.Cu
  6
CONTINUOUS
100
AcDbLine
 10
6.2402732283464566
 20
-4.1371865748031498
 30
0
 11
6.2464231889763777
 21
-4.1397339763779524
 31
0
  0
LINE
  5
3C2
330
22
100
AcDbEntity
  8
F.Cu
  6
CONTINUOUS
100
AcDbLine
 10
6.2464231889763777
 20
-4.1397339763779524
 30
0
 11
6.251957992125984
 21
-4.1434322047244097
 31
0
  0
LINE
  5
3C3
330
22
100
AcDbEntity
  8
F.Cu
  6
CONTINUOUS
100
AcDbLine
 10
6.251957992125984
 20
-4.1434322047244097
 30
0
 11
6.2566649999999999
 21
-4.1481392125984247
 31
0
  0
LINE
  5
3C4
330
22
100
AcDbEntity
  8
F.Cu
  6
CONTINUOUS
100
AcDbLine
 10
6.2566649999999999
 20
-4.1481392125984247
 30
0
 11
6.2603632283464563
 21
-4.153674015748031
 31
0
  0
LINE
  5
3C5
330
22
100
AcDbEntity
  8
F.Cu
  6
CONTINUOUS
100
AcDbLine
 10
6.2603632283464563
 20
-4.153674015748031
 30
0
 11
6.2629106299212598
 21
-4.159823976377953
 31
0
  0
LINE
  5
3C6
330
22
100
AcDbEntity
  8
F.Cu
  6
CONTINUOUS
100
AcDbLine
 10
6.2629106299212598
 20
-4.159823976377953
 30
0
 11
6.2642092913385827
 21
-4.1663527559055114
 31
0
  0
LINE
  5
3C7
330
22
100
AcDbEntity
  8
F.Cu
  6
CONTINUOUS
100
AcDbLine
 10
6.2642092913385827
 20
-4.1663527559055114
 30
0
 11
6.2642092913385827
 21
-4.1730094488188971
 31
0
  0
LINE
  5
3C8
330
22
100
AcDbEntity
  8
F.Cu
  6
CONTINUOUS
100
AcDbLine
 10
6.2642092913385827
 20
-4.1730094488188971
 30
0
 11
6.2629106299212598
 21
-4.1795382283464564
 31
0
  0
LINE
  5
3C9
330
22
100
AcDbEntity
  8
F.Cu
  6
CONTINUOUS
100
AcDbLine
 10
6.2629106299212598
 20
-4.1795382283464564
 30
0
 11
6.2603632283464563
 21
-4.1856881889763775
 31
0
  0
LINE
  5
3CA
330
22
100
AcDbEntity
  8
F.Cu
  6
CONTINUOUS
100
AcDbLine
 10
6.2603632283464563
 20
-4.1856881889763775
 30
0
 11
6.2566649999999999
 21
-4.1912229921259838
 31
0
  0
LINE
  5
3CB
330
22
100
AcDbEntity
  8
F.Cu
  6
CONTINUOUS
100
AcDbLine
 10
6.2566649999999999
 20
-4.1912229921259838
 30
0
 11
6.251957992125984
 21
-4.1959299999999997
 31
0
  0
LINE
  5
3CC
330
22
100
AcDbEntity
  8
F.Cu
  6
CONTINUOUS
100
AcDbLine
 10
6.251957992125984
 20
-4.1959299999999997
 30
0
 11
6.2464231889763777
 21
-4.199628228346457
 31
0
  0
LINE
  5
3CD
330
22
100
AcDbEntity
  8
F.Cu
  6
CONTINUOUS
100
AcDbLine
 10
6.2464231889763777
 20
-4.199628228346457
 30
0
 11
6.2402732283464566
 21
-4.2021756299212596
 31
0
  0
LINE
  5
3CE
330
22
100
AcDbEntity
  8
F.Cu
  6
CONTINUOUS
100
AcDbLine
 10
6.2402732283464566
 20
-4.2021756299212596
 30
0
 11
6.2337444488188973
 21
-4.2034742913385825
 31
0
  0
LINE
  5
3CF
330
22
100
AcDbEntity
  8
F.Cu
  6
CONTINUOUS
100
AcDbLine
 10
6.2337444488188973
 20
-4.2034742913385825
 30
0
 11
6.2270877559055116
 21
-4.2034742913385825
 31
0
  0
LINE
  5
3D0
330
22
100
AcDbEntity
  8
F.Cu
  6
CONTINUOUS
100
AcDbLine
 10
6.2270877559055116
 20
-4.2034742913385825
 30
0
 11
6.2205589763779523
 21
-4.2021756299212596
 31
0
  0
LINE
  5
3D1
330
22
100
AcDbEntity
  8
F.Cu
  6
CONTINUOUS
100
AcDbLine
 10
6.2205589763779523
 20
-4.2021756299212596
 30
0
 11
6.2144090157480312
 21
-4.199628228346457
 31
0
  0
LINE
  5
3D2
330
22
100
AcDbEntity
  8
F.Cu
  6
CONTINUOUS
100
AcDbLine
 10
6.2144090157480312
 20
-4.199628228346457
 30
0
 11
6.2088742125984249
 21
-4.1959299999999997
 31
0
  0
LINE
  5
3D3
330
22
100
AcDbEntity
  8
F.Cu
  6
CONTINUOUS
100
AcDbLine
 10
6.2088742125984249
 20
-4.1959299999999997
 30
0
 11
6.204167204724409
 21
-4.1912229921259838
 31
0
  0
LINE
  5
3D4
330
22
100
AcDbEntity
  8
F.Cu
  6
CONTINUOUS
100
AcDbLine
 10
6.204167204724409
 20
-4.1912229921259838
 30
0
 11
6.2004689763779526
 21
-4.1856881889763775
 31
0
  0
LINE
  5
3D5
330
22
100
AcDbEntity
  8
F.Cu
  6
CONTINUOUS
100
AcDbLine
 10
6.2004689763779526
 20
-4.1856881889763775
 30
0
 11
6.1979215748031491
 21
-4.1795382283464564
 31
0
  0
LINE
  5
3D6
330
22
100
AcDbEntity
  8
F.Cu
  6
CONTINUOUS
100
AcDbLine
 10
6.1979215748031491
 20
-4.1795382283464564
 30
0
 11
6.196622913385827
 21
-4.1730094488188971
 31
0
  0
LINE
  5
3D7
330
22
100
AcDbEntity
  8
F.Cu
  6
CONTINUOUS
100
AcDbLine
 10
6.196622913385827
 20
-4.1730094488188971
 30
0
 11
6.196622913385827
 21
-4.1663527559055114
 31
0
  0
LINE
  5
3D8
330
22
100
AcDbEntity
  8
F.Cu
  6
CONTINUOUS
100
AcDbLine
 10
6.196622913385827
 20
-4.1663527559055114
 30
0
 11
6.1979215748031491
 21
-4.159823976377953
 31
0
  0
LINE
  5
3D9
330
22
100
AcDbEntity
  8
F.Cu
  6
CONTINUOUS
100
AcDbLine
 10
6.1979215748031491
 20
-4.159823976377953
 30
0
 11
6.2004689763779526
 21
-4.153674015748031
 31
0
  0
LINE
  5
3DA
330
22
100
AcDbEntity
  8
F.Cu
  6
CONTINUOUS
100
AcDbLine
 10
6.2004689763779526
 20
-4.153674015748031
 30
0
 11
6.204167204724409
 21
-4.1481392125984247
 31
0
  0
LINE
  5
3DB
330
22
100
AcDbEntity
  8
F.Cu
  6
CONTINUOUS
100
AcDbLine
 10
6.204167204724409
 20
-4.1481392125984247
 30
0
 11
6.2088742125984249
 21
-4.1434322047244097
 31
0
  0
LINE
  5
3DC
330
22
100
AcDbEntity
  8
F.Cu
  6
CONTINUOUS
100
AcDbLine
 10
6.2088742125984249
 20
-4.1434322047244097
 30
0
 11
6.2144090157480312
 21
-4.1397339763779524
 31
0
  0
LINE
  5
3DD
330
22
100
AcDbEntity
  8
F.Cu
  6
CONTINUOUS
100
AcDbLine
 10
6.2144090157480312
 20
-4.1397339763779524
 30
0
 11
6.2205589763779523
 21
-4.1371865748031498
 31
0
  0
LINE
  5
3DE
330
22
100
AcDbEntity
  8
F.Cu
  6
CONTINUOUS
100
AcDbLine
 10
6.2205589763779523
 20
-4.1371865748031498
 30
0
 11
6.2270877559055116
 21
-4.1358879133858268
 31
0
  0
LINE
  5
3DF
330
22
100
AcDbEntity
  8
F.Cu
  6
CONTINUOUS
100
AcDbLine
 10
6.2270877559055116
 20
-4.1358879133858268
 30
0
 11
6.2337444488188973
 21
-4.1358879133858268
 31
0
  0
LINE
  5
3E0
330
22
100
AcDbEntity
  8
F.Cu
  6
CONTINUOUS
100
AcDbLine
 10
6.2337444488188973
 20
-4.1358879133858268
 30
0
 11
6.2402732283464566
 21
-4.1371865748031498
 31
0
  0
LINE
  5
3E1
330
22
100
AcDbEntity
  8
F.Cu
  6
CONTINUOUS
100
AcDbLine
 10
5.2573900393700788
 20
-4.0290829527559051
 30
0
 11
5.2466417322834644
 21
-4.0290829527559051
 31
0
  0
LINE
  5
3E2
330
22
100
AcDbEntity
  8
F.Cu
  6
CONTINUOUS
100
AcDbLine
 10
5.2466417322834644
 20
-4.0290829527559051
 30
0
 11
5.2466417322834644
 21
-4.0694370078740159
 31
0
  0
LINE
  5
3E3
330
22
100
AcDbEntity
  8
F.Cu
  6
CONTINUOUS
100
AcDbLine
 10
5.2466417322834644
 20
-4.0694370078740159
 30
0
 11
5.2709208267716532
 21
-4.0694370078740159
 31
0
  0
LINE
  5
3E4
330
22
100
AcDbEntity
  8
F.Cu
  6
CONTINUOUS
100
AcDbLine
 10
5.2709208267716532
 20
-4.0694370078740159
 30
0
 11
5.2728990157480311
 21
-4.0698305118110234
 31
0
  0
LINE
  5
3E5
330
22
100
AcDbEntity
  8
F.Cu
  6
CONTINUOUS
100
AcDbLine
 10
5.2728990157480311
 20
-4.0698305118110234
 30
0
 11
5.2745760629921259
 21
-4.0709510629921262
 31
0
  0
LINE
  5
3E6
330
22
100
AcDbEntity
  8
F.Cu
  6
CONTINUOUS
100
AcDbLine
 10
5.2745760629921259
 20
-4.0709510629921262
 30
0
 11
5.2756966141732287
 21
-4.0726281102362201
 31
0
  0
LINE
  5
3E7
330
22
100
AcDbEntity
  8
F.Cu
  6
CONTINUOUS
100
AcDbLine
 10
5.2756966141732287
 20
-4.0726281102362201
 30
0
 11
5.2760901181102362
 21
-4.074606299212598
 31
0
  0
LINE
  5
3E8
330
22
100
AcDbEntity
  8
F.Cu
  6
CONTINUOUS
100
AcDbLine
 10
5.2760901181102362
 20
-4.074606299212598
 30
0
 11
5.2760901181102362
 21
-4.1085590551181097
 31
0
  0
LINE
  5
3E9
330
22
100
AcDbEntity
  8
F.Cu
  6
CONTINUOUS
100
AcDbLine
 10
5.2760901181102362
 20
-4.1085590551181097
 30
0
 11
5.2756966141732287
 21
-4.1105372440944885
 31
0
  0
LINE
  5
3EA
330
22
100
AcDbEntity
  8
F.Cu
  6
CONTINUOUS
100
AcDbLine
 10
5.2756966141732287
 20
-4.1105372440944885
 30
0
 11
5.2745760629921259
 21
-4.1122142913385824
 31
0
  0
LINE
  5
3EB
330
22
100
AcDbEntity
  8
F.Cu
  6
CONTINUOUS
100
AcDbLine
 10
5.2745760629921259
 20
-4.1122142913385824
 30
0
 11
5.2728990157480311
 21
-4.1133348425196852
 31
0
  0
LINE
  5
3EC
330
22
100
AcDbEntity
  8
F.Cu
  6
CONTINUOUS
100
AcDbLine
 10
5.2728990157480311
 20
-4.1133348425196852
 30
0
 11
5.2709208267716532
 21
-4.1137283464566927
 31
0
  0
LINE
  5
3ED
330
22
100
AcDbEntity
  8
F.Cu
  6
CONTINUOUS
100
AcDbLine
 10
5.2709208267716532
 20
-4.1137283464566927
 30
0
 11
5.2123617716535433
 21
-4.1137283464566927
 31
0
  0
LINE
  5
3EE
330
22
100
AcDbEntity
  8
F.Cu
  6
CONTINUOUS
100
AcDbLine
 10
5.2123617716535433
 20
-4.1137283464566927
 30
0
 11
5.2103835826771654
 21
-4.1133348425196852
 31
0
  0
LINE
  5
3EF
330
22
100
AcDbEntity
  8
F.Cu
  6
CONTINUOUS
100
AcDbLine
 10
5.2103835826771654
 20
-4.1133348425196852
 30
0
 11
5.2087065354330706
 21
-4.1122142913385824
 31
0
  0
LINE
  5
3F0
330
22
100
AcDbEntity
  8
F.Cu
  6
CONTINUOUS
100
AcDbLine
 10
5.2087065354330706
 20
-4.1122142913385824
 30
0
 11
5.2075859842519687
 21
-4.1105372440944885
 31
0
  0
LINE
  5
3F1
330
22
100
AcDbEntity
  8
F.Cu
  6
CONTINUOUS
100
AcDbLine
 10
5.2075859842519687
 20
-4.1105372440944885
 30
0
 11
5.2071924803149603
 21
-4.1085590551181097
 31
0
  0
LINE
  5
3F2
330
22
100
AcDbEntity
  8
F.Cu
  6
CONTINUOUS
100
AcDbLine
 10
5.2071924803149603
 20
-4.1085590551181097
 30
0
 11
5.2071924803149603
 21
-4.074606299212598
 31
0
  0
LINE
  5
3F3
330
22
100
AcDbEntity
  8
F.Cu
  6
CONTINUOUS
100
AcDbLine
 10
5.2071924803149603
 20
-4.074606299212598
 30
0
 11
5.2075859842519687
 21
-4.0726281102362201
 31
0
  0
LINE
  5
3F4
330
22
100
AcDbEntity
  8
F.Cu
  6
CONTINUOUS
100
AcDbLine
 10
5.2075859842519687
 20
-4.0726281102362201
 30
0
 11
5.2087065354330706
 21
-4.0709510629921262
 31
0
  0
LINE
  5
3F5
330
22
100
AcDbEntity
  8
F.Cu
  6
CONTINUOUS
100
AcDbLine
 10
5.2087065354330706
 20
-4.0709510629921262
 30
0
 11
5.2103835826771654
 21
-4.0698305118110234
 31
0
  0
LINE
  5
3F6
330
22
100
AcDbEntity
  8
F.Cu
  6
CONTINUOUS
100
AcDbLine
 10
5.2103835826771654
 20
-4.0698305118110234
 30
0
 11
5.2123617716535433
 21
-4.0694370078740159
 31
0
  0
LINE
  5
3F7
330
22
100
AcDbEntity
  8
F.Cu
  6
CONTINUOUS
100
AcDbLine
 10
5.2123617716535433
 20
-4.0694370078740159
 30
0
 11
5.2366417322834646
 21
-4.0694370078740159
 31
0
  0
LINE
  5
3F8
330
22
100
AcDbEntity
  8
F.Cu
  6
CONTINUOUS
100
AcDbLine
 10
5.2366417322834646
 20
-4.0694370078740159
 30
0
 11
5.2366417322834646
 21
-4.0290829527559051
 31
0
  0
LINE
  5
3F9
330
22
100
AcDbEntity
  8
F.Cu
  6
CONTINUOUS
100
AcDbLine
 10
5.2366417322834646
 20
-4.0290829527559051
 30
0
 11
5.2258939763779528
 21
-4.0290829527559051
 31
0
  0
LINE
  5
3FA
330
22
100
AcDbEntity
  8
F.Cu
  6
CONTINUOUS
100
AcDbLine
 10
5.2258939763779528
 20
-4.0290829527559051
 30
0
 11
5.2258939763779528
 21
-3.9936498818897639
 31
0
  0
LINE
  5
3FB
330
22
100
AcDbEntity
  8
F.Cu
  6
CONTINUOUS
100
AcDbLine
 10
5.2258939763779528
 20
-3.9936498818897639
 30
0
 11
5.2573900393700788
 21
-3.9936498818897639
 31
0
  0
LINE
  5
3FC
330
22
100
AcDbEntity
  8
F.Cu
  6
CONTINUOUS
100
AcDbLine
 10
5.2573900393700788
 20
-3.9936498818897639
 30
0
 11
5.2573900393700788
 21
-4.0290829527559051
 31
0
  0
LINE
  5
3FD
330
22
100
AcDbEntity
  8
F.Cu
  6
CONTINUOUS
100
AcDbLine
 10
6.240272519685039
 20
-4.0371865748031492
 30
0
 11
6.2464224803149602
 21
-4.0397339763779527
 31
0
  0
LINE
  5
3FE
330
22
100
AcDbEntity
  8
F.Cu
  6
CONTINUOUS
100
AcDbLine
 10
6.2464224803149602
 20
-4.0397339763779527
 30
0
 11
6.2519572834645665
 21
-4.0434322047244091
 31
0
  0
LINE
  5
3FF
330
22
100
AcDbEntity
  8
F.Cu
  6
CONTINUOUS
100
AcDbLine
 10
6.2519572834645665
 20
-4.0434322047244091
 30
0
 11
6.2566642913385824
 21
-4.048139212598425
 31
0
  0
LINE
  5
400
330
22
100
AcDbEntity
  8
F.Cu
  6
CONTINUOUS
100
AcDbLine
 10
6.2566642913385824
 20
-4.048139212598425
 30
0
 11
6.2603625196850397
 21
-4.0536740157480313
 31
0
  0
LINE
  5
401
330
22
100
AcDbEntity
  8
F.Cu
  6
CONTINUOUS
100
AcDbLine
 10
6.2603625196850397
 20
-4.0536740157480313
 30
0
 11
6.2629099212598422
 21
-4.0598239763779524
 31
0
  0
LINE
  5
402
330
22
100
AcDbEntity
  8
F.Cu
  6
CONTINUOUS
100
AcDbLine
 10
6.2629099212598422
 20
-4.0598239763779524
 30
0
 11
6.2642085826771652
 21
-4.0663527559055117
 31
0
  0
LINE
  5
403
330
22
100
AcDbEntity
  8
F.Cu
  6
CONTINUOUS
100
AcDbLine
 10
6.2642085826771652
 20
-4.0663527559055117
 30
0
 11
6.2642085826771652
 21
-4.0730094488188975
 31
0
  0
LINE
  5
404
330
22
100
AcDbEntity
  8
F.Cu
  6
CONTINUOUS
100
AcDbLine
 10
6.2642085826771652
 20
-4.0730094488188975
 30
0
 11
6.2629099212598422
 21
-4.0795382283464567
 31
0
  0
LINE
  5
405
330
22
100
AcDbEntity
  8
F.Cu
  6
CONTINUOUS
100
AcDbLine
 10
6.2629099212598422
 20
-4.0795382283464567
 30
0
 11
6.2603625196850397
 21
-4.0856881889763779
 31
0
  0
LINE
  5
406
330
22
100
AcDbEntity
  8
F.Cu
  6
CONTINUOUS
100
AcDbLine
 10
6.2603625196850397
 20
-4.0856881889763779
 30
0
 11
6.2566642913385824
 21
-4.0912229921259842
 31
0
  0
LINE
  5
407
330
22
100
AcDbEntity
  8
F.Cu
  6
CONTINUOUS
100
AcDbLine
 10
6.2566642913385824
 20
-4.0912229921259842
 30
0
 11
6.2519572834645665
 21
-4.0959300000000001
 31
0
  0
LINE
  5
408
330
22
100
AcDbEntity
  8
F.Cu
  6
CONTINUOUS
100
AcDbLine
 10
6.2519572834645665
 20
-4.0959300000000001
 30
0
 11
6.2464224803149602
 21
-4.0996282283464565
 31
0
  0
LINE
  5
409
330
22
100
AcDbEntity
  8
F.Cu
  6
CONTINUOUS
100
AcDbLine
 10
6.2464224803149602
 20
-4.0996282283464565
 30
0
 11
6.240272519685039
 21
-4.1021756299212599
 31
0
  0
LINE
  5
40A
330
22
100
AcDbEntity
  8
F.Cu
  6
CONTINUOUS
100
AcDbLine
 10
6.240272519685039
 20
-4.1021756299212599
 30
0
 11
6.2337437401574798
 21
-4.1034742913385829
 31
0
  0
LINE
  5
40B
330
22
100
AcDbEntity
  8
F.Cu
  6
CONTINUOUS
100
AcDbLine
 10
6.2337437401574798
 20
-4.1034742913385829
 30
0
 11
6.227087047244094
 21
-4.1034742913385829
 31
0
  0
LINE
  5
40C
330
22
100
AcDbEntity
  8
F.Cu
  6
CONTINUOUS
100
AcDbLine
 10
6.227087047244094
 20
-4.1034742913385829
 30
0
 11
6.2205582677165356
 21
-4.1021756299212599
 31
0
  0
LINE
  5
40D
330
22
100
AcDbEntity
  8
F.Cu
  6
CONTINUOUS
100
AcDbLine
 10
6.2205582677165356
 20
-4.1021756299212599
 30
0
 11
6.2144083070866136
 21
-4.0996282283464565
 31
0
  0
LINE
  5
40E
330
22
100
AcDbEntity
  8
F.Cu
  6
CONTINUOUS
100
AcDbLine
 10
6.2144083070866136
 20
-4.0996282283464565
 30
0
 11
6.2088735039370073
 21
-4.0959300000000001
 31
0
  0
LINE
  5
40F
330
22
100
AcDbEntity
  8
F.Cu
  6
CONTINUOUS
100
AcDbLine
 10
6.2088735039370073
 20
-4.0959300000000001
 30
0
 11
6.2041664960629923
 21
-4.0912229921259842
 31
0
  0
LINE
  5
410
330
22
100
AcDbEntity
  8
F.Cu
  6
CONTINUOUS
100
AcDbLine
 10
6.2041664960629923
 20
-4.0912229921259842
 30
0
 11
6.200468267716535
 21
-4.0856881889763779
 31
0
  0
LINE
  5
411
330
22
100
AcDbEntity
  8
F.Cu
  6
CONTINUOUS
100
AcDbLine
 10
6.200468267716535
 20
-4.0856881889763779
 30
0
 11
6.1979208661417324
 21
-4.0795382283464567
 31
0
  0
LINE
  5
412
330
22
100
AcDbEntity
  8
F.Cu
  6
CONTINUOUS
100
AcDbLine
 10
6.1979208661417324
 20
-4.0795382283464567
 30
0
 11
6.1966222047244095
 21
-4.0730094488188975
 31
0
  0
LINE
  5
413
330
22
100
AcDbEntity
  8
F.Cu
  6
CONTINUOUS
100
AcDbLine
 10
6.1966222047244095
 20
-4.0730094488188975
 30
0
 11
6.1966222047244095
 21
-4.0663527559055117
 31
0
  0
LINE
  5
414
330
22
100
AcDbEntity
  8
F.Cu
  6
CONTINUOUS
100
AcDbLine
 10
6.1966222047244095
 20
-4.0663527559055117
 30
0
 11
6.1979208661417324
 21
-4.0598239763779524
 31
0
  0
LINE
  5
415
330
22
100
AcDbEntity
  8
F.Cu
  6
CONTINUOUS
100
AcDbLine
 10
6.1979208661417324
 20
-4.0598239763779524
 30
0
 11
6.200468267716535
 21
-4.0536740157480313
 31
0
  0
LINE
  5
416
330
22
100
AcDbEntity
  8
F.Cu
  6
CONTINUOUS
100
AcDbLine
 10
6.200468267716535
 20
-4.0536740157480313
 30
0
 11
6.2041664960629923
 21
-4.048139212598425
 31
0
  0
LINE
  5
417
330
22
100
AcDbEntity
  8
F.Cu
  6
CONTINUOUS
100
AcDbLine
 10
6.2041664960629923
 20
-4.048139212598425
 30
0
 11
6.2088735039370073
 21
-4.0434322047244091
 31
0
  0
LINE
  5
418
330
22
100
AcDbEntity
  8
F.Cu
  6
CONTINUOUS
100
AcDbLine
 10
6.2088735039370073
 20
-4.0434322047244091
 30
0
 11
6.2144083070866136
 21
-4.0397339763779527
 31
0
  0
LINE
  5
419
330
22
100
AcDbEntity
  8
F.Cu
  6
CONTINUOUS
100
AcDbLine
 10
6.2144083070866136
 20
-4.0397339763779527
 30
0
 11
6.2205582677165356
 21
-4.0371865748031492
 31
0
  0
LINE
  5
41A
330
22
100
AcDbEntity
  8
F.Cu
  6
CONTINUOUS
100
AcDbLine
 10
6.2205582677165356
 20
-4.0371865748031492
 30
0
 11
6.227087047244094
 21
-4.0358879133858263
 31
0
  0
LINE
  5
41B
330
22
100
AcDbEntity
  8
F.Cu
  6
CONTINUOUS
100
AcDbLine
 10
6.227087047244094
 20
-4.0358879133858263
 30
0
 11
6.2337437401574798
 21
-4.0358879133858263
 31
0
  0
LINE
  5
41C
330
22
100
AcDbEntity
  8
F.Cu
  6
CONTINUOUS
100
AcDbLine
 10
6.2337437401574798
 20
-4.0358879133858263
 30
0
 11
6.240272519685039
 21
-4.0371865748031492
 31
0
  0
LINE
  5
41D
330
22
100
AcDbEntity
  8
F.Cu
  6
CONTINUOUS
100
AcDbLine
 10
6.2402717716535427
 20
-3.9371865748031496
 30
0
 11
6.2464217322834648
 21
-3.9397339763779526
 31
0
  0
LINE
  5
41E
330
22
100
AcDbEntity
  8
F.Cu
  6
CONTINUOUS
100
AcDbLine
 10
6.2464217322834648
 20
-3.9397339763779526
 30
0
 11
6.2519565354330711
 21
-3.9434322047244095
 31
0
  0
LINE
  5
41F
330
22
100
AcDbEntity
  8
F.Cu
  6
CONTINUOUS
100
AcDbLine
 10
6.2519565354330711
 20
-3.9434322047244095
 30
0
 11
6.2566635433070861
 21
-3.9481392125984249
 31
0
  0
LINE
  5
420
330
22
100
AcDbEntity
  8
F.Cu
  6
CONTINUOUS
100
AcDbLine
 10
6.2566635433070861
 20
-3.9481392125984249
 30
0
 11
6.2603617716535434
 21
-3.9536740157480312
 31
0
  0
LINE
  5
421
330
22
100
AcDbEntity
  8
F.Cu
  6
CONTINUOUS
100
AcDbLine
 10
6.2603617716535434
 20
-3.9536740157480312
 30
0
 11
6.2629091732283459
 21
-3.9598239763779528
 31
0
  0
LINE
  5
422
330
22
100
AcDbEntity
  8
F.Cu
  6
CONTINUOUS
100
AcDbLine
 10
6.2629091732283459
 20
-3.9598239763779528
 30
0
 11
6.2642078346456689
 21
-3.9663527559055116
 31
0
  0
LINE
  5
423
330
22
100
AcDbEntity
  8
F.Cu
  6
CONTINUOUS
100
AcDbLine
 10
6.2642078346456689
 20
-3.9663527559055116
 30
0
 11
6.2642078346456689
 21
-3.9730094488188974
 31
0
  0
LINE
  5
424
330
22
100
AcDbEntity
  8
F.Cu
  6
CONTINUOUS
100
AcDbLine
 10
6.2642078346456689
 20
-3.9730094488188974
 30
0
 11
6.2629091732283459
 21
-3.9795382283464567
 31
0
  0
LINE
  5
425
330
22
100
AcDbEntity
  8
F.Cu
  6
CONTINUOUS
100
AcDbLine
 10
6.2629091732283459
 20
-3.9795382283464567
 30
0
 11
6.2603617716535434
 21
-3.9856881889763778
 31
0
  0
LINE
  5
426
330
22
100
AcDbEntity
  8
F.Cu
  6
CONTINUOUS
100
AcDbLine
 10
6.2603617716535434
 20
-3.9856881889763778
 30
0
 11
6.2566635433070861
 21
-3.9912229921259841
 31
0
  0
LINE
  5
427
330
22
100
AcDbEntity
  8
F.Cu
  6
CONTINUOUS
100
AcDbLine
 10
6.2566635433070861
 20
-3.9912229921259841
 30
0
 11
6.2519565354330711
 21
-3.99593
 31
0
  0
LINE
  5
428
330
22
100
AcDbEntity
  8
F.Cu
  6
CONTINUOUS
100
AcDbLine
 10
6.2519565354330711
 20
-3.99593
 30
0
 11
6.2464217322834648
 21
-3.9996282283464568
 31
0
  0
LINE
  5
429
330
22
100
AcDbEntity
  8
F.Cu
  6
CONTINUOUS
100
AcDbLine
 10
6.2464217322834648
 20
-3.9996282283464568
 30
0
 11
6.2402717716535427
 21
-4.0021756299212594
 31
0
  0
LINE
  5
42A
330
22
100
AcDbEntity
  8
F.Cu
  6
CONTINUOUS
100
AcDbLine
 10
6.2402717716535427
 20
-4.0021756299212594
 30
0
 11
6.2337429921259844
 21
-4.0034742913385823
 31
0
  0
LINE
  5
42B
330
22
100
AcDbEntity
  8
F.Cu
  6
CONTINUOUS
100
AcDbLine
 10
6.2337429921259844
 20
-4.0034742913385823
 30
0
 11
6.2270862992125986
 21
-4.0034742913385823
 31
0
  0
LINE
  5
42C
330
22
100
AcDbEntity
  8
F.Cu
  6
CONTINUOUS
100
AcDbLine
 10
6.2270862992125986
 20
-4.0034742913385823
 30
0
 11
6.2205575196850393
 21
-4.0021756299212594
 31
0
  0
LINE
  5
42D
330
22
100
AcDbEntity
  8
F.Cu
  6
CONTINUOUS
100
AcDbLine
 10
6.2205575196850393
 20
-4.0021756299212594
 30
0
 11
6.2144075590551182
 21
-3.9996282283464568
 31
0
  0
LINE
  5
42E
330
22
100
AcDbEntity
  8
F.Cu
  6
CONTINUOUS
100
AcDbLine
 10
6.2144075590551182
 20
-3.9996282283464568
 30
0
 11
6.2088727559055119
 21
-3.99593
 31
0
  0
LINE
  5
42F
330
22
100
AcDbEntity
  8
F.Cu
  6
CONTINUOUS
100
AcDbLine
 10
6.2088727559055119
 20
-3.99593
 30
0
 11
6.204165748031496
 21
-3.9912229921259841
 31
0
  0
LINE
  5
430
330
22
100
AcDbEntity
  8
F.Cu
  6
CONTINUOUS
100
AcDbLine
 10
6.204165748031496
 20
-3.9912229921259841
 30
0
 11
6.2004675196850396
 21
-3.9856881889763778
 31
0
  0
LINE
  5
431
330
22
100
AcDbEntity
  8
F.Cu
  6
CONTINUOUS
100
AcDbLine
 10
6.2004675196850396
 20
-3.9856881889763778
 30
0
 11
6.1979201181102361
 21
-3.9795382283464567
 31
0
  0
LINE
  5
432
330
22
100
AcDbEntity
  8
F.Cu
  6
CONTINUOUS
100
AcDbLine
 10
6.1979201181102361
 20
-3.9795382283464567
 30
0
 11
6.1966214566929132
 21
-3.9730094488188974
 31
0
  0
LINE
  5
433
330
22
100
AcDbEntity
  8
F.Cu
  6
CONTINUOUS
100
AcDbLine
 10
6.1966214566929132
 20
-3.9730094488188974
 30
0
 11
6.1966214566929132
 21
-3.9663527559055116
 31
0
  0
LINE
  5
434
330
22
100
AcDbEntity
  8
F.Cu
  6
CONTINUOUS
100
AcDbLine
 10
6.1966214566929132
 20
-3.9663527559055116
 30
0
 11
6.1979201181102361
 21
-3.9598239763779528
 31
0
  0
LINE
  5
435
330
22
100
AcDbEntity
  8
F.Cu
  6
CONTINUOUS
100
AcDbLine
 10
6.1979201181102361
 20
-3.9598239763779528
 30
0
 11
6.2004675196850396
 21
-3.9536740157480312
 31
0
  0
LINE
  5
436
330
22
100
AcDbEntity
  8
F.Cu
  6
CONTINUOUS
100
AcDbLine
 10
6.2004675196850396
 20
-3.9536740157480312
 30
0
 11
6.204165748031496
 21
-3.9481392125984249
 31
0
  0
LINE
  5
437
330
22
100
AcDbEntity
  8
F.Cu
  6
CONTINUOUS
100
AcDbLine
 10
6.204165748031496
 20
-3.9481392125984249
 30
0
 11
6.2088727559055119
 21
-3.9434322047244095
 31
0
  0
LINE
  5
438
330
22
100
AcDbEntity
  8
F.Cu
  6
CONTINUOUS
100
AcDbLine
 10
6.2088727559055119
 20
-3.9434322047244095
 30
0
 11
6.2144075590551182
 21
-3.9397339763779526
 31
0
  0
LINE
  5
439
330
22
100
AcDbEntity
  8
F.Cu
  6
CONTINUOUS
100
AcDbLine
 10
6.2144075590551182
 20
-3.9397339763779526
 30
0
 11
6.2205575196850393
 21
-3.9371865748031496
 31
0
  0
LINE
  5
43A
330
22
100
AcDbEntity
  8
F.Cu
  6
CONTINUOUS
100
AcDbLine
 10
6.2205575196850393
 20
-3.9371865748031496
 30
0
 11
6.2270862992125986
 21
-3.9358879133858267
 31
0
  0
LINE
  5
43B
330
22
100
AcDbEntity
  8
F.Cu
  6
CONTINUOUS
100
AcDbLine
 10
6.2270862992125986
 20
-3.9358879133858267
 30
0
 11
6.2337429921259844
 21
-3.9358879133858267
 31
0
  0
LINE
  5
43C
330
22
100
AcDbEntity
  8
F.Cu
  6
CONTINUOUS
100
AcDbLine
 10
6.2337429921259844
 20
-3.9358879133858267
 30
0
 11
6.2402717716535427
 21
-3.9371865748031496
 31
0
  0
LINE
  5
43D
330
22
100
AcDbEntity
  8
F.Cu
  6
CONTINUOUS
100
AcDbLine
 10
5.3261587795275593
 20
-3.4392362598425197
 30
0
 11
5.3322196062992129
 21
-3.4417467322834643
 31
0
  0
LINE
  5
43E
330
22
100
AcDbEntity
  8
F.Cu
  6
CONTINUOUS
100
AcDbLine
 10
5.3322196062992129
 20
-3.4417467322834643
 30
0
 11
5.3376742125984249
 21
-3.4453913779527556
 31
0
  0
LINE
  5
43F
330
22
100
AcDbEntity
  8
F.Cu
  6
CONTINUOUS
100
AcDbLine
 10
5.3376742125984249
 20
-3.4453913779527556
 30
0
 11
5.3423129921259838
 21
-3.4500301574803149
 31
0
  0
LINE
  5
440
330
22
100
AcDbEntity
  8
F.Cu
  6
CONTINUOUS
100
AcDbLine
 10
5.3423129921259838
 20
-3.4500301574803149
 30
0
 11
5.3459576377952756
 21
-3.4554847637795274
 31
0
  0
LINE
  5
441
330
22
100
AcDbEntity
  8
F.Cu
  6
CONTINUOUS
100
AcDbLine
 10
5.3459576377952756
 20
-3.4554847637795274
 30
0
 11
5.3484681102362206
 21
-3.4615455905511809
 31
0
  0
LINE
  5
442
330
22
100
AcDbEntity
  8
F.Cu
  6
CONTINUOUS
100
AcDbLine
 10
5.3484681102362206
 20
-3.4615455905511809
 30
0
 11
5.3497479527559051
 21
-3.4679797244094486
 31
0
  0
LINE
  5
443
330
22
100
AcDbEntity
  8
F.Cu
  6
CONTINUOUS
100
AcDbLine
 10
5.3497479527559051
 20
-3.4679797244094486
 30
0
 11
5.3497479527559051
 21
-3.474539960629921
 31
0
  0
LINE
  5
444
330
22
100
AcDbEntity
  8
F.Cu
  6
CONTINUOUS
100
AcDbLine
 10
5.3497479527559051
 20
-3.474539960629921
 30
0
 11
5.3484681102362206
 21
-3.4809740944881891
 31
0
  0
LINE
  5
445
330
22
100
AcDbEntity
  8
F.Cu
  6
CONTINUOUS
100
AcDbLine
 10
5.3484681102362206
 20
-3.4809740944881891
 30
0
 11
5.3483041732283461
 21
-3.4813697637795276
 31
0
  0
LINE
  5
446
330
22
100
AcDbEntity
  8
F.Cu
  6
CONTINUOUS
100
AcDbLine
 10
5.3483041732283461
 20
-3.4813697637795276
 30
0
 11
5.5396640157480315
 21
-3.6727296456692913
 31
0
  0
LINE
  5
447
330
22
100
AcDbEntity
  8
F.Cu
  6
CONTINUOUS
100
AcDbLine
 10
5.5396640157480315
 20
-3.6727296456692913
 30
0
 11
5.5409629133858269
 21
-3.6742107086614171
 31
0
  0
LINE
  5
448
330
22
100
AcDbEntity
  8
F.Cu
  6
CONTINUOUS
100
AcDbLine
 10
5.5409629133858269
 20
-3.6742107086614171
 30
0
 11
5.5409906692913387
 21
-3.6742384645669293
 31
0
  0
LINE
  5
449
330
22
100
AcDbEntity
  8
F.Cu
  6
CONTINUOUS
100
AcDbLine
 10
5.5409906692913387
 20
-3.6742384645669293
 30
0
 11
5.54299842519685
 21
-3.6777159842519684
 31
0
  0
LINE
  5
44A
330
22
100
AcDbEntity
  8
F.Cu
  6
CONTINUOUS
100
AcDbLine
 10
5.54299842519685
 20
-3.6777159842519684
 30
0
 11
5.5440377165354331
 21
-3.6815946062992126
 31
0
  0
LINE
  5
44B
330
22
100
AcDbEntity
  8
F.Cu
  6
CONTINUOUS
100
AcDbLine
 10
5.5440377165354331
 20
-3.6815946062992126
 30
0
 11
5.5441692913385827
 21
-3.6836023622047245
 31
0
  0
LINE
  5
44C
330
22
100
AcDbEntity
  8
F.Cu
  6
CONTINUOUS
100
AcDbLine
 10
5.5441692913385827
 20
-3.6836023622047245
 30
0
 11
5.5441692913385827
 21
-3.8607913385826769
 31
0
  0
LINE
  5
44D
330
22
100
AcDbEntity
  8
F.Cu
  6
CONTINUOUS
100
AcDbLine
 10
5.5441692913385827
 20
-3.8607913385826769
 30
0
 11
5.5440377165354331
 21
-3.8627990944881887
 31
0
  0
LINE
  5
44E
330
22
100
AcDbEntity
  8
F.Cu
  6
CONTINUOUS
100
AcDbLine
 10
5.5440377165354331
 20
-3.8627990944881887
 30
0
 11
5.5437222440944884
 21
-3.8639763779527558
 31
0
  0
LINE
  5
44F
330
22
100
AcDbEntity
  8
F.Cu
  6
CONTINUOUS
100
AcDbLine
 10
5.5437222440944884
 20
-3.8639763779527558
 30
0
 11
5.54299842519685
 21
-3.8666777559055117
 31
0
  0
LINE
  5
450
330
22
100
AcDbEntity
  8
F.Cu
  6
CONTINUOUS
100
AcDbLine
 10
5.54299842519685
 20
-3.8666777559055117
 30
0
 11
5.5409907086614174
 21
-3.8701552362204725
 31
0
  0
LINE
  5
451
330
22
100
AcDbEntity
  8
F.Cu
  6
CONTINUOUS
100
AcDbLine
 10
5.5409907086614174
 20
-3.8701552362204725
 30
0
 11
5.5396640551181102
 21
-3.871667992125984
 31
0
  0
LINE
  5
452
330
22
100
AcDbEntity
  8
F.Cu
  6
CONTINUOUS
100
AcDbLine
 10
5.5396640551181102
 20
-3.871667992125984
 30
0
 11
5.4678294094488189
 21
-3.9435026377952753
 31
0
  0
LINE
  5
453
330
22
100
AcDbEntity
  8
F.Cu
  6
CONTINUOUS
100
AcDbLine
 10
5.4678294094488189
 20
-3.9435026377952753
 30
0
 11
5.4663166535433065
 21
-3.9448292913385825
 31
0
  0
LINE
  5
454
330
22
100
AcDbEntity
  8
F.Cu
  6
CONTINUOUS
100
AcDbLine
 10
5.4663166535433065
 20
-3.9448292913385825
 30
0
 11
5.4628391732283461
 21
-3.9468370078740156
 31
0
  0
LINE
  5
455
330
22
100
AcDbEntity
  8
F.Cu
  6
CONTINUOUS
100
AcDbLine
 10
5.4628391732283461
 20
-3.9468370078740156
 30
0
 11
5.4620194881889761
 21
-3.9470566141732282
 31
0
  0
LINE
  5
456
330
22
100
AcDbEntity
  8
F.Cu
  6
CONTINUOUS
100
AcDbLine
 10
5.4620194881889761
 20
-3.9470566141732282
 30
0
 11
5.4589605118110232
 21
-3.9478762992125982
 31
0
  0
LINE
  5
457
330
22
100
AcDbEntity
  8
F.Cu
  6
CONTINUOUS
100
AcDbLine
 10
5.4589605118110232
 20
-3.9478762992125982
 30
0
 11
5.4569527559055118
 21
-3.9480078740157478
 31
0
  0
LINE
  5
458
330
22
100
AcDbEntity
  8
F.Cu
  6
CONTINUOUS
100
AcDbLine
 10
5.4569527559055118
 20
-3.9480078740157478
 30
0
 11
5.2947910629921262
 21
-3.9480078740157478
 31
0
  0
LINE
  5
459
330
22
100
AcDbEntity
  8
F.Cu
  6
CONTINUOUS
100
AcDbLine
 10
5.2947910629921262
 20
-3.9480078740157478
 30
0
 11
5.2947910629921262
 21
-3.9503425196850395
 31
0
  0
LINE
  5
45A
330
22
100
AcDbEntity
  8
F.Cu
  6
CONTINUOUS
100
AcDbLine
 10
5.2947910629921262
 20
-3.9503425196850395
 30
0
 11
5.2632950000000003
 21
-3.9503425196850395
 31
0
  0
LINE
  5
45B
330
22
100
AcDbEntity
  8
F.Cu
  6
CONTINUOUS
100
AcDbLine
 10
5.2632950000000003
 20
-3.9503425196850395
 30
0
 11
5.2632950000000003
 21
-3.9149094488188974
 31
0
  0
LINE
  5
45C
330
22
100
AcDbEntity
  8
F.Cu
  6
CONTINUOUS
100
AcDbLine
 10
5.2632950000000003
 20
-3.9149094488188974
 30
0
 11
5.2947910629921262
 21
-3.9149094488188974
 31
0
  0
LINE
  5
45D
330
22
100
AcDbEntity
  8
F.Cu
  6
CONTINUOUS
100
AcDbLine
 10
5.2947910629921262
 20
-3.9149094488188974
 30
0
 11
5.2947910629921262
 21
-3.917244094488189
 31
0
  0
LINE
  5
45E
330
22
100
AcDbEntity
  8
F.Cu
  6
CONTINUOUS
100
AcDbLine
 10
5.2947910629921262
 20
-3.917244094488189
 30
0
 11
5.4505813385826771
 21
-3.917244094488189
 31
0
  0
LINE
  5
45F
330
22
100
AcDbEntity
  8
F.Cu
  6
CONTINUOUS
100
AcDbLine
 10
5.4505813385826771
 20
-3.917244094488189
 30
0
 11
5.5134055118110235
 21
-3.8544199212598422
 31
0
  0
LINE
  5
460
330
22
100
AcDbEntity
  8
F.Cu
  6
CONTINUOUS
100
AcDbLine
 10
5.5134055118110235
 20
-3.8544199212598422
 30
0
 11
5.5134055118110235
 21
-3.6899776771653543
 31
0
  0
LINE
  5
461
330
22
100
AcDbEntity
  8
F.Cu
  6
CONTINUOUS
100
AcDbLine
 10
5.5134055118110235
 20
-3.6899776771653543
 30
0
 11
5.3265494094488188
 21
-3.5031216141732284
 31
0
  0
LINE
  5
462
330
22
100
AcDbEntity
  8
F.Cu
  6
CONTINUOUS
100
AcDbLine
 10
5.3265494094488188
 20
-3.5031216141732284
 30
0
 11
5.3261587795275593
 21
-3.5032834251968503
 31
0
  0
LINE
  5
463
330
22
100
AcDbEntity
  8
F.Cu
  6
CONTINUOUS
100
AcDbLine
 10
5.3261587795275593
 20
-3.5032834251968503
 30
0
 11
5.3197246456692913
 21
-3.5045632677165353
 31
0
  0
LINE
  5
464
330
22
100
AcDbEntity
  8
F.Cu
  6
CONTINUOUS
100
AcDbLine
 10
5.3197246456692913
 20
-3.5045632677165353
 30
0
 11
5.3131644094488184
 21
-3.5045632677165353
 31
0
  0
LINE
  5
465
330
22
100
AcDbEntity
  8
F.Cu
  6
CONTINUOUS
100
AcDbLine
 10
5.3131644094488184
 20
-3.5045632677165353
 30
0
 11
5.3067302755905512
 21
-3.5032834251968503
 31
0
  0
LINE
  5
466
330
22
100
AcDbEntity
  8
F.Cu
  6
CONTINUOUS
100
AcDbLine
 10
5.3067302755905512
 20
-3.5032834251968503
 30
0
 11
5.3006694488188977
 21
-3.5007729527559053
 31
0
  0
LINE
  5
467
330
22
100
AcDbEntity
  8
F.Cu
  6
CONTINUOUS
100
AcDbLine
 10
5.3006694488188977
 20
-3.5007729527559053
 30
0
 11
5.2952148425196848
 21
-3.4971283070866139
 31
0
  0
LINE
  5
468
330
22
100
AcDbEntity
  8
F.Cu
  6
CONTINUOUS
100
AcDbLine
 10
5.2952148425196848
 20
-3.4971283070866139
 30
0
 11
5.2905760629921259
 21
-3.4924895275590551
 31
0
  0
LINE
  5
469
330
22
100
AcDbEntity
  8
F.Cu
  6
CONTINUOUS
100
AcDbLine
 10
5.2905760629921259
 20
-3.4924895275590551
 30
0
 11
5.2869314173228341
 21
-3.4870349212598426
 31
0
  0
LINE
  5
46A
330
22
100
AcDbEntity
  8
F.Cu
  6
CONTINUOUS
100
AcDbLine
 10
5.2869314173228341
 20
-3.4870349212598426
 30
0
 11
5.28442094488189
 21
-3.4809740944881891
 31
0
  0
LINE
  5
46B
330
22
100
AcDbEntity
  8
F.Cu
  6
CONTINUOUS
100
AcDbLine
 10
5.28442094488189
 20
-3.4809740944881891
 30
0
 11
5.2831411023622046
 21
-3.474539960629921
 31
0
  0
LINE
  5
46C
330
22
100
AcDbEntity
  8
F.Cu
  6
CONTINUOUS
100
AcDbLine
 10
5.2831411023622046
 20
-3.474539960629921
 30
0
 11
5.2831411023622046
 21
-3.4679797244094486
 31
0
  0
LINE
  5
46D
330
22
100
AcDbEntity
  8
F.Cu
  6
CONTINUOUS
100
AcDbLine
 10
5.2831411023622046
 20
-3.4679797244094486
 30
0
 11
5.28442094488189
 21
-3.4615455905511809
 31
0
  0
LINE
  5
46E
330
22
100
AcDbEntity
  8
F.Cu
  6
CONTINUOUS
100
AcDbLine
 10
5.28442094488189
 20
-3.4615455905511809
 30
0
 11
5.2869314173228341
 21
-3.4554847637795274
 31
0
  0
LINE
  5
46F
330
22
100
AcDbEntity
  8
F.Cu
  6
CONTINUOUS
100
AcDbLine
 10
5.2869314173228341
 20
-3.4554847637795274
 30
0
 11
5.2905760629921259
 21
-3.4500301574803149
 31
0
  0
LINE
  5
470
330
22
100
AcDbEntity
  8
F.Cu
  6
CONTINUOUS
100
AcDbLine
 10
5.2905760629921259
 20
-3.4500301574803149
 30
0
 11
5.2952148425196848
 21
-3.4453913779527556
 31
0
  0
LINE
  5
471
330
22
100
AcDbEntity
  8
F.Cu
  6
CONTINUOUS
100
AcDbLine
 10
5.2952148425196848
 20
-3.4453913779527556
 30
0
 11
5.3006694488188977
 21
-3.4417467322834643
 31
0
  0
LINE
  5
472
330
22
100
AcDbEntity
  8
F.Cu
  6
CONTINUOUS
100
AcDbLine
 10
5.3006694488188977
 20
-3.4417467322834643
 30
0
 11
5.3067302755905512
 21
-3.4392362598425197
 31
0
  0
LINE
  5
473
330
22
100
AcDbEntity
  8
F.Cu
  6
CONTINUOUS
100
AcDbLine
 10
5.3067302755905512
 20
-3.4392362598425197
 30
0
 11
5.3131644094488184
 21
-3.4379564173228347
 31
0
  0
LINE
  5
474
330
22
100
AcDbEntity
  8
F.Cu
  6
CONTINUOUS
100
AcDbLine
 10
5.3131644094488184
 20
-3.4379564173228347
 30
0
 11
5.3197246456692913
 21
-3.4379564173228347
 31
0
  0
LINE
  5
475
330
22
100
AcDbEntity
  8
F.Cu
  6
CONTINUOUS
100
AcDbLine
 10
5.3197246456692913
 20
-3.4379564173228347
 30
0
 11
5.3261587795275593
 21
-3.4392362598425197
 31
0
  0
LINE
  5
476
330
22
100
AcDbEntity
  8
F.Cu
  6
CONTINUOUS
100
AcDbLine
 10
6.2402710236220473
 20
-3.8371865748031495
 30
0
 11
6.2464209842519685
 21
-3.8397339763779526
 31
0
  0
LINE
  5
477
330
22
100
AcDbEntity
  8
F.Cu
  6
CONTINUOUS
100
AcDbLine
 10
6.2464209842519685
 20
-3.8397339763779526
 30
0
 11
6.2519557874015748
 21
-3.8434322047244094
 31
0
  0
LINE
  5
478
330
22
100
AcDbEntity
  8
F.Cu
  6
CONTINUOUS
100
AcDbLine
 10
6.2519557874015748
 20
-3.8434322047244094
 30
0
 11
6.2566627952755907
 21
-3.8481392125984253
 31
0
  0
LINE
  5
479
330
22
100
AcDbEntity
  8
F.Cu
  6
CONTINUOUS
100
AcDbLine
 10
6.2566627952755907
 20
-3.8481392125984253
 30
0
 11
6.260361023622047
 21
-3.8536740157480316
 31
0
  0
LINE
  5
47A
330
22
100
AcDbEntity
  8
F.Cu
  6
CONTINUOUS
100
AcDbLine
 10
6.260361023622047
 20
-3.8536740157480316
 30
0
 11
6.2629084251968505
 21
-3.8598239763779527
 31
0
  0
LINE
  5
47B
330
22
100
AcDbEntity
  8
F.Cu
  6
CONTINUOUS
100
AcDbLine
 10
6.2629084251968505
 20
-3.8598239763779527
 30
0
 11
6.2642070866141735
 21
-3.8663527559055115
 31
0
  0
LINE
  5
47C
330
22
100
AcDbEntity
  8
F.Cu
  6
CONTINUOUS
100
AcDbLine
 10
6.2642070866141735
 20
-3.8663527559055115
 30
0
 11
6.2642070866141735
 21
-3.8730094488188977
 31
0
  0
LINE
  5
47D
330
22
100
AcDbEntity
  8
F.Cu
  6
CONTINUOUS
100
AcDbLine
 10
6.2642070866141735
 20
-3.8730094488188977
 30
0
 11
6.2629084251968505
 21
-3.8795382283464566
 31
0
  0
LINE
  5
47E
330
22
100
AcDbEntity
  8
F.Cu
  6
CONTINUOUS
100
AcDbLine
 10
6.2629084251968505
 20
-3.8795382283464566
 30
0
 11
6.260361023622047
 21
-3.8856881889763777
 31
0
  0
LINE
  5
47F
330
22
100
AcDbEntity
  8
F.Cu
  6
CONTINUOUS
100
AcDbLine
 10
6.260361023622047
 20
-3.8856881889763777
 30
0
 11
6.2566627952755907
 21
-3.891222992125984
 31
0
  0
LINE
  5
480
330
22
100
AcDbEntity
  8
F.Cu
  6
CONTINUOUS
100
AcDbLine
 10
6.2566627952755907
 20
-3.891222992125984
 30
0
 11
6.2519557874015748
 21
-3.8959299999999999
 31
0
  0
LINE
  5
481
330
22
100
AcDbEntity
  8
F.Cu
  6
CONTINUOUS
100
AcDbLine
 10
6.2519557874015748
 20
-3.8959299999999999
 30
0
 11
6.2464209842519685
 21
-3.8996282283464567
 31
0
  0
LINE
  5
482
330
22
100
AcDbEntity
  8
F.Cu
  6
CONTINUOUS
100
AcDbLine
 10
6.2464209842519685
 20
-3.8996282283464567
 30
0
 11
6.2402710236220473
 21
-3.9021756299212598
 31
0
  0
LINE
  5
483
330
22
100
AcDbEntity
  8
F.Cu
  6
CONTINUOUS
100
AcDbLine
 10
6.2402710236220473
 20
-3.9021756299212598
 30
0
 11
6.2337422440944881
 21
-3.9034742913385827
 31
0
  0
LINE
  5
484
330
22
100
AcDbEntity
  8
F.Cu
  6
CONTINUOUS
100
AcDbLine
 10
6.2337422440944881
 20
-3.9034742913385827
 30
0
 11
6.2270855511811023
 21
-3.9034742913385827
 31
0
  0
LINE
  5
485
330
22
100
AcDbEntity
  8
F.Cu
  6
CONTINUOUS
100
AcDbLine
 10
6.2270855511811023
 20
-3.9034742913385827
 30
0
 11
6.220556771653543
 21
-3.9021756299212598
 31
0
  0
LINE
  5
486
330
22
100
AcDbEntity
  8
F.Cu
  6
CONTINUOUS
100
AcDbLine
 10
6.220556771653543
 20
-3.9021756299212598
 30
0
 11
6.2144068110236219
 21
-3.8996282283464567
 31
0
  0
LINE
  5
487
330
22
100
AcDbEntity
  8
F.Cu
  6
CONTINUOUS
100
AcDbLine
 10
6.2144068110236219
 20
-3.8996282283464567
 30
0
 11
6.2088720078740156
 21
-3.8959299999999999
 31
0
  0
LINE
  5
488
330
22
100
AcDbEntity
  8
F.Cu
  6
CONTINUOUS
100
AcDbLine
 10
6.2088720078740156
 20
-3.8959299999999999
 30
0
 11
6.2041649999999997
 21
-3.891222992125984
 31
0
  0
LINE
  5
489
330
22
100
AcDbEntity
  8
F.Cu
  6
CONTINUOUS
100
AcDbLine
 10
6.2041649999999997
 20
-3.891222992125984
 30
0
 11
6.2004667716535433
 21
-3.8856881889763777
 31
0
  0
LINE
  5
48A
330
22
100
AcDbEntity
  8
F.Cu
  6
CONTINUOUS
100
AcDbLine
 10
6.2004667716535433
 20
-3.8856881889763777
 30
0
 11
6.1979193700787398
 21
-3.8795382283464566
 31
0
  0
LINE
  5
48B
330
22
100
AcDbEntity
  8
F.Cu
  6
CONTINUOUS
100
AcDbLine
 10
6.1979193700787398
 20
-3.8795382283464566
 30
0
 11
6.1966207086614169
 21
-3.8730094488188977
 31
0
  0
LINE
  5
48C
330
22
100
AcDbEntity
  8
F.Cu
  6
CONTINUOUS
100
AcDbLine
 10
6.1966207086614169
 20
-3.8730094488188977
 30
0
 11
6.1966207086614169
 21
-3.8663527559055115
 31
0
  0
LINE
  5
48D
330
22
100
AcDbEntity
  8
F.Cu
  6
CONTINUOUS
100
AcDbLine
 10
6.1966207086614169
 20
-3.8663527559055115
 30
0
 11
6.1979193700787398
 21
-3.8598239763779527
 31
0
  0
LINE
  5
48E
330
22
100
AcDbEntity
  8
F.Cu
  6
CONTINUOUS
100
AcDbLine
 10
6.1979193700787398
 20
-3.8598239763779527
 30
0
 11
6.2004667716535433
 21
-3.8536740157480316
 31
0
  0
LINE
  5
48F
330
22
100
AcDbEntity
  8
F.Cu
  6
CONTINUOUS
100
AcDbLine
 10
6.2004667716535433
 20
-3.8536740157480316
 30
0
 11
6.2041649999999997
 21
-3.8481392125984253
 31
0
  0
LINE
  5
490
330
22
100
AcDbEntity
  8
F.Cu
  6
CONTINUOUS
100
AcDbLine
 10
6.2041649999999997
 20
-3.8481392125984253
 30
0
 11
6.2088720078740156
 21
-3.8434322047244094
 31
0
  0
LINE
  5
491
330
22
100
AcDbEntity
  8
F.Cu
  6
CONTINUOUS
100
AcDbLine
 10
6.2088720078740156
 20
-3.8434322047244094
 30
0
 11
6.2144068110236219
 21
-3.8397339763779526
 31
0
  0
LINE
  5
492
330
22
100
AcDbEntity
  8
F.Cu
  6
CONTINUOUS
100
AcDbLine
 10
6.2144068110236219
 20
-3.8397339763779526
 30
0
 11
6.220556771653543
 21
-3.8371865748031495
 31
0
  0
LINE
  5
493
330
22
100
AcDbEntity
  8
F.Cu
  6
CONTINUOUS
100
AcDbLine
 10
6.220556771653543
 20
-3.8371865748031495
 30
0
 11
6.2270855511811023
 21
-3.8358879133858266
 31
0
  0
LINE
  5
494
330
22
100
AcDbEntity
  8
F.Cu
  6
CONTINUOUS
100
AcDbLine
 10
6.2270855511811023
 20
-3.8358879133858266
 30
0
 11
6.2337422440944881
 21
-3.8358879133858266
 31
0
  0
LINE
  5
495
330
22
100
AcDbEntity
  8
F.Cu
  6
CONTINUOUS
100
AcDbLine
 10
6.2337422440944881
 20
-3.8358879133858266
 30
0
 11
6.2402710236220473
 21
-3.8371865748031495
 31
0
  0
LINE
  5
496
330
22
100
AcDbEntity
  8
F.Cu
  6
CONTINUOUS
100
AcDbLine
 10
6.2402703149606298
 20
-3.7371865748031494
 30
0
 11
6.2464202755905509
 21
-3.7397339763779525
 31
0
  0
LINE
  5
497
330
22
100
AcDbEntity
  8
F.Cu
  6
CONTINUOUS
100
AcDbLine
 10
6.2464202755905509
 20
-3.7397339763779525
 30
0
 11
6.2519550787401572
 21
-3.7434322047244093
 31
0
  0
LINE
  5
498
330
22
100
AcDbEntity
  8
F.Cu
  6
CONTINUOUS
100
AcDbLine
 10
6.2519550787401572
 20
-3.7434322047244093
 30
0
 11
6.2566620866141731
 21
-3.7481392125984252
 31
0
  0
LINE
  5
499
330
22
100
AcDbEntity
  8
F.Cu
  6
CONTINUOUS
100
AcDbLine
 10
6.2566620866141731
 20
-3.7481392125984252
 30
0
 11
6.2603603149606295
 21
-3.7536740157480315
 31
0
  0
LINE
  5
49A
330
22
100
AcDbEntity
  8
F.Cu
  6
CONTINUOUS
100
AcDbLine
 10
6.2603603149606295
 20
-3.7536740157480315
 30
0
 11
6.262907716535433
 21
-3.7598239763779526
 31
0
  0
LINE
  5
49B
330
22
100
AcDbEntity
  8
F.Cu
  6
CONTINUOUS
100
AcDbLine
 10
6.262907716535433
 20
-3.7598239763779526
 30
0
 11
6.2642063779527559
 21
-3.7663527559055119
 31
0
  0
LINE
  5
49C
330
22
100
AcDbEntity
  8
F.Cu
  6
CONTINUOUS
100
AcDbLine
 10
6.2642063779527559
 20
-3.7663527559055119
 30
0
 11
6.2642063779527559
 21
-3.7730094488188977
 31
0
  0
LINE
  5
49D
330
22
100
AcDbEntity
  8
F.Cu
  6
CONTINUOUS
100
AcDbLine
 10
6.2642063779527559
 20
-3.7730094488188977
 30
0
 11
6.262907716535433
 21
-3.7795382283464565
 31
0
  0
LINE
  5
49E
330
22
100
AcDbEntity
  8
F.Cu
  6
CONTINUOUS
100
AcDbLine
 10
6.262907716535433
 20
-3.7795382283464565
 30
0
 11
6.2603603149606295
 21
-3.785688188976378
 31
0
  0
LINE
  5
49F
330
22
100
AcDbEntity
  8
F.Cu
  6
CONTINUOUS
100
AcDbLine
 10
6.2603603149606295
 20
-3.785688188976378
 30
0
 11
6.2566620866141731
 21
-3.7912229921259843
 31
0
  0
LINE
  5
4A0
330
22
100
AcDbEntity
  8
F.Cu
  6
CONTINUOUS
100
AcDbLine
 10
6.2566620866141731
 20
-3.7912229921259843
 30
0
 11
6.2519550787401572
 21
-3.7959299999999998
 31
0
  0
LINE
  5
4A1
330
22
100
AcDbEntity
  8
F.Cu
  6
CONTINUOUS
100
AcDbLine
 10
6.2519550787401572
 20
-3.7959299999999998
 30
0
 11
6.2464202755905509
 21
-3.7996282283464566
 31
0
  0
LINE
  5
4A2
330
22
100
AcDbEntity
  8
F.Cu
  6
CONTINUOUS
100
AcDbLine
 10
6.2464202755905509
 20
-3.7996282283464566
 30
0
 11
6.2402703149606298
 21
-3.8021756299212597
 31
0
  0
LINE
  5
4A3
330
22
100
AcDbEntity
  8
F.Cu
  6
CONTINUOUS
100
AcDbLine
 10
6.2402703149606298
 20
-3.8021756299212597
 30
0
 11
6.2337415354330705
 21
-3.8034742913385826
 31
0
  0
LINE
  5
4A4
330
22
100
AcDbEntity
  8
F.Cu
  6
CONTINUOUS
100
AcDbLine
 10
6.2337415354330705
 20
-3.8034742913385826
 30
0
 11
6.2270848425196847
 21
-3.8034742913385826
 31
0
  0
LINE
  5
4A5
330
22
100
AcDbEntity
  8
F.Cu
  6
CONTINUOUS
100
AcDbLine
 10
6.2270848425196847
 20
-3.8034742913385826
 30
0
 11
6.2205560629921255
 21
-3.8021756299212597
 31
0
  0
LINE
  5
4A6
330
22
100
AcDbEntity
  8
F.Cu
  6
CONTINUOUS
100
AcDbLine
 10
6.2205560629921255
 20
-3.8021756299212597
 30
0
 11
6.2144061023622044
 21
-3.7996282283464566
 31
0
  0
LINE
  5
4A7
330
22
100
AcDbEntity
  8
F.Cu
  6
CONTINUOUS
100
AcDbLine
 10
6.2144061023622044
 20
-3.7996282283464566
 30
0
 11
6.2088712992125981
 21
-3.7959299999999998
 31
0
  0
LINE
  5
4A8
330
22
100
AcDbEntity
  8
F.Cu
  6
CONTINUOUS
100
AcDbLine
 10
6.2088712992125981
 20
-3.7959299999999998
 30
0
 11
6.2041642913385822
 21
-3.7912229921259843
 31
0
  0
LINE
  5
4A9
330
22
100
AcDbEntity
  8
F.Cu
  6
CONTINUOUS
100
AcDbLine
 10
6.2041642913385822
 20
-3.7912229921259843
 30
0
 11
6.2004660629921258
 21
-3.785688188976378
 31
0
  0
LINE
  5
4AA
330
22
100
AcDbEntity
  8
F.Cu
  6
CONTINUOUS
100
AcDbLine
 10
6.2004660629921258
 20
-3.785688188976378
 30
0
 11
6.1979186614173223
 21
-3.7795382283464565
 31
0
  0
LINE
  5
4AB
330
22
100
AcDbEntity
  8
F.Cu
  6
CONTINUOUS
100
AcDbLine
 10
6.1979186614173223
 20
-3.7795382283464565
 30
0
 11
6.1966200000000002
 21
-3.7730094488188977
 31
0
  0
LINE
  5
4AC
330
22
100
AcDbEntity
  8
F.Cu
  6
CONTINUOUS
100
AcDbLine
 10
6.1966200000000002
 20
-3.7730094488188977
 30
0
 11
6.1966200000000002
 21
-3.7663527559055119
 31
0
  0
LINE
  5
4AD
330
22
100
AcDbEntity
  8
F.Cu
  6
CONTINUOUS
100
AcDbLine
 10
6.1966200000000002
 20
-3.7663527559055119
 30
0
 11
6.1979186614173223
 21
-3.7598239763779526
 31
0
  0
LINE
  5
4AE
330
22
100
AcDbEntity
  8
F.Cu
  6
CONTINUOUS
100
AcDbLine
 10
6.1979186614173223
 20
-3.7598239763779526
 30
0
 11
6.2004660629921258
 21
-3.7536740157480315
 31
0
  0
LINE
  5
4AF
330
22
100
AcDbEntity
  8
F.Cu
  6
CONTINUOUS
100
AcDbLine
 10
6.2004660629921258
 20
-3.7536740157480315
 30
0
 11
6.2041642913385822
 21
-3.7481392125984252
 31
0
  0
LINE
  5
4B0
330
22
100
AcDbEntity
  8
F.Cu
  6
CONTINUOUS
100
AcDbLine
 10
6.2041642913385822
 20
-3.7481392125984252
 30
0
 11
6.2088712992125981
 21
-3.7434322047244093
 31
0
  0
LINE
  5
4B1
330
22
100
AcDbEntity
  8
F.Cu
  6
CONTINUOUS
100
AcDbLine
 10
6.2088712992125981
 20
-3.7434322047244093
 30
0
 11
6.2144061023622044
 21
-3.7397339763779525
 31
0
  0
LINE
  5
4B2
330
22
100
AcDbEntity
  8
F.Cu
  6
CONTINUOUS
100
AcDbLine
 10
6.2144061023622044
 20
-3.7397339763779525
 30
0
 11
6.2205560629921255
 21
-3.7371865748031494
 31
0
  0
LINE
  5
4B3
330
22
100
AcDbEntity
  8
F.Cu
  6
CONTINUOUS
100
AcDbLine
 10
6.2205560629921255
 20
-3.7371865748031494
 30
0
 11
6.2270848425196847
 21
-3.7358879133858265
 31
0
  0
LINE
  5
4B4
330
22
100
AcDbEntity
  8
F.Cu
  6
CONTINUOUS
100
AcDbLine
 10
6.2270848425196847
 20
-3.7358879133858265
 30
0
 11
6.2337415354330705
 21
-3.7358879133858265
 31
0
  0
LINE
  5
4B5
330
22
100
AcDbEntity
  8
F.Cu
  6
CONTINUOUS
100
AcDbLine
 10
6.2337415354330705
 20
-3.7358879133858265
 30
0
 11
6.2402703149606298
 21
-3.7371865748031494
 31
0
  0
LINE
  5
4B6
330
22
100
AcDbEntity
  8
F.Cu
  6
CONTINUOUS
100
AcDbLine
 10
5.6402695669291338
 20
-3.6371909842519683
 30
0
 11
5.646419527559055
 21
-3.6397383858267718
 31
0
  0
LINE
  5
4B7
330
22
100
AcDbEntity
  8
F.Cu
  6
CONTINUOUS
100
AcDbLine
 10
5.646419527559055
 20
-3.6397383858267718
 30
0
 11
5.6519543307086613
 21
-3.6434366141732282
 31
0
  0
LINE
  5
4B8
330
22
100
AcDbEntity
  8
F.Cu
  6
CONTINUOUS
100
AcDbLine
 10
5.6519543307086613
 20
-3.6434366141732282
 30
0
 11
5.6566613385826772
 21
-3.6481436220472441
 31
0
  0
LINE
  5
4B9
330
22
100
AcDbEntity
  8
F.Cu
  6
CONTINUOUS
100
AcDbLine
 10
5.6566613385826772
 20
-3.6481436220472441
 30
0
 11
5.6603595669291336
 21
-3.6536784251968504
 31
0
  0
LINE
  5
4BA
330
22
100
AcDbEntity
  8
F.Cu
  6
CONTINUOUS
100
AcDbLine
 10
5.6603595669291336
 20
-3.6536784251968504
 30
0
 11
5.662906968503937
 21
-3.6598283858267715
 31
0
  0
LINE
  5
4BB
330
22
100
AcDbEntity
  8
F.Cu
  6
CONTINUOUS
100
AcDbLine
 10
5.662906968503937
 20
-3.6598283858267715
 30
0
 11
5.66420562992126
 21
-3.6663571653543308
 31
0
  0
LINE
  5
4BC
330
22
100
AcDbEntity
  8
F.Cu
  6
CONTINUOUS
100
AcDbLine
 10
5.66420562992126
 20
-3.6663571653543308
 30
0
 11
5.66420562992126
 21
-3.6730138582677165
 31
0
  0
LINE
  5
4BD
330
22
100
AcDbEntity
  8
F.Cu
  6
CONTINUOUS
100
AcDbLine
 10
5.66420562992126
 20
-3.6730138582677165
 30
0
 11
5.662906968503937
 21
-3.6795426377952754
 31
0
  0
LINE
  5
4BE
330
22
100
AcDbEntity
  8
F.Cu
  6
CONTINUOUS
100
AcDbLine
 10
5.662906968503937
 20
-3.6795426377952754
 30
0
 11
5.6603595669291336
 21
-3.6856925984251969
 31
0
  0
LINE
  5
4BF
330
22
100
AcDbEntity
  8
F.Cu
  6
CONTINUOUS
100
AcDbLine
 10
5.6603595669291336
 20
-3.6856925984251969
 30
0
 11
5.6566613385826772
 21
-3.6912274015748032
 31
0
  0
LINE
  5
4C0
330
22
100
AcDbEntity
  8
F.Cu
  6
CONTINUOUS
100
AcDbLine
 10
5.6566613385826772
 20
-3.6912274015748032
 30
0
 11
5.6519543307086613
 21
-3.6959344094488187
 31
0
  0
LINE
  5
4C1
330
22
100
AcDbEntity
  8
F.Cu
  6
CONTINUOUS
100
AcDbLine
 10
5.6519543307086613
 20
-3.6959344094488187
 30
0
 11
5.646419527559055
 21
-3.6996326377952755
 31
0
  0
LINE
  5
4C2
330
22
100
AcDbEntity
  8
F.Cu
  6
CONTINUOUS
100
AcDbLine
 10
5.646419527559055
 20
-3.6996326377952755
 30
0
 11
5.6402695669291338
 21
-3.7021800393700786
 31
0
  0
LINE
  5
4C3
330
22
100
AcDbEntity
  8
F.Cu
  6
CONTINUOUS
100
AcDbLine
 10
5.6402695669291338
 20
-3.7021800393700786
 30
0
 11
5.6337407874015746
 21
-3.7034787007874015
 31
0
  0
LINE
  5
4C4
330
22
100
AcDbEntity
  8
F.Cu
  6
CONTINUOUS
100
AcDbLine
 10
5.6337407874015746
 20
-3.7034787007874015
 30
0
 11
5.6270840944881888
 21
-3.7034787007874015
 31
0
  0
LINE
  5
4C5
330
22
100
AcDbEntity
  8
F.Cu
  6
CONTINUOUS
100
AcDbLine
 10
5.6270840944881888
 20
-3.7034787007874015
 30
0
 11
5.6205553149606295
 21
-3.7021800393700786
 31
0
  0
LINE
  5
4C6
330
22
100
AcDbEntity
  8
F.Cu
  6
CONTINUOUS
100
AcDbLine
 10
5.6205553149606295
 20
-3.7021800393700786
 30
0
 11
5.6144053543307084
 21
-3.6996326377952755
 31
0
  0
LINE
  5
4C7
330
22
100
AcDbEntity
  8
F.Cu
  6
CONTINUOUS
100
AcDbLine
 10
5.6144053543307084
 20
-3.6996326377952755
 30
0
 11
5.6088705511811021
 21
-3.6959344094488187
 31
0
  0
LINE
  5
4C8
330
22
100
AcDbEntity
  8
F.Cu
  6
CONTINUOUS
100
AcDbLine
 10
5.6088705511811021
 20
-3.6959344094488187
 30
0
 11
5.6041635433070862
 21
-3.6912274015748032
 31
0
  0
LINE
  5
4C9
330
22
100
AcDbEntity
  8
F.Cu
  6
CONTINUOUS
100
AcDbLine
 10
5.6041635433070862
 20
-3.6912274015748032
 30
0
 11
5.6004653149606298
 21
-3.6856925984251969
 31
0
  0
LINE
  5
4CA
330
22
100
AcDbEntity
  8
F.Cu
  6
CONTINUOUS
100
AcDbLine
 10
5.6004653149606298
 20
-3.6856925984251969
 30
0
 11
5.5979179133858263
 21
-3.6795426377952754
 31
0
  0
LINE
  5
4CB
330
22
100
AcDbEntity
  8
F.Cu
  6
CONTINUOUS
100
AcDbLine
 10
5.5979179133858263
 20
-3.6795426377952754
 30
0
 11
5.5966192519685034
 21
-3.6730138582677165
 31
0
  0
LINE
  5
4CC
330
22
100
AcDbEntity
  8
F.Cu
  6
CONTINUOUS
100
AcDbLine
 10
5.5966192519685034
 20
-3.6730138582677165
 30
0
 11
5.5966192519685034
 21
-3.6663571653543308
 31
0
  0
LINE
  5
4CD
330
22
100
AcDbEntity
  8
F.Cu
  6
CONTINUOUS
100
AcDbLine
 10
5.5966192519685034
 20
-3.6663571653543308
 30
0
 11
5.5979179133858263
 21
-3.6598283858267715
 31
0
  0
LINE
  5
4CE
330
22
100
AcDbEntity
  8
F.Cu
  6
CONTINUOUS
100
AcDbLine
 10
5.5979179133858263
 20
-3.6598283858267715
 30
0
 11
5.6004653149606298
 21
-3.6536784251968504
 31
0
  0
LINE
  5
4CF
330
22
100
AcDbEntity
  8
F.Cu
  6
CONTINUOUS
100
AcDbLine
 10
5.6004653149606298
 20
-3.6536784251968504
 30
0
 11
5.6041635433070862
 21
-3.6481436220472441
 31
0
  0
LINE
  5
4D0
330
22
100
AcDbEntity
  8
F.Cu
  6
CONTINUOUS
100
AcDbLine
 10
5.6041635433070862
 20
-3.6481436220472441
 30
0
 11
5.6088705511811021
 21
-3.6434366141732282
 31
0
  0
LINE
  5
4D1
330
22
100
AcDbEntity
  8
F.Cu
  6
CONTINUOUS
100
AcDbLine
 10
5.6088705511811021
 20
-3.6434366141732282
 30
0
 11
5.6144053543307084
 21
-3.6397383858267718
 31
0
  0
LINE
  5
4D2
330
22
100
AcDbEntity
  8
F.Cu
  6
CONTINUOUS
100
AcDbLine
 10
5.6144053543307084
 20
-3.6397383858267718
 30
0
 11
5.6205553149606295
 21
-3.6371909842519683
 31
0
  0
LINE
  5
4D3
330
22
100
AcDbEntity
  8
F.Cu
  6
CONTINUOUS
100
AcDbLine
 10
5.6205553149606295
 20
-3.6371909842519683
 30
0
 11
5.6270840944881888
 21
-3.6358923228346458
 31
0
  0
LINE
  5
4D4
330
22
100
AcDbEntity
  8
F.Cu
  6
CONTINUOUS
100
AcDbLine
 10
5.6270840944881888
 20
-3.6358923228346458
 30
0
 11
5.6337407874015746
 21
-3.6358923228346458
 31
0
  0
LINE
  5
4D5
330
22
100
AcDbEntity
  8
F.Cu
  6
CONTINUOUS
100
AcDbLine
 10
5.6337407874015746
 20
-3.6358923228346458
 30
0
 11
5.6402695669291338
 21
-3.6371909842519683
 31
0
  0
LINE
  5
4D6
330
22
100
AcDbEntity
  8
F.Cu
  6
CONTINUOUS
100
AcDbLine
 10
6.2402695669291335
 20
-3.6371865748031493
 30
0
 11
6.2464195275590546
 21
-3.6397339763779528
 31
0
  0
LINE
  5
4D7
330
22
100
AcDbEntity
  8
F.Cu
  6
CONTINUOUS
100
AcDbLine
 10
6.2464195275590546
 20
-3.6397339763779528
 30
0
 11
6.2519543307086609
 21
-3.6434322047244092
 31
0
  0
LINE
  5
4D8
330
22
100
AcDbEntity
  8
F.Cu
  6
CONTINUOUS
100
AcDbLine
 10
6.2519543307086609
 20
-3.6434322047244092
 30
0
 11
6.2566613385826768
 21
-3.6481392125984251
 31
0
  0
LINE
  5
4D9
330
22
100
AcDbEntity
  8
F.Cu
  6
CONTINUOUS
100
AcDbLine
 10
6.2566613385826768
 20
-3.6481392125984251
 30
0
 11
6.2603595669291341
 21
-3.6536740157480314
 31
0
  0
LINE
  5
4DA
330
22
100
AcDbEntity
  8
F.Cu
  6
CONTINUOUS
100
AcDbLine
 10
6.2603595669291341
 20
-3.6536740157480314
 30
0
 11
6.2629069685039367
 21
-3.6598239763779525
 31
0
  0
LINE
  5
4DB
330
22
100
AcDbEntity
  8
F.Cu
  6
CONTINUOUS
100
AcDbLine
 10
6.2629069685039367
 20
-3.6598239763779525
 30
0
 11
6.2642056299212596
 21
-3.6663527559055118
 31
0
  0
LINE
  5
4DC
330
22
100
AcDbEntity
  8
F.Cu
  6
CONTINUOUS
100
AcDbLine
 10
6.2642056299212596
 20
-3.6663527559055118
 30
0
 11
6.2642056299212596
 21
-3.6730094488188976
 31
0
  0
LINE
  5
4DD
330
22
100
AcDbEntity
  8
F.Cu
  6
CONTINUOUS
100
AcDbLine
 10
6.2642056299212596
 20
-3.6730094488188976
 30
0
 11
6.2629069685039367
 21
-3.6795382283464568
 31
0
  0
LINE
  5
4DE
330
22
100
AcDbEntity
  8
F.Cu
  6
CONTINUOUS
100
AcDbLine
 10
6.2629069685039367
 20
-3.6795382283464568
 30
0
 11
6.2603595669291341
 21
-3.685688188976378
 31
0
  0
LINE
  5
4DF
330
22
100
AcDbEntity
  8
F.Cu
  6
CONTINUOUS
100
AcDbLine
 10
6.2603595669291341
 20
-3.685688188976378
 30
0
 11
6.2566613385826768
 21
-3.6912229921259843
 31
0
  0
LINE
  5
4E0
330
22
100
AcDbEntity
  8
F.Cu
  6
CONTINUOUS
100
AcDbLine
 10
6.2566613385826768
 20
-3.6912229921259843
 30
0
 11
6.2519543307086609
 21
-3.6959299999999997
 31
0
  0
LINE
  5
4E1
330
22
100
AcDbEntity
  8
F.Cu
  6
CONTINUOUS
100
AcDbLine
 10
6.2519543307086609
 20
-3.6959299999999997
 30
0
 11
6.2464195275590546
 21
-3.6996282283464565
 31
0
  0
LINE
  5
4E2
330
22
100
AcDbEntity
  8
F.Cu
  6
CONTINUOUS
100
AcDbLine
 10
6.2464195275590546
 20
-3.6996282283464565
 30
0
 11
6.2402695669291335
 21
-3.7021756299212596
 31
0
  0
LINE
  5
4E3
330
22
100
AcDbEntity
  8
F.Cu
  6
CONTINUOUS
100
AcDbLine
 10
6.2402695669291335
 20
-3.7021756299212596
 30
0
 11
6.2337407874015742
 21
-3.7034742913385825
 31
0
  0
LINE
  5
4E4
330
22
100
AcDbEntity
  8
F.Cu
  6
CONTINUOUS
100
AcDbLine
 10
6.2337407874015742
 20
-3.7034742913385825
 30
0
 11
6.2270840944881884
 21
-3.7034742913385825
 31
0
  0
LINE
  5
4E5
330
22
100
AcDbEntity
  8
F.Cu
  6
CONTINUOUS
100
AcDbLine
 10
6.2270840944881884
 20
-3.7034742913385825
 30
0
 11
6.2205553149606301
 21
-3.7021756299212596
 31
0
  0
LINE
  5
4E6
330
22
100
AcDbEntity
  8
F.Cu
  6
CONTINUOUS
100
AcDbLine
 10
6.2205553149606301
 20
-3.7021756299212596
 30
0
 11
6.214405354330709
 21
-3.6996282283464565
 31
0
  0
LINE
  5
4E7
330
22
100
AcDbEntity
  8
F.Cu
  6
CONTINUOUS
100
AcDbLine
 10
6.214405354330709
 20
-3.6996282283464565
 30
0
 11
6.2088705511811026
 21
-3.6959299999999997
 31
0
  0
LINE
  5
4E8
330
22
100
AcDbEntity
  8
F.Cu
  6
CONTINUOUS
100
AcDbLine
 10
6.2088705511811026
 20
-3.6959299999999997
 30
0
 11
6.2041635433070867
 21
-3.6912229921259843
 31
0
  0
LINE
  5
4E9
330
22
100
AcDbEntity
  8
F.Cu
  6
CONTINUOUS
100
AcDbLine
 10
6.2041635433070867
 20
-3.6912229921259843
 30
0
 11
6.2004653149606295
 21
-3.685688188976378
 31
0
  0
LINE
  5
4EA
330
22
100
AcDbEntity
  8
F.Cu
  6
CONTINUOUS
100
AcDbLine
 10
6.2004653149606295
 20
-3.685688188976378
 30
0
 11
6.1979179133858269
 21
-3.6795382283464568
 31
0
  0
LINE
  5
4EB
330
22
100
AcDbEntity
  8
F.Cu
  6
CONTINUOUS
100
AcDbLine
 10
6.1979179133858269
 20
-3.6795382283464568
 30
0
 11
6.1966192519685039
 21
-3.6730094488188976
 31
0
  0
LINE
  5
4EC
330
22
100
AcDbEntity
  8
F.Cu
  6
CONTINUOUS
100
AcDbLine
 10
6.1966192519685039
 20
-3.6730094488188976
 30
0
 11
6.1966192519685039
 21
-3.6663527559055118
 31
0
  0
LINE
  5
4ED
330
22
100
AcDbEntity
  8
F.Cu
  6
CONTINUOUS
100
AcDbLine
 10
6.1966192519685039
 20
-3.6663527559055118
 30
0
 11
6.1979179133858269
 21
-3.6598239763779525
 31
0
  0
LINE
  5
4EE
330
22
100
AcDbEntity
  8
F.Cu
  6
CONTINUOUS
100
AcDbLine
 10
6.1979179133858269
 20
-3.6598239763779525
 30
0
 11
6.2004653149606295
 21
-3.6536740157480314
 31
0
  0
LINE
  5
4EF
330
22
100
AcDbEntity
  8
F.Cu
  6
CONTINUOUS
100
AcDbLine
 10
6.2004653149606295
 20
-3.6536740157480314
 30
0
 11
6.2041635433070867
 21
-3.6481392125984251
 31
0
  0
LINE
  5
4F0
330
22
100
AcDbEntity
  8
F.Cu
  6
CONTINUOUS
100
AcDbLine
 10
6.2041635433070867
 20
-3.6481392125984251
 30
0
 11
6.2088705511811026
 21
-3.6434322047244092
 31
0
  0
LINE
  5
4F1
330
22
100
AcDbEntity
  8
F.Cu
  6
CONTINUOUS
100
AcDbLine
 10
6.2088705511811026
 20
-3.6434322047244092
 30
0
 11
6.214405354330709
 21
-3.6397339763779528
 31
0
  0
LINE
  5
4F2
330
22
100
AcDbEntity
  8
F.Cu
  6
CONTINUOUS
100
AcDbLine
 10
6.214405354330709
 20
-3.6397339763779528
 30
0
 11
6.2205553149606301
 21
-3.6371865748031493
 31
0
  0
LINE
  5
4F3
330
22
100
AcDbEntity
  8
F.Cu
  6
CONTINUOUS
100
AcDbLine
 10
6.2205553149606301
 20
-3.6371865748031493
 30
0
 11
6.2270840944881884
 21
-3.6358879133858268
 31
0
  0
LINE
  5
4F4
330
22
100
AcDbEntity
  8
F.Cu
  6
CONTINUOUS
100
AcDbLine
 10
6.2270840944881884
 20
-3.6358879133858268
 30
0
 11
6.2337407874015742
 21
-3.6358879133858268
 31
0
  0
LINE
  5
4F5
330
22
100
AcDbEntity
  8
F.Cu
  6
CONTINUOUS
100
AcDbLine
 10
6.2337407874015742
 20
-3.6358879133858268
 30
0
 11
6.2402695669291335
 21
-3.6371865748031493
 31
0
  0
LINE
  5
4F6
330
22
100
AcDbEntity
  8
F.Cu
  6
CONTINUOUS
100
AcDbLine
 10
5.6402688188976375
 20
-3.5371909842519682
 30
0
 11
5.6464187795275587
 21
-3.5397383858267717
 31
0
  0
LINE
  5
4F7
330
22
100
AcDbEntity
  8
F.Cu
  6
CONTINUOUS
100
AcDbLine
 10
5.6464187795275587
 20
-3.5397383858267717
 30
0
 11
5.651953582677165
 21
-3.5434366141732281
 31
0
  0
LINE
  5
4F8
330
22
100
AcDbEntity
  8
F.Cu
  6
CONTINUOUS
100
AcDbLine
 10
5.651953582677165
 20
-3.5434366141732281
 30
0
 11
5.6566605905511809
 21
-3.548143622047244
 31
0
  0
LINE
  5
4F9
330
22
100
AcDbEntity
  8
F.Cu
  6
CONTINUOUS
100
AcDbLine
 10
5.6566605905511809
 20
-3.548143622047244
 30
0
 11
5.6603588188976373
 21
-3.5536784251968503
 31
0
  0
LINE
  5
4FA
330
22
100
AcDbEntity
  8
F.Cu
  6
CONTINUOUS
100
AcDbLine
 10
5.6603588188976373
 20
-3.5536784251968503
 30
0
 11
5.6629062204724407
 21
-3.5598283858267714
 31
0
  0
LINE
  5
4FB
330
22
100
AcDbEntity
  8
F.Cu
  6
CONTINUOUS
100
AcDbLine
 10
5.6629062204724407
 20
-3.5598283858267714
 30
0
 11
5.6642048818897637
 21
-3.5663571653543307
 31
0
  0
LINE
  5
4FC
330
22
100
AcDbEntity
  8
F.Cu
  6
CONTINUOUS
100
AcDbLine
 10
5.6642048818897637
 20
-3.5663571653543307
 30
0
 11
5.6642048818897637
 21
-3.5730138582677164
 31
0
  0
LINE
  5
4FD
330
22
100
AcDbEntity
  8
F.Cu
  6
CONTINUOUS
100
AcDbLine
 10
5.6642048818897637
 20
-3.5730138582677164
 30
0
 11
5.6629062204724407
 21
-3.5795426377952757
 31
0
  0
LINE
  5
4FE
330
22
100
AcDbEntity
  8
F.Cu
  6
CONTINUOUS
100
AcDbLine
 10
5.6629062204724407
 20
-3.5795426377952757
 30
0
 11
5.6603588188976373
 21
-3.5856925984251968
 31
0
  0
LINE
  5
4FF
330
22
100
AcDbEntity
  8
F.Cu
  6
CONTINUOUS
100
AcDbLine
 10
5.6603588188976373
 20
-3.5856925984251968
 30
0
 11
5.6566605905511809
 21
-3.5912274015748031
 31
0
  0
LINE
  5
500
330
22
100
AcDbEntity
  8
F.Cu
  6
CONTINUOUS
100
AcDbLine
 10
5.6566605905511809
 20
-3.5912274015748031
 30
0
 11
5.651953582677165
 21
-3.595934409448819
 31
0
  0
LINE
  5
501
330
22
100
AcDbEntity
  8
F.Cu
  6
CONTINUOUS
100
AcDbLine
 10
5.651953582677165
 20
-3.595934409448819
 30
0
 11
5.6464187795275587
 21
-3.5996326377952754
 31
0
  0
LINE
  5
502
330
22
100
AcDbEntity
  8
F.Cu
  6
CONTINUOUS
100
AcDbLine
 10
5.6464187795275587
 20
-3.5996326377952754
 30
0
 11
5.6402688188976375
 21
-3.6021800393700785
 31
0
  0
LINE
  5
503
330
22
100
AcDbEntity
  8
F.Cu
  6
CONTINUOUS
100
AcDbLine
 10
5.6402688188976375
 20
-3.6021800393700785
 30
0
 11
5.6337400393700783
 21
-3.6034787007874014
 31
0
  0
LINE
  5
504
330
22
100
AcDbEntity
  8
F.Cu
  6
CONTINUOUS
100
AcDbLine
 10
5.6337400393700783
 20
-3.6034787007874014
 30
0
 11
5.6270833464566925
 21
-3.6034787007874014
 31
0
  0
LINE
  5
505
330
22
100
AcDbEntity
  8
F.Cu
  6
CONTINUOUS
100
AcDbLine
 10
5.6270833464566925
 20
-3.6034787007874014
 30
0
 11
5.6205545669291341
 21
-3.6021800393700785
 31
0
  0
LINE
  5
506
330
22
100
AcDbEntity
  8
F.Cu
  6
CONTINUOUS
100
AcDbLine
 10
5.6205545669291341
 20
-3.6021800393700785
 30
0
 11
5.6144046062992121
 21
-3.5996326377952754
 31
0
  0
LINE
  5
507
330
22
100
AcDbEntity
  8
F.Cu
  6
CONTINUOUS
100
AcDbLine
 10
5.6144046062992121
 20
-3.5996326377952754
 30
0
 11
5.6088698031496058
 21
-3.595934409448819
 31
0
  0
LINE
  5
508
330
22
100
AcDbEntity
  8
F.Cu
  6
CONTINUOUS
100
AcDbLine
 10
5.6088698031496058
 20
-3.595934409448819
 30
0
 11
5.6041627952755908
 21
-3.5912274015748031
 31
0
  0
LINE
  5
509
330
22
100
AcDbEntity
  8
F.Cu
  6
CONTINUOUS
100
AcDbLine
 10
5.6041627952755908
 20
-3.5912274015748031
 30
0
 11
5.6004645669291335
 21
-3.5856925984251968
 31
0
  0
LINE
  5
50A
330
22
100
AcDbEntity
  8
F.Cu
  6
CONTINUOUS
100
AcDbLine
 10
5.6004645669291335
 20
-3.5856925984251968
 30
0
 11
5.5979171653543309
 21
-3.5795426377952757
 31
0
  0
LINE
  5
50B
330
22
100
AcDbEntity
  8
F.Cu
  6
CONTINUOUS
100
AcDbLine
 10
5.5979171653543309
 20
-3.5795426377952757
 30
0
 11
5.596618503937008
 21
-3.5730138582677164
 31
0
  0
LINE
  5
50C
330
22
100
AcDbEntity
  8
F.Cu
  6
CONTINUOUS
100
AcDbLine
 10
5.596618503937008
 20
-3.5730138582677164
 30
0
 11
5.596618503937008
 21
-3.5663571653543307
 31
0
  0
LINE
  5
50D
330
22
100
AcDbEntity
  8
F.Cu
  6
CONTINUOUS
100
AcDbLine
 10
5.596618503937008
 20
-3.5663571653543307
 30
0
 11
5.5979171653543309
 21
-3.5598283858267714
 31
0
  0
LINE
  5
50E
330
22
100
AcDbEntity
  8
F.Cu
  6
CONTINUOUS
100
AcDbLine
 10
5.5979171653543309
 20
-3.5598283858267714
 30
0
 11
5.6004645669291335
 21
-3.5536784251968503
 31
0
  0
LINE
  5
50F
330
22
100
AcDbEntity
  8
F.Cu
  6
CONTINUOUS
100
AcDbLine
 10
5.6004645669291335
 20
-3.5536784251968503
 30
0
 11
5.6041627952755908
 21
-3.548143622047244
 31
0
  0
LINE
  5
510
330
22
100
AcDbEntity
  8
F.Cu
  6
CONTINUOUS
100
AcDbLine
 10
5.6041627952755908
 20
-3.548143622047244
 30
0
 11
5.6088698031496058
 21
-3.5434366141732281
 31
0
  0
LINE
  5
511
330
22
100
AcDbEntity
  8
F.Cu
  6
CONTINUOUS
100
AcDbLine
 10
5.6088698031496058
 20
-3.5434366141732281
 30
0
 11
5.6144046062992121
 21
-3.5397383858267717
 31
0
  0
LINE
  5
512
330
22
100
AcDbEntity
  8
F.Cu
  6
CONTINUOUS
100
AcDbLine
 10
5.6144046062992121
 20
-3.5397383858267717
 30
0
 11
5.6205545669291341
 21
-3.5371909842519682
 31
0
  0
LINE
  5
513
330
22
100
AcDbEntity
  8
F.Cu
  6
CONTINUOUS
100
AcDbLine
 10
5.6205545669291341
 20
-3.5371909842519682
 30
0
 11
5.6270833464566925
 21
-3.5358923228346457
 31
0
  0
LINE
  5
514
330
22
100
AcDbEntity
  8
F.Cu
  6
CONTINUOUS
100
AcDbLine
 10
5.6270833464566925
 20
-3.5358923228346457
 30
0
 11
5.6337400393700783
 21
-3.5358923228346457
 31
0
  0
LINE
  5
515
330
22
100
AcDbEntity
  8
F.Cu
  6
CONTINUOUS
100
AcDbLine
 10
5.6337400393700783
 20
-3.5358923228346457
 30
0
 11
5.6402688188976375
 21
-3.5371909842519682
 31
0
  0
LINE
  5
516
330
22
100
AcDbEntity
  8
F.Cu
  6
CONTINUOUS
100
AcDbLine
 10
5.5191299212598421
 20
-3.2869921259842521
 30
0
 11
6.0631062992125981
 21
-3.2869921259842521
 31
0
  0
LINE
  5
517
330
22
100
AcDbEntity
  8
F.Cu
  6
CONTINUOUS
100
AcDbLine
 10
6.0631062992125981
 20
-3.2869921259842521
 30
0
 11
6.0650545669291338
 21
-3.2871198031496061
 31
0
  0
LINE
  5
518
330
22
100
AcDbEntity
  8
F.Cu
  6
CONTINUOUS
100
AcDbLine
 10
6.0650545669291338
 20
-3.2871198031496061
 30
0
 11
6.065110118110236
 21
-3.2871198031496061
 31
0
  0
LINE
  5
519
330
22
100
AcDbEntity
  8
F.Cu
  6
CONTINUOUS
100
AcDbLine
 10
6.065110118110236
 20
-3.2871198031496061
 30
0
 11
6.068988779527559
 21
-3.2881590551181104
 31
0
  0
LINE
  5
51A
330
22
100
AcDbEntity
  8
F.Cu
  6
CONTINUOUS
100
AcDbLine
 10
6.068988779527559
 20
-3.2881590551181104
 30
0
 11
6.0724662598425194
 21
-3.2901667716535434
 31
0
  0
LINE
  5
51B
330
22
100
AcDbEntity
  8
F.Cu
  6
CONTINUOUS
100
AcDbLine
 10
6.0724662598425194
 20
-3.2901667716535434
 30
0
 11
6.0739790157480318
 21
-3.2914934251968502
 31
0
  0
LINE
  5
51C
330
22
100
AcDbEntity
  8
F.Cu
  6
CONTINUOUS
100
AcDbLine
 10
6.0739790157480318
 20
-3.2914934251968502
 30
0
 11
6.2199303543307085
 21
-3.4374448031496061
 31
0
  0
LINE
  5
51D
330
22
100
AcDbEntity
  8
F.Cu
  6
CONTINUOUS
100
AcDbLine
 10
6.2199303543307085
 20
-3.4374448031496061
 30
0
 11
6.2205538582677162
 21
-3.4371865748031496
 31
0
  0
LINE
  5
51E
330
22
100
AcDbEntity
  8
F.Cu
  6
CONTINUOUS
100
AcDbLine
 10
6.2205538582677162
 20
-3.4371865748031496
 30
0
 11
6.2270826377952755
 21
-3.4358879133858267
 31
0
  0
LINE
  5
51F
330
22
100
AcDbEntity
  8
F.Cu
  6
CONTINUOUS
100
AcDbLine
 10
6.2270826377952755
 20
-3.4358879133858267
 30
0
 11
6.2337393307086613
 21
-3.4358879133858267
 31
0
  0
LINE
  5
520
330
22
100
AcDbEntity
  8
F.Cu
  6
CONTINUOUS
100
AcDbLine
 10
6.2337393307086613
 20
-3.4358879133858267
 30
0
 11
6.2402681102362205
 21
-3.4371865748031496
 31
0
  0
LINE
  5
521
330
22
100
AcDbEntity
  8
F.Cu
  6
CONTINUOUS
100
AcDbLine
 10
6.2402681102362205
 20
-3.4371865748031496
 30
0
 11
6.2464180708661416
 21
-3.4397339763779526
 31
0
  0
LINE
  5
522
330
22
100
AcDbEntity
  8
F.Cu
  6
CONTINUOUS
100
AcDbLine
 10
6.2464180708661416
 20
-3.4397339763779526
 30
0
 11
6.251952874015748
 21
-3.4434322047244095
 31
0
  0
LINE
  5
523
330
22
100
AcDbEntity
  8
F.Cu
  6
CONTINUOUS
100
AcDbLine
 10
6.251952874015748
 20
-3.4434322047244095
 30
0
 11
6.2566598818897639
 21
-3.4481392125984249
 31
0
  0
LINE
  5
524
330
22
100
AcDbEntity
  8
F.Cu
  6
CONTINUOUS
100
AcDbLine
 10
6.2566598818897639
 20
-3.4481392125984249
 30
0
 11
6.2603581102362202
 21
-3.4536740157480312
 31
0
  0
LINE
  5
525
330
22
100
AcDbEntity
  8
F.Cu
  6
CONTINUOUS
100
AcDbLine
 10
6.2603581102362202
 20
-3.4536740157480312
 30
0
 11
6.2606170866141735
 21
-3.4542992125984253
 31
0
  0
LINE
  5
526
330
22
100
AcDbEntity
  8
F.Cu
  6
CONTINUOUS
100
AcDbLine
 10
6.2606170866141735
 20
-3.4542992125984253
 30
0
 11
6.368818307086614
 21
-3.4542992125984253
 31
0
  0
LINE
  5
527
330
22
100
AcDbEntity
  8
F.Cu
  6
CONTINUOUS
100
AcDbLine
 10
6.368818307086614
 20
-3.4542992125984253
 30
0
 11
6.371670787401575
 21
-3.4500301574803149
 31
0
  0
LINE
  5
528
330
22
100
AcDbEntity
  8
F.Cu
  6
CONTINUOUS
100
AcDbLine
 10
6.371670787401575
 20
-3.4500301574803149
 30
0
 11
6.3763095669291339
 21
-3.4453913779527556
 31
0
  0
LINE
  5
529
330
22
100
AcDbEntity
  8
F.Cu
  6
CONTINUOUS
100
AcDbLine
 10
6.3763095669291339
 20
-3.4453913779527556
 30
0
 11
6.3817641732283459
 21
-3.4417467322834643
 31
0
  0
LINE
  5
52A
330
22
100
AcDbEntity
  8
F.Cu
  6
CONTINUOUS
100
AcDbLine
 10
6.3817641732283459
 20
-3.4417467322834643
 30
0
 11
6.3878249999999994
 21
-3.4392362598425197
 31
0
  0
LINE
  5
52B
330
22
100
AcDbEntity
  8
F.Cu
  6
CONTINUOUS
100
AcDbLine
 10
6.3878249999999994
 20
-3.4392362598425197
 30
0
 11
6.3942591338582675
 21
-3.4379564173228347
 31
0
  0
LINE
  5
52C
330
22
100
AcDbEntity
  8
F.Cu
  6
CONTINUOUS
100
AcDbLine
 10
6.3942591338582675
 20
-3.4379564173228347
 30
0
 11
6.4008193700787404
 21
-3.4379564173228347
 31
0
  0
LINE
  5
52D
330
22
100
AcDbEntity
  8
F.Cu
  6
CONTINUOUS
100
AcDbLine
 10
6.4008193700787404
 20
-3.4379564173228347
 30
0
 11
6.4072535039370075
 21
-3.4392362598425197
 31
0
  0
LINE
  5
52E
330
22
100
AcDbEntity
  8
F.Cu
  6
CONTINUOUS
100
AcDbLine
 10
6.4072535039370075
 20
-3.4392362598425197
 30
0
 11
6.4133143307086611
 21
-3.4417467322834643
 31
0
  0
LINE
  5
52F
330
22
100
AcDbEntity
  8
F.Cu
  6
CONTINUOUS
100
AcDbLine
 10
6.4133143307086611
 20
-3.4417467322834643
 30
0
 11
6.418768937007874
 21
-3.4453913779527556
 31
0
  0
LINE
  5
530
330
22
100
AcDbEntity
  8
F.Cu
  6
CONTINUOUS
100
AcDbLine
 10
6.418768937007874
 20
-3.4453913779527556
 30
0
 11
6.4234077165354329
 21
-3.4500301574803149
 31
0
  0
LINE
  5
531
330
22
100
AcDbEntity
  8
F.Cu
  6
CONTINUOUS
100
AcDbLine
 10
6.4234077165354329
 20
-3.4500301574803149
 30
0
 11
6.4270523622047246
 21
-3.4554847637795274
 31
0
  0
LINE
  5
532
330
22
100
AcDbEntity
  8
F.Cu
  6
CONTINUOUS
100
AcDbLine
 10
6.4270523622047246
 20
-3.4554847637795274
 30
0
 11
6.4295628346456688
 21
-3.4615455905511809
 31
0
  0
LINE
  5
533
330
22
100
AcDbEntity
  8
F.Cu
  6
CONTINUOUS
100
AcDbLine
 10
6.4295628346456688
 20
-3.4615455905511809
 30
0
 11
6.4308426771653542
 21
-3.4679797244094486
 31
0
  0
LINE
  5
534
330
22
100
AcDbEntity
  8
F.Cu
  6
CONTINUOUS
100
AcDbLine
 10
6.4308426771653542
 20
-3.4679797244094486
 30
0
 11
6.4308426771653542
 21
-3.474539960629921
 31
0
  0
LINE
  5
535
330
22
100
AcDbEntity
  8
F.Cu
  6
CONTINUOUS
100
AcDbLine
 10
6.4308426771653542
 20
-3.474539960629921
 30
0
 11
6.4295628346456688
 21
-3.4809740944881891
 31
0
  0
LINE
  5
536
330
22
100
AcDbEntity
  8
F.Cu
  6
CONTINUOUS
100
AcDbLine
 10
6.4295628346456688
 20
-3.4809740944881891
 30
0
 11
6.4270523622047246
 21
-3.4870349212598426
 31
0
  0
LINE
  5
537
330
22
100
AcDbEntity
  8
F.Cu
  6
CONTINUOUS
100
AcDbLine
 10
6.4270523622047246
 20
-3.4870349212598426
 30
0
 11
6.4234077165354329
 21
-3.4924895275590551
 31
0
  0
LINE
  5
538
330
22
100
AcDbEntity
  8
F.Cu
  6
CONTINUOUS
100
AcDbLine
 10
6.4234077165354329
 20
-3.4924895275590551
 30
0
 11
6.418768937007874
 21
-3.4971283070866139
 31
0
  0
LINE
  5
539
330
22
100
AcDbEntity
  8
F.Cu
  6
CONTINUOUS
100
AcDbLine
 10
6.418768937007874
 20
-3.4971283070866139
 30
0
 11
6.4133143307086611
 21
-3.5007729527559053
 31
0
  0
LINE
  5
53A
330
22
100
AcDbEntity
  8
F.Cu
  6
CONTINUOUS
100
AcDbLine
 10
6.4133143307086611
 20
-3.5007729527559053
 30
0
 11
6.4072535039370075
 21
-3.5032834251968503
 31
0
  0
LINE
  5
53B
330
22
100
AcDbEntity
  8
F.Cu
  6
CONTINUOUS
100
AcDbLine
 10
6.4072535039370075
 20
-3.5032834251968503
 30
0
 11
6.4008193700787404
 21
-3.5045632677165353
 31
0
  0
LINE
  5
53C
330
22
100
AcDbEntity
  8
F.Cu
  6
CONTINUOUS
100
AcDbLine
 10
6.4008193700787404
 20
-3.5045632677165353
 30
0
 11
6.3942591338582675
 21
-3.5045632677165353
 31
0
  0
LINE
  5
53D
330
22
100
AcDbEntity
  8
F.Cu
  6
CONTINUOUS
100
AcDbLine
 10
6.3942591338582675
 20
-3.5045632677165353
 30
0
 11
6.3878249999999994
 21
-3.5032834251968503
 31
0
  0
LINE
  5
53E
330
22
100
AcDbEntity
  8
F.Cu
  6
CONTINUOUS
100
AcDbLine
 10
6.3878249999999994
 20
-3.5032834251968503
 30
0
 11
6.3817641732283459
 21
-3.5007729527559053
 31
0
  0
LINE
  5
53F
330
22
100
AcDbEntity
  8
F.Cu
  6
CONTINUOUS
100
AcDbLine
 10
6.3817641732283459
 20
-3.5007729527559053
 30
0
 11
6.3763095669291339
 21
-3.4971283070866139
 31
0
  0
LINE
  5
540
330
22
100
AcDbEntity
  8
F.Cu
  6
CONTINUOUS
100
AcDbLine
 10
6.3763095669291339
 20
-3.4971283070866139
 30
0
 11
6.371670787401575
 21
-3.4924895275590551
 31
0
  0
LINE
  5
541
330
22
100
AcDbEntity
  8
F.Cu
  6
CONTINUOUS
100
AcDbLine
 10
6.371670787401575
 20
-3.4924895275590551
 30
0
 11
6.3680261417322832
 21
-3.4870349212598426
 31
0
  0
LINE
  5
542
330
22
100
AcDbEntity
  8
F.Cu
  6
CONTINUOUS
100
AcDbLine
 10
6.3680261417322832
 20
-3.4870349212598426
 30
0
 11
6.3672093307086612
 21
-3.4850629921259841
 31
0
  0
LINE
  5
543
330
22
100
AcDbEntity
  8
F.Cu
  6
CONTINUOUS
100
AcDbLine
 10
6.3672093307086612
 20
-3.4850629921259841
 30
0
 11
6.2606170866141735
 21
-3.4850629921259841
 31
0
  0
LINE
  5
544
330
22
100
AcDbEntity
  8
F.Cu
  6
CONTINUOUS
100
AcDbLine
 10
6.2606170866141735
 20
-3.4850629921259841
 30
0
 11
6.2603581102362202
 21
-3.4856881889763778
 31
0
  0
LINE
  5
545
330
22
100
AcDbEntity
  8
F.Cu
  6
CONTINUOUS
100
AcDbLine
 10
6.2603581102362202
 20
-3.4856881889763778
 30
0
 11
6.2566598818897639
 21
-3.4912229921259841
 31
0
  0
LINE
  5
546
330
22
100
AcDbEntity
  8
F.Cu
  6
CONTINUOUS
100
AcDbLine
 10
6.2566598818897639
 20
-3.4912229921259841
 30
0
 11
6.251952874015748
 21
-3.49593
 31
0
  0
LINE
  5
547
330
22
100
AcDbEntity
  8
F.Cu
  6
CONTINUOUS
100
AcDbLine
 10
6.251952874015748
 20
-3.49593
 30
0
 11
6.2464180708661416
 21
-3.4996282283464568
 31
0
  0
LINE
  5
548
330
22
100
AcDbEntity
  8
F.Cu
  6
CONTINUOUS
100
AcDbLine
 10
6.2464180708661416
 20
-3.4996282283464568
 30
0
 11
6.2402681102362205
 21
-3.5021756299212599
 31
0
  0
LINE
  5
549
330
22
100
AcDbEntity
  8
F.Cu
  6
CONTINUOUS
100
AcDbLine
 10
6.2402681102362205
 20
-3.5021756299212599
 30
0
 11
6.2337393307086613
 21
-3.5034742913385828
 31
0
  0
LINE
  5
54A
330
22
100
AcDbEntity
  8
F.Cu
  6
CONTINUOUS
100
AcDbLine
 10
6.2337393307086613
 20
-3.5034742913385828
 30
0
 11
6.2270826377952755
 21
-3.5034742913385828
 31
0
  0
LINE
  5
54B
330
22
100
AcDbEntity
  8
F.Cu
  6
CONTINUOUS
100
AcDbLine
 10
6.2270826377952755
 20
-3.5034742913385828
 30
0
 11
6.2205538582677162
 21
-3.5021756299212599
 31
0
  0
LINE
  5
54C
330
22
100
AcDbEntity
  8
F.Cu
  6
CONTINUOUS
100
AcDbLine
 10
6.2205538582677162
 20
-3.5021756299212599
 30
0
 11
6.2144038976377951
 21
-3.4996282283464568
 31
0
  0
LINE
  5
54D
330
22
100
AcDbEntity
  8
F.Cu
  6
CONTINUOUS
100
AcDbLine
 10
6.2144038976377951
 20
-3.4996282283464568
 30
0
 11
6.2088690944881888
 21
-3.49593
 31
0
  0
LINE
  5
54E
330
22
100
AcDbEntity
  8
F.Cu
  6
CONTINUOUS
100
AcDbLine
 10
6.2088690944881888
 20
-3.49593
 30
0
 11
6.2041620866141729
 21
-3.4912229921259841
 31
0
  0
LINE
  5
54F
330
22
100
AcDbEntity
  8
F.Cu
  6
CONTINUOUS
100
AcDbLine
 10
6.2041620866141729
 20
-3.4912229921259841
 30
0
 11
6.2004638582677165
 21
-3.4856881889763778
 31
0
  0
LINE
  5
550
330
22
100
AcDbEntity
  8
F.Cu
  6
CONTINUOUS
100
AcDbLine
 10
6.2004638582677165
 20
-3.4856881889763778
 30
0
 11
6.197916456692913
 21
-3.4795382283464567
 31
0
  0
LINE
  5
551
330
22
100
AcDbEntity
  8
F.Cu
  6
CONTINUOUS
100
AcDbLine
 10
6.197916456692913
 20
-3.4795382283464567
 30
0
 11
6.1966177952755901
 21
-3.4730094488188974
 31
0
  0
LINE
  5
552
330
22
100
AcDbEntity
  8
F.Cu
  6
CONTINUOUS
100
AcDbLine
 10
6.1966177952755901
 20
-3.4730094488188974
 30
0
 11
6.1966177952755901
 21
-3.4663527559055116
 31
0
  0
LINE
  5
553
330
22
100
AcDbEntity
  8
F.Cu
  6
CONTINUOUS
100
AcDbLine
 10
6.1966177952755901
 20
-3.4663527559055116
 30
0
 11
6.197916456692913
 21
-3.4598239763779528
 31
0
  0
LINE
  5
554
330
22
100
AcDbEntity
  8
F.Cu
  6
CONTINUOUS
100
AcDbLine
 10
6.197916456692913
 20
-3.4598239763779528
 30
0
 11
6.1981761023622042
 21
-3.4591970866141732
 31
0
  0
LINE
  5
555
330
22
100
AcDbEntity
  8
F.Cu
  6
CONTINUOUS
100
AcDbLine
 10
6.1981761023622042
 20
-3.4591970866141732
 30
0
 11
6.0567348818897635
 21
-3.3177559055118109
 31
0
  0
LINE
  5
556
330
22
100
AcDbEntity
  8
F.Cu
  6
CONTINUOUS
100
AcDbLine
 10
6.0567348818897635
 20
-3.3177559055118109
 30
0
 11
5.5191299212598421
 21
-3.3177559055118109
 31
0
  0
LINE
  5
557
330
22
100
AcDbEntity
  8
F.Cu
  6
CONTINUOUS
100
AcDbLine
 10
5.5191299212598421
 20
-3.3177559055118109
 30
0
 11
5.3932768897637793
 21
-3.3177559055118109
 31
0
  0
LINE
  5
558
330
22
100
AcDbEntity
  8
F.Cu
  6
CONTINUOUS
100
AcDbLine
 10
5.3932768897637793
 20
-3.3177559055118109
 30
0
 11
5.3483048031496061
 21
-3.3627279921259841
 31
0
  0
LINE
  5
559
330
22
100
AcDbEntity
  8
F.Cu
  6
CONTINUOUS
100
AcDbLine
 10
5.3483048031496061
 20
-3.3627279921259841
 30
0
 11
5.3484673622047243
 21
-3.3631203937007874
 31
0
  0
LINE
  5
55A
330
22
100
AcDbEntity
  8
F.Cu
  6
CONTINUOUS
100
AcDbLine
 10
5.3484673622047243
 20
-3.3631203937007874
 30
0
 11
5.3497472047244097
 21
-3.369554527559055
 31
0
  0
LINE
  5
55B
330
22
100
AcDbEntity
  8
F.Cu
  6
CONTINUOUS
100
AcDbLine
 10
5.3497472047244097
 20
-3.369554527559055
 30
0
 11
5.3497472047244097
 21
-3.3761147637795275
 31
0
  0
LINE
  5
55C
330
22
100
AcDbEntity
  8
F.Cu
  6
CONTINUOUS
100
AcDbLine
 10
5.3497472047244097
 20
-3.3761147637795275
 30
0
 11
5.3484673622047243
 21
-3.3825488976377951
 31
0
  0
LINE
  5
55D
330
22
100
AcDbEntity
  8
F.Cu
  6
CONTINUOUS
100
AcDbLine
 10
5.3484673622047243
 20
-3.3825488976377951
 30
0
 11
5.3459568897637793
 21
-3.3886097244094486
 31
0
  0
LINE
  5
55E
330
22
100
AcDbEntity
  8
F.Cu
  6
CONTINUOUS
100
AcDbLine
 10
5.3459568897637793
 20
-3.3886097244094486
 30
0
 11
5.3423122440944883
 21
-3.3940643307086615
 31
0
  0
LINE
  5
55F
330
22
100
AcDbEntity
  8
F.Cu
  6
CONTINUOUS
100
AcDbLine
 10
5.3423122440944883
 20
-3.3940643307086615
 30
0
 11
5.3376734645669286
 21
-3.3987031102362204
 31
0
  0
LINE
  5
560
330
22
100
AcDbEntity
  8
F.Cu
  6
CONTINUOUS
100
AcDbLine
 10
5.3376734645669286
 20
-3.3987031102362204
 30
0
 11
5.3322188582677166
 21
-3.4023477559055118
 31
0
  0
LINE
  5
561
330
22
100
AcDbEntity
  8
F.Cu
  6
CONTINUOUS
100
AcDbLine
 10
5.3322188582677166
 20
-3.4023477559055118
 30
0
 11
5.326158031496063
 21
-3.4048582283464568
 31
0
  0
LINE
  5
562
330
22
100
AcDbEntity
  8
F.Cu
  6
CONTINUOUS
100
AcDbLine
 10
5.326158031496063
 20
-3.4048582283464568
 30
0
 11
5.319723897637795
 21
-3.4061380708661417
 31
0
  0
LINE
  5
563
330
22
100
AcDbEntity
  8
F.Cu
  6
CONTINUOUS
100
AcDbLine
 10
5.319723897637795
 20
-3.4061380708661417
 30
0
 11
5.313163661417323
 21
-3.4061380708661417
 31
0
  0
LINE
  5
564
330
22
100
AcDbEntity
  8
F.Cu
  6
CONTINUOUS
100
AcDbLine
 10
5.313163661417323
 20
-3.4061380708661417
 30
0
 11
5.3067295275590549
 21
-3.4048582283464568
 31
0
  0
LINE
  5
565
330
22
100
AcDbEntity
  8
F.Cu
  6
CONTINUOUS
100
AcDbLine
 10
5.3067295275590549
 20
-3.4048582283464568
 30
0
 11
5.3006687007874014
 21
-3.4023477559055118
 31
0
  0
LINE
  5
566
330
22
100
AcDbEntity
  8
F.Cu
  6
CONTINUOUS
100
AcDbLine
 10
5.3006687007874014
 20
-3.4023477559055118
 30
0
 11
5.2952140944881885
 21
-3.3987031102362204
 31
0
  0
LINE
  5
567
330
22
100
AcDbEntity
  8
F.Cu
  6
CONTINUOUS
100
AcDbLine
 10
5.2952140944881885
 20
-3.3987031102362204
 30
0
 11
5.2905753149606296
 21
-3.3940643307086615
 31
0
  0
LINE
  5
568
330
22
100
AcDbEntity
  8
F.Cu
  6
CONTINUOUS
100
AcDbLine
 10
5.2905753149606296
 20
-3.3940643307086615
 30
0
 11
5.2869306692913387
 21
-3.3886097244094486
 31
0
  0
LINE
  5
569
330
22
100
AcDbEntity
  8
F.Cu
  6
CONTINUOUS
100
AcDbLine
 10
5.2869306692913387
 20
-3.3886097244094486
 30
0
 11
5.2844201968503937
 21
-3.3825488976377951
 31
0
  0
LINE
  5
56A
330
22
100
AcDbEntity
  8
F.Cu
  6
CONTINUOUS
100
AcDbLine
 10
5.2844201968503937
 20
-3.3825488976377951
 30
0
 11
5.2831403543307083
 21
-3.3761147637795275
 31
0
  0
LINE
  5
56B
330
22
100
AcDbEntity
  8
F.Cu
  6
CONTINUOUS
100
AcDbLine
 10
5.2831403543307083
 20
-3.3761147637795275
 30
0
 11
5.2831403543307083
 21
-3.369554527559055
 31
0
  0
LINE
  5
56C
330
22
100
AcDbEntity
  8
F.Cu
  6
CONTINUOUS
100
AcDbLine
 10
5.2831403543307083
 20
-3.369554527559055
 30
0
 11
5.2844201968503937
 21
-3.3631203937007874
 31
0
  0
LINE
  5
56D
330
22
100
AcDbEntity
  8
F.Cu
  6
CONTINUOUS
100
AcDbLine
 10
5.2844201968503937
 20
-3.3631203937007874
 30
0
 11
5.2869306692913387
 21
-3.3570595669291339
 31
0
  0
LINE
  5
56E
330
22
100
AcDbEntity
  8
F.Cu
  6
CONTINUOUS
100
AcDbLine
 10
5.2869306692913387
 20
-3.3570595669291339
 30
0
 11
5.2905753149606296
 21
-3.351604960629921
 31
0
  0
LINE
  5
56F
330
22
100
AcDbEntity
  8
F.Cu
  6
CONTINUOUS
100
AcDbLine
 10
5.2905753149606296
 20
-3.351604960629921
 30
0
 11
5.2952140944881885
 21
-3.3469661811023621
 31
0
  0
LINE
  5
570
330
22
100
AcDbEntity
  8
F.Cu
  6
CONTINUOUS
100
AcDbLine
 10
5.2952140944881885
 20
-3.3469661811023621
 30
0
 11
5.3006687007874014
 21
-3.3433215354330708
 31
0
  0
LINE
  5
571
330
22
100
AcDbEntity
  8
F.Cu
  6
CONTINUOUS
100
AcDbLine
 10
5.3006687007874014
 20
-3.3433215354330708
 30
0
 11
5.3067295275590549
 21
-3.3408110629921257
 31
0
  0
LINE
  5
572
330
22
100
AcDbEntity
  8
F.Cu
  6
CONTINUOUS
100
AcDbLine
 10
5.3067295275590549
 20
-3.3408110629921257
 30
0
 11
5.313163661417323
 21
-3.3395312204724408
 31
0
  0
LINE
  5
573
330
22
100
AcDbEntity
  8
F.Cu
  6
CONTINUOUS
100
AcDbLine
 10
5.313163661417323
 20
-3.3395312204724408
 30
0
 11
5.319723897637795
 21
-3.3395312204724408
 31
0
  0
LINE
  5
574
330
22
100
AcDbEntity
  8
F.Cu
  6
CONTINUOUS
100
AcDbLine
 10
5.319723897637795
 20
-3.3395312204724408
 30
0
 11
5.326158031496063
 21
-3.3408110629921257
 31
0
  0
LINE
  5
575
330
22
100
AcDbEntity
  8
F.Cu
  6
CONTINUOUS
100
AcDbLine
 10
5.326158031496063
 20
-3.3408110629921257
 30
0
 11
5.3265519685039369
 21
-3.3409742125984252
 31
0
  0
LINE
  5
576
330
22
100
AcDbEntity
  8
F.Cu
  6
CONTINUOUS
100
AcDbLine
 10
5.3265519685039369
 20
-3.3409742125984252
 30
0
 11
5.3760288582677163
 21
-3.2914974015748029
 31
0
  0
LINE
  5
577
330
22
100
AcDbEntity
  8
F.Cu
  6
CONTINUOUS
100
AcDbLine
 10
5.3760288582677163
 20
-3.2914974015748029
 30
0
 11
5.3775096062992125
 21
-3.2901987795275591
 31
0
  0
LINE
  5
578
330
22
100
AcDbEntity
  8
F.Cu
  6
CONTINUOUS
100
AcDbLine
 10
5.3775096062992125
 20
-3.2901987795275591
 30
0
 11
5.3775376771653542
 21
-3.2901707480314961
 31
0
  0
LINE
  5
579
330
22
100
AcDbEntity
  8
F.Cu
  6
CONTINUOUS
100
AcDbLine
 10
5.3775376771653542
 20
-3.2901707480314961
 30
0
 11
5.3810151968503934
 21
-3.2881629921259843
 31
0
  0
LINE
  5
57A
330
22
100
AcDbEntity
  8
F.Cu
  6
CONTINUOUS
100
AcDbLine
 10
5.3810151968503934
 20
-3.2881629921259843
 30
0
 11
5.3848938188976376
 21
-3.2871237007874017
 31
0
  0
LINE
  5
57B
330
22
100
AcDbEntity
  8
F.Cu
  6
CONTINUOUS
100
AcDbLine
 10
5.3848938188976376
 20
-3.2871237007874017
 30
0
 11
5.3869015748031499
 21
-3.2869921259842521
 31
0
  0
LINE
  5
57C
330
22
100
AcDbEntity
  8
F.Cu
  6
CONTINUOUS
100
AcDbLine
 10
5.3869015748031499
 20
-3.2869921259842521
 30
0
 11
5.5191299212598421
 21
-3.2869921259842521
 31
0
  0
LINE
  5
57D
330
22
100
AcDbEntity
  8
F.Cu
  6
CONTINUOUS
100
AcDbLine
 10
5.64026811023622
 20
-3.4371909842519686
 30
0
 11
5.646418070866142
 21
-3.4397383858267716
 31
0
  0
LINE
  5
57E
330
22
100
AcDbEntity
  8
F.Cu
  6
CONTINUOUS
100
AcDbLine
 10
5.646418070866142
 20
-3.4397383858267716
 30
0
 11
5.6519528740157483
 21
-3.4434366141732284
 31
0
  0
LINE
  5
57F
330
22
100
AcDbEntity
  8
F.Cu
  6
CONTINUOUS
100
AcDbLine
 10
5.6519528740157483
 20
-3.4434366141732284
 30
0
 11
5.6566598818897633
 21
-3.4481436220472439
 31
0
  0
LINE
  5
580
330
22
100
AcDbEntity
  8
F.Cu
  6
CONTINUOUS
100
AcDbLine
 10
5.6566598818897633
 20
-3.4481436220472439
 30
0
 11
5.6603581102362206
 21
-3.4536784251968502
 31
0
  0
LINE
  5
581
330
22
100
AcDbEntity
  8
F.Cu
  6
CONTINUOUS
100
AcDbLine
 10
5.6603581102362206
 20
-3.4536784251968502
 30
0
 11
5.6629055118110232
 21
-3.4598283858267718
 31
0
  0
LINE
  5
582
330
22
100
AcDbEntity
  8
F.Cu
  6
CONTINUOUS
100
AcDbLine
 10
5.6629055118110232
 20
-3.4598283858267718
 30
0
 11
5.6642041732283461
 21
-3.4663571653543306
 31
0
  0
LINE
  5
583
330
22
100
AcDbEntity
  8
F.Cu
  6
CONTINUOUS
100
AcDbLine
 10
5.6642041732283461
 20
-3.4663571653543306
 30
0
 11
5.6642041732283461
 21
-3.4730138582677164
 31
0
  0
LINE
  5
584
330
22
100
AcDbEntity
  8
F.Cu
  6
CONTINUOUS
100
AcDbLine
 10
5.6642041732283461
 20
-3.4730138582677164
 30
0
 11
5.6629055118110232
 21
-3.4795426377952756
 31
0
  0
LINE
  5
585
330
22
100
AcDbEntity
  8
F.Cu
  6
CONTINUOUS
100
AcDbLine
 10
5.6629055118110232
 20
-3.4795426377952756
 30
0
 11
5.6603581102362206
 21
-3.4856925984251967
 31
0
  0
LINE
  5
586
330
22
100
AcDbEntity
  8
F.Cu
  6
CONTINUOUS
100
AcDbLine
 10
5.6603581102362206
 20
-3.4856925984251967
 30
0
 11
5.6566598818897633
 21
-3.491227401574803
 31
0
  0
LINE
  5
587
330
22
100
AcDbEntity
  8
F.Cu
  6
CONTINUOUS
100
AcDbLine
 10
5.6566598818897633
 20
-3.491227401574803
 30
0
 11
5.6519528740157483
 21
-3.4959344094488189
 31
0
  0
LINE
  5
588
330
22
100
AcDbEntity
  8
F.Cu
  6
CONTINUOUS
100
AcDbLine
 10
5.6519528740157483
 20
-3.4959344094488189
 30
0
 11
5.646418070866142
 21
-3.4996326377952753
 31
0
  0
LINE
  5
589
330
22
100
AcDbEntity
  8
F.Cu
  6
CONTINUOUS
100
AcDbLine
 10
5.646418070866142
 20
-3.4996326377952753
 30
0
 11
5.64026811023622
 21
-3.5021800393700788
 31
0
  0
LINE
  5
58A
330
22
100
AcDbEntity
  8
F.Cu
  6
CONTINUOUS
100
AcDbLine
 10
5.64026811023622
 20
-3.5021800393700788
 30
0
 11
5.6337393307086616
 21
-3.5034787007874013
 31
0
  0
LINE
  5
58B
330
22
100
AcDbEntity
  8
F.Cu
  6
CONTINUOUS
100
AcDbLine
 10
5.6337393307086616
 20
-3.5034787007874013
 30
0
 11
5.6270826377952758
 21
-3.5034787007874013
 31
0
  0
LINE
  5
58C
330
22
100
AcDbEntity
  8
F.Cu
  6
CONTINUOUS
100
AcDbLine
 10
5.6270826377952758
 20
-3.5034787007874013
 30
0
 11
5.6205538582677166
 21
-3.5021800393700788
 31
0
  0
LINE
  5
58D
330
22
100
AcDbEntity
  8
F.Cu
  6
CONTINUOUS
100
AcDbLine
 10
5.6205538582677166
 20
-3.5021800393700788
 30
0
 11
5.6144038976377955
 21
-3.4996326377952753
 31
0
  0
LINE
  5
58E
330
22
100
AcDbEntity
  8
F.Cu
  6
CONTINUOUS
100
AcDbLine
 10
5.6144038976377955
 20
-3.4996326377952753
 30
0
 11
5.6088690944881892
 21
-3.4959344094488189
 31
0
  0
LINE
  5
58F
330
22
100
AcDbEntity
  8
F.Cu
  6
CONTINUOUS
100
AcDbLine
 10
5.6088690944881892
 20
-3.4959344094488189
 30
0
 11
5.6041620866141733
 21
-3.491227401574803
 31
0
  0
LINE
  5
590
330
22
100
AcDbEntity
  8
F.Cu
  6
CONTINUOUS
100
AcDbLine
 10
5.6041620866141733
 20
-3.491227401574803
 30
0
 11
5.600463858267716
 21
-3.4856925984251967
 31
0
  0
LINE
  5
591
330
22
100
AcDbEntity
  8
F.Cu
  6
CONTINUOUS
100
AcDbLine
 10
5.600463858267716
 20
-3.4856925984251967
 30
0
 11
5.5979164566929134
 21
-3.4795426377952756
 31
0
  0
LINE
  5
592
330
22
100
AcDbEntity
  8
F.Cu
  6
CONTINUOUS
100
AcDbLine
 10
5.5979164566929134
 20
-3.4795426377952756
 30
0
 11
5.5966177952755904
 21
-3.4730138582677164
 31
0
  0
LINE
  5
593
330
22
100
AcDbEntity
  8
F.Cu
  6
CONTINUOUS
100
AcDbLine
 10
5.5966177952755904
 20
-3.4730138582677164
 30
0
 11
5.5966177952755904
 21
-3.4663571653543306
 31
0
  0
LINE
  5
594
330
22
100
AcDbEntity
  8
F.Cu
  6
CONTINUOUS
100
AcDbLine
 10
5.5966177952755904
 20
-3.4663571653543306
 30
0
 11
5.5979164566929134
 21
-3.4598283858267718
 31
0
  0
LINE
  5
595
330
22
100
AcDbEntity
  8
F.Cu
  6
CONTINUOUS
100
AcDbLine
 10
5.5979164566929134
 20
-3.4598283858267718
 30
0
 11
5.600463858267716
 21
-3.4536784251968502
 31
0
  0
LINE
  5
596
330
22
100
AcDbEntity
  8
F.Cu
  6
CONTINUOUS
100
AcDbLine
 10
5.600463858267716
 20
-3.4536784251968502
 30
0
 11
5.6041620866141733
 21
-3.4481436220472439
 31
0
  0
LINE
  5
597
330
22
100
AcDbEntity
  8
F.Cu
  6
CONTINUOUS
100
AcDbLine
 10
5.6041620866141733
 20
-3.4481436220472439
 30
0
 11
5.6088690944881892
 21
-3.4434366141732284
 31
0
  0
LINE
  5
598
330
22
100
AcDbEntity
  8
F.Cu
  6
CONTINUOUS
100
AcDbLine
 10
5.6088690944881892
 20
-3.4434366141732284
 30
0
 11
5.6144038976377955
 21
-3.4397383858267716
 31
0
  0
LINE
  5
599
330
22
100
AcDbEntity
  8
F.Cu
  6
CONTINUOUS
100
AcDbLine
 10
5.6144038976377955
 20
-3.4397383858267716
 30
0
 11
5.6205538582677166
 21
-3.4371909842519686
 31
0
  0
LINE
  5
59A
330
22
100
AcDbEntity
  8
F.Cu
  6
CONTINUOUS
100
AcDbLine
 10
5.6205538582677166
 20
-3.4371909842519686
 30
0
 11
5.6270826377952758
 21
-3.4358923228346456
 31
0
  0
LINE
  5
59B
330
22
100
AcDbEntity
  8
F.Cu
  6
CONTINUOUS
100
AcDbLine
 10
5.6270826377952758
 20
-3.4358923228346456
 30
0
 11
5.6337393307086616
 21
-3.4358923228346456
 31
0
  0
LINE
  5
59C
330
22
100
AcDbEntity
  8
F.Cu
  6
CONTINUOUS
100
AcDbLine
 10
5.6337393307086616
 20
-3.4358923228346456
 30
0
 11
5.64026811023622
 21
-3.4371909842519686
 31
0
  0
LINE
  5
59D
330
22
100
AcDbEntity
  8
F.Cu
  6
CONTINUOUS
100
AcDbLine
 10
6.6574803149606296
 20
-3.2672440944881891
 30
0
 11
6.6574803149606296
 21
-5.0004724409448817
 31
0
  0
LINE
  5
59E
330
22
100
AcDbEntity
  8
F.Cu
  6
CONTINUOUS
100
AcDbLine
 10
6.6574803149606296
 20
-5.0004724409448817
 30
0
 11
6.6540157480314956
 21
-5.0039370078740157
 31
0
  0
LINE
  5
59F
330
22
100
AcDbEntity
  8
F.Cu
  6
CONTINUOUS
100
AcDbLine
 10
6.6540157480314956
 20
-5.0039370078740157
 30
0
 11
6.2633464566929131
 21
-5.0039370078740157
 31
0
  0
LINE
  5
5A0
330
22
100
AcDbEntity
  8
F.Cu
  6
CONTINUOUS
100
AcDbLine
 10
6.2633464566929131
 20
-5.0039370078740157
 30
0
 11
6.2601574803149607
 21
-4.9971653543307086
 31
0
  0
LINE
  5
5A1
330
22
100
AcDbEntity
  8
F.Cu
  6
CONTINUOUS
100
AcDbLine
 10
6.2601574803149607
 20
-4.9971653543307086
 30
0
 11
6.2625590551181105
 21
-4.9942519685039368
 31
0
  0
LINE
  5
5A2
330
22
100
AcDbEntity
  8
F.Cu
  6
CONTINUOUS
100
AcDbLine
 10
6.2625590551181105
 20
-4.9942519685039368
 30
0
 11
6.2677559055118106
 21
-4.985275590551181
 31
0
  0
LINE
  5
5A3
330
22
100
AcDbEntity
  8
F.Cu
  6
CONTINUOUS
100
AcDbLine
 10
6.2677559055118106
 20
-4.985275590551181
 30
0
 11
6.2705511811023618
 21
-4.974881889763779
 31
0
  0
LINE
  5
5A4
330
22
100
AcDbEntity
  8
F.Cu
  6
CONTINUOUS
100
AcDbLine
 10
6.2705511811023618
 20
-4.974881889763779
 30
0
 11
6.2705511811023618
 21
-4.9644881889763779
 31
0
  0
LINE
  5
5A5
330
22
100
AcDbEntity
  8
F.Cu
  6
CONTINUOUS
100
AcDbLine
 10
6.2705511811023618
 20
-4.9644881889763779
 30
0
 11
6.2677559055118106
 21
-4.9541338582677161
 31
0
  0
LINE
  5
5A6
330
22
100
AcDbEntity
  8
F.Cu
  6
CONTINUOUS
100
AcDbLine
 10
6.2677559055118106
 20
-4.9541338582677161
 30
0
 11
6.2625196850393703
 21
-4.9450787401574798
 31
0
  0
LINE
  5
5A7
330
22
100
AcDbEntity
  8
F.Cu
  6
CONTINUOUS
100
AcDbLine
 10
6.2625196850393703
 20
-4.9450787401574798
 30
0
 11
6.2549999999999999
 21
-4.9375590551181103
 31
0
  0
LINE
  5
5A8
330
22
100
AcDbEntity
  8
F.Cu
  6
CONTINUOUS
100
AcDbLine
 10
6.2549999999999999
 20
-4.9375590551181103
 30
0
 11
6.2459448818897636
 21
-4.9323622047244093
 31
0
  0
LINE
  5
5A9
330
22
100
AcDbEntity
  8
F.Cu
  6
CONTINUOUS
100
AcDbLine
 10
6.2459448818897636
 20
-4.9323622047244093
 30
0
 11
6.2459842519685038
 21
-4.9323622047244093
 31
0
  0
LINE
  5
5AA
330
22
100
AcDbEntity
  8
F.Cu
  6
CONTINUOUS
100
AcDbLine
 10
6.2459842519685038
 20
-4.9323622047244093
 30
0
 11
6.2356299212598421
 21
-4.9296062992125984
 31
0
  0
LINE
  5
5AB
330
22
100
AcDbEntity
  8
F.Cu
  6
CONTINUOUS
100
AcDbLine
 10
6.2356299212598421
 20
-4.9296062992125984
 30
0
 11
6.225236220472441
 21
-4.9296062992125984
 31
0
  0
LINE
  5
5AC
330
22
100
AcDbEntity
  8
F.Cu
  6
CONTINUOUS
100
AcDbLine
 10
6.225236220472441
 20
-4.9296062992125984
 30
0
 11
6.2149212598425194
 21
-4.9323622047244093
 31
0
  0
LINE
  5
5AD
330
22
100
AcDbEntity
  8
F.Cu
  6
CONTINUOUS
100
AcDbLine
 10
6.2149212598425194
 20
-4.9323622047244093
 30
0
 11
6.2058661417322831
 21
-4.9375590551181103
 31
0
  0
LINE
  5
5AE
330
22
100
AcDbEntity
  8
F.Cu
  6
CONTINUOUS
100
AcDbLine
 10
6.2058661417322831
 20
-4.9375590551181103
 30
0
 11
6.1983464566929136
 21
-4.9450787401574798
 31
0
  0
LINE
  5
5AF
330
22
100
AcDbEntity
  8
F.Cu
  6
CONTINUOUS
100
AcDbLine
 10
6.1983464566929136
 20
-4.9450787401574798
 30
0
 11
6.1931102362204724
 21
-4.9541732283464563
 31
0
  0
LINE
  5
5B0
330
22
100
AcDbEntity
  8
F.Cu
  6
CONTINUOUS
100
AcDbLine
 10
6.1931102362204724
 20
-4.9541732283464563
 30
0
 11
6.1903543307086615
 21
-4.9644881889763779
 31
0
  0
LINE
  5
5B1
330
22
100
AcDbEntity
  8
F.Cu
  6
CONTINUOUS
100
AcDbLine
 10
6.1903543307086615
 20
-4.9644881889763779
 30
0
 11
6.1903543307086615
 21
-4.974881889763779
 31
0
  0
LINE
  5
5B2
330
22
100
AcDbEntity
  8
F.Cu
  6
CONTINUOUS
100
AcDbLine
 10
6.1903543307086615
 20
-4.974881889763779
 30
0
 11
6.1931102362204724
 21
-4.9852362204724407
 31
0
  0
LINE
  5
5B3
330
22
100
AcDbEntity
  8
F.Cu
  6
CONTINUOUS
100
AcDbLine
 10
6.1931102362204724
 20
-4.9852362204724407
 30
0
 11
6.1931496062992126
 21
-4.985275590551181
 31
0
  0
LINE
  5
5B4
330
22
100
AcDbEntity
  8
F.Cu
  6
CONTINUOUS
100
AcDbLine
 10
6.1931496062992126
 20
-4.985275590551181
 30
0
 11
6.1983070866141734
 21
-4.9942519685039368
 31
0
  0
LINE
  5
5B5
330
22
100
AcDbEntity
  8
F.Cu
  6
CONTINUOUS
100
AcDbLine
 10
6.1983070866141734
 20
-4.9942519685039368
 30
0
 11
6.2007086614173224
 21
-4.9971653543307086
 31
0
  0
LINE
  5
5B6
330
22
100
AcDbEntity
  8
F.Cu
  6
CONTINUOUS
100
AcDbLine
 10
6.2007086614173224
 20
-4.9971653543307086
 30
0
 11
6.1975196850393699
 21
-5.0039370078740157
 31
0
  0
LINE
  5
5B7
330
22
100
AcDbEntity
  8
F.Cu
  6
CONTINUOUS
100
AcDbLine
 10
6.1975196850393699
 20
-5.0039370078740157
 30
0
 11
5.6633464566929135
 21
-5.0039370078740157
 31
0
  0
LINE
  5
5B8
330
22
100
AcDbEntity
  8
F.Cu
  6
CONTINUOUS
100
AcDbLine
 10
5.6633464566929135
 20
-5.0039370078740157
 30
0
 11
5.6601574803149601
 21
-4.9971653543307086
 31
0
  0
LINE
  5
5B9
330
22
100
AcDbEntity
  8
F.Cu
  6
CONTINUOUS
100
AcDbLine
 10
5.6601574803149601
 20
-4.9971653543307086
 30
0
 11
5.66255905511811
 21
-4.9942519685039368
 31
0
  0
LINE
  5
5BA
330
22
100
AcDbEntity
  8
F.Cu
  6
CONTINUOUS
100
AcDbLine
 10
5.66255905511811
 20
-4.9942519685039368
 30
0
 11
5.6677165354330707
 21
-4.985275590551181
 31
0
  0
LINE
  5
5BB
330
22
100
AcDbEntity
  8
F.Cu
  6
CONTINUOUS
100
AcDbLine
 10
5.6677165354330707
 20
-4.985275590551181
 30
0
 11
5.667755905511811
 21
-4.9852362204724407
 31
0
  0
LINE
  5
5BC
330
22
100
AcDbEntity
  8
F.Cu
  6
CONTINUOUS
100
AcDbLine
 10
5.667755905511811
 20
-4.9852362204724407
 30
0
 11
5.6705118110236219
 21
-4.974881889763779
 31
0
  0
LINE
  5
5BD
330
22
100
AcDbEntity
  8
F.Cu
  6
CONTINUOUS
100
AcDbLine
 10
5.6705118110236219
 20
-4.974881889763779
 30
0
 11
5.6705118110236219
 21
-4.9644881889763779
 31
0
  0
LINE
  5
5BE
330
22
100
AcDbEntity
  8
F.Cu
  6
CONTINUOUS
100
AcDbLine
 10
5.6705118110236219
 20
-4.9644881889763779
 30
0
 11
5.667755905511811
 21
-4.9541732283464563
 31
0
  0
LINE
  5
5BF
330
22
100
AcDbEntity
  8
F.Cu
  6
CONTINUOUS
100
AcDbLine
 10
5.667755905511811
 20
-4.9541732283464563
 30
0
 11
5.6625196850393698
 21
-4.9450787401574798
 31
0
  0
LINE
  5
5C0
330
22
100
AcDbEntity
  8
F.Cu
  6
CONTINUOUS
100
AcDbLine
 10
5.6625196850393698
 20
-4.9450787401574798
 30
0
 11
5.6550000000000002
 21
-4.9375590551181103
 31
0
  0
LINE
  5
5C1
330
22
100
AcDbEntity
  8
F.Cu
  6
CONTINUOUS
100
AcDbLine
 10
5.6550000000000002
 20
-4.9375590551181103
 30
0
 11
5.645944881889764
 21
-4.9323622047244093
 31
0
  0
LINE
  5
5C2
330
22
100
AcDbEntity
  8
F.Cu
  6
CONTINUOUS
100
AcDbLine
 10
5.645944881889764
 20
-4.9323622047244093
 30
0
 11
5.6459842519685042
 21
-4.9323622047244093
 31
0
  0
LINE
  5
5C3
330
22
100
AcDbEntity
  8
F.Cu
  6
CONTINUOUS
100
AcDbLine
 10
5.6459842519685042
 20
-4.9323622047244093
 30
0
 11
5.6356299212598424
 21
-4.9296062992125984
 31
0
  0
LINE
  5
5C4
330
22
100
AcDbEntity
  8
F.Cu
  6
CONTINUOUS
100
AcDbLine
 10
5.6356299212598424
 20
-4.9296062992125984
 30
0
 11
5.6252362204724404
 21
-4.9296062992125984
 31
0
  0
LINE
  5
5C5
330
22
100
AcDbEntity
  8
F.Cu
  6
CONTINUOUS
100
AcDbLine
 10
5.6252362204724404
 20
-4.9296062992125984
 30
0
 11
5.6149212598425198
 21
-4.9323622047244093
 31
0
  0
LINE
  5
5C6
330
22
100
AcDbEntity
  8
F.Cu
  6
CONTINUOUS
100
AcDbLine
 10
5.6149212598425198
 20
-4.9323622047244093
 30
0
 11
5.6058661417322835
 21
-4.9375590551181103
 31
0
  0
LINE
  5
5C7
330
22
100
AcDbEntity
  8
F.Cu
  6
CONTINUOUS
100
AcDbLine
 10
5.6058661417322835
 20
-4.9375590551181103
 30
0
 11
5.5983464566929131
 21
-4.9450787401574798
 31
0
  0
LINE
  5
5C8
330
22
100
AcDbEntity
  8
F.Cu
  6
CONTINUOUS
100
AcDbLine
 10
5.5983464566929131
 20
-4.9450787401574798
 30
0
 11
5.5931102362204719
 21
-4.9541338582677161
 31
0
  0
LINE
  5
5C9
330
22
100
AcDbEntity
  8
F.Cu
  6
CONTINUOUS
100
AcDbLine
 10
5.5931102362204719
 20
-4.9541338582677161
 30
0
 11
5.5903149606299207
 21
-4.9644881889763779
 31
0
  0
LINE
  5
5CA
330
22
100
AcDbEntity
  8
F.Cu
  6
CONTINUOUS
100
AcDbLine
 10
5.5903149606299207
 20
-4.9644881889763779
 30
0
 11
5.5903149606299207
 21
-4.974881889763779
 31
0
  0
LINE
  5
5CB
330
22
100
AcDbEntity
  8
F.Cu
  6
CONTINUOUS
100
AcDbLine
 10
5.5903149606299207
 20
-4.974881889763779
 30
0
 11
5.5931102362204719
 21
-4.985275590551181
 31
0
  0
LINE
  5
5CC
330
22
100
AcDbEntity
  8
F.Cu
  6
CONTINUOUS
100
AcDbLine
 10
5.5931102362204719
 20
-4.985275590551181
 30
0
 11
5.5983070866141729
 21
-4.9942519685039368
 31
0
  0
LINE
  5
5CD
330
22
100
AcDbEntity
  8
F.Cu
  6
CONTINUOUS
100
AcDbLine
 10
5.5983070866141729
 20
-4.9942519685039368
 30
0
 11
5.6007086614173227
 21
-4.9971653543307086
 31
0
  0
LINE
  5
5CE
330
22
100
AcDbEntity
  8
F.Cu
  6
CONTINUOUS
100
AcDbLine
 10
5.6007086614173227
 20
-4.9971653543307086
 30
0
 11
5.5975196850393703
 21
-5.0039370078740157
 31
0
  0
LINE
  5
5CF
330
22
100
AcDbEntity
  8
F.Cu
  6
CONTINUOUS
100
AcDbLine
 10
5.5975196850393703
 20
-5.0039370078740157
 30
0
 11
5.0388976377952757
 21
-5.0039370078740157
 31
0
  0
LINE
  5
5D0
330
22
100
AcDbEntity
  8
F.Cu
  6
CONTINUOUS
100
AcDbLine
 10
5.0388976377952757
 20
-5.0039370078740157
 30
0
 11
5.0354330708661417
 21
-5.0004724409448817
 31
0
  0
LINE
  5
5D1
330
22
100
AcDbEntity
  8
F.Cu
  6
CONTINUOUS
100
AcDbLine
 10
5.0354330708661417
 20
-5.0004724409448817
 30
0
 11
5.0354330708661417
 21
-4.9475984251968503
 31
0
  0
LINE
  5
5D2
330
22
100
AcDbEntity
  8
F.Cu
  6
CONTINUOUS
100
AcDbLine
 10
5.0354330708661417
 20
-4.9475984251968503
 30
0
 11
5.0354330708661417
 21
-4.8324409448818892
 31
0
  0
LINE
  5
5D3
330
22
100
AcDbEntity
  8
F.Cu
  6
CONTINUOUS
100
AcDbLine
 10
5.0354330708661417
 20
-4.8324409448818892
 30
0
 11
5.0354330708661417
 21
-3.8072047244094489
 31
0
  0
LINE
  5
5D4
330
22
100
AcDbEntity
  8
F.Cu
  6
CONTINUOUS
100
AcDbLine
 10
5.0354330708661417
 20
-3.8072047244094489
 30
0
 11
5.0354330708661417
 21
-3.368070866141732
 31
0
  0
LINE
  5
5D5
330
22
100
AcDbEntity
  8
F.Cu
  6
CONTINUOUS
100
AcDbLine
 10
5.0354330708661417
 20
-3.368070866141732
 30
0
 11
5.0354330708661417
 21
-3.2672440944881891
 31
0
  0
LINE
  5
5D6
330
22
100
AcDbEntity
  8
F.Cu
  6
CONTINUOUS
100
AcDbLine
 10
5.0354330708661417
 20
-3.2672440944881891
 30
0
 11
5.0388976377952757
 21
-3.2637795275590551
 31
0
  0
LINE
  5
5D7
330
22
100
AcDbEntity
  8
F.Cu
  6
CONTINUOUS
100
AcDbLine
 10
5.0388976377952757
 20
-3.2637795275590551
 30
0
 11
6.6540157480314956
 21
-3.2637795275590551
 31
0
  0
LINE
  5
5D8
330
22
100
AcDbEntity
  8
F.Cu
  6
CONTINUOUS
100
AcDbLine
 10
6.6540157480314956
 20
-3.2637795275590551
 30
0
 11
6.6574803149606296
 21
-3.2672440944881891
 31
0
  0
LINE
  5
5D9
330
22
100
AcDbEntity
  8
F.Cu
  6
CONTINUOUS
100
AcDbLine
 10
5.2033858267716537
 20
-4.98251968503937
 30
0
 11
5.203425196850394
 21
-4.9829921259842518
 31
0
  0
LINE
  5
5DA
330
22
100
AcDbEntity
  8
F.Cu
  6
CONTINUOUS
100
AcDbLine
 10
5.203425196850394
 20
-4.9829921259842518
 30
0
 11
5.2034645669291342
 21
-4.983031496062992
 31
0
  0
LINE
  5
5DB
330
22
100
AcDbEntity
  8
F.Cu
  6
CONTINUOUS
100
AcDbLine
 10
5.2034645669291342
 20
-4.983031496062992
 30
0
 11
5.2035039370078735
 21
-4.9833464566929129
 31
0
  0
LINE
  5
5DC
330
22
100
AcDbEntity
  8
F.Cu
  6
CONTINUOUS
100
AcDbLine
 10
5.2035039370078735
 20
-4.9833464566929129
 30
0
 11
5.2036614173228344
 21
-4.9843307086614175
 31
0
  0
LINE
  5
5DD
330
22
100
AcDbEntity
  8
F.Cu
  6
CONTINUOUS
100
AcDbLine
 10
5.2036614173228344
 20
-4.9843307086614175
 30
0
 11
5.2037007874015746
 21
-4.9843307086614175
 31
0
  0
LINE
  5
5DE
330
22
100
AcDbEntity
  8
F.Cu
  6
CONTINUOUS
100
AcDbLine
 10
5.2037007874015746
 20
-4.9843307086614175
 30
0
 11
5.203779527559055
 21
-4.9846456692913383
 31
0
  0
LINE
  5
5DF
330
22
100
AcDbEntity
  8
F.Cu
  6
CONTINUOUS
100
AcDbLine
 10
5.203779527559055
 20
-4.9846456692913383
 30
0
 11
5.2041732283464563
 21
-4.9856299212598421
 31
0
  0
LINE
  5
5E0
330
22
100
AcDbEntity
  8
F.Cu
  6
CONTINUOUS
100
AcDbLine
 10
5.2041732283464563
 20
-4.9856299212598421
 30
0
 11
5.2042125984251966
 21
-4.9857480314960627
 31
0
  0
LINE
  5
5E1
330
22
100
AcDbEntity
  8
F.Cu
  6
CONTINUOUS
100
AcDbLine
 10
5.2042125984251966
 20
-4.9857480314960627
 30
0
 11
5.2044881889763781
 21
-4.9862992125984249
 31
0
  0
LINE
  5
5E2
330
22
100
AcDbEntity
  8
F.Cu
  6
CONTINUOUS
100
AcDbLine
 10
5.2044881889763781
 20
-4.9862992125984249
 30
0
 11
5.2046456692913381
 21
-4.9865748031496064
 31
0
  0
LINE
  5
5E3
330
22
100
AcDbEntity
  8
F.Cu
  6
CONTINUOUS
100
AcDbLine
 10
5.2046456692913381
 20
-4.9865748031496064
 30
0
 11
5.2053149606299209
 21
-4.9875984251968504
 31
0
  0
LINE
  5
5E4
330
22
100
AcDbEntity
  8
F.Cu
  6
CONTINUOUS
100
AcDbLine
 10
5.2053149606299209
 20
-4.9875984251968504
 30
0
 11
5.2054330708661416
 21
-4.9877559055118112
 31
0
  0
LINE
  5
5E5
330
22
100
AcDbEntity
  8
F.Cu
  6
CONTINUOUS
100
AcDbLine
 10
5.2054330708661416
 20
-4.9877559055118112
 30
0
 11
5.2058661417322831
 21
-4.988228346456693
 31
0
  0
LINE
  5
5E6
330
22
100
AcDbEntity
  8
F.Cu
  6
CONTINUOUS
100
AcDbLine
 10
5.2058661417322831
 20
-4.988228346456693
 30
0
 11
5.2059055118110233
 21
-4.9882677165354332
 31
0
  0
LINE
  5
5E7
330
22
100
AcDbEntity
  8
F.Cu
  6
CONTINUOUS
100
AcDbLine
 10
5.2059055118110233
 20
-4.9882677165354332
 30
0
 11
5.2068897637795271
 21
-4.9891732283464565
 31
0
  0
LINE
  5
5E8
330
22
100
AcDbEntity
  8
F.Cu
  6
CONTINUOUS
100
AcDbLine
 10
5.2068897637795271
 20
-4.9891732283464565
 30
0
 11
5.2070078740157477
 21
-4.9892519685039369
 31
0
  0
LINE
  5
5E9
330
22
100
AcDbEntity
  8
F.Cu
  6
CONTINUOUS
100
AcDbLine
 10
5.2070078740157477
 20
-4.9892519685039369
 30
0
 11
5.2071259842519684
 21
-4.9893700787401576
 31
0
  0
LINE
  5
5EA
330
22
100
AcDbEntity
  8
F.Cu
  6
CONTINUOUS
100
AcDbLine
 10
5.2071259842519684
 20
-4.9893700787401576
 30
0
 11
5.207755905511811
 21
-4.9897637795275589
 31
0
  0
LINE
  5
5EB
330
22
100
AcDbEntity
  8
F.Cu
  6
CONTINUOUS
100
AcDbLine
 10
5.207755905511811
 20
-4.9897637795275589
 30
0
 11
5.2078740157480317
 21
-4.9898031496062991
 31
0
  0
LINE
  5
5EC
330
22
100
AcDbEntity
  8
F.Cu
  6
CONTINUOUS
100
AcDbLine
 10
5.2078740157480317
 20
-4.9898031496062991
 30
0
 11
5.2080708661417319
 21
-4.9899212598425198
 31
0
  0
LINE
  5
5ED
330
22
100
AcDbEntity
  8
F.Cu
  6
CONTINUOUS
100
AcDbLine
 10
5.2080708661417319
 20
-4.9899212598425198
 30
0
 11
5.2087401574803147
 21
-4.9902755905511809
 31
0
  0
LINE
  5
5EE
330
22
100
AcDbEntity
  8
F.Cu
  6
CONTINUOUS
100
AcDbLine
 10
5.2087401574803147
 20
-4.9902755905511809
 30
0
 11
5.2098818897637793
 21
-4.9906692913385822
 31
0
  0
LINE
  5
5EF
330
22
100
AcDbEntity
  8
F.Cu
  6
CONTINUOUS
100
AcDbLine
 10
5.2098818897637793
 20
-4.9906692913385822
 30
0
 11
5.2110629921259841
 21
-4.9909055118110235
 31
0
  0
LINE
  5
5F0
330
22
100
AcDbEntity
  8
F.Cu
  6
CONTINUOUS
100
AcDbLine
 10
5.2110629921259841
 20
-4.9909055118110235
 30
0
 11
5.2120078740157476
 21
-4.9910236220472441
 31
0
  0
LINE
  5
5F1
330
22
100
AcDbEntity
  8
F.Cu
  6
CONTINUOUS
100
AcDbLine
 10
5.2120078740157476
 20
-4.9910236220472441
 30
0
 11
5.271299212598425
 21
-4.9910236220472441
 31
0
  0
LINE
  5
5F2
330
22
100
AcDbEntity
  8
F.Cu
  6
CONTINUOUS
100
AcDbLine
 10
5.271299212598425
 20
-4.9910236220472441
 30
0
 11
5.2719291338582677
 21
-4.9909842519685039
 31
0
  0
LINE
  5
5F3
330
22
100
AcDbEntity
  8
F.Cu
  6
CONTINUOUS
100
AcDbLine
 10
5.2719291338582677
 20
-4.9909842519685039
 30
0
 11
5.2733070866141727
 21
-4.9906692913385822
 31
0
  0
LINE
  5
5F4
330
22
100
AcDbEntity
  8
F.Cu
  6
CONTINUOUS
100
AcDbLine
 10
5.2733070866141727
 20
-4.9906692913385822
 30
0
 11
5.2734645669291336
 21
-4.9906299212598428
 31
0
  0
LINE
  5
5F5
330
22
100
AcDbEntity
  8
F.Cu
  6
CONTINUOUS
100
AcDbLine
 10
5.2734645669291336
 20
-4.9906299212598428
 30
0
 11
5.2744488188976373
 21
-4.9903149606299211
 31
0
  0
LINE
  5
5F6
330
22
100
AcDbEntity
  8
F.Cu
  6
CONTINUOUS
100
AcDbLine
 10
5.2744488188976373
 20
-4.9903149606299211
 30
0
 11
5.2755905511811019
 21
-4.9896456692913382
 31
0
  0
LINE
  5
5F7
330
22
100
AcDbEntity
  8
F.Cu
  6
CONTINUOUS
100
AcDbLine
 10
5.2755905511811019
 20
-4.9896456692913382
 30
0
 11
5.2759055118110236
 21
-4.9894881889763782
 31
0
  0
LINE
  5
5F8
330
22
100
AcDbEntity
  8
F.Cu
  6
CONTINUOUS
100
AcDbLine
 10
5.2759055118110236
 20
-4.9894881889763782
 30
0
 11
5.2762204724409445
 21
-4.9892913385826771
 31
0
  0
LINE
  5
5F9
330
22
100
AcDbEntity
  8
F.Cu
  6
CONTINUOUS
100
AcDbLine
 10
5.2762204724409445
 20
-4.9892913385826771
 30
0
 11
5.2766141732283467
 21
-4.9890157480314956
 31
0
  0
LINE
  5
5FA
330
22
100
AcDbEntity
  8
F.Cu
  6
CONTINUOUS
100
AcDbLine
 10
5.2766141732283467
 20
-4.9890157480314956
 30
0
 11
5.277007874015748
 21
-4.9886614173228345
 31
0
  0
LINE
  5
5FB
330
22
100
AcDbEntity
  8
F.Cu
  6
CONTINUOUS
100
AcDbLine
 10
5.277007874015748
 20
-4.9886614173228345
 30
0
 11
5.2771259842519687
 21
-4.9885433070866139
 31
0
  0
LINE
  5
5FC
330
22
100
AcDbEntity
  8
F.Cu
  6
CONTINUOUS
100
AcDbLine
 10
5.2771259842519687
 20
-4.9885433070866139
 30
0
 11
5.2780314960629919
 21
-4.9875984251968504
 31
0
  0
LINE
  5
5FD
330
22
100
AcDbEntity
  8
F.Cu
  6
CONTINUOUS
100
AcDbLine
 10
5.2780314960629919
 20
-4.9875984251968504
 30
0
 11
5.2781496062992126
 21
-4.9874409448818895
 31
0
  0
LINE
  5
5FE
330
22
100
AcDbEntity
  8
F.Cu
  6
CONTINUOUS
100
AcDbLine
 10
5.2781496062992126
 20
-4.9874409448818895
 30
0
 11
5.2786614173228346
 21
-4.9866141732283467
 31
0
  0
LINE
  5
5FF
330
22
100
AcDbEntity
  8
F.Cu
  6
CONTINUOUS
100
AcDbLine
 10
5.2786614173228346
 20
-4.9866141732283467
 30
0
 11
5.2791732283464565
 21
-4.9855511811023625
 31
0
  0
LINE
  5
600
330
22
100
AcDbEntity
  8
F.Cu
  6
CONTINUOUS
100
AcDbLine
 10
5.2791732283464565
 20
-4.9855511811023625
 30
0
 11
5.2795669291338578
 21
-4.9844094488188979
 31
0
  0
LINE
  5
601
330
22
100
AcDbEntity
  8
F.Cu
  6
CONTINUOUS
100
AcDbLine
 10
5.2795669291338578
 20
-4.9844094488188979
 30
0
 11
5.2798425196850394
 21
-4.9832283464566931
 31
0
  0
LINE
  5
602
330
22
100
AcDbEntity
  8
F.Cu
  6
CONTINUOUS
100
AcDbLine
 10
5.2798425196850394
 20
-4.9832283464566931
 30
0
 11
5.2798818897637796
 21
-4.9823228346456689
 31
0
  0
LINE
  5
603
330
22
100
AcDbEntity
  8
F.Cu
  6
CONTINUOUS
100
AcDbLine
 10
5.2798818897637796
 20
-4.9823228346456689
 30
0
 11
5.2798818897637796
 21
-4.977322834645669
 31
0
  0
LINE
  5
604
330
22
100
AcDbEntity
  8
F.Cu
  6
CONTINUOUS
100
AcDbLine
 10
5.2798818897637796
 20
-4.977322834645669
 30
0
 11
5.2833464566929136
 21
-4.9738582677165351
 31
0
  0
LINE
  5
605
330
22
100
AcDbEntity
  8
F.Cu
  6
CONTINUOUS
100
AcDbLine
 10
5.2833464566929136
 20
-4.9738582677165351
 30
0
 11
5.4335039370078739
 21
-4.9738582677165351
 31
0
  0
LINE
  5
606
330
22
100
AcDbEntity
  8
F.Cu
  6
CONTINUOUS
100
AcDbLine
 10
5.4335039370078739
 20
-4.9738582677165351
 30
0
 11
5.4337795275590546
 21
-4.9738188976377948
 31
0
  0
LINE
  5
607
330
22
100
AcDbEntity
  8
F.Cu
  6
CONTINUOUS
100
AcDbLine
 10
5.4337795275590546
 20
-4.9738188976377948
 30
0
 11
5.4342913385826774
 21
-4.9738188976377948
 31
0
  0
LINE
  5
608
330
22
100
AcDbEntity
  8
F.Cu
  6
CONTINUOUS
100
AcDbLine
 10
5.4342913385826774
 20
-4.9738188976377948
 30
0
 11
5.43507874015748
 21
-4.9736220472440946
 31
0
  0
LINE
  5
609
330
22
100
AcDbEntity
  8
F.Cu
  6
CONTINUOUS
100
AcDbLine
 10
5.43507874015748
 20
-4.9736220472440946
 30
0
 11
5.4353149606299214
 21
-4.9735826771653544
 31
0
  0
LINE
  5
60A
330
22
100
AcDbEntity
  8
F.Cu
  6
CONTINUOUS
100
AcDbLine
 10
5.4353149606299214
 20
-4.9735826771653544
 30
0
 11
5.4360236220472435
 21
-4.973503937007874
 31
0
  0
LINE
  5
60B
330
22
100
AcDbEntity
  8
F.Cu
  6
CONTINUOUS
100
AcDbLine
 10
5.4360236220472435
 20
-4.973503937007874
 30
0
 11
5.435944881889764
 21
-4.973503937007874
 31
0
  0
LINE
  5
60C
330
22
100
AcDbEntity
  8
F.Cu
  6
CONTINUOUS
100
AcDbLine
 10
5.435944881889764
 20
-4.973503937007874
 30
0
 11
5.4363779527559055
 21
-4.9733070866141729
 31
0
  0
LINE
  5
60D
330
22
100
AcDbEntity
  8
F.Cu
  6
CONTINUOUS
100
AcDbLine
 10
5.4363779527559055
 20
-4.9733070866141729
 30
0
 11
5.4369685039370079
 21
-4.9731102362204727
 31
0
  0
LINE
  5
60E
330
22
100
AcDbEntity
  8
F.Cu
  6
CONTINUOUS
100
AcDbLine
 10
5.4369685039370079
 20
-4.9731102362204727
 30
0
 11
5.4374409448818897
 21
-4.9727952755905509
 31
0
  0
LINE
  5
60F
330
22
100
AcDbEntity
  8
F.Cu
  6
CONTINUOUS
100
AcDbLine
 10
5.4374409448818897
 20
-4.9727952755905509
 30
0
 11
5.437834645669291
 21
-4.9725590551181105
 31
0
  0
LINE
  5
610
330
22
100
AcDbEntity
  8
F.Cu
  6
CONTINUOUS
100
AcDbLine
 10
5.437834645669291
 20
-4.9725590551181105
 30
0
 11
5.4383464566929129
 21
-4.9723228346456692
 31
0
  0
LINE
  5
611
330
22
100
AcDbEntity
  8
F.Cu
  6
CONTINUOUS
100
AcDbLine
 10
5.4383464566929129
 20
-4.9723228346456692
 30
0
 11
5.4387401574803151
 21
-4.9720472440944885
 31
0
  0
LINE
  5
612
330
22
100
AcDbEntity
  8
F.Cu
  6
CONTINUOUS
100
AcDbLine
 10
5.4387401574803151
 20
-4.9720472440944885
 30
0
 11
5.4388976377952751
 21
-4.9719291338582678
 31
0
  0
LINE
  5
613
330
22
100
AcDbEntity
  8
F.Cu
  6
CONTINUOUS
100
AcDbLine
 10
5.4388976377952751
 20
-4.9719291338582678
 30
0
 11
5.4389370078740154
 21
-4.9718897637795276
 31
0
  0
LINE
  5
614
330
22
100
AcDbEntity
  8
F.Cu
  6
CONTINUOUS
100
AcDbLine
 10
5.4389370078740154
 20
-4.9718897637795276
 30
0
 11
5.4392125984251969
 21
-4.9716535433070863
 31
0
  0
LINE
  5
615
330
22
100
AcDbEntity
  8
F.Cu
  6
CONTINUOUS
100
AcDbLine
 10
5.4392125984251969
 20
-4.9716535433070863
 30
0
 11
5.4392519685039371
 21
-4.9716141732283461
 31
0
  0
LINE
  5
616
330
22
100
AcDbEntity
  8
F.Cu
  6
CONTINUOUS
100
AcDbLine
 10
5.4392519685039371
 20
-4.9716141732283461
 30
0
 11
5.4394488188976373
 21
-4.9714566929133861
 31
0
  0
LINE
  5
617
330
22
100
AcDbEntity
  8
F.Cu
  6
CONTINUOUS
100
AcDbLine
 10
5.4394488188976373
 20
-4.9714566929133861
 30
0
 11
5.5350393700787404
 21
-4.8759055118110233
 31
0
  0
LINE
  5
618
330
22
100
AcDbEntity
  8
F.Cu
  6
CONTINUOUS
100
AcDbLine
 10
5.5350393700787404
 20
-4.8759055118110233
 30
0
 11
5.5352362204724406
 21
-4.8756692913385828
 31
0
  0
LINE
  5
619
330
22
100
AcDbEntity
  8
F.Cu
  6
CONTINUOUS
100
AcDbLine
 10
5.5352362204724406
 20
-4.8756692913385828
 30
0
 11
5.5357086614173223
 21
-4.8751968503937011
 31
0
  0
LINE
  5
61A
330
22
100
AcDbEntity
  8
F.Cu
  6
CONTINUOUS
100
AcDbLine
 10
5.5357086614173223
 20
-4.8751968503937011
 30
0
 11
5.5361023622047245
 21
-4.8745275590551183
 31
0
  0
LINE
  5
61B
330
22
100
AcDbEntity
  8
F.Cu
  6
CONTINUOUS
100
AcDbLine
 10
5.5361023622047245
 20
-4.8745275590551183
 30
0
 11
5.536181102362205
 21
-4.8744094488188976
 31
0
  0
LINE
  5
61C
330
22
100
AcDbEntity
  8
F.Cu
  6
CONTINUOUS
100
AcDbLine
 10
5.536181102362205
 20
-4.8744094488188976
 30
0
 11
5.5365748031496063
 21
-4.8738582677165354
 31
0
  0
LINE
  5
61D
330
22
100
AcDbEntity
  8
F.Cu
  6
CONTINUOUS
100
AcDbLine
 10
5.5365748031496063
 20
-4.8738582677165354
 30
0
 11
5.5368503937007869
 21
-4.873267716535433
 31
0
  0
LINE
  5
61E
330
22
100
AcDbEntity
  8
F.Cu
  6
CONTINUOUS
100
AcDbLine
 10
5.5368503937007869
 20
-4.873267716535433
 30
0
 11
5.5370078740157478
 21
-4.8729133858267719
 31
0
  0
LINE
  5
61F
330
22
100
AcDbEntity
  8
F.Cu
  6
CONTINUOUS
100
AcDbLine
 10
5.5370078740157478
 20
-4.8729133858267719
 30
0
 11
5.5371259842519684
 21
-4.8723228346456695
 31
0
  0
LINE
  5
620
330
22
100
AcDbEntity
  8
F.Cu
  6
CONTINUOUS
100
AcDbLine
 10
5.5371259842519684
 20
-4.8723228346456695
 30
0
 11
5.5372440944881891
 21
-4.8718503937007869
 31
0
  0
LINE
  5
621
330
22
100
AcDbEntity
  8
F.Cu
  6
CONTINUOUS
100
AcDbLine
 10
5.5372440944881891
 20
-4.8718503937007869
 30
0
 11
5.5374409448818893
 21
-4.8712992125984247
 31
0
  0
LINE
  5
622
330
22
100
AcDbEntity
  8
F.Cu
  6
CONTINUOUS
100
AcDbLine
 10
5.5374409448818893
 20
-4.8712992125984247
 30
0
 11
5.5374803149606295
 21
-4.8707480314960625
 31
0
  0
LINE
  5
623
330
22
100
AcDbEntity
  8
F.Cu
  6
CONTINUOUS
100
AcDbLine
 10
5.5374803149606295
 20
-4.8707480314960625
 30
0
 11
5.5374803149606295
 21
-4.870669291338583
 31
0
  0
LINE
  5
624
330
22
100
AcDbEntity
  8
F.Cu
  6
CONTINUOUS
100
AcDbLine
 10
5.5374803149606295
 20
-4.870669291338583
 30
0
 11
5.53755905511811
 21
-4.8701181102362208
 31
0
  0
LINE
  5
625
330
22
100
AcDbEntity
  8
F.Cu
  6
CONTINUOUS
100
AcDbLine
 10
5.53755905511811
 20
-4.8701181102362208
 30
0
 11
5.53755905511811
 21
-4.8648031496062991
 31
0
  0
LINE
  5
626
330
22
100
AcDbEntity
  8
F.Cu
  6
CONTINUOUS
100
AcDbLine
 10
5.53755905511811
 20
-4.8648031496062991
 30
0
 11
5.53755905511811
 21
-4.8319291338582673
 31
0
  0
LINE
  5
627
330
22
100
AcDbEntity
  8
F.Cu
  6
CONTINUOUS
100
AcDbLine
 10
5.53755905511811
 20
-4.8319291338582673
 30
0
 11
5.53755905511811
 21
-4.7648031496062995
 31
0
  0
LINE
  5
628
330
22
100
AcDbEntity
  8
F.Cu
  6
CONTINUOUS
100
AcDbLine
 10
5.53755905511811
 20
-4.7648031496062995
 30
0
 11
5.53755905511811
 21
-4.6648031496062989
 31
0
  0
LINE
  5
629
330
22
100
AcDbEntity
  8
F.Cu
  6
CONTINUOUS
100
AcDbLine
 10
5.53755905511811
 20
-4.6648031496062989
 30
0
 11
5.53755905511811
 21
-4.5648031496062993
 31
0
  0
LINE
  5
62A
330
22
100
AcDbEntity
  8
F.Cu
  6
CONTINUOUS
100
AcDbLine
 10
5.53755905511811
 20
-4.5648031496062993
 30
0
 11
5.53755905511811
 21
-4.4648031496062988
 31
0
  0
LINE
  5
62B
330
22
100
AcDbEntity
  8
F.Cu
  6
CONTINUOUS
100
AcDbLine
 10
5.53755905511811
 20
-4.4648031496062988
 30
0
 11
5.53755905511811
 21
-4.3648031496062991
 31
0
  0
LINE
  5
62C
330
22
100
AcDbEntity
  8
F.Cu
  6
CONTINUOUS
100
AcDbLine
 10
5.53755905511811
 20
-4.3648031496062991
 30
0
 11
5.53755905511811
 21
-4.2648031496062995
 31
0
  0
LINE
  5
62D
330
22
100
AcDbEntity
  8
F.Cu
  6
CONTINUOUS
100
AcDbLine
 10
5.53755905511811
 20
-4.2648031496062995
 30
0
 11
5.53755905511811
 21
-4.1762204724409449
 31
0
  0
LINE
  5
62E
330
22
100
AcDbEntity
  8
F.Cu
  6
CONTINUOUS
100
AcDbLine
 10
5.53755905511811
 20
-4.1762204724409449
 30
0
 11
5.5384645669291341
 21
-4.1740551181102363
 31
0
  0
LINE
  5
62F
330
22
100
AcDbEntity
  8
F.Cu
  6
CONTINUOUS
100
AcDbLine
 10
5.5384645669291341
 20
-4.1740551181102363
 30
0
 11
5.5477216929133855
 21
-4.1648031496062989
 31
0
  0
LINE
  5
630
330
22
100
AcDbEntity
  8
F.Cu
  6
CONTINUOUS
100
AcDbLine
 10
5.5477216929133855
 20
-4.1648031496062989
 30
0
 11
5.6090944881889762
 21
-4.1034645669291336
 31
0
  0
LINE
  5
631
330
22
100
AcDbEntity
  8
F.Cu
  6
CONTINUOUS
100
AcDbLine
 10
5.6090944881889762
 20
-4.1034645669291336
 30
0
 11
5.6130708661417321
 21
-4.1029527559055117
 31
0
  0
LINE
  5
632
330
22
100
AcDbEntity
  8
F.Cu
  6
CONTINUOUS
100
AcDbLine
 10
5.6130708661417321
 20
-4.1029527559055117
 30
0
 11
5.615826771653543
 21
-4.1045275590551178
 31
0
  0
LINE
  5
633
330
22
100
AcDbEntity
  8
F.Cu
  6
CONTINUOUS
100
AcDbLine
 10
5.615826771653543
 20
-4.1045275590551178
 30
0
 11
5.6160236220472441
 21
-4.1046062992125982
 31
0
  0
LINE
  5
634
330
22
100
AcDbEntity
  8
F.Cu
  6
CONTINUOUS
100
AcDbLine
 10
5.6160236220472441
 20
-4.1046062992125982
 30
0
 11
5.625511811023622
 21
-4.1071259842519687
 31
0
  0
LINE
  5
635
330
22
100
AcDbEntity
  8
F.Cu
  6
CONTINUOUS
100
AcDbLine
 10
5.625511811023622
 20
-4.1071259842519687
 30
0
 11
5.6353149606299215
 21
-4.1071259842519687
 31
0
  0
LINE
  5
636
330
22
100
AcDbEntity
  8
F.Cu
  6
CONTINUOUS
100
AcDbLine
 10
5.6353149606299215
 20
-4.1071259842519687
 30
0
 11
5.6448425196850396
 21
-4.1046062992125982
 31
0
  0
LINE
  5
637
330
22
100
AcDbEntity
  8
F.Cu
  6
CONTINUOUS
100
AcDbLine
 10
5.6448425196850396
 20
-4.1046062992125982
 30
0
 11
5.6450393700787398
 21
-4.1045275590551178
 31
0
  0
LINE
  5
638
330
22
100
AcDbEntity
  8
F.Cu
  6
CONTINUOUS
100
AcDbLine
 10
5.6450393700787398
 20
-4.1045275590551178
 30
0
 11
5.653385826771653
 21
-4.0996850393700788
 31
0
  0
LINE
  5
639
330
22
100
AcDbEntity
  8
F.Cu
  6
CONTINUOUS
100
AcDbLine
 10
5.653385826771653
 20
-4.0996850393700788
 30
0
 11
5.6603543307086612
 21
-4.0927165354330706
 31
0
  0
LINE
  5
63A
330
22
100
AcDbEntity
  8
F.Cu
  6
CONTINUOUS
100
AcDbLine
 10
5.6603543307086612
 20
-4.0927165354330706
 30
0
 11
5.6652755905511807
 21
-4.0841732283464562
 31
0
  0
LINE
  5
63B
330
22
100
AcDbEntity
  8
F.Cu
  6
CONTINUOUS
100
AcDbLine
 10
5.6652755905511807
 20
-4.0841732283464562
 30
0
 11
5.6678740157480316
 21
-4.0745669291338578
 31
0
  0
LINE
  5
63C
330
22
100
AcDbEntity
  8
F.Cu
  6
CONTINUOUS
100
AcDbLine
 10
5.6678740157480316
 20
-4.0745669291338578
 30
0
 11
5.6678740157480316
 21
-4.0648031496062993
 31
0
  0
LINE
  5
63D
330
22
100
AcDbEntity
  8
F.Cu
  6
CONTINUOUS
100
AcDbLine
 10
5.6678740157480316
 20
-4.0648031496062993
 30
0
 11
5.6652755905511807
 21
-4.0551968503937008
 31
0
  0
LINE
  5
63E
330
22
100
AcDbEntity
  8
F.Cu
  6
CONTINUOUS
100
AcDbLine
 10
5.6652755905511807
 20
-4.0551968503937008
 30
0
 11
5.6603543307086612
 21
-4.0466535433070865
 31
0
  0
LINE
  5
63F
330
22
100
AcDbEntity
  8
F.Cu
  6
CONTINUOUS
100
AcDbLine
 10
5.6603543307086612
 20
-4.0466535433070865
 30
0
 11
5.653385826771653
 21
-4.0396850393700783
 31
0
  0
LINE
  5
640
330
22
100
AcDbEntity
  8
F.Cu
  6
CONTINUOUS
100
AcDbLine
 10
5.653385826771653
 20
-4.0396850393700783
 30
0
 11
5.6450393700787398
 21
-4.0348425196850393
 31
0
  0
LINE
  5
641
330
22
100
AcDbEntity
  8
F.Cu
  6
CONTINUOUS
100
AcDbLine
 10
5.6450393700787398
 20
-4.0348425196850393
 30
0
 11
5.6449212598425191
 21
-4.034803149606299
 31
0
  0
LINE
  5
642
330
22
100
AcDbEntity
  8
F.Cu
  6
CONTINUOUS
100
AcDbLine
 10
5.6449212598425191
 20
-4.034803149606299
 30
0
 11
5.6352362204724411
 21
-4.032204724409449
 31
0
  0
LINE
  5
643
330
22
100
AcDbEntity
  8
F.Cu
  6
CONTINUOUS
100
AcDbLine
 10
5.6352362204724411
 20
-4.032204724409449
 30
0
 11
5.6255511811023622
 21
-4.032204724409449
 31
0
  0
LINE
  5
644
330
22
100
AcDbEntity
  8
F.Cu
  6
CONTINUOUS
100
AcDbLine
 10
5.6255511811023622
 20
-4.032204724409449
 30
0
 11
5.6159055118110235
 21
-4.034803149606299
 31
0
  0
LINE
  5
645
330
22
100
AcDbEntity
  8
F.Cu
  6
CONTINUOUS
100
AcDbLine
 10
5.6159055118110235
 20
-4.034803149606299
 30
0
 11
5.6074803149606298
 21
-4.0396850393700783
 31
0
  0
LINE
  5
646
330
22
100
AcDbEntity
  8
F.Cu
  6
CONTINUOUS
100
AcDbLine
 10
5.6074803149606298
 20
-4.0396850393700783
 30
0
 11
5.6074409448818896
 21
-4.0397244094488185
 31
0
  0
LINE
  5
647
330
22
100
AcDbEntity
  8
F.Cu
  6
CONTINUOUS
100
AcDbLine
 10
5.6074409448818896
 20
-4.0397244094488185
 30
0
 11
5.6004330708661412
 21
-4.0466929133858267
 31
0
  0
LINE
  5
648
330
22
100
AcDbEntity
  8
F.Cu
  6
CONTINUOUS
100
AcDbLine
 10
5.6004330708661412
 20
-4.0466929133858267
 30
0
 11
5.6003937007874018
 21
-4.0467322834645669
 31
0
  0
LINE
  5
649
330
22
100
AcDbEntity
  8
F.Cu
  6
CONTINUOUS
100
AcDbLine
 10
5.6003937007874018
 20
-4.0467322834645669
 30
0
 11
5.5955511811023619
 21
-4.0551968503937008
 31
0
  0
LINE
  5
64A
330
22
100
AcDbEntity
  8
F.Cu
  6
CONTINUOUS
100
AcDbLine
 10
5.5955511811023619
 20
-4.0551968503937008
 30
0
 11
5.5929527559055119
 21
-4.0648031496062993
 31
0
  0
LINE
  5
64B
330
22
100
AcDbEntity
  8
F.Cu
  6
CONTINUOUS
100
AcDbLine
 10
5.5929527559055119
 20
-4.0648031496062993
 30
0
 11
5.5929527559055119
 21
-4.0745669291338578
 31
0
  0
LINE
  5
64C
330
22
100
AcDbEntity
  8
F.Cu
  6
CONTINUOUS
100
AcDbLine
 10
5.5929527559055119
 20
-4.0745669291338578
 30
0
 11
5.5955511811023619
 21
-4.0841732283464562
 31
0
  0
LINE
  5
64D
330
22
100
AcDbEntity
  8
F.Cu
  6
CONTINUOUS
100
AcDbLine
 10
5.5955511811023619
 20
-4.0841732283464562
 30
0
 11
5.5971653543307083
 21
-4.0870078740157476
 31
0
  0
LINE
  5
64E
330
22
100
AcDbEntity
  8
F.Cu
  6
CONTINUOUS
100
AcDbLine
 10
5.5971653543307083
 20
-4.0870078740157476
 30
0
 11
5.5966535433070863
 21
-4.0909842519685036
 31
0
  0
LINE
  5
64F
330
22
100
AcDbEntity
  8
F.Cu
  6
CONTINUOUS
100
AcDbLine
 10
5.5966535433070863
 20
-4.0909842519685036
 30
0
 11
5.5222834645669288
 21
-4.1653149606299209
 31
0
  0
LINE
  5
650
330
22
100
AcDbEntity
  8
F.Cu
  6
CONTINUOUS
100
AcDbLine
 10
5.5222834645669288
 20
-4.1653149606299209
 30
0
 11
5.5221653543307081
 21
-4.1654724409448818
 31
0
  0
LINE
  5
651
330
22
100
AcDbEntity
  8
F.Cu
  6
CONTINUOUS
100
AcDbLine
 10
5.5221653543307081
 20
-4.1654724409448818
 30
0
 11
5.5219291338582677
 21
-4.1657480314960633
 31
0
  0
LINE
  5
652
330
22
100
AcDbEntity
  8
F.Cu
  6
CONTINUOUS
100
AcDbLine
 10
5.5219291338582677
 20
-4.1657480314960633
 30
0
 11
5.5217716535433068
 21
-4.1660629921259842
 31
0
  0
LINE
  5
653
330
22
100
AcDbEntity
  8
F.Cu
  6
CONTINUOUS
100
AcDbLine
 10
5.5217716535433068
 20
-4.1660629921259842
 30
0
 11
5.5215748031496066
 21
-4.1664173228346453
 31
0
  0
LINE
  5
654
330
22
100
AcDbEntity
  8
F.Cu
  6
CONTINUOUS
100
AcDbLine
 10
5.5215748031496066
 20
-4.1664173228346453
 30
0
 11
5.5209055118110237
 21
-4.1673228346456694
 31
0
  0
LINE
  5
655
330
22
100
AcDbEntity
  8
F.Cu
  6
CONTINUOUS
100
AcDbLine
 10
5.5209055118110237
 20
-4.1673228346456694
 30
0
 11
5.5206299212598422
 21
-4.1679921259842523
 31
0
  0
LINE
  5
656
330
22
100
AcDbEntity
  8
F.Cu
  6
CONTINUOUS
100
AcDbLine
 10
5.5206299212598422
 20
-4.1679921259842523
 30
0
 11
5.5205118110236215
 21
-4.1681496062992123
 31
0
  0
LINE
  5
657
330
22
100
AcDbEntity
  8
F.Cu
  6
CONTINUOUS
100
AcDbLine
 10
5.5205118110236215
 20
-4.1681496062992123
 30
0
 11
5.5205118110236215
 21
-4.1682283464566927
 31
0
  0
LINE
  5
658
330
22
100
AcDbEntity
  8
F.Cu
  6
CONTINUOUS
100
AcDbLine
 10
5.5205118110236215
 20
-4.1682283464566927
 30
0
 11
5.5203937007874018
 21
-4.1687401574803147
 31
0
  0
LINE
  5
659
330
22
100
AcDbEntity
  8
F.Cu
  6
CONTINUOUS
100
AcDbLine
 10
5.5203937007874018
 20
-4.1687401574803147
 30
0
 11
5.5203149606299213
 21
-4.1690157480314962
 31
0
  0
LINE
  5
65A
330
22
100
AcDbEntity
  8
F.Cu
  6
CONTINUOUS
100
AcDbLine
 10
5.5203149606299213
 20
-4.1690157480314962
 30
0
 11
5.5201181102362202
 21
-4.1696850393700791
 31
0
  0
LINE
  5
65B
330
22
100
AcDbEntity
  8
F.Cu
  6
CONTINUOUS
100
AcDbLine
 10
5.5201181102362202
 20
-4.1696850393700791
 30
0
 11
5.52007874015748
 21
-4.170354330708661
 31
0
  0
LINE
  5
65C
330
22
100
AcDbEntity
  8
F.Cu
  6
CONTINUOUS
100
AcDbLine
 10
5.52007874015748
 20
-4.170354330708661
 30
0
 11
5.5199999999999996
 21
-4.1707874015748034
 31
0
  0
LINE
  5
65D
330
22
100
AcDbEntity
  8
F.Cu
  6
CONTINUOUS
100
AcDbLine
 10
5.5199999999999996
 20
-4.1707874015748034
 30
0
 11
5.5199999999999996
 21
-4.1708267716535437
 31
0
  0
LINE
  5
65E
330
22
100
AcDbEntity
  8
F.Cu
  6
CONTINUOUS
100
AcDbLine
 10
5.5199999999999996
 20
-4.1708267716535437
 30
0
 11
5.5199606299212594
 21
-4.171220472440945
 31
0
  0
LINE
  5
65F
330
22
100
AcDbEntity
  8
F.Cu
  6
CONTINUOUS
100
AcDbLine
 10
5.5199606299212594
 20
-4.171220472440945
 30
0
 11
5.5199606299212594
 21
-4.8648031496062991
 31
0
  0
LINE
  5
660
330
22
100
AcDbEntity
  8
F.Cu
  6
CONTINUOUS
100
AcDbLine
 10
5.5199606299212594
 20
-4.8648031496062991
 30
0
 11
5.5190551181102361
 21
-4.8669685039370076
 31
0
  0
LINE
  5
661
330
22
100
AcDbEntity
  8
F.Cu
  6
CONTINUOUS
100
AcDbLine
 10
5.5190551181102361
 20
-4.8669685039370076
 30
0
 11
5.4306299212598423
 21
-4.9553543307086612
 31
0
  0
LINE
  5
662
330
22
100
AcDbEntity
  8
F.Cu
  6
CONTINUOUS
100
AcDbLine
 10
5.4306299212598423
 20
-4.9553543307086612
 30
0
 11
5.4284645669291338
 21
-4.9562598425196853
 31
0
  0
LINE
  5
663
330
22
100
AcDbEntity
  8
F.Cu
  6
CONTINUOUS
100
AcDbLine
 10
5.4284645669291338
 20
-4.9562598425196853
 30
0
 11
5.2833464566929136
 21
-4.9562598425196853
 31
0
  0
LINE
  5
664
330
22
100
AcDbEntity
  8
F.Cu
  6
CONTINUOUS
100
AcDbLine
 10
5.2833464566929136
 20
-4.9562598425196853
 30
0
 11
5.2798818897637796
 21
-4.9527952755905513
 31
0
  0
LINE
  5
665
330
22
100
AcDbEntity
  8
F.Cu
  6
CONTINUOUS
100
AcDbLine
 10
5.2798818897637796
 20
-4.9527952755905513
 30
0
 11
5.2798818897637796
 21
-4.9479527559055114
 31
0
  0
LINE
  5
666
330
22
100
AcDbEntity
  8
F.Cu
  6
CONTINUOUS
100
AcDbLine
 10
5.2798818897637796
 20
-4.9479527559055114
 30
0
 11
5.2798425196850394
 21
-4.9469685039370077
 31
0
  0
LINE
  5
667
330
22
100
AcDbEntity
  8
F.Cu
  6
CONTINUOUS
100
AcDbLine
 10
5.2798425196850394
 20
-4.9469685039370077
 30
0
 11
5.2795669291338578
 21
-4.9457874015748029
 31
0
  0
LINE
  5
668
330
22
100
AcDbEntity
  8
F.Cu
  6
CONTINUOUS
100
AcDbLine
 10
5.2795669291338578
 20
-4.9457874015748029
 30
0
 11
5.2792125984251967
 21
-4.9446456692913383
 31
0
  0
LINE
  5
669
330
22
100
AcDbEntity
  8
F.Cu
  6
CONTINUOUS
100
AcDbLine
 10
5.2792125984251967
 20
-4.9446456692913383
 30
0
 11
5.2791732283464565
 21
-4.9444881889763774
 31
0
  0
LINE
  5
66A
330
22
100
AcDbEntity
  8
F.Cu
  6
CONTINUOUS
100
AcDbLine
 10
5.2791732283464565
 20
-4.9444881889763774
 30
0
 11
5.2788582677165357
 21
-4.9438976377952759
 31
0
  0
LINE
  5
66B
330
22
100
AcDbEntity
  8
F.Cu
  6
CONTINUOUS
100
AcDbLine
 10
5.2788582677165357
 20
-4.9438976377952759
 30
0
 11
5.278740157480315
 21
-4.9437007874015748
 31
0
  0
LINE
  5
66C
330
22
100
AcDbEntity
  8
F.Cu
  6
CONTINUOUS
100
AcDbLine
 10
5.278740157480315
 20
-4.9437007874015748
 30
0
 11
5.278740157480315
 21
-4.9436614173228346
 31
0
  0
LINE
  5
66D
330
22
100
AcDbEntity
  8
F.Cu
  6
CONTINUOUS
100
AcDbLine
 10
5.278740157480315
 20
-4.9436614173228346
 30
0
 11
5.2782677165354333
 21
-4.9428346456692909
 31
0
  0
LINE
  5
66E
330
22
100
AcDbEntity
  8
F.Cu
  6
CONTINUOUS
100
AcDbLine
 10
5.2782677165354333
 20
-4.9428346456692909
 30
0
 11
5.2781496062992126
 21
-4.9426377952755907
 31
0
  0
LINE
  5
66F
330
22
100
AcDbEntity
  8
F.Cu
  6
CONTINUOUS
100
AcDbLine
 10
5.2781496062992126
 20
-4.9426377952755907
 30
0
 11
5.2772440944881884
 21
-4.9416929133858263
 31
0
  0
LINE
  5
670
330
22
100
AcDbEntity
  8
F.Cu
  6
CONTINUOUS
100
AcDbLine
 10
5.2772440944881884
 20
-4.9416929133858263
 30
0
 11
5.2771259842519687
 21
-4.9415748031496065
 31
0
  0
LINE
  5
671
330
22
100
AcDbEntity
  8
F.Cu
  6
CONTINUOUS
100
AcDbLine
 10
5.2771259842519687
 20
-4.9415748031496065
 30
0
 11
5.2766141732283467
 21
-4.9411023622047239
 31
0
  0
LINE
  5
672
330
22
100
AcDbEntity
  8
F.Cu
  6
CONTINUOUS
100
AcDbLine
 10
5.2766141732283467
 20
-4.9411023622047239
 30
0
 11
5.2762204724409445
 21
-4.9408267716535432
 31
0
  0
LINE
  5
673
330
22
100
AcDbEntity
  8
F.Cu
  6
CONTINUOUS
100
AcDbLine
 10
5.2762204724409445
 20
-4.9408267716535432
 30
0
 11
5.2759055118110236
 21
-4.9406299212598421
 31
0
  0
LINE
  5
674
330
22
100
AcDbEntity
  8
F.Cu
  6
CONTINUOUS
100
AcDbLine
 10
5.2759055118110236
 20
-4.9406299212598421
 30
0
 11
5.2755905511811019
 21
-4.9404724409448821
 31
0
  0
LINE
  5
675
330
22
100
AcDbEntity
  8
F.Cu
  6
CONTINUOUS
100
AcDbLine
 10
5.2755905511811019
 20
-4.9404724409448821
 30
0
 11
5.2744488188976373
 21
-4.9398031496062993
 31
0
  0
LINE
  5
676
330
22
100
AcDbEntity
  8
F.Cu
  6
CONTINUOUS
100
AcDbLine
 10
5.2744488188976373
 20
-4.9398031496062993
 30
0
 11
5.2734645669291336
 21
-4.9394881889763775
 31
0
  0
LINE
  5
677
330
22
100
AcDbEntity
  8
F.Cu
  6
CONTINUOUS
100
AcDbLine
 10
5.2734645669291336
 20
-4.9394881889763775
 30
0
 11
5.2731496062992127
 21
-4.9394094488188971
 31
0
  0
LINE
  5
678
330
22
100
AcDbEntity
  8
F.Cu
  6
CONTINUOUS
100
AcDbLine
 10
5.2731496062992127
 20
-4.9394094488188971
 30
0
 11
5.2720472440944883
 21
-4.9391732283464567
 31
0
  0
LINE
  5
679
330
22
100
AcDbEntity
  8
F.Cu
  6
CONTINUOUS
100
AcDbLine
 10
5.2720472440944883
 20
-4.9391732283464567
 30
0
 11
5.2719685039370079
 21
-4.9391732283464567
 31
0
  0
LINE
  5
67A
330
22
100
AcDbEntity
  8
F.Cu
  6
CONTINUOUS
100
AcDbLine
 10
5.2719685039370079
 20
-4.9391732283464567
 30
0
 11
5.2710236220472444
 21
-4.9391338582677164
 31
0
  0
LINE
  5
67B
330
22
100
AcDbEntity
  8
F.Cu
  6
CONTINUOUS
100
AcDbLine
 10
5.2710236220472444
 20
-4.9391338582677164
 30
0
 11
5.2122834645669291
 21
-4.9391338582677164
 31
0
  0
LINE
  5
67C
330
22
100
AcDbEntity
  8
F.Cu
  6
CONTINUOUS
100
AcDbLine
 10
5.2122834645669291
 20
-4.9391338582677164
 30
0
 11
5.2115354330708659
 21
-4.9391732283464567
 31
0
  0
LINE
  5
67D
330
22
100
AcDbEntity
  8
F.Cu
  6
CONTINUOUS
100
AcDbLine
 10
5.2115354330708659
 20
-4.9391732283464567
 30
0
 11
5.2114566929133854
 21
-4.9391732283464567
 31
0
  0
LINE
  5
67E
330
22
100
AcDbEntity
  8
F.Cu
  6
CONTINUOUS
100
AcDbLine
 10
5.2114566929133854
 20
-4.9391732283464567
 30
0
 11
5.2097637795275586
 21
-4.9394881889763775
 31
0
  0
LINE
  5
67F
330
22
100
AcDbEntity
  8
F.Cu
  6
CONTINUOUS
100
AcDbLine
 10
5.2097637795275586
 20
-4.9394881889763775
 30
0
 11
5.2096850393700782
 21
-4.9394881889763775
 31
0
  0
LINE
  5
680
330
22
100
AcDbEntity
  8
F.Cu
  6
CONTINUOUS
100
AcDbLine
 10
5.2096850393700782
 20
-4.9394881889763775
 30
0
 11
5.2087401574803147
 21
-4.9398425196850395
 31
0
  0
LINE
  5
681
330
22
100
AcDbEntity
  8
F.Cu
  6
CONTINUOUS
100
AcDbLine
 10
5.2087401574803147
 20
-4.9398425196850395
 30
0
 11
5.2087795275590549
 21
-4.9398425196850395
 31
0
  0
LINE
  5
682
330
22
100
AcDbEntity
  8
F.Cu
  6
CONTINUOUS
100
AcDbLine
 10
5.2087795275590549
 20
-4.9398425196850395
 30
0
 11
5.2079921259842514
 21
-4.9402362204724408
 31
0
  0
LINE
  5
683
330
22
100
AcDbEntity
  8
F.Cu
  6
CONTINUOUS
100
AcDbLine
 10
5.2079921259842514
 20
-4.9402362204724408
 30
0
 11
5.2078740157480317
 21
-4.9403149606299213
 31
0
  0
LINE
  5
684
330
22
100
AcDbEntity
  8
F.Cu
  6
CONTINUOUS
100
AcDbLine
 10
5.2078740157480317
 20
-4.9403149606299213
 30
0
 11
5.207755905511811
 21
-4.9403543307086615
 31
0
  0
LINE
  5
685
330
22
100
AcDbEntity
  8
F.Cu
  6
CONTINUOUS
100
AcDbLine
 10
5.207755905511811
 20
-4.9403543307086615
 30
0
 11
5.2071259842519684
 21
-4.9407480314960628
 31
0
  0
LINE
  5
686
330
22
100
AcDbEntity
  8
F.Cu
  6
CONTINUOUS
100
AcDbLine
 10
5.2071259842519684
 20
-4.9407480314960628
 30
0
 11
5.2070472440944879
 21
-4.9408267716535432
 31
0
  0
LINE
  5
687
330
22
100
AcDbEntity
  8
F.Cu
  6
CONTINUOUS
100
AcDbLine
 10
5.2070472440944879
 20
-4.9408267716535432
 30
0
 11
5.2059055118110233
 21
-4.9418503937007872
 31
0
  0
LINE
  5
688
330
22
100
AcDbEntity
  8
F.Cu
  6
CONTINUOUS
100
AcDbLine
 10
5.2059055118110233
 20
-4.9418503937007872
 30
0
 11
5.2058661417322831
 21
-4.9418897637795274
 31
0
  0
LINE
  5
689
330
22
100
AcDbEntity
  8
F.Cu
  6
CONTINUOUS
100
AcDbLine
 10
5.2058661417322831
 20
-4.9418897637795274
 30
0
 11
5.2053543307086612
 21
-4.9424409448818896
 31
0
  0
LINE
  5
68A
330
22
100
AcDbEntity
  8
F.Cu
  6
CONTINUOUS
100
AcDbLine
 10
5.2053543307086612
 20
-4.9424409448818896
 30
0
 11
5.2053149606299209
 21
-4.94251968503937
 31
0
  0
LINE
  5
68B
330
22
100
AcDbEntity
  8
F.Cu
  6
CONTINUOUS
100
AcDbLine
 10
5.2053149606299209
 20
-4.94251968503937
 30
0
 11
5.2045669291338585
 21
-4.9436614173228346
 31
0
  0
LINE
  5
68C
330
22
100
AcDbEntity
  8
F.Cu
  6
CONTINUOUS
100
AcDbLine
 10
5.2045669291338585
 20
-4.9436614173228346
 30
0
 11
5.2042125984251966
 21
-4.9443700787401577
 31
0
  0
LINE
  5
68D
330
22
100
AcDbEntity
  8
F.Cu
  6
CONTINUOUS
100
AcDbLine
 10
5.2042125984251966
 20
-4.9443700787401577
 30
0
 11
5.2041732283464563
 21
-4.9444881889763774
 31
0
  0
LINE
  5
68E
330
22
100
AcDbEntity
  8
F.Cu
  6
CONTINUOUS
100
AcDbLine
 10
5.2041732283464563
 20
-4.9444881889763774
 30
0
 11
5.2037007874015746
 21
-4.9457086614173225
 31
0
  0
LINE
  5
68F
330
22
100
AcDbEntity
  8
F.Cu
  6
CONTINUOUS
100
AcDbLine
 10
5.2037007874015746
 20
-4.9457086614173225
 30
0
 11
5.2037007874015746
 21
-4.9457874015748029
 31
0
  0
LINE
  5
690
330
22
100
AcDbEntity
  8
F.Cu
  6
CONTINUOUS
100
AcDbLine
 10
5.2037007874015746
 20
-4.9457874015748029
 30
0
 11
5.2036614173228344
 21
-4.9457874015748029
 31
0
  0
LINE
  5
691
330
22
100
AcDbEntity
  8
F.Cu
  6
CONTINUOUS
100
AcDbLine
 10
5.2036614173228344
 20
-4.9457874015748029
 30
0
 11
5.2035039370078735
 21
-4.9468110236220468
 31
0
  0
LINE
  5
692
330
22
100
AcDbEntity
  8
F.Cu
  6
CONTINUOUS
100
AcDbLine
 10
5.2035039370078735
 20
-4.9468110236220468
 30
0
 11
5.2034645669291342
 21
-4.9470866141732284
 31
0
  0
LINE
  5
693
330
22
100
AcDbEntity
  8
F.Cu
  6
CONTINUOUS
100
AcDbLine
 10
5.2034645669291342
 20
-4.9470866141732284
 30
0
 11
5.2033858267716537
 21
-4.9475984251968503
 31
0
  0
LINE
  5
694
330
22
100
AcDbEntity
  8
F.Cu
  6
CONTINUOUS
100
AcDbLine
 10
5.2033858267716537
 20
-4.9475984251968503
 30
0
 11
5.2033858267716537
 21
-4.98251968503937
 31
0
  0
LINE
  5
695
330
22
100
AcDbEntity
  8
F.Cu
  6
CONTINUOUS
100
AcDbLine
 10
6.1926771653543309
 20
-4.9074409448818894
 30
0
 11
6.268188976377953
 21
-4.9074409448818894
 31
0
  0
LINE
  5
696
330
22
100
AcDbEntity
  8
F.Cu
  6
CONTINUOUS
100
AcDbLine
 10
6.268188976377953
 20
-4.9074409448818894
 30
0
 11
6.268188976377953
 21
-4.8319291338582673
 31
0
  0
LINE
  5
697
330
22
100
AcDbEntity
  8
F.Cu
  6
CONTINUOUS
100
AcDbLine
 10
6.268188976377953
 20
-4.8319291338582673
 30
0
 11
6.1926771653543309
 21
-4.8319291338582673
 31
0
  0
LINE
  5
698
330
22
100
AcDbEntity
  8
F.Cu
  6
CONTINUOUS
100
AcDbLine
 10
6.1926771653543309
 20
-4.8319291338582673
 30
0
 11
6.1926771653543309
 21
-4.9074409448818894
 31
0
  0
LINE
  5
699
330
22
100
AcDbEntity
  8
F.Cu
  6
CONTINUOUS
100
AcDbLine
 10
5.5929527559055119
 20
-4.8746456692913389
 30
0
 11
5.5955511811023619
 21
-4.884173228346457
 31
0
  0
LINE
  5
69A
330
22
100
AcDbEntity
  8
F.Cu
  6
CONTINUOUS
100
AcDbLine
 10
5.5955511811023619
 20
-4.884173228346457
 30
0
 11
5.6003937007874018
 21
-4.8926377952755908
 31
0
  0
LINE
  5
69B
330
22
100
AcDbEntity
  8
F.Cu
  6
CONTINUOUS
100
AcDbLine
 10
5.6003937007874018
 20
-4.8926377952755908
 30
0
 11
5.6004330708661412
 21
-4.8926771653543302
 31
0
  0
LINE
  5
69C
330
22
100
AcDbEntity
  8
F.Cu
  6
CONTINUOUS
100
AcDbLine
 10
5.6004330708661412
 20
-4.8926771653543302
 30
0
 11
5.6074409448818896
 21
-4.8996456692913384
 31
0
  0
LINE
  5
69D
330
22
100
AcDbEntity
  8
F.Cu
  6
CONTINUOUS
100
AcDbLine
 10
5.6074409448818896
 20
-4.8996456692913384
 30
0
 11
5.6074803149606298
 21
-4.8996850393700786
 31
0
  0
LINE
  5
69E
330
22
100
AcDbEntity
  8
F.Cu
  6
CONTINUOUS
100
AcDbLine
 10
5.6074803149606298
 20
-4.8996850393700786
 30
0
 11
5.6159055118110235
 21
-4.9045669291338578
 31
0
  0
LINE
  5
69F
330
22
100
AcDbEntity
  8
F.Cu
  6
CONTINUOUS
100
AcDbLine
 10
5.6159055118110235
 20
-4.9045669291338578
 30
0
 11
5.6255511811023622
 21
-4.9071653543307088
 31
0
  0
LINE
  5
6A0
330
22
100
AcDbEntity
  8
F.Cu
  6
CONTINUOUS
100
AcDbLine
 10
5.6255511811023622
 20
-4.9071653543307088
 30
0
 11
5.6352362204724411
 21
-4.9071653543307088
 31
0
  0
LINE
  5
6A1
330
22
100
AcDbEntity
  8
F.Cu
  6
CONTINUOUS
100
AcDbLine
 10
5.6352362204724411
 20
-4.9071653543307088
 30
0
 11
5.6449212598425191
 21
-4.9045669291338578
 31
0
  0
LINE
  5
6A2
330
22
100
AcDbEntity
  8
F.Cu
  6
CONTINUOUS
100
AcDbLine
 10
5.6449212598425191
 20
-4.9045669291338578
 30
0
 11
5.6450393700787398
 21
-4.9045275590551176
 31
0
  0
LINE
  5
6A3
330
22
100
AcDbEntity
  8
F.Cu
  6
CONTINUOUS
100
AcDbLine
 10
5.6450393700787398
 20
-4.9045275590551176
 30
0
 11
5.653385826771653
 21
-4.8996850393700786
 31
0
  0
LINE
  5
6A4
330
22
100
AcDbEntity
  8
F.Cu
  6
CONTINUOUS
100
AcDbLine
 10
5.653385826771653
 20
-4.8996850393700786
 30
0
 11
5.6604330708661417
 21
-4.8926377952755908
 31
0
  0
LINE
  5
6A5
330
22
100
AcDbEntity
  8
F.Cu
  6
CONTINUOUS
100
AcDbLine
 10
5.6604330708661417
 20
-4.8926377952755908
 30
0
 11
5.6652755905511807
 21
-4.8842913385826767
 31
0
  0
LINE
  5
6A6
330
22
100
AcDbEntity
  8
F.Cu
  6
CONTINUOUS
100
AcDbLine
 10
5.6652755905511807
 20
-4.8842913385826767
 30
0
 11
5.6653937007874013
 21
-4.8839763779527559
 31
0
  0
LINE
  5
6A7
330
22
100
AcDbEntity
  8
F.Cu
  6
CONTINUOUS
100
AcDbLine
 10
5.6653937007874013
 20
-4.8839763779527559
 30
0
 11
5.6678740157480316
 21
-4.8746456692913389
 31
0
  0
LINE
  5
6A8
330
22
100
AcDbEntity
  8
F.Cu
  6
CONTINUOUS
100
AcDbLine
 10
5.6678740157480316
 20
-4.8746456692913389
 30
0
 11
5.6678740157480316
 21
-4.8648031496062991
 31
0
  0
LINE
  5
6A9
330
22
100
AcDbEntity
  8
F.Cu
  6
CONTINUOUS
100
AcDbLine
 10
5.6678740157480316
 20
-4.8648031496062991
 30
0
 11
5.6653937007874013
 21
-4.8553937007874017
 31
0
  0
LINE
  5
6AA
330
22
100
AcDbEntity
  8
F.Cu
  6
CONTINUOUS
100
AcDbLine
 10
5.6653937007874013
 20
-4.8553937007874017
 30
0
 11
5.6652755905511807
 21
-4.85507874015748
 31
0
  0
LINE
  5
6AB
330
22
100
AcDbEntity
  8
F.Cu
  6
CONTINUOUS
100
AcDbLine
 10
5.6652755905511807
 20
-4.85507874015748
 30
0
 11
5.6604330708661417
 21
-4.8467322834645667
 31
0
  0
LINE
  5
6AC
330
22
100
AcDbEntity
  8
F.Cu
  6
CONTINUOUS
100
AcDbLine
 10
5.6604330708661417
 20
-4.8467322834645667
 30
0
 11
5.653385826771653
 21
-4.839685039370079
 31
0
  0
LINE
  5
6AD
330
22
100
AcDbEntity
  8
F.Cu
  6
CONTINUOUS
100
AcDbLine
 10
5.653385826771653
 20
-4.839685039370079
 30
0
 11
5.6450393700787398
 21
-4.8348425196850391
 31
0
  0
LINE
  5
6AE
330
22
100
AcDbEntity
  8
F.Cu
  6
CONTINUOUS
100
AcDbLine
 10
5.6450393700787398
 20
-4.8348425196850391
 30
0
 11
5.6448425196850396
 21
-4.8347637795275586
 31
0
  0
LINE
  5
6AF
330
22
100
AcDbEntity
  8
F.Cu
  6
CONTINUOUS
100
AcDbLine
 10
5.6448425196850396
 20
-4.8347637795275586
 30
0
 11
5.6353149606299215
 21
-4.832244094488189
 31
0
  0
LINE
  5
6B0
330
22
100
AcDbEntity
  8
F.Cu
  6
CONTINUOUS
100
AcDbLine
 10
5.6353149606299215
 20
-4.832244094488189
 30
0
 11
5.625511811023622
 21
-4.832244094488189
 31
0
  0
LINE
  5
6B1
330
22
100
AcDbEntity
  8
F.Cu
  6
CONTINUOUS
100
AcDbLine
 10
5.625511811023622
 20
-4.832244094488189
 30
0
 11
5.6160236220472441
 21
-4.8347637795275586
 31
0
  0
LINE
  5
6B2
330
22
100
AcDbEntity
  8
F.Cu
  6
CONTINUOUS
100
AcDbLine
 10
5.6160236220472441
 20
-4.8347637795275586
 30
0
 11
5.615826771653543
 21
-4.8348425196850391
 31
0
  0
LINE
  5
6B3
330
22
100
AcDbEntity
  8
F.Cu
  6
CONTINUOUS
100
AcDbLine
 10
5.615826771653543
 20
-4.8348425196850391
 30
0
 11
5.6074803149606298
 21
-4.839685039370079
 31
0
  0
LINE
  5
6B4
330
22
100
AcDbEntity
  8
F.Cu
  6
CONTINUOUS
100
AcDbLine
 10
5.6074803149606298
 20
-4.839685039370079
 30
0
 11
5.6074409448818896
 21
-4.8397244094488192
 31
0
  0
LINE
  5
6B5
330
22
100
AcDbEntity
  8
F.Cu
  6
CONTINUOUS
100
AcDbLine
 10
5.6074409448818896
 20
-4.8397244094488192
 30
0
 11
5.6004330708661412
 21
-4.8466929133858265
 31
0
  0
LINE
  5
6B6
330
22
100
AcDbEntity
  8
F.Cu
  6
CONTINUOUS
100
AcDbLine
 10
5.6004330708661412
 20
-4.8466929133858265
 30
0
 11
5.6003937007874018
 21
-4.8467322834645667
 31
0
  0
LINE
  5
6B7
330
22
100
AcDbEntity
  8
F.Cu
  6
CONTINUOUS
100
AcDbLine
 10
5.6003937007874018
 20
-4.8467322834645667
 30
0
 11
5.5955511811023619
 21
-4.8551968503937006
 31
0
  0
LINE
  5
6B8
330
22
100
AcDbEntity
  8
F.Cu
  6
CONTINUOUS
100
AcDbLine
 10
5.5955511811023619
 20
-4.8551968503937006
 30
0
 11
5.5954724409448815
 21
-4.8553937007874017
 31
0
  0
LINE
  5
6B9
330
22
100
AcDbEntity
  8
F.Cu
  6
CONTINUOUS
100
AcDbLine
 10
5.5954724409448815
 20
-4.8553937007874017
 30
0
 11
5.5929527559055119
 21
-4.8648031496062991
 31
0
  0
LINE
  5
6BA
330
22
100
AcDbEntity
  8
F.Cu
  6
CONTINUOUS
100
AcDbLine
 10
5.5929527559055119
 20
-4.8648031496062991
 30
0
 11
5.5929527559055119
 21
-4.8746456692913389
 31
0
  0
LINE
  5
6BB
330
22
100
AcDbEntity
  8
F.Cu
  6
CONTINUOUS
100
AcDbLine
 10
5.2033858267716537
 20
-4.8673622047244089
 30
0
 11
5.203425196850394
 21
-4.8678346456692916
 31
0
  0
LINE
  5
6BC
330
22
100
AcDbEntity
  8
F.Cu
  6
CONTINUOUS
100
AcDbLine
 10
5.203425196850394
 20
-4.8678346456692916
 30
0
 11
5.2034645669291342
 21
-4.8678740157480318
 31
0
  0
LINE
  5
6BD
330
22
100
AcDbEntity
  8
F.Cu
  6
CONTINUOUS
100
AcDbLine
 10
5.2034645669291342
 20
-4.8678740157480318
 30
0
 11
5.2035039370078735
 21
-4.8681889763779527
 31
0
  0
LINE
  5
6BE
330
22
100
AcDbEntity
  8
F.Cu
  6
CONTINUOUS
100
AcDbLine
 10
5.2035039370078735
 20
-4.8681889763779527
 30
0
 11
5.2036614173228344
 21
-4.8691732283464564
 31
0
  0
LINE
  5
6BF
330
22
100
AcDbEntity
  8
F.Cu
  6
CONTINUOUS
100
AcDbLine
 10
5.2036614173228344
 20
-4.8691732283464564
 30
0
 11
5.2037007874015746
 21
-4.8691732283464564
 31
0
  0
LINE
  5
6C0
330
22
100
AcDbEntity
  8
F.Cu
  6
CONTINUOUS
100
AcDbLine
 10
5.2037007874015746
 20
-4.8691732283464564
 30
0
 11
5.203779527559055
 21
-4.8694881889763781
 31
0
  0
LINE
  5
6C1
330
22
100
AcDbEntity
  8
F.Cu
  6
CONTINUOUS
100
AcDbLine
 10
5.203779527559055
 20
-4.8694881889763781
 30
0
 11
5.2042519685039368
 21
-4.870669291338583
 31
0
  0
LINE
  5
6C2
330
22
100
AcDbEntity
  8
F.Cu
  6
CONTINUOUS
100
AcDbLine
 10
5.2042519685039368
 20
-4.870669291338583
 30
0
 11
5.2044881889763781
 21
-4.8711417322834647
 31
0
  0
LINE
  5
6C3
330
22
100
AcDbEntity
  8
F.Cu
  6
CONTINUOUS
100
AcDbLine
 10
5.2044881889763781
 20
-4.8711417322834647
 30
0
 11
5.2046456692913381
 21
-4.8714173228346453
 31
0
  0
LINE
  5
6C4
330
22
100
AcDbEntity
  8
F.Cu
  6
CONTINUOUS
100
AcDbLine
 10
5.2046456692913381
 20
-4.8714173228346453
 30
0
 11
5.2053149606299209
 21
-4.8724409448818893
 31
0
  0
LINE
  5
6C5
330
22
100
AcDbEntity
  8
F.Cu
  6
CONTINUOUS
100
AcDbLine
 10
5.2053149606299209
 20
-4.8724409448818893
 30
0
 11
5.2053937007874014
 21
-4.8725590551181099
 31
0
  0
LINE
  5
6C6
330
22
100
AcDbEntity
  8
F.Cu
  6
CONTINUOUS
100
AcDbLine
 10
5.2053937007874014
 20
-4.8725590551181099
 30
0
 11
5.2058661417322831
 21
-4.8730708661417319
 31
0
  0
LINE
  5
6C7
330
22
100
AcDbEntity
  8
F.Cu
  6
CONTINUOUS
100
AcDbLine
 10
5.2058661417322831
 20
-4.8730708661417319
 30
0
 11
5.2059055118110233
 21
-4.8731102362204721
 31
0
  0
LINE
  5
6C8
330
22
100
AcDbEntity
  8
F.Cu
  6
CONTINUOUS
100
AcDbLine
 10
5.2059055118110233
 20
-4.8731102362204721
 30
0
 11
5.2068897637795271
 21
-4.8740157480314963
 31
0
  0
LINE
  5
6C9
330
22
100
AcDbEntity
  8
F.Cu
  6
CONTINUOUS
100
AcDbLine
 10
5.2068897637795271
 20
-4.8740157480314963
 30
0
 11
5.2070078740157477
 21
-4.8740944881889758
 31
0
  0
LINE
  5
6CA
330
22
100
AcDbEntity
  8
F.Cu
  6
CONTINUOUS
100
AcDbLine
 10
5.2070078740157477
 20
-4.8740944881889758
 30
0
 11
5.2071259842519684
 21
-4.8742125984251965
 31
0
  0
LINE
  5
6CB
330
22
100
AcDbEntity
  8
F.Cu
  6
CONTINUOUS
100
AcDbLine
 10
5.2071259842519684
 20
-4.8742125984251965
 30
0
 11
5.207755905511811
 21
-4.8746062992125987
 31
0
  0
LINE
  5
6CC
330
22
100
AcDbEntity
  8
F.Cu
  6
CONTINUOUS
100
AcDbLine
 10
5.207755905511811
 20
-4.8746062992125987
 30
0
 11
5.2078740157480317
 21
-4.8746456692913389
 31
0
  0
LINE
  5
6CD
330
22
100
AcDbEntity
  8
F.Cu
  6
CONTINUOUS
100
AcDbLine
 10
5.2078740157480317
 20
-4.8746456692913389
 30
0
 11
5.2080708661417319
 21
-4.8747637795275587
 31
0
  0
LINE
  5
6CE
330
22
100
AcDbEntity
  8
F.Cu
  6
CONTINUOUS
100
AcDbLine
 10
5.2080708661417319
 20
-4.8747637795275587
 30
0
 11
5.2087401574803147
 21
-4.8751181102362207
 31
0
  0
LINE
  5
6CF
330
22
100
AcDbEntity
  8
F.Cu
  6
CONTINUOUS
100
AcDbLine
 10
5.2087401574803147
 20
-4.8751181102362207
 30
0
 11
5.2098818897637793
 21
-4.875511811023622
 31
0
  0
LINE
  5
6D0
330
22
100
AcDbEntity
  8
F.Cu
  6
CONTINUOUS
100
AcDbLine
 10
5.2098818897637793
 20
-4.875511811023622
 30
0
 11
5.2110629921259841
 21
-4.8757480314960633
 31
0
  0
LINE
  5
6D1
330
22
100
AcDbEntity
  8
F.Cu
  6
CONTINUOUS
100
AcDbLine
 10
5.2110629921259841
 20
-4.8757480314960633
 30
0
 11
5.2120078740157476
 21
-4.8758661417322831
 31
0
  0
LINE
  5
6D2
330
22
100
AcDbEntity
  8
F.Cu
  6
CONTINUOUS
100
AcDbLine
 10
5.2120078740157476
 20
-4.8758661417322831
 30
0
 11
5.271299212598425
 21
-4.8758661417322831
 31
0
  0
LINE
  5
6D3
330
22
100
AcDbEntity
  8
F.Cu
  6
CONTINUOUS
100
AcDbLine
 10
5.271299212598425
 20
-4.8758661417322831
 30
0
 11
5.2719291338582677
 21
-4.8758267716535428
 31
0
  0
LINE
  5
6D4
330
22
100
AcDbEntity
  8
F.Cu
  6
CONTINUOUS
100
AcDbLine
 10
5.2719291338582677
 20
-4.8758267716535428
 30
0
 11
5.2733070866141727
 21
-4.875511811023622
 31
0
  0
LINE
  5
6D5
330
22
100
AcDbEntity
  8
F.Cu
  6
CONTINUOUS
100
AcDbLine
 10
5.2733070866141727
 20
-4.875511811023622
 30
0
 11
5.2734645669291336
 21
-4.8754724409448817
 31
0
  0
LINE
  5
6D6
330
22
100
AcDbEntity
  8
F.Cu
  6
CONTINUOUS
100
AcDbLine
 10
5.2734645669291336
 20
-4.8754724409448817
 30
0
 11
5.2744488188976373
 21
-4.8751574803149609
 31
0
  0
LINE
  5
6D7
330
22
100
AcDbEntity
  8
F.Cu
  6
CONTINUOUS
100
AcDbLine
 10
5.2744488188976373
 20
-4.8751574803149609
 30
0
 11
5.2755905511811019
 21
-4.874488188976378
 31
0
  0
LINE
  5
6D8
330
22
100
AcDbEntity
  8
F.Cu
  6
CONTINUOUS
100
AcDbLine
 10
5.2755905511811019
 20
-4.874488188976378
 30
0
 11
5.2759055118110236
 21
-4.8743307086614172
 31
0
  0
LINE
  5
6D9
330
22
100
AcDbEntity
  8
F.Cu
  6
CONTINUOUS
100
AcDbLine
 10
5.2759055118110236
 20
-4.8743307086614172
 30
0
 11
5.2762204724409445
 21
-4.8741338582677161
 31
0
  0
LINE
  5
6DA
330
22
100
AcDbEntity
  8
F.Cu
  6
CONTINUOUS
100
AcDbLine
 10
5.2762204724409445
 20
-4.8741338582677161
 30
0
 11
5.2766141732283467
 21
-4.8738582677165354
 31
0
  0
LINE
  5
6DB
330
22
100
AcDbEntity
  8
F.Cu
  6
CONTINUOUS
100
AcDbLine
 10
5.2766141732283467
 20
-4.8738582677165354
 30
0
 11
5.277007874015748
 21
-4.8735039370078743
 31
0
  0
LINE
  5
6DC
330
22
100
AcDbEntity
  8
F.Cu
  6
CONTINUOUS
100
AcDbLine
 10
5.277007874015748
 20
-4.8735039370078743
 30
0
 11
5.2771259842519687
 21
-4.8733858267716537
 31
0
  0
LINE
  5
6DD
330
22
100
AcDbEntity
  8
F.Cu
  6
CONTINUOUS
100
AcDbLine
 10
5.2771259842519687
 20
-4.8733858267716537
 30
0
 11
5.2781496062992126
 21
-4.8723228346456695
 31
0
  0
LINE
  5
6DE
330
22
100
AcDbEntity
  8
F.Cu
  6
CONTINUOUS
100
AcDbLine
 10
5.2781496062992126
 20
-4.8723228346456695
 30
0
 11
5.2781496062992126
 21
-4.8722834645669293
 31
0
  0
LINE
  5
6DF
330
22
100
AcDbEntity
  8
F.Cu
  6
CONTINUOUS
100
AcDbLine
 10
5.2781496062992126
 20
-4.8722834645669293
 30
0
 11
5.2786614173228346
 21
-4.8714566929133856
 31
0
  0
LINE
  5
6E0
330
22
100
AcDbEntity
  8
F.Cu
  6
CONTINUOUS
100
AcDbLine
 10
5.2786614173228346
 20
-4.8714566929133856
 30
0
 11
5.2791732283464565
 21
-4.8703937007874014
 31
0
  0
LINE
  5
6E1
330
22
100
AcDbEntity
  8
F.Cu
  6
CONTINUOUS
100
AcDbLine
 10
5.2791732283464565
 20
-4.8703937007874014
 30
0
 11
5.2795669291338578
 21
-4.8692519685039368
 31
0
  0
LINE
  5
6E2
330
22
100
AcDbEntity
  8
F.Cu
  6
CONTINUOUS
100
AcDbLine
 10
5.2795669291338578
 20
-4.8692519685039368
 30
0
 11
5.2798425196850394
 21
-4.868070866141732
 31
0
  0
LINE
  5
6E3
330
22
100
AcDbEntity
  8
F.Cu
  6
CONTINUOUS
100
AcDbLine
 10
5.2798425196850394
 20
-4.868070866141732
 30
0
 11
5.2798818897637796
 21
-4.8671653543307087
 31
0
  0
LINE
  5
6E4
330
22
100
AcDbEntity
  8
F.Cu
  6
CONTINUOUS
100
AcDbLine
 10
5.2798818897637796
 20
-4.8671653543307087
 30
0
 11
5.2798818897637796
 21
-4.8327952755905512
 31
0
  0
LINE
  5
6E5
330
22
100
AcDbEntity
  8
F.Cu
  6
CONTINUOUS
100
AcDbLine
 10
5.2798818897637796
 20
-4.8327952755905512
 30
0
 11
5.2798425196850394
 21
-4.8318110236220475
 31
0
  0
LINE
  5
6E6
330
22
100
AcDbEntity
  8
F.Cu
  6
CONTINUOUS
100
AcDbLine
 10
5.2798425196850394
 20
-4.8318110236220475
 30
0
 11
5.2795669291338578
 21
-4.8306299212598427
 31
0
  0
LINE
  5
6E7
330
22
100
AcDbEntity
  8
F.Cu
  6
CONTINUOUS
100
AcDbLine
 10
5.2795669291338578
 20
-4.8306299212598427
 30
0
 11
5.2791732283464565
 21
-4.8294094488188977
 31
0
  0
LINE
  5
6E8
330
22
100
AcDbEntity
  8
F.Cu
  6
CONTINUOUS
100
AcDbLine
 10
5.2791732283464565
 20
-4.8294094488188977
 30
0
 11
5.2791732283464565
 21
-4.8293307086614172
 31
0
  0
LINE
  5
6E9
330
22
100
AcDbEntity
  8
F.Cu
  6
CONTINUOUS
100
AcDbLine
 10
5.2791732283464565
 20
-4.8293307086614172
 30
0
 11
5.2788582677165357
 21
-4.8287401574803148
 31
0
  0
LINE
  5
6EA
330
22
100
AcDbEntity
  8
F.Cu
  6
CONTINUOUS
100
AcDbLine
 10
5.2788582677165357
 20
-4.8287401574803148
 30
0
 11
5.278740157480315
 21
-4.8285433070866137
 31
0
  0
LINE
  5
6EB
330
22
100
AcDbEntity
  8
F.Cu
  6
CONTINUOUS
100
AcDbLine
 10
5.278740157480315
 20
-4.8285433070866137
 30
0
 11
5.278740157480315
 21
-4.8285039370078735
 31
0
  0
LINE
  5
6EC
330
22
100
AcDbEntity
  8
F.Cu
  6
CONTINUOUS
100
AcDbLine
 10
5.278740157480315
 20
-4.8285039370078735
 30
0
 11
5.2782677165354333
 21
-4.8276771653543307
 31
0
  0
LINE
  5
6ED
330
22
100
AcDbEntity
  8
F.Cu
  6
CONTINUOUS
100
AcDbLine
 10
5.2782677165354333
 20
-4.8276771653543307
 30
0
 11
5.2781496062992126
 21
-4.8274803149606296
 31
0
  0
LINE
  5
6EE
330
22
100
AcDbEntity
  8
F.Cu
  6
CONTINUOUS
100
AcDbLine
 10
5.2781496062992126
 20
-4.8274803149606296
 30
0
 11
5.2772440944881884
 21
-4.8265354330708661
 31
0
  0
LINE
  5
6EF
330
22
100
AcDbEntity
  8
F.Cu
  6
CONTINUOUS
100
AcDbLine
 10
5.2772440944881884
 20
-4.8265354330708661
 30
0
 11
5.2771259842519687
 21
-4.8264173228346454
 31
0
  0
LINE
  5
6F0
330
22
100
AcDbEntity
  8
F.Cu
  6
CONTINUOUS
100
AcDbLine
 10
5.2771259842519687
 20
-4.8264173228346454
 30
0
 11
5.2766141732283467
 21
-4.8259448818897637
 31
0
  0
LINE
  5
6F1
330
22
100
AcDbEntity
  8
F.Cu
  6
CONTINUOUS
100
AcDbLine
 10
5.2766141732283467
 20
-4.8259448818897637
 30
0
 11
5.2762204724409445
 21
-4.8256692913385821
 31
0
  0
LINE
  5
6F2
330
22
100
AcDbEntity
  8
F.Cu
  6
CONTINUOUS
100
AcDbLine
 10
5.2762204724409445
 20
-4.8256692913385821
 30
0
 11
5.2759055118110236
 21
-4.8254724409448819
 31
0
  0
LINE
  5
6F3
330
22
100
AcDbEntity
  8
F.Cu
  6
CONTINUOUS
100
AcDbLine
 10
5.2759055118110236
 20
-4.8254724409448819
 30
0
 11
5.2755905511811019
 21
-4.825314960629921
 31
0
  0
LINE
  5
6F4
330
22
100
AcDbEntity
  8
F.Cu
  6
CONTINUOUS
100
AcDbLine
 10
5.2755905511811019
 20
-4.825314960629921
 30
0
 11
5.2744488188976373
 21
-4.8246456692913382
 31
0
  0
LINE
  5
6F5
330
22
100
AcDbEntity
  8
F.Cu
  6
CONTINUOUS
100
AcDbLine
 10
5.2744488188976373
 20
-4.8246456692913382
 30
0
 11
5.2734645669291336
 21
-4.8243307086614173
 31
0
  0
LINE
  5
6F6
330
22
100
AcDbEntity
  8
F.Cu
  6
CONTINUOUS
100
AcDbLine
 10
5.2734645669291336
 20
-4.8243307086614173
 30
0
 11
5.2731496062992127
 21
-4.8242519685039369
 31
0
  0
LINE
  5
6F7
330
22
100
AcDbEntity
  8
F.Cu
  6
CONTINUOUS
100
AcDbLine
 10
5.2731496062992127
 20
-4.8242519685039369
 30
0
 11
5.2720472440944883
 21
-4.8240157480314956
 31
0
  0
LINE
  5
6F8
330
22
100
AcDbEntity
  8
F.Cu
  6
CONTINUOUS
100
AcDbLine
 10
5.2720472440944883
 20
-4.8240157480314956
 30
0
 11
5.2719685039370079
 21
-4.8240157480314956
 31
0
  0
LINE
  5
6F9
330
22
100
AcDbEntity
  8
F.Cu
  6
CONTINUOUS
100
AcDbLine
 10
5.2719685039370079
 20
-4.8240157480314956
 30
0
 11
5.2710236220472444
 21
-4.8239763779527554
 31
0
  0
LINE
  5
6FA
330
22
100
AcDbEntity
  8
F.Cu
  6
CONTINUOUS
100
AcDbLine
 10
5.2710236220472444
 20
-4.8239763779527554
 30
0
 11
5.2538976377952755
 21
-4.8239763779527554
 31
0
  0
LINE
  5
6FB
330
22
100
AcDbEntity
  8
F.Cu
  6
CONTINUOUS
100
AcDbLine
 10
5.2538976377952755
 20
-4.8239763779527554
 30
0
 11
5.2504330708661415
 21
-4.8205118110236223
 31
0
  0
LINE
  5
6FC
330
22
100
AcDbEntity
  8
F.Cu
  6
CONTINUOUS
100
AcDbLine
 10
5.2504330708661415
 20
-4.8205118110236223
 30
0
 11
5.2504330708661415
 21
-4.7946850393700791
 31
0
  0
LINE
  5
6FD
330
22
100
AcDbEntity
  8
F.Cu
  6
CONTINUOUS
100
AcDbLine
 10
5.2504330708661415
 20
-4.7946850393700791
 30
0
 11
5.2538976377952755
 21
-4.7912204724409451
 31
0
  0
LINE
  5
6FE
330
22
100
AcDbEntity
  8
F.Cu
  6
CONTINUOUS
100
AcDbLine
 10
5.2538976377952755
 20
-4.7912204724409451
 30
0
 11
5.2611811023622046
 21
-4.7912204724409451
 31
0
  0
LINE
  5
6FF
330
22
100
AcDbEntity
  8
F.Cu
  6
CONTINUOUS
100
AcDbLine
 10
5.2611811023622046
 20
-4.7912204724409451
 30
0
 11
5.2611811023622046
 21
-4.7481889763779526
 31
0
  0
LINE
  5
700
330
22
100
AcDbEntity
  8
F.Cu
  6
CONTINUOUS
100
AcDbLine
 10
5.2611811023622046
 20
-4.7481889763779526
 30
0
 11
5.2220866141732278
 21
-4.7481889763779526
 31
0
  0
LINE
  5
701
330
22
100
AcDbEntity
  8
F.Cu
  6
CONTINUOUS
100
AcDbLine
 10
5.2220866141732278
 20
-4.7481889763779526
 30
0
 11
5.2220866141732278
 21
-4.7912204724409451
 31
0
  0
LINE
  5
702
330
22
100
AcDbEntity
  8
F.Cu
  6
CONTINUOUS
100
AcDbLine
 10
5.2220866141732278
 20
-4.7912204724409451
 30
0
 11
5.2293700787401578
 21
-4.7912204724409451
 31
0
  0
LINE
  5
703
330
22
100
AcDbEntity
  8
F.Cu
  6
CONTINUOUS
100
AcDbLine
 10
5.2293700787401578
 20
-4.7912204724409451
 30
0
 11
5.2328346456692909
 21
-4.7946850393700791
 31
0
  0
LINE
  5
704
330
22
100
AcDbEntity
  8
F.Cu
  6
CONTINUOUS
100
AcDbLine
 10
5.2328346456692909
 20
-4.7946850393700791
 30
0
 11
5.2328346456692909
 21
-4.8205118110236223
 31
0
  0
LINE
  5
705
330
22
100
AcDbEntity
  8
F.Cu
  6
CONTINUOUS
100
AcDbLine
 10
5.2328346456692909
 20
-4.8205118110236223
 30
0
 11
5.2293700787401578
 21
-4.8239763779527554
 31
0
  0
LINE
  5
706
330
22
100
AcDbEntity
  8
F.Cu
  6
CONTINUOUS
100
AcDbLine
 10
5.2293700787401578
 20
-4.8239763779527554
 30
0
 11
5.2122834645669291
 21
-4.8239763779527554
 31
0
  0
LINE
  5
707
330
22
100
AcDbEntity
  8
F.Cu
  6
CONTINUOUS
100
AcDbLine
 10
5.2122834645669291
 20
-4.8239763779527554
 30
0
 11
5.2115354330708659
 21
-4.8240157480314956
 31
0
  0
LINE
  5
708
330
22
100
AcDbEntity
  8
F.Cu
  6
CONTINUOUS
100
AcDbLine
 10
5.2115354330708659
 20
-4.8240157480314956
 30
0
 11
5.2114566929133854
 21
-4.8240157480314956
 31
0
  0
LINE
  5
709
330
22
100
AcDbEntity
  8
F.Cu
  6
CONTINUOUS
100
AcDbLine
 10
5.2114566929133854
 20
-4.8240157480314956
 30
0
 11
5.2097637795275586
 21
-4.8243307086614173
 31
0
  0
LINE
  5
70A
330
22
100
AcDbEntity
  8
F.Cu
  6
CONTINUOUS
100
AcDbLine
 10
5.2097637795275586
 20
-4.8243307086614173
 30
0
 11
5.2096850393700782
 21
-4.8243307086614173
 31
0
  0
LINE
  5
70B
330
22
100
AcDbEntity
  8
F.Cu
  6
CONTINUOUS
100
AcDbLine
 10
5.2096850393700782
 20
-4.8243307086614173
 30
0
 11
5.2087401574803147
 21
-4.8246850393700784
 31
0
  0
LINE
  5
70C
330
22
100
AcDbEntity
  8
F.Cu
  6
CONTINUOUS
100
AcDbLine
 10
5.2087401574803147
 20
-4.8246850393700784
 30
0
 11
5.2087795275590549
 21
-4.8246850393700784
 31
0
  0
LINE
  5
70D
330
22
100
AcDbEntity
  8
F.Cu
  6
CONTINUOUS
100
AcDbLine
 10
5.2087795275590549
 20
-4.8246850393700784
 30
0
 11
5.2079921259842514
 21
-4.8250787401574806
 31
0
  0
LINE
  5
70E
330
22
100
AcDbEntity
  8
F.Cu
  6
CONTINUOUS
100
AcDbLine
 10
5.2079921259842514
 20
-4.8250787401574806
 30
0
 11
5.2078740157480317
 21
-4.8251574803149602
 31
0
  0
LINE
  5
70F
330
22
100
AcDbEntity
  8
F.Cu
  6
CONTINUOUS
100
AcDbLine
 10
5.2078740157480317
 20
-4.8251574803149602
 30
0
 11
5.207755905511811
 21
-4.8251968503937004
 31
0
  0
LINE
  5
710
330
22
100
AcDbEntity
  8
F.Cu
  6
CONTINUOUS
100
AcDbLine
 10
5.207755905511811
 20
-4.8251968503937004
 30
0
 11
5.2071259842519684
 21
-4.8255905511811026
 31
0
  0
LINE
  5
711
330
22
100
AcDbEntity
  8
F.Cu
  6
CONTINUOUS
100
AcDbLine
 10
5.2071259842519684
 20
-4.8255905511811026
 30
0
 11
5.2070472440944879
 21
-4.8256692913385821
 31
0
  0
LINE
  5
712
330
22
100
AcDbEntity
  8
F.Cu
  6
CONTINUOUS
100
AcDbLine
 10
5.2070472440944879
 20
-4.8256692913385821
 30
0
 11
5.2059055118110233
 21
-4.826692913385827
 31
0
  0
LINE
  5
713
330
22
100
AcDbEntity
  8
F.Cu
  6
CONTINUOUS
100
AcDbLine
 10
5.2059055118110233
 20
-4.826692913385827
 30
0
 11
5.2058661417322831
 21
-4.8267322834645672
 31
0
  0
LINE
  5
714
330
22
100
AcDbEntity
  8
F.Cu
  6
CONTINUOUS
100
AcDbLine
 10
5.2058661417322831
 20
-4.8267322834645672
 30
0
 11
5.2053543307086612
 21
-4.8272834645669294
 31
0
  0
LINE
  5
715
330
22
100
AcDbEntity
  8
F.Cu
  6
CONTINUOUS
100
AcDbLine
 10
5.2053543307086612
 20
-4.8272834645669294
 30
0
 11
5.2053149606299209
 21
-4.8273622047244089
 31
0
  0
LINE
  5
716
330
22
100
AcDbEntity
  8
F.Cu
  6
CONTINUOUS
100
AcDbLine
 10
5.2053149606299209
 20
-4.8273622047244089
 30
0
 11
5.2045669291338585
 21
-4.8285039370078735
 31
0
  0
LINE
  5
717
330
22
100
AcDbEntity
  8
F.Cu
  6
CONTINUOUS
100
AcDbLine
 10
5.2045669291338585
 20
-4.8285039370078735
 30
0
 11
5.2042125984251966
 21
-4.8292125984251966
 31
0
  0
LINE
  5
718
330
22
100
AcDbEntity
  8
F.Cu
  6
CONTINUOUS
100
AcDbLine
 10
5.2042125984251966
 20
-4.8292125984251966
 30
0
 11
5.2041732283464563
 21
-4.8293307086614172
 31
0
  0
LINE
  5
719
330
22
100
AcDbEntity
  8
F.Cu
  6
CONTINUOUS
100
AcDbLine
 10
5.2041732283464563
 20
-4.8293307086614172
 30
0
 11
5.2037007874015746
 21
-4.8305511811023623
 31
0
  0
LINE
  5
71A
330
22
100
AcDbEntity
  8
F.Cu
  6
CONTINUOUS
100
AcDbLine
 10
5.2037007874015746
 20
-4.8305511811023623
 30
0
 11
5.2037007874015746
 21
-4.8306299212598427
 31
0
  0
LINE
  5
71B
330
22
100
AcDbEntity
  8
F.Cu
  6
CONTINUOUS
100
AcDbLine
 10
5.2037007874015746
 20
-4.8306299212598427
 30
0
 11
5.2036614173228344
 21
-4.8306299212598427
 31
0
  0
LINE
  5
71C
330
22
100
AcDbEntity
  8
F.Cu
  6
CONTINUOUS
100
AcDbLine
 10
5.2036614173228344
 20
-4.8306299212598427
 30
0
 11
5.2035039370078735
 21
-4.8316535433070866
 31
0
  0
LINE
  5
71D
330
22
100
AcDbEntity
  8
F.Cu
  6
CONTINUOUS
100
AcDbLine
 10
5.2035039370078735
 20
-4.8316535433070866
 30
0
 11
5.2034645669291342
 21
-4.8319291338582673
 31
0
  0
LINE
  5
71E
330
22
100
AcDbEntity
  8
F.Cu
  6
CONTINUOUS
100
AcDbLine
 10
5.2034645669291342
 20
-4.8319291338582673
 30
0
 11
5.2033858267716537
 21
-4.8324409448818892
 31
0
  0
LINE
  5
71F
330
22
100
AcDbEntity
  8
F.Cu
  6
CONTINUOUS
100
AcDbLine
 10
5.2033858267716537
 20
-4.8324409448818892
 30
0
 11
5.2033858267716537
 21
-4.8673622047244089
 31
0
  0
LINE
  5
720
330
22
100
AcDbEntity
  8
F.Cu
  6
CONTINUOUS
100
AcDbLine
 10
5.5929527559055119
 20
-4.7745669291338579
 30
0
 11
5.5955511811023619
 21
-4.7841732283464564
 31
0
  0
LINE
  5
721
330
22
100
AcDbEntity
  8
F.Cu
  6
CONTINUOUS
100
AcDbLine
 10
5.5955511811023619
 20
-4.7841732283464564
 30
0
 11
5.6003937007874018
 21
-4.7926377952755903
 31
0
  0
LINE
  5
722
330
22
100
AcDbEntity
  8
F.Cu
  6
CONTINUOUS
100
AcDbLine
 10
5.6003937007874018
 20
-4.7926377952755903
 30
0
 11
5.6004330708661412
 21
-4.7926771653543305
 31
0
  0
LINE
  5
723
330
22
100
AcDbEntity
  8
F.Cu
  6
CONTINUOUS
100
AcDbLine
 10
5.6004330708661412
 20
-4.7926771653543305
 30
0
 11
5.6074409448818896
 21
-4.7996456692913387
 31
0
  0
LINE
  5
724
330
22
100
AcDbEntity
  8
F.Cu
  6
CONTINUOUS
100
AcDbLine
 10
5.6074409448818896
 20
-4.7996456692913387
 30
0
 11
5.6074803149606298
 21
-4.799685039370079
 31
0
  0
LINE
  5
725
330
22
100
AcDbEntity
  8
F.Cu
  6
CONTINUOUS
100
AcDbLine
 10
5.6074803149606298
 20
-4.799685039370079
 30
0
 11
5.6159055118110235
 21
-4.8045669291338582
 31
0
  0
LINE
  5
726
330
22
100
AcDbEntity
  8
F.Cu
  6
CONTINUOUS
100
AcDbLine
 10
5.6159055118110235
 20
-4.8045669291338582
 30
0
 11
5.6255511811023622
 21
-4.8071653543307082
 31
0
  0
LINE
  5
727
330
22
100
AcDbEntity
  8
F.Cu
  6
CONTINUOUS
100
AcDbLine
 10
5.6255511811023622
 20
-4.8071653543307082
 30
0
 11
5.6352362204724411
 21
-4.8071653543307082
 31
0
  0
LINE
  5
728
330
22
100
AcDbEntity
  8
F.Cu
  6
CONTINUOUS
100
AcDbLine
 10
5.6352362204724411
 20
-4.8071653543307082
 30
0
 11
5.6449212598425191
 21
-4.8045669291338582
 31
0
  0
LINE
  5
729
330
22
100
AcDbEntity
  8
F.Cu
  6
CONTINUOUS
100
AcDbLine
 10
5.6449212598425191
 20
-4.8045669291338582
 30
0
 11
5.6450393700787398
 21
-4.804527559055118
 31
0
  0
LINE
  5
72A
330
22
100
AcDbEntity
  8
F.Cu
  6
CONTINUOUS
100
AcDbLine
 10
5.6450393700787398
 20
-4.804527559055118
 30
0
 11
5.653385826771653
 21
-4.799685039370079
 31
0
  0
LINE
  5
72B
330
22
100
AcDbEntity
  8
F.Cu
  6
CONTINUOUS
100
AcDbLine
 10
5.653385826771653
 20
-4.799685039370079
 30
0
 11
5.6604330708661417
 21
-4.7926377952755903
 31
0
  0
LINE
  5
72C
330
22
100
AcDbEntity
  8
F.Cu
  6
CONTINUOUS
100
AcDbLine
 10
5.6604330708661417
 20
-4.7926377952755903
 30
0
 11
5.6652755905511807
 21
-4.7842913385826771
 31
0
  0
LINE
  5
72D
330
22
100
AcDbEntity
  8
F.Cu
  6
CONTINUOUS
100
AcDbLine
 10
5.6652755905511807
 20
-4.7842913385826771
 30
0
 11
5.6653937007874013
 21
-4.7839763779527562
 31
0
  0
LINE
  5
72E
330
22
100
AcDbEntity
  8
F.Cu
  6
CONTINUOUS
100
AcDbLine
 10
5.6653937007874013
 20
-4.7839763779527562
 30
0
 11
5.6678740157480316
 21
-4.7746062992125982
 31
0
  0
LINE
  5
72F
330
22
100
AcDbEntity
  8
F.Cu
  6
CONTINUOUS
100
AcDbLine
 10
5.6678740157480316
 20
-4.7746062992125982
 30
0
 11
5.6678740157480316
 21
-4.7647637795275593
 31
0
  0
LINE
  5
730
330
22
100
AcDbEntity
  8
F.Cu
  6
CONTINUOUS
100
AcDbLine
 10
5.6678740157480316
 20
-4.7647637795275593
 30
0
 11
5.6653937007874013
 21
-4.7553937007874012
 31
0
  0
LINE
  5
731
330
22
100
AcDbEntity
  8
F.Cu
  6
CONTINUOUS
100
AcDbLine
 10
5.6653937007874013
 20
-4.7553937007874012
 30
0
 11
5.6652755905511807
 21
-4.7550787401574803
 31
0
  0
LINE
  5
732
330
22
100
AcDbEntity
  8
F.Cu
  6
CONTINUOUS
100
AcDbLine
 10
5.6652755905511807
 20
-4.7550787401574803
 30
0
 11
5.6604330708661417
 21
-4.7467322834645671
 31
0
  0
LINE
  5
733
330
22
100
AcDbEntity
  8
F.Cu
  6
CONTINUOUS
100
AcDbLine
 10
5.6604330708661417
 20
-4.7467322834645671
 30
0
 11
5.653385826771653
 21
-4.7396850393700785
 31
0
  0
LINE
  5
734
330
22
100
AcDbEntity
  8
F.Cu
  6
CONTINUOUS
100
AcDbLine
 10
5.653385826771653
 20
-4.7396850393700785
 30
0
 11
5.6450393700787398
 21
-4.7348425196850394
 31
0
  0
LINE
  5
735
330
22
100
AcDbEntity
  8
F.Cu
  6
CONTINUOUS
100
AcDbLine
 10
5.6450393700787398
 20
-4.7348425196850394
 30
0
 11
5.6448425196850396
 21
-4.734763779527559
 31
0
  0
LINE
  5
736
330
22
100
AcDbEntity
  8
F.Cu
  6
CONTINUOUS
100
AcDbLine
 10
5.6448425196850396
 20
-4.734763779527559
 30
0
 11
5.6353149606299215
 21
-4.7322440944881885
 31
0
  0
LINE
  5
737
330
22
100
AcDbEntity
  8
F.Cu
  6
CONTINUOUS
100
AcDbLine
 10
5.6353149606299215
 20
-4.7322440944881885
 30
0
 11
5.625511811023622
 21
-4.7322440944881885
 31
0
  0
LINE
  5
738
330
22
100
AcDbEntity
  8
F.Cu
  6
CONTINUOUS
100
AcDbLine
 10
5.625511811023622
 20
-4.7322440944881885
 30
0
 11
5.6160236220472441
 21
-4.734763779527559
 31
0
  0
LINE
  5
739
330
22
100
AcDbEntity
  8
F.Cu
  6
CONTINUOUS
100
AcDbLine
 10
5.6160236220472441
 20
-4.734763779527559
 30
0
 11
5.615826771653543
 21
-4.7348425196850394
 31
0
  0
LINE
  5
73A
330
22
100
AcDbEntity
  8
F.Cu
  6
CONTINUOUS
100
AcDbLine
 10
5.615826771653543
 20
-4.7348425196850394
 30
0
 11
5.6074803149606298
 21
-4.7396850393700785
 31
0
  0
LINE
  5
73B
330
22
100
AcDbEntity
  8
F.Cu
  6
CONTINUOUS
100
AcDbLine
 10
5.6074803149606298
 20
-4.7396850393700785
 30
0
 11
5.6074409448818896
 21
-4.7397244094488187
 31
0
  0
LINE
  5
73C
330
22
100
AcDbEntity
  8
F.Cu
  6
CONTINUOUS
100
AcDbLine
 10
5.6074409448818896
 20
-4.7397244094488187
 30
0
 11
5.6004330708661412
 21
-4.7466929133858269
 31
0
  0
LINE
  5
73D
330
22
100
AcDbEntity
  8
F.Cu
  6
CONTINUOUS
100
AcDbLine
 10
5.6004330708661412
 20
-4.7466929133858269
 30
0
 11
5.6003937007874018
 21
-4.7467322834645671
 31
0
  0
LINE
  5
73E
330
22
100
AcDbEntity
  8
F.Cu
  6
CONTINUOUS
100
AcDbLine
 10
5.6003937007874018
 20
-4.7467322834645671
 30
0
 11
5.5955511811023619
 21
-4.755196850393701
 31
0
  0
LINE
  5
73F
330
22
100
AcDbEntity
  8
F.Cu
  6
CONTINUOUS
100
AcDbLine
 10
5.5955511811023619
 20
-4.755196850393701
 30
0
 11
5.5954724409448815
 21
-4.7553937007874012
 31
0
  0
LINE
  5
740
330
22
100
AcDbEntity
  8
F.Cu
  6
CONTINUOUS
100
AcDbLine
 10
5.5954724409448815
 20
-4.7553937007874012
 30
0
 11
5.5929527559055119
 21
-4.7648031496062995
 31
0
  0
LINE
  5
741
330
22
100
AcDbEntity
  8
F.Cu
  6
CONTINUOUS
100
AcDbLine
 10
5.5929527559055119
 20
-4.7648031496062995
 30
0
 11
5.5929527559055119
 21
-4.7745669291338579
 31
0
  0
LINE
  5
742
330
22
100
AcDbEntity
  8
F.Cu
  6
CONTINUOUS
100
AcDbLine
 10
5.962086614173228
 20
-3.9990551181102361
 30
0
 11
5.9621259842519683
 21
-3.9999606299212598
 31
0
  0
LINE
  5
743
330
22
100
AcDbEntity
  8
F.Cu
  6
CONTINUOUS
100
AcDbLine
 10
5.9621259842519683
 20
-3.9999606299212598
 30
0
 11
5.9623622047244096
 21
-4.0012598425196853
 31
0
  0
LINE
  5
744
330
22
100
AcDbEntity
  8
F.Cu
  6
CONTINUOUS
100
AcDbLine
 10
5.9623622047244096
 20
-4.0012598425196853
 30
0
 11
5.96244094488189
 21
-4.0014960629921257
 31
0
  0
LINE
  5
745
330
22
100
AcDbEntity
  8
F.Cu
  6
CONTINUOUS
100
AcDbLine
 10
5.96244094488189
 20
-4.0014960629921257
 30
0
 11
5.9628346456692913
 21
-4.0025590551181098
 31
0
  0
LINE
  5
746
330
22
100
AcDbEntity
  8
F.Cu
  6
CONTINUOUS
100
AcDbLine
 10
5.9628346456692913
 20
-4.0025590551181098
 30
0
 11
5.9628740157480316
 21
-4.0026771653543305
 31
0
  0
LINE
  5
747
330
22
100
AcDbEntity
  8
F.Cu
  6
CONTINUOUS
100
AcDbLine
 10
5.9628740157480316
 20
-4.0026771653543305
 30
0
 11
5.9631496062992122
 21
-4.0032283464566927
 31
0
  0
LINE
  5
748
330
22
100
AcDbEntity
  8
F.Cu
  6
CONTINUOUS
100
AcDbLine
 10
5.9631496062992122
 20
-4.0032283464566927
 30
0
 11
5.9633070866141731
 21
-4.0035039370078742
 31
0
  0
LINE
  5
749
330
22
100
AcDbEntity
  8
F.Cu
  6
CONTINUOUS
100
AcDbLine
 10
5.9633070866141731
 20
-4.0035039370078742
 30
0
 11
5.9639763779527559
 21
-4.0045275590551181
 31
0
  0
LINE
  5
74A
330
22
100
AcDbEntity
  8
F.Cu
  6
CONTINUOUS
100
AcDbLine
 10
5.9639763779527559
 20
-4.0045275590551181
 30
0
 11
5.9640551181102364
 21
-4.0046456692913388
 31
0
  0
LINE
  5
74B
330
22
100
AcDbEntity
  8
F.Cu
  6
CONTINUOUS
100
AcDbLine
 10
5.9640551181102364
 20
-4.0046456692913388
 30
0
 11
5.9645275590551181
 21
-4.0051574803149608
 31
0
  0
LINE
  5
74C
330
22
100
AcDbEntity
  8
F.Cu
  6
CONTINUOUS
100
AcDbLine
 10
5.9645275590551181
 20
-4.0051574803149608
 30
0
 11
5.9648031496062988
 21
-4.0054330708661414
 31
0
  0
LINE
  5
74D
330
22
100
AcDbEntity
  8
F.Cu
  6
CONTINUOUS
100
AcDbLine
 10
5.9648031496062988
 20
-4.0054330708661414
 30
0
 11
5.9656299212598425
 21
-4.0061417322834645
 31
0
  0
LINE
  5
74E
330
22
100
AcDbEntity
  8
F.Cu
  6
CONTINUOUS
100
AcDbLine
 10
5.9656299212598425
 20
-4.0061417322834645
 30
0
 11
5.9666929133858266
 21
-4.0067716535433071
 31
0
  0
LINE
  5
74F
330
22
100
AcDbEntity
  8
F.Cu
  6
CONTINUOUS
100
AcDbLine
 10
5.9666929133858266
 20
-4.0067716535433071
 30
0
 11
5.9668897637795277
 21
-4.0068897637795278
 31
0
  0
LINE
  5
750
330
22
100
AcDbEntity
  8
F.Cu
  6
CONTINUOUS
100
AcDbLine
 10
5.9668897637795277
 20
-4.0068897637795278
 30
0
 11
5.9673228346456693
 21
-4.0071259842519682
 31
0
  0
LINE
  5
751
330
22
100
AcDbEntity
  8
F.Cu
  6
CONTINUOUS
100
AcDbLine
 10
5.9673228346456693
 20
-4.0071259842519682
 30
0
 11
5.9676771653543303
 21
-4.0072834645669291
 31
0
  0
LINE
  5
752
330
22
100
AcDbEntity
  8
F.Cu
  6
CONTINUOUS
100
AcDbLine
 10
5.9676771653543303
 20
-4.0072834645669291
 30
0
 11
5.9683858267716534
 21
-4.0075590551181097
 31
0
  0
LINE
  5
753
330
22
100
AcDbEntity
  8
F.Cu
  6
CONTINUOUS
100
AcDbLine
 10
5.9683858267716534
 20
-4.0075590551181097
 30
0
 11
5.9685433070866143
 21
-4.0075984251968499
 31
0
  0
LINE
  5
754
330
22
100
AcDbEntity
  8
F.Cu
  6
CONTINUOUS
100
AcDbLine
 10
5.9685433070866143
 20
-4.0075984251968499
 30
0
 11
5.9701968503937008
 21
-4.0078740157480315
 31
0
  0
LINE
  5
755
330
22
100
AcDbEntity
  8
F.Cu
  6
CONTINUOUS
100
AcDbLine
 10
5.9701968503937008
 20
-4.0078740157480315
 30
0
 11
5.9709448818897632
 21
-4.0079133858267717
 31
0
  0
LINE
  5
756
330
22
100
AcDbEntity
  8
F.Cu
  6
CONTINUOUS
100
AcDbLine
 10
5.9709448818897632
 20
-4.0079133858267717
 30
0
 11
5.9757480314960629
 21
-4.0079133858267717
 31
0
  0
LINE
  5
757
330
22
100
AcDbEntity
  8
F.Cu
  6
CONTINUOUS
100
AcDbLine
 10
5.9757480314960629
 20
-4.0079133858267717
 30
0
 11
5.9792125984251969
 21
-4.0113779527559057
 31
0
  0
LINE
  5
758
330
22
100
AcDbEntity
  8
F.Cu
  6
CONTINUOUS
100
AcDbLine
 10
5.9792125984251969
 20
-4.0113779527559057
 30
0
 11
5.9792125984251969
 21
-4.5281889763779528
 31
0
  0
LINE
  5
759
330
22
100
AcDbEntity
  8
F.Cu
  6
CONTINUOUS
100
AcDbLine
 10
5.9792125984251969
 20
-4.5281889763779528
 30
0
 11
5.9794094488188971
 21
-4.5290157480314956
 31
0
  0
LINE
  5
75A
330
22
100
AcDbEntity
  8
F.Cu
  6
CONTINUOUS
100
AcDbLine
 10
5.9794094488188971
 20
-4.5290157480314956
 30
0
 11
5.9794488188976374
 21
-4.529251968503937
 31
0
  0
LINE
  5
75B
330
22
100
AcDbEntity
  8
F.Cu
  6
CONTINUOUS
100
AcDbLine
 10
5.9794488188976374
 20
-4.529251968503937
 30
0
 11
5.9796062992125982
 21
-4.52996062992126
 31
0
  0
LINE
  5
75C
330
22
100
AcDbEntity
  8
F.Cu
  6
CONTINUOUS
100
AcDbLine
 10
5.9796062992125982
 20
-4.52996062992126
 30
0
 11
5.9797244094488189
 21
-4.5302755905511809
 31
0
  0
LINE
  5
75D
330
22
100
AcDbEntity
  8
F.Cu
  6
CONTINUOUS
100
AcDbLine
 10
5.9797244094488189
 20
-4.5302755905511809
 30
0
 11
5.9798031496062993
 21
-4.5304330708661418
 31
0
  0
LINE
  5
75E
330
22
100
AcDbEntity
  8
F.Cu
  6
CONTINUOUS
100
AcDbLine
 10
5.9798031496062993
 20
-4.5304330708661418
 30
0
 11
5.9798818897637798
 21
-4.5307480314960626
 31
0
  0
LINE
  5
75F
330
22
100
AcDbEntity
  8
F.Cu
  6
CONTINUOUS
100
AcDbLine
 10
5.9798818897637798
 20
-4.5307480314960626
 30
0
 11
5.9801968503937006
 21
-4.5311811023622051
 31
0
  0
LINE
  5
760
330
22
100
AcDbEntity
  8
F.Cu
  6
CONTINUOUS
100
AcDbLine
 10
5.9801968503937006
 20
-4.5311811023622051
 30
0
 11
5.9805118110236215
 21
-4.531692913385827
 31
0
  0
LINE
  5
761
330
22
100
AcDbEntity
  8
F.Cu
  6
CONTINUOUS
100
AcDbLine
 10
5.9805118110236215
 20
-4.531692913385827
 30
0
 11
5.9808267716535433
 21
-4.5324015748031492
 31
0
  0
LINE
  5
762
330
22
100
AcDbEntity
  8
F.Cu
  6
CONTINUOUS
100
AcDbLine
 10
5.9808267716535433
 20
-4.5324015748031492
 30
0
 11
5.9808661417322835
 21
-4.5324409448818894
 31
0
  0
LINE
  5
763
330
22
100
AcDbEntity
  8
F.Cu
  6
CONTINUOUS
100
AcDbLine
 10
5.9808661417322835
 20
-4.5324409448818894
 30
0
 11
5.9812204724409446
 21
-4.5328346456692916
 31
0
  0
LINE
  5
764
330
22
100
AcDbEntity
  8
F.Cu
  6
CONTINUOUS
100
AcDbLine
 10
5.9812204724409446
 20
-4.5328346456692916
 30
0
 11
5.9813779527559054
 21
-4.5330314960629918
 31
0
  0
LINE
  5
765
330
22
100
AcDbEntity
  8
F.Cu
  6
CONTINUOUS
100
AcDbLine
 10
5.9813779527559054
 20
-4.5330314960629918
 30
0
 11
5.9815748031496065
 21
-4.5332677165354331
 31
0
  0
LINE
  5
766
330
22
100
AcDbEntity
  8
F.Cu
  6
CONTINUOUS
100
AcDbLine
 10
5.9815748031496065
 20
-4.5332677165354331
 30
0
 11
6.1966535433070868
 21
-4.7483858267716537
 31
0
  0
LINE
  5
767
330
22
100
AcDbEntity
  8
F.Cu
  6
CONTINUOUS
100
AcDbLine
 10
6.1966535433070868
 20
-4.7483858267716537
 30
0
 11
6.1971653543307088
 21
-4.7523622047244096
 31
0
  0
LINE
  5
768
330
22
100
AcDbEntity
  8
F.Cu
  6
CONTINUOUS
100
AcDbLine
 10
6.1971653543307088
 20
-4.7523622047244096
 30
0
 11
6.1955511811023625
 21
-4.755196850393701
 31
0
  0
LINE
  5
769
330
22
100
AcDbEntity
  8
F.Cu
  6
CONTINUOUS
100
AcDbLine
 10
6.1955511811023625
 20
-4.755196850393701
 30
0
 11
6.195472440944882
 21
-4.7553937007874012
 31
0
  0
LINE
  5
76A
330
22
100
AcDbEntity
  8
F.Cu
  6
CONTINUOUS
100
AcDbLine
 10
6.195472440944882
 20
-4.7553937007874012
 30
0
 11
6.1929921259842518
 21
-4.7647637795275593
 31
0
  0
LINE
  5
76B
330
22
100
AcDbEntity
  8
F.Cu
  6
CONTINUOUS
100
AcDbLine
 10
6.1929921259842518
 20
-4.7647637795275593
 30
0
 11
6.1929921259842518
 21
-4.7745669291338579
 31
0
  0
LINE
  5
76C
330
22
100
AcDbEntity
  8
F.Cu
  6
CONTINUOUS
100
AcDbLine
 10
6.1929921259842518
 20
-4.7745669291338579
 30
0
 11
6.1955118110236223
 21
-4.7841338582677162
 31
0
  0
LINE
  5
76D
330
22
100
AcDbEntity
  8
F.Cu
  6
CONTINUOUS
100
AcDbLine
 10
6.1955118110236223
 20
-4.7841338582677162
 30
0
 11
6.1955511811023625
 21
-4.7841732283464564
 31
0
  0
LINE
  5
76E
330
22
100
AcDbEntity
  8
F.Cu
  6
CONTINUOUS
100
AcDbLine
 10
6.1955511811023625
 20
-4.7841732283464564
 30
0
 11
6.2003937007874015
 21
-4.7926377952755903
 31
0
  0
LINE
  5
76F
330
22
100
AcDbEntity
  8
F.Cu
  6
CONTINUOUS
100
AcDbLine
 10
6.2003937007874015
 20
-4.7926377952755903
 30
0
 11
6.2004330708661417
 21
-4.7926771653543305
 31
0
  0
LINE
  5
770
330
22
100
AcDbEntity
  8
F.Cu
  6
CONTINUOUS
100
AcDbLine
 10
6.2004330708661417
 20
-4.7926771653543305
 30
0
 11
6.2074409448818892
 21
-4.7996456692913387
 31
0
  0
LINE
  5
771
330
22
100
AcDbEntity
  8
F.Cu
  6
CONTINUOUS
100
AcDbLine
 10
6.2074409448818892
 20
-4.7996456692913387
 30
0
 11
6.2074803149606295
 21
-4.799685039370079
 31
0
  0
LINE
  5
772
330
22
100
AcDbEntity
  8
F.Cu
  6
CONTINUOUS
100
AcDbLine
 10
6.2074803149606295
 20
-4.799685039370079
 30
0
 11
6.2159055118110231
 21
-4.8045669291338582
 31
0
  0
LINE
  5
773
330
22
100
AcDbEntity
  8
F.Cu
  6
CONTINUOUS
100
AcDbLine
 10
6.2159055118110231
 20
-4.8045669291338582
 30
0
 11
6.2255511811023618
 21
-4.8071653543307082
 31
0
  0
LINE
  5
774
330
22
100
AcDbEntity
  8
F.Cu
  6
CONTINUOUS
100
AcDbLine
 10
6.2255511811023618
 20
-4.8071653543307082
 30
0
 11
6.2352362204724407
 21
-4.8071653543307082
 31
0
  0
LINE
  5
775
330
22
100
AcDbEntity
  8
F.Cu
  6
CONTINUOUS
100
AcDbLine
 10
6.2352362204724407
 20
-4.8071653543307082
 30
0
 11
6.2449212598425197
 21
-4.8045669291338582
 31
0
  0
LINE
  5
776
330
22
100
AcDbEntity
  8
F.Cu
  6
CONTINUOUS
100
AcDbLine
 10
6.2449212598425197
 20
-4.8045669291338582
 30
0
 11
6.2450393700787403
 21
-4.804527559055118
 31
0
  0
LINE
  5
777
330
22
100
AcDbEntity
  8
F.Cu
  6
CONTINUOUS
100
AcDbLine
 10
6.2450393700787403
 20
-4.804527559055118
 30
0
 11
6.2533858267716536
 21
-4.799685039370079
 31
0
  0
LINE
  5
778
330
22
100
AcDbEntity
  8
F.Cu
  6
CONTINUOUS
100
AcDbLine
 10
6.2533858267716536
 20
-4.799685039370079
 30
0
 11
6.2604330708661413
 21
-4.7926377952755903
 31
0
  0
LINE
  5
779
330
22
100
AcDbEntity
  8
F.Cu
  6
CONTINUOUS
100
AcDbLine
 10
6.2604330708661413
 20
-4.7926377952755903
 30
0
 11
6.2652755905511812
 21
-4.7842913385826771
 31
0
  0
LINE
  5
77A
330
22
100
AcDbEntity
  8
F.Cu
  6
CONTINUOUS
100
AcDbLine
 10
6.2652755905511812
 20
-4.7842913385826771
 30
0
 11
6.2653149606299214
 21
-4.7841732283464564
 31
0
  0
LINE
  5
77B
330
22
100
AcDbEntity
  8
F.Cu
  6
CONTINUOUS
100
AcDbLine
 10
6.2653149606299214
 20
-4.7841732283464564
 30
0
 11
6.2679133858267715
 21
-4.7744881889763775
 31
0
  0
LINE
  5
77C
330
22
100
AcDbEntity
  8
F.Cu
  6
CONTINUOUS
100
AcDbLine
 10
6.2679133858267715
 20
-4.7744881889763775
 30
0
 11
6.2679133858267715
 21
-4.7648031496062995
 31
0
  0
LINE
  5
77D
330
22
100
AcDbEntity
  8
F.Cu
  6
CONTINUOUS
100
AcDbLine
 10
6.2679133858267715
 20
-4.7648031496062995
 30
0
 11
6.2653149606299214
 21
-4.7551574803149608
 31
0
  0
LINE
  5
77E
330
22
100
AcDbEntity
  8
F.Cu
  6
CONTINUOUS
100
AcDbLine
 10
6.2653149606299214
 20
-4.7551574803149608
 30
0
 11
6.2604330708661413
 21
-4.7467322834645671
 31
0
  0
LINE
  5
77F
330
22
100
AcDbEntity
  8
F.Cu
  6
CONTINUOUS
100
AcDbLine
 10
6.2604330708661413
 20
-4.7467322834645671
 30
0
 11
6.2533858267716536
 21
-4.7396850393700785
 31
0
  0
LINE
  5
780
330
22
100
AcDbEntity
  8
F.Cu
  6
CONTINUOUS
100
AcDbLine
 10
6.2533858267716536
 20
-4.7396850393700785
 30
0
 11
6.2450393700787403
 21
-4.7348425196850394
 31
0
  0
LINE
  5
781
330
22
100
AcDbEntity
  8
F.Cu
  6
CONTINUOUS
100
AcDbLine
 10
6.2450393700787403
 20
-4.7348425196850394
 30
0
 11
6.2448425196850392
 21
-4.734763779527559
 31
0
  0
LINE
  5
782
330
22
100
AcDbEntity
  8
F.Cu
  6
CONTINUOUS
100
AcDbLine
 10
6.2448425196850392
 20
-4.734763779527559
 30
0
 11
6.2353149606299212
 21
-4.7322440944881885
 31
0
  0
LINE
  5
783
330
22
100
AcDbEntity
  8
F.Cu
  6
CONTINUOUS
100
AcDbLine
 10
6.2353149606299212
 20
-4.7322440944881885
 30
0
 11
6.2255118110236216
 21
-4.7322440944881885
 31
0
  0
LINE
  5
784
330
22
100
AcDbEntity
  8
F.Cu
  6
CONTINUOUS
100
AcDbLine
 10
6.2255118110236216
 20
-4.7322440944881885
 30
0
 11
6.2160236220472438
 21
-4.734763779527559
 31
0
  0
LINE
  5
785
330
22
100
AcDbEntity
  8
F.Cu
  6
CONTINUOUS
100
AcDbLine
 10
6.2160236220472438
 20
-4.734763779527559
 30
0
 11
6.2158267716535436
 21
-4.7348425196850394
 31
0
  0
LINE
  5
786
330
22
100
AcDbEntity
  8
F.Cu
  6
CONTINUOUS
100
AcDbLine
 10
6.2158267716535436
 20
-4.7348425196850394
 30
0
 11
6.2130708661417318
 21
-4.7364173228346456
 31
0
  0
LINE
  5
787
330
22
100
AcDbEntity
  8
F.Cu
  6
CONTINUOUS
100
AcDbLine
 10
6.2130708661417318
 20
-4.7364173228346456
 30
0
 11
6.2090944881889758
 21
-4.7359055118110236
 31
0
  0
LINE
  5
788
330
22
100
AcDbEntity
  8
F.Cu
  6
CONTINUOUS
100
AcDbLine
 10
6.2090944881889758
 20
-4.7359055118110236
 30
0
 11
6.1379659842519683
 21
-4.6647637795275587
 31
0
  0
LINE
  5
789
330
22
100
AcDbEntity
  8
F.Cu
  6
CONTINUOUS
100
AcDbLine
 10
6.1379659842519683
 20
-4.6647637795275587
 30
0
 11
6.0379846062992124
 21
-4.5647637795275591
 31
0
  0
LINE
  5
78A
330
22
100
AcDbEntity
  8
F.Cu
  6
CONTINUOUS
100
AcDbLine
 10
6.0379846062992124
 20
-4.5647637795275591
 30
0
 11
5.9977165354330708
 21
-4.5244881889763775
 31
0
  0
LINE
  5
78B
330
22
100
AcDbEntity
  8
F.Cu
  6
CONTINUOUS
100
AcDbLine
 10
5.9977165354330708
 20
-4.5244881889763775
 30
0
 11
5.9968110236220475
 21
-4.522322834645669
 31
0
  0
LINE
  5
78C
330
22
100
AcDbEntity
  8
F.Cu
  6
CONTINUOUS
100
AcDbLine
 10
5.9968110236220475
 20
-4.522322834645669
 30
0
 11
5.9968110236220475
 21
-4.4647637795275585
 31
0
  0
LINE
  5
78D
330
22
100
AcDbEntity
  8
F.Cu
  6
CONTINUOUS
100
AcDbLine
 10
5.9968110236220475
 20
-4.4647637795275585
 30
0
 11
5.9968110236220475
 21
-4.3647637795275589
 31
0
  0
LINE
  5
78E
330
22
100
AcDbEntity
  8
F.Cu
  6
CONTINUOUS
100
AcDbLine
 10
5.9968110236220475
 20
-4.3647637795275589
 30
0
 11
5.9968110236220475
 21
-4.2647637795275593
 31
0
  0
LINE
  5
78F
330
22
100
AcDbEntity
  8
F.Cu
  6
CONTINUOUS
100
AcDbLine
 10
5.9968110236220475
 20
-4.2647637795275593
 30
0
 11
5.9968110236220475
 21
-4.1647637795275587
 31
0
  0
LINE
  5
790
330
22
100
AcDbEntity
  8
F.Cu
  6
CONTINUOUS
100
AcDbLine
 10
5.9968110236220475
 20
-4.1647637795275587
 30
0
 11
5.9968110236220475
 21
-4.0647637795275591
 31
0
  0
LINE
  5
791
330
22
100
AcDbEntity
  8
F.Cu
  6
CONTINUOUS
100
AcDbLine
 10
5.9968110236220475
 20
-4.0647637795275591
 30
0
 11
5.9968110236220475
 21
-4.0113779527559057
 31
0
  0
LINE
  5
792
330
22
100
AcDbEntity
  8
F.Cu
  6
CONTINUOUS
100
AcDbLine
 10
5.9968110236220475
 20
-4.0113779527559057
 30
0
 11
6.0002755905511806
 21
-4.0079133858267717
 31
0
  0
LINE
  5
793
330
22
100
AcDbEntity
  8
F.Cu
  6
CONTINUOUS
100
AcDbLine
 10
6.0002755905511806
 20
-4.0079133858267717
 30
0
 11
6.0050787401574803
 21
-4.0079133858267717
 31
0
  0
LINE
  5
794
330
22
100
AcDbEntity
  8
F.Cu
  6
CONTINUOUS
100
AcDbLine
 10
6.0050787401574803
 20
-4.0079133858267717
 30
0
 11
6.0058267716535427
 21
-4.0078740157480315
 31
0
  0
LINE
  5
795
330
22
100
AcDbEntity
  8
F.Cu
  6
CONTINUOUS
100
AcDbLine
 10
6.0058267716535427
 20
-4.0078740157480315
 30
0
 11
6.0074803149606302
 21
-4.0075984251968499
 31
0
  0
LINE
  5
796
330
22
100
AcDbEntity
  8
F.Cu
  6
CONTINUOUS
100
AcDbLine
 10
6.0074803149606302
 20
-4.0075984251968499
 30
0
 11
6.0076377952755902
 21
-4.0075590551181097
 31
0
  0
LINE
  5
797
330
22
100
AcDbEntity
  8
F.Cu
  6
CONTINUOUS
100
AcDbLine
 10
6.0076377952755902
 20
-4.0075590551181097
 30
0
 11
6.0083464566929132
 21
-4.0072834645669291
 31
0
  0
LINE
  5
798
330
22
100
AcDbEntity
  8
F.Cu
  6
CONTINUOUS
100
AcDbLine
 10
6.0083464566929132
 20
-4.0072834645669291
 30
0
 11
6.0087007874015743
 21
-4.0071259842519682
 31
0
  0
LINE
  5
799
330
22
100
AcDbEntity
  8
F.Cu
  6
CONTINUOUS
100
AcDbLine
 10
6.0087007874015743
 20
-4.0071259842519682
 30
0
 11
6.0092913385826767
 21
-4.0068110236220473
 31
0
  0
LINE
  5
79A
330
22
100
AcDbEntity
  8
F.Cu
  6
CONTINUOUS
100
AcDbLine
 10
6.0092913385826767
 20
-4.0068110236220473
 30
0
 11
6.010551181102362
 21
-4.0060236220472438
 31
0
  0
LINE
  5
79B
330
22
100
AcDbEntity
  8
F.Cu
  6
CONTINUOUS
100
AcDbLine
 10
6.010551181102362
 20
-4.0060236220472438
 30
0
 11
6.011259842519685
 21
-4.005354330708661
 31
0
  0
LINE
  5
79C
330
22
100
AcDbEntity
  8
F.Cu
  6
CONTINUOUS
100
AcDbLine
 10
6.011259842519685
 20
-4.005354330708661
 30
0
 11
6.0120472440944877
 21
-4.0045275590551181
 31
0
  0
LINE
  5
79D
330
22
100
AcDbEntity
  8
F.Cu
  6
CONTINUOUS
100
AcDbLine
 10
6.0120472440944877
 20
-4.0045275590551181
 30
0
 11
6.0128346456692912
 21
-4.0032677165354329
 31
0
  0
LINE
  5
79E
330
22
100
AcDbEntity
  8
F.Cu
  6
CONTINUOUS
100
AcDbLine
 10
6.0128346456692912
 20
-4.0032677165354329
 30
0
 11
6.0132283464566925
 21
-4.0024803149606294
 31
0
  0
LINE
  5
79F
330
22
100
AcDbEntity
  8
F.Cu
  6
CONTINUOUS
100
AcDbLine
 10
6.0132283464566925
 20
-4.0024803149606294
 30
0
 11
6.0135433070866142
 21
-4.0016141732283463
 31
0
  0
LINE
  5
7A0
330
22
100
AcDbEntity
  8
F.Cu
  6
CONTINUOUS
100
AcDbLine
 10
6.0135433070866142
 20
-4.0016141732283463
 30
0
 11
6.0135826771653544
 21
-4.0014960629921257
 31
0
  0
LINE
  5
7A1
330
22
100
AcDbEntity
  8
F.Cu
  6
CONTINUOUS
100
AcDbLine
 10
6.0135826771653544
 20
-4.0014960629921257
 30
0
 11
6.0138582677165351
 21
-4.0003937007874013
 31
0
  0
LINE
  5
7A2
330
22
100
AcDbEntity
  8
F.Cu
  6
CONTINUOUS
100
AcDbLine
 10
6.0138582677165351
 20
-4.0003937007874013
 30
0
 11
6.0139763779527557
 21
-3.9989370078740158
 31
0
  0
LINE
  5
7A3
330
22
100
AcDbEntity
  8
F.Cu
  6
CONTINUOUS
100
AcDbLine
 10
6.0139763779527557
 20
-3.9989370078740158
 30
0
 11
6.0139763779527557
 21
-3.9648031496062992
 31
0
  0
LINE
  5
7A4
330
22
100
AcDbEntity
  8
F.Cu
  6
CONTINUOUS
100
AcDbLine
 10
6.0139763779527557
 20
-3.9648031496062992
 30
0
 11
6.0139763779527557
 21
-3.9404330708661415
 31
0
  0
LINE
  5
7A5
330
22
100
AcDbEntity
  8
F.Cu
  6
CONTINUOUS
100
AcDbLine
 10
6.0139763779527557
 20
-3.9404330708661415
 30
0
 11
6.0138582677165351
 21
-3.939055118110236
 31
0
  0
LINE
  5
7A6
330
22
100
AcDbEntity
  8
F.Cu
  6
CONTINUOUS
100
AcDbLine
 10
6.0138582677165351
 20
-3.939055118110236
 30
0
 11
6.0136220472440947
 21
-3.9380314960629921
 31
0
  0
LINE
  5
7A7
330
22
100
AcDbEntity
  8
F.Cu
  6
CONTINUOUS
100
AcDbLine
 10
6.0136220472440947
 20
-3.9380314960629921
 30
0
 11
6.0132677165354327
 21
-3.9369685039370079
 31
0
  0
LINE
  5
7A8
330
22
100
AcDbEntity
  8
F.Cu
  6
CONTINUOUS
100
AcDbLine
 10
6.0132677165354327
 20
-3.9369685039370079
 30
0
 11
6.0132283464566925
 21
-3.936811023622047
 31
0
  0
LINE
  5
7A9
330
22
100
AcDbEntity
  8
F.Cu
  6
CONTINUOUS
100
AcDbLine
 10
6.0132283464566925
 20
-3.936811023622047
 30
0
 11
6.0129133858267716
 21
-3.9362204724409446
 31
0
  0
LINE
  5
7AA
330
22
100
AcDbEntity
  8
F.Cu
  6
CONTINUOUS
100
AcDbLine
 10
6.0129133858267716
 20
-3.9362204724409446
 30
0
 11
6.0128346456692912
 21
-3.9361023622047244
 31
0
  0
LINE
  5
7AB
330
22
100
AcDbEntity
  8
F.Cu
  6
CONTINUOUS
100
AcDbLine
 10
6.0128346456692912
 20
-3.9361023622047244
 30
0
 11
6.0120866141732279
 21
-3.9348818897637794
 31
0
  0
LINE
  5
7AC
330
22
100
AcDbEntity
  8
F.Cu
  6
CONTINUOUS
100
AcDbLine
 10
6.0120866141732279
 20
-3.9348818897637794
 30
0
 11
6.0113385826771655
 21
-3.9340944881889763
 31
0
  0
LINE
  5
7AD
330
22
100
AcDbEntity
  8
F.Cu
  6
CONTINUOUS
100
AcDbLine
 10
6.0113385826771655
 20
-3.9340944881889763
 30
0
 11
6.010551181102362
 21
-3.9333464566929135
 31
0
  0
LINE
  5
7AE
330
22
100
AcDbEntity
  8
F.Cu
  6
CONTINUOUS
100
AcDbLine
 10
6.010551181102362
 20
-3.9333464566929135
 30
0
 11
6.0092913385826767
 21
-3.93255905511811
 31
0
  0
LINE
  5
7AF
330
22
100
AcDbEntity
  8
F.Cu
  6
CONTINUOUS
100
AcDbLine
 10
6.0092913385826767
 20
-3.93255905511811
 30
0
 11
6.0087007874015743
 21
-3.9322440944881887
 31
0
  0
LINE
  5
7B0
330
22
100
AcDbEntity
  8
F.Cu
  6
CONTINUOUS
100
AcDbLine
 10
6.0087007874015743
 20
-3.9322440944881887
 30
0
 11
6.0083464566929132
 21
-3.9320866141732282
 31
0
  0
LINE
  5
7B1
330
22
100
AcDbEntity
  8
F.Cu
  6
CONTINUOUS
100
AcDbLine
 10
6.0083464566929132
 20
-3.9320866141732282
 30
0
 11
6.0076377952755902
 21
-3.9318110236220472
 31
0
  0
LINE
  5
7B2
330
22
100
AcDbEntity
  8
F.Cu
  6
CONTINUOUS
100
AcDbLine
 10
6.0076377952755902
 20
-3.9318110236220472
 30
0
 11
6.0072834645669291
 21
-3.9317322834645667
 31
0
  0
LINE
  5
7B3
330
22
100
AcDbEntity
  8
F.Cu
  6
CONTINUOUS
100
AcDbLine
 10
6.0072834645669291
 20
-3.9317322834645667
 30
0
 11
6.0072834645669291
 21
-3.9316929133858265
 31
0
  0
LINE
  5
7B4
330
22
100
AcDbEntity
  8
F.Cu
  6
CONTINUOUS
100
AcDbLine
 10
6.0072834645669291
 20
-3.9316929133858265
 30
0
 11
6.0062992125984254
 21
-3.9315354330708661
 31
0
  0
LINE
  5
7B5
330
22
100
AcDbEntity
  8
F.Cu
  6
CONTINUOUS
100
AcDbLine
 10
6.0062992125984254
 20
-3.9315354330708661
 30
0
 11
6.005354330708661
 21
-3.9314173228346454
 31
0
  0
LINE
  5
7B6
330
22
100
AcDbEntity
  8
F.Cu
  6
CONTINUOUS
100
AcDbLine
 10
6.005354330708661
 20
-3.9314173228346454
 30
0
 11
5.9706692913385826
 21
-3.9314173228346454
 31
0
  0
LINE
  5
7B7
330
22
100
AcDbEntity
  8
F.Cu
  6
CONTINUOUS
100
AcDbLine
 10
5.9706692913385826
 20
-3.9314173228346454
 30
0
 11
5.9697244094488191
 21
-3.9315354330708661
 31
0
  0
LINE
  5
7B8
330
22
100
AcDbEntity
  8
F.Cu
  6
CONTINUOUS
100
AcDbLine
 10
5.9697244094488191
 20
-3.9315354330708661
 30
0
 11
5.9687401574803145
 21
-3.9316929133858265
 31
0
  0
LINE
  5
7B9
330
22
100
AcDbEntity
  8
F.Cu
  6
CONTINUOUS
100
AcDbLine
 10
5.9687401574803145
 20
-3.9316929133858265
 30
0
 11
5.9687401574803145
 21
-3.9317322834645667
 31
0
  0
LINE
  5
7BA
330
22
100
AcDbEntity
  8
F.Cu
  6
CONTINUOUS
100
AcDbLine
 10
5.9687401574803145
 20
-3.9317322834645667
 30
0
 11
5.9683858267716534
 21
-3.9318110236220472
 31
0
  0
LINE
  5
7BB
330
22
100
AcDbEntity
  8
F.Cu
  6
CONTINUOUS
100
AcDbLine
 10
5.9683858267716534
 20
-3.9318110236220472
 30
0
 11
5.9676771653543303
 21
-3.9320866141732282
 31
0
  0
LINE
  5
7BC
330
22
100
AcDbEntity
  8
F.Cu
  6
CONTINUOUS
100
AcDbLine
 10
5.9676771653543303
 20
-3.9320866141732282
 30
0
 11
5.9673228346456693
 21
-3.9322440944881887
 31
0
  0
LINE
  5
7BD
330
22
100
AcDbEntity
  8
F.Cu
  6
CONTINUOUS
100
AcDbLine
 10
5.9673228346456693
 20
-3.9322440944881887
 30
0
 11
5.9668897637795277
 21
-3.93248031496063
 31
0
  0
LINE
  5
7BE
330
22
100
AcDbEntity
  8
F.Cu
  6
CONTINUOUS
100
AcDbLine
 10
5.9668897637795277
 20
-3.93248031496063
 30
0
 11
5.9666929133858266
 21
-3.9325984251968502
 31
0
  0
LINE
  5
7BF
330
22
100
AcDbEntity
  8
F.Cu
  6
CONTINUOUS
100
AcDbLine
 10
5.9666929133858266
 20
-3.9325984251968502
 30
0
 11
5.9656299212598425
 21
-3.9332283464566928
 31
0
  0
LINE
  5
7C0
330
22
100
AcDbEntity
  8
F.Cu
  6
CONTINUOUS
100
AcDbLine
 10
5.9656299212598425
 20
-3.9332283464566928
 30
0
 11
5.9647244094488183
 21
-3.9340157480314959
 31
0
  0
LINE
  5
7C1
330
22
100
AcDbEntity
  8
F.Cu
  6
CONTINUOUS
100
AcDbLine
 10
5.9647244094488183
 20
-3.9340157480314959
 30
0
 11
5.9645275590551181
 21
-3.9342125984251965
 31
0
  0
LINE
  5
7C2
330
22
100
AcDbEntity
  8
F.Cu
  6
CONTINUOUS
100
AcDbLine
 10
5.9645275590551181
 20
-3.9342125984251965
 30
0
 11
5.9640157480314961
 21
-3.9347637795275592
 31
0
  0
LINE
  5
7C3
330
22
100
AcDbEntity
  8
F.Cu
  6
CONTINUOUS
100
AcDbLine
 10
5.9640157480314961
 20
-3.9347637795275592
 30
0
 11
5.9639763779527559
 21
-3.9348425196850392
 31
0
  0
LINE
  5
7C4
330
22
100
AcDbEntity
  8
F.Cu
  6
CONTINUOUS
100
AcDbLine
 10
5.9639763779527559
 20
-3.9348425196850392
 30
0
 11
5.9632677165354329
 21
-3.9359055118110233
 31
0
  0
LINE
  5
7C5
330
22
100
AcDbEntity
  8
F.Cu
  6
CONTINUOUS
100
AcDbLine
 10
5.9632677165354329
 20
-3.9359055118110233
 30
0
 11
5.9628740157480316
 21
-3.9366929133858268
 31
0
  0
LINE
  5
7C6
330
22
100
AcDbEntity
  8
F.Cu
  6
CONTINUOUS
100
AcDbLine
 10
5.9628740157480316
 20
-3.9366929133858268
 30
0
 11
5.9628346456692913
 21
-3.936811023622047
 31
0
  0
LINE
  5
7C7
330
22
100
AcDbEntity
  8
F.Cu
  6
CONTINUOUS
100
AcDbLine
 10
5.9628346456692913
 20
-3.936811023622047
 30
0
 11
5.9624015748031498
 21
-3.9379133858267714
 31
0
  0
LINE
  5
7C8
330
22
100
AcDbEntity
  8
F.Cu
  6
CONTINUOUS
100
AcDbLine
 10
5.9624015748031498
 20
-3.9379133858267714
 30
0
 11
5.9623622047244096
 21
-3.9381102362204725
 31
0
  0
LINE
  5
7C9
330
22
100
AcDbEntity
  8
F.Cu
  6
CONTINUOUS
100
AcDbLine
 10
5.9623622047244096
 20
-3.9381102362204725
 30
0
 11
5.9621259842519683
 21
-3.939566929133858
 31
0
  0
LINE
  5
7CA
330
22
100
AcDbEntity
  8
F.Cu
  6
CONTINUOUS
100
AcDbLine
 10
5.9621259842519683
 20
-3.939566929133858
 30
0
 11
5.962086614173228
 21
-3.9401181102362202
 31
0
  0
LINE
  5
7CB
330
22
100
AcDbEntity
  8
F.Cu
  6
CONTINUOUS
100
AcDbLine
 10
5.962086614173228
 20
-3.9401181102362202
 30
0
 11
5.962086614173228
 21
-3.9990551181102361
 31
0
  0
LINE
  5
7CC
330
22
100
AcDbEntity
  8
F.Cu
  6
CONTINUOUS
100
AcDbLine
 10
5.064055118110236
 20
-4.5699606299212601
 30
0
 11
5.0641338582677164
 21
-4.5706692913385822
 31
0
  0
LINE
  5
7CD
330
22
100
AcDbEntity
  8
F.Cu
  6
CONTINUOUS
100
AcDbLine
 10
5.0641338582677164
 20
-4.5706692913385822
 30
0
 11
5.0641732283464567
 21
-4.5710629921259844
 31
0
  0
LINE
  5
7CE
330
22
100
AcDbEntity
  8
F.Cu
  6
CONTINUOUS
100
AcDbLine
 10
5.0641732283464567
 20
-4.5710629921259844
 30
0
 11
5.0641732283464567
 21
-4.5716535433070868
 31
0
  0
LINE
  5
7CF
330
22
100
AcDbEntity
  8
F.Cu
  6
CONTINUOUS
100
AcDbLine
 10
5.0641732283464567
 20
-4.5716535433070868
 30
0
 11
5.0642519685039371
 21
-4.5719291338582675
 31
0
  0
LINE
  5
7D0
330
22
100
AcDbEntity
  8
F.Cu
  6
CONTINUOUS
100
AcDbLine
 10
5.0642519685039371
 20
-4.5719291338582675
 30
0
 11
5.0643307086614175
 21
-4.5724803149606297
 31
0
  0
LINE
  5
7D1
330
22
100
AcDbEntity
  8
F.Cu
  6
CONTINUOUS
100
AcDbLine
 10
5.0643307086614175
 20
-4.5724803149606297
 30
0
 11
5.0643700787401578
 21
-4.5730708661417321
 31
0
  0
LINE
  5
7D2
330
22
100
AcDbEntity
  8
F.Cu
  6
CONTINUOUS
100
AcDbLine
 10
5.0643700787401578
 20
-4.5730708661417321
 30
0
 11
5.0646850393700786
 21
-4.5741732283464565
 31
0
  0
LINE
  5
7D3
330
22
100
AcDbEntity
  8
F.Cu
  6
CONTINUOUS
100
AcDbLine
 10
5.0646850393700786
 20
-4.5741732283464565
 30
0
 11
5.0647244094488189
 21
-4.5744881889763782
 31
0
  0
LINE
  5
7D4
330
22
100
AcDbEntity
  8
F.Cu
  6
CONTINUOUS
100
AcDbLine
 10
5.0647244094488189
 20
-4.5744881889763782
 30
0
 11
5.0648031496062993
 21
-4.5748425196850393
 31
0
  0
LINE
  5
7D5
330
22
100
AcDbEntity
  8
F.Cu
  6
CONTINUOUS
100
AcDbLine
 10
5.0648031496062993
 20
-4.5748425196850393
 30
0
 11
5.0648818897637797
 21
-4.5750000000000002
 31
0
  0
LINE
  5
7D6
330
22
100
AcDbEntity
  8
F.Cu
  6
CONTINUOUS
100
AcDbLine
 10
5.0648818897637797
 20
-4.5750000000000002
 30
0
 11
5.0650393700787397
 21
-4.5755511811023624
 31
0
  0
LINE
  5
7D7
330
22
100
AcDbEntity
  8
F.Cu
  6
CONTINUOUS
100
AcDbLine
 10
5.0650393700787397
 20
-4.5755511811023624
 30
0
 11
5.0652362204724408
 21
-4.5762992125984248
 31
0
  0
LINE
  5
7D8
330
22
100
AcDbEntity
  8
F.Cu
  6
CONTINUOUS
100
AcDbLine
 10
5.0652362204724408
 20
-4.5762992125984248
 30
0
 11
5.0655511811023617
 21
-4.5769291338582674
 31
0
  0
LINE
  5
7D9
330
22
100
AcDbEntity
  8
F.Cu
  6
CONTINUOUS
100
AcDbLine
 10
5.0655511811023617
 20
-4.5769291338582674
 30
0
 11
5.0657086614173226
 21
-4.5772834645669294
 31
0
  0
LINE
  5
7DA
330
22
100
AcDbEntity
  8
F.Cu
  6
CONTINUOUS
100
AcDbLine
 10
5.0657086614173226
 20
-4.5772834645669294
 30
0
 11
5.0660236220472443
 21
-4.5781102362204722
 31
0
  0
LINE
  5
7DB
330
22
100
AcDbEntity
  8
F.Cu
  6
CONTINUOUS
100
AcDbLine
 10
5.0660236220472443
 20
-4.5781102362204722
 30
0
 11
5.066299212598425
 21
-4.5785433070866137
 31
0
  0
LINE
  5
7DC
330
22
100
AcDbEntity
  8
F.Cu
  6
CONTINUOUS
100
AcDbLine
 10
5.066299212598425
 20
-4.5785433070866137
 30
0
 11
5.0663779527559054
 21
-4.5787401574803148
 31
0
  0
LINE
  5
7DD
330
22
100
AcDbEntity
  8
F.Cu
  6
CONTINUOUS
100
AcDbLine
 10
5.0663779527559054
 20
-4.5787401574803148
 30
0
 11
5.0664960629921261
 21
-4.5789763779527561
 31
0
  0
LINE
  5
7DE
330
22
100
AcDbEntity
  8
F.Cu
  6
CONTINUOUS
100
AcDbLine
 10
5.0664960629921261
 20
-4.5789763779527561
 30
0
 11
5.0666141732283467
 21
-4.5791732283464563
 31
0
  0
LINE
  5
7DF
330
22
100
AcDbEntity
  8
F.Cu
  6
CONTINUOUS
100
AcDbLine
 10
5.0666141732283467
 20
-4.5791732283464563
 30
0
 11
5.0671653543307089
 21
-4.5800393700787403
 31
0
  0
LINE
  5
7E0
330
22
100
AcDbEntity
  8
F.Cu
  6
CONTINUOUS
100
AcDbLine
 10
5.0671653543307089
 20
-4.5800393700787403
 30
0
 11
5.0672047244094491
 21
-4.5801181102362207
 31
0
  0
LINE
  5
7E1
330
22
100
AcDbEntity
  8
F.Cu
  6
CONTINUOUS
100
AcDbLine
 10
5.0672047244094491
 20
-4.5801181102362207
 30
0
 11
5.0676377952755907
 21
-4.5808267716535429
 31
0
  0
LINE
  5
7E2
330
22
100
AcDbEntity
  8
F.Cu
  6
CONTINUOUS
100
AcDbLine
 10
5.0676377952755907
 20
-4.5808267716535429
 30
0
 11
5.068031496062992
 21
-4.5813385826771649
 31
0
  0
LINE
  5
7E3
330
22
100
AcDbEntity
  8
F.Cu
  6
CONTINUOUS
100
AcDbLine
 10
5.068031496062992
 20
-4.5813385826771649
 30
0
 11
5.0681889763779528
 21
-4.5815748031496062
 31
0
  0
LINE
  5
7E4
330
22
100
AcDbEntity
  8
F.Cu
  6
CONTINUOUS
100
AcDbLine
 10
5.0681889763779528
 20
-4.5815748031496062
 30
0
 11
5.0685039370078737
 21
-4.5820078740157477
 31
0
  0
LINE
  5
7E5
330
22
100
AcDbEntity
  8
F.Cu
  6
CONTINUOUS
100
AcDbLine
 10
5.0685039370078737
 20
-4.5820078740157477
 30
0
 11
5.0691732283464566
 21
-4.5826377952755903
 31
0
  0
LINE
  5
7E6
330
22
100
AcDbEntity
  8
F.Cu
  6
CONTINUOUS
100
AcDbLine
 10
5.0691732283464566
 20
-4.5826377952755903
 30
0
 11
5.0692913385826772
 21
-4.5827952755905512
 31
0
  0
LINE
  5
7E7
330
22
100
AcDbEntity
  8
F.Cu
  6
CONTINUOUS
100
AcDbLine
 10
5.0692913385826772
 20
-4.5827952755905512
 30
0
 11
5.0697244094488187
 21
-4.5833070866141732
 31
0
  0
LINE
  5
7E8
330
22
100
AcDbEntity
  8
F.Cu
  6
CONTINUOUS
100
AcDbLine
 10
5.0697244094488187
 20
-4.5833070866141732
 30
0
 11
5.1911811023622043
 21
-4.7046850393700783
 31
0
  0
LINE
  5
7E9
330
22
100
AcDbEntity
  8
F.Cu
  6
CONTINUOUS
100
AcDbLine
 10
5.1911811023622043
 20
-4.7046850393700783
 30
0
 11
5.191299212598425
 21
-4.704803149606299
 31
0
  0
LINE
  5
7EA
330
22
100
AcDbEntity
  8
F.Cu
  6
CONTINUOUS
100
AcDbLine
 10
5.191299212598425
 20
-4.704803149606299
 30
0
 11
5.1914960629921261
 21
-4.7049606299212599
 31
0
  0
LINE
  5
7EB
330
22
100
AcDbEntity
  8
F.Cu
  6
CONTINUOUS
100
AcDbLine
 10
5.1914960629921261
 20
-4.7049606299212599
 30
0
 11
5.1915748031496065
 21
-4.7050393700787403
 31
0
  0
LINE
  5
7EC
330
22
100
AcDbEntity
  8
F.Cu
  6
CONTINUOUS
100
AcDbLine
 10
5.1915748031496065
 20
-4.7050393700787403
 30
0
 11
5.1923228346456689
 21
-4.7057480314960625
 31
0
  0
LINE
  5
7ED
330
22
100
AcDbEntity
  8
F.Cu
  6
CONTINUOUS
100
AcDbLine
 10
5.1923228346456689
 20
-4.7057480314960625
 30
0
 11
5.1924015748031493
 21
-4.7058267716535429
 31
0
  0
LINE
  5
7EE
330
22
100
AcDbEntity
  8
F.Cu
  6
CONTINUOUS
100
AcDbLine
 10
5.1924015748031493
 20
-4.7058267716535429
 30
0
 11
5.1927559055118113
 21
-4.7060629921259842
 31
0
  0
LINE
  5
7EF
330
22
100
AcDbEntity
  8
F.Cu
  6
CONTINUOUS
100
AcDbLine
 10
5.1927559055118113
 20
-4.7060629921259842
 30
0
 11
5.193031496062992
 21
-4.7062598425196853
 31
0
  0
LINE
  5
7F0
330
22
100
AcDbEntity
  8
F.Cu
  6
CONTINUOUS
100
AcDbLine
 10
5.193031496062992
 20
-4.7062598425196853
 30
0
 11
5.1936220472440944
 21
-4.7067322834645671
 31
0
  0
LINE
  5
7F1
330
22
100
AcDbEntity
  8
F.Cu
  6
CONTINUOUS
100
AcDbLine
 10
5.1936220472440944
 20
-4.7067322834645671
 30
0
 11
5.1945669291338579
 21
-4.7073228346456695
 31
0
  0
LINE
  5
7F2
330
22
100
AcDbEntity
  8
F.Cu
  6
CONTINUOUS
100
AcDbLine
 10
5.1945669291338579
 20
-4.7073228346456695
 30
0
 11
5.1946456692913383
 21
-4.7073622047244097
 31
0
  0
LINE
  5
7F3
330
22
100
AcDbEntity
  8
F.Cu
  6
CONTINUOUS
100
AcDbLine
 10
5.1946456692913383
 20
-4.7073622047244097
 30
0
 11
5.1950393700787396
 21
-4.7076377952755903
 31
0
  0
LINE
  5
7F4
330
22
100
AcDbEntity
  8
F.Cu
  6
CONTINUOUS
100
AcDbLine
 10
5.1950393700787396
 20
-4.7076377952755903
 30
0
 11
5.195472440944882
 21
-4.7078346456692914
 31
0
  0
LINE
  5
7F5
330
22
100
AcDbEntity
  8
F.Cu
  6
CONTINUOUS
100
AcDbLine
 10
5.195472440944882
 20
-4.7078346456692914
 30
0
 11
5.1957480314960627
 21
-4.7079527559055121
 31
0
  0
LINE
  5
7F6
330
22
100
AcDbEntity
  8
F.Cu
  6
CONTINUOUS
100
AcDbLine
 10
5.1957480314960627
 20
-4.7079527559055121
 30
0
 11
5.1962992125984249
 21
-4.708267716535433
 31
0
  0
LINE
  5
7F7
330
22
100
AcDbEntity
  8
F.Cu
  6
CONTINUOUS
100
AcDbLine
 10
5.1962992125984249
 20
-4.708267716535433
 30
0
 11
5.1963779527559053
 21
-4.7083070866141732
 31
0
  0
LINE
  5
7F8
330
22
100
AcDbEntity
  8
F.Cu
  6
CONTINUOUS
100
AcDbLine
 10
5.1963779527559053
 20
-4.7083070866141732
 30
0
 11
5.1976377952755906
 21
-4.7087795275590549
 31
0
  0
LINE
  5
7F9
330
22
100
AcDbEntity
  8
F.Cu
  6
CONTINUOUS
100
AcDbLine
 10
5.1976377952755906
 20
-4.7087795275590549
 30
0
 11
5.1978346456692917
 21
-4.7088976377952756
 31
0
  0
LINE
  5
7FA
330
22
100
AcDbEntity
  8
F.Cu
  6
CONTINUOUS
100
AcDbLine
 10
5.1978346456692917
 20
-4.7088976377952756
 30
0
 11
5.1983070866141734
 21
-4.7090944881889767
 31
0
  0
LINE
  5
7FB
330
22
100
AcDbEntity
  8
F.Cu
  6
CONTINUOUS
100
AcDbLine
 10
5.1983070866141734
 20
-4.7090944881889767
 30
0
 11
5.1986614173228345
 21
-4.7092125984251965
 31
0
  0
LINE
  5
7FC
330
22
100
AcDbEntity
  8
F.Cu
  6
CONTINUOUS
100
AcDbLine
 10
5.1986614173228345
 20
-4.7092125984251965
 30
0
 11
5.1987401574803149
 21
-4.7092125984251965
 31
0
  0
LINE
  5
7FD
330
22
100
AcDbEntity
  8
F.Cu
  6
CONTINUOUS
100
AcDbLine
 10
5.1987401574803149
 20
-4.7092125984251965
 30
0
 11
5.1994094488188978
 21
-4.709488188976378
 31
0
  0
LINE
  5
7FE
330
22
100
AcDbEntity
  8
F.Cu
  6
CONTINUOUS
100
AcDbLine
 10
5.1994094488188978
 20
-4.709488188976378
 30
0
 11
5.1997637795275589
 21
-4.7095669291338584
 31
0
  0
LINE
  5
7FF
330
22
100
AcDbEntity
  8
F.Cu
  6
CONTINUOUS
100
AcDbLine
 10
5.1997637795275589
 20
-4.7095669291338584
 30
0
 11
5.2005905511811026
 21
-4.7097244094488184
 31
0
  0
LINE
  5
800
330
22
100
AcDbEntity
  8
F.Cu
  6
CONTINUOUS
100
AcDbLine
 10
5.2005905511811026
 20
-4.7097244094488184
 30
0
 11
5.2007480314960626
 21
-4.7097637795275586
 31
0
  0
LINE
  5
801
330
22
100
AcDbEntity
  8
F.Cu
  6
CONTINUOUS
100
AcDbLine
 10
5.2007480314960626
 20
-4.7097637795275586
 30
0
 11
5.201338582677165
 21
-4.7098818897637793
 31
0
  0
LINE
  5
802
330
22
100
AcDbEntity
  8
F.Cu
  6
CONTINUOUS
100
AcDbLine
 10
5.201338582677165
 20
-4.7098818897637793
 30
0
 11
5.2023228346456696
 21
-4.71
 31
0
  0
LINE
  5
803
330
22
100
AcDbEntity
  8
F.Cu
  6
CONTINUOUS
100
AcDbLine
 10
5.2023228346456696
 20
-4.71
 30
0
 11
5.2025984251968502
 21
-4.7100393700787402
 31
0
  0
LINE
  5
804
330
22
100
AcDbEntity
  8
F.Cu
  6
CONTINUOUS
100
AcDbLine
 10
5.2025984251968502
 20
-4.7100393700787402
 30
0
 11
5.2031102362204722
 21
-4.7100787401574804
 31
0
  0
LINE
  5
805
330
22
100
AcDbEntity
  8
F.Cu
  6
CONTINUOUS
100
AcDbLine
 10
5.2031102362204722
 20
-4.7100787401574804
 30
0
 11
5.2032283464566929
 21
-4.7100787401574804
 31
0
  0
LINE
  5
806
330
22
100
AcDbEntity
  8
F.Cu
  6
CONTINUOUS
100
AcDbLine
 10
5.2032283464566929
 20
-4.7100787401574804
 30
0
 11
5.2044488188976379
 21
-4.7101574803149608
 31
0
  0
LINE
  5
807
330
22
100
AcDbEntity
  8
F.Cu
  6
CONTINUOUS
100
AcDbLine
 10
5.2044488188976379
 20
-4.7101574803149608
 30
0
 11
5.2559055118110232
 21
-4.7101574803149608
 31
0
  0
LINE
  5
808
330
22
100
AcDbEntity
  8
F.Cu
  6
CONTINUOUS
100
AcDbLine
 10
5.2559055118110232
 20
-4.7101574803149608
 30
0
 11
5.2580708661417326
 21
-4.7110629921259841
 31
0
  0
LINE
  5
809
330
22
100
AcDbEntity
  8
F.Cu
  6
CONTINUOUS
100
AcDbLine
 10
5.2580708661417326
 20
-4.7110629921259841
 30
0
 11
5.2594881889763778
 21
-4.7124803149606302
 31
0
  0
LINE
  5
80A
330
22
100
AcDbEntity
  8
F.Cu
  6
CONTINUOUS
100
AcDbLine
 10
5.2594881889763778
 20
-4.7124803149606302
 30
0
 11
5.2985826771653546
 21
-4.7124803149606302
 31
0
  0
LINE
  5
80B
330
22
100
AcDbEntity
  8
F.Cu
  6
CONTINUOUS
100
AcDbLine
 10
5.2985826771653546
 20
-4.7124803149606302
 30
0
 11
5.2985826771653546
 21
-4.6694488188976377
 31
0
  0
LINE
  5
80C
330
22
100
AcDbEntity
  8
F.Cu
  6
CONTINUOUS
100
AcDbLine
 10
5.2985826771653546
 20
-4.6694488188976377
 30
0
 11
5.2594881889763778
 21
-4.6694488188976377
 31
0
  0
LINE
  5
80D
330
22
100
AcDbEntity
  8
F.Cu
  6
CONTINUOUS
100
AcDbLine
 10
5.2594881889763778
 20
-4.6694488188976377
 30
0
 11
5.2580708661417326
 21
-4.670866141732283
 31
0
  0
LINE
  5
80E
330
22
100
AcDbEntity
  8
F.Cu
  6
CONTINUOUS
100
AcDbLine
 10
5.2580708661417326
 20
-4.670866141732283
 30
0
 11
5.2559055118110232
 21
-4.6717716535433071
 31
0
  0
LINE
  5
80F
330
22
100
AcDbEntity
  8
F.Cu
  6
CONTINUOUS
100
AcDbLine
 10
5.2559055118110232
 20
-4.6717716535433071
 30
0
 11
5.2137401574803146
 21
-4.6717716535433071
 31
0
  0
LINE
  5
810
330
22
100
AcDbEntity
  8
F.Cu
  6
CONTINUOUS
100
AcDbLine
 10
5.2137401574803146
 20
-4.6717716535433071
 30
0
 11
5.2115748031496061
 21
-4.670866141732283
 31
0
  0
LINE
  5
811
330
22
100
AcDbEntity
  8
F.Cu
  6
CONTINUOUS
100
AcDbLine
 10
5.2115748031496061
 20
-4.670866141732283
 30
0
 11
5.1205968110236215
 21
-4.5799212598425196
 31
0
  0
LINE
  5
812
330
22
100
AcDbEntity
  8
F.Cu
  6
CONTINUOUS
100
AcDbLine
 10
5.1205968110236215
 20
-4.5799212598425196
 30
0
 11
5.103346456692913
 21
-4.562677165354331
 31
0
  0
LINE
  5
813
330
22
100
AcDbEntity
  8
F.Cu
  6
CONTINUOUS
100
AcDbLine
 10
5.103346456692913
 20
-4.562677165354331
 30
0
 11
5.1024409448818897
 21
-4.5605118110236216
 31
0
  0
LINE
  5
814
330
22
100
AcDbEntity
  8
F.Cu
  6
CONTINUOUS
100
AcDbLine
 10
5.1024409448818897
 20
-4.5605118110236216
 30
0
 11
5.1024409448818897
 21
-4.4647637795275585
 31
0
  0
LINE
  5
815
330
22
100
AcDbEntity
  8
F.Cu
  6
CONTINUOUS
100
AcDbLine
 10
5.1024409448818897
 20
-4.4647637795275585
 30
0
 11
5.1024409448818897
 21
-3.8691732283464564
 31
0
  0
LINE
  5
816
330
22
100
AcDbEntity
  8
F.Cu
  6
CONTINUOUS
100
AcDbLine
 10
5.1024409448818897
 20
-3.8691732283464564
 30
0
 11
5.1024409448818897
 21
-3.8164566929133859
 31
0
  0
LINE
  5
817
330
22
100
AcDbEntity
  8
F.Cu
  6
CONTINUOUS
100
AcDbLine
 10
5.1024409448818897
 20
-3.8164566929133859
 30
0
 11
5.103346456692913
 21
-3.8142913385826769
 31
0
  0
LINE
  5
818
330
22
100
AcDbEntity
  8
F.Cu
  6
CONTINUOUS
100
AcDbLine
 10
5.103346456692913
 20
-3.8142913385826769
 30
0
 11
5.2294094488188971
 21
-3.6881889763779525
 31
0
  0
LINE
  5
819
330
22
100
AcDbEntity
  8
F.Cu
  6
CONTINUOUS
100
AcDbLine
 10
5.2294094488188971
 20
-3.6881889763779525
 30
0
 11
5.2315748031496065
 21
-3.6872834645669292
 31
0
  0
LINE
  5
81A
330
22
100
AcDbEntity
  8
F.Cu
  6
CONTINUOUS
100
AcDbLine
 10
5.2315748031496065
 20
-3.6872834645669292
 30
0
 11
5.2829133858267712
 21
-3.6872834645669292
 31
0
  0
LINE
  5
81B
330
22
100
AcDbEntity
  8
F.Cu
  6
CONTINUOUS
100
AcDbLine
 10
5.2829133858267712
 20
-3.6872834645669292
 30
0
 11
5.2856299212598428
 21
-3.6887795275590549
 31
0
  0
LINE
  5
81C
330
22
100
AcDbEntity
  8
F.Cu
  6
CONTINUOUS
100
AcDbLine
 10
5.2856299212598428
 20
-3.6887795275590549
 30
0
 11
5.2867716535433074
 21
-3.6906692913385828
 31
0
  0
LINE
  5
81D
330
22
100
AcDbEntity
  8
F.Cu
  6
CONTINUOUS
100
AcDbLine
 10
5.2867716535433074
 20
-3.6906692913385828
 30
0
 11
5.2868503937007869
 21
-3.690787401574803
 31
0
  0
LINE
  5
81E
330
22
100
AcDbEntity
  8
F.Cu
  6
CONTINUOUS
100
AcDbLine
 10
5.2868503937007869
 20
-3.690787401574803
 30
0
 11
5.2937795275590549
 21
-3.697716535433071
 31
0
  0
LINE
  5
81F
330
22
100
AcDbEntity
  8
F.Cu
  6
CONTINUOUS
100
AcDbLine
 10
5.2937795275590549
 20
-3.697716535433071
 30
0
 11
5.3020078740157475
 21
-3.70248031496063
 31
0
  0
LINE
  5
820
330
22
100
AcDbEntity
  8
F.Cu
  6
CONTINUOUS
100
AcDbLine
 10
5.3020078740157475
 20
-3.70248031496063
 30
0
 11
5.3021259842519681
 21
-3.7025196850393698
 31
0
  0
LINE
  5
821
330
22
100
AcDbEntity
  8
F.Cu
  6
CONTINUOUS
100
AcDbLine
 10
5.3021259842519681
 20
-3.7025196850393698
 30
0
 11
5.3116929133858264
 21
-3.7050787401574801
 31
0
  0
LINE
  5
822
330
22
100
AcDbEntity
  8
F.Cu
  6
CONTINUOUS
100
AcDbLine
 10
5.3116929133858264
 20
-3.7050787401574801
 30
0
 11
5.3212204724409444
 21
-3.7050787401574801
 31
0
  0
LINE
  5
823
330
22
100
AcDbEntity
  8
F.Cu
  6
CONTINUOUS
100
AcDbLine
 10
5.3212204724409444
 20
-3.7050787401574801
 30
0
 11
5.3307480314960625
 21
-3.7025196850393698
 31
0
  0
LINE
  5
824
330
22
100
AcDbEntity
  8
F.Cu
  6
CONTINUOUS
100
AcDbLine
 10
5.3307480314960625
 20
-3.7025196850393698
 30
0
 11
5.3308661417322831
 21
-3.70248031496063
 31
0
  0
LINE
  5
825
330
22
100
AcDbEntity
  8
F.Cu
  6
CONTINUOUS
100
AcDbLine
 10
5.3308661417322831
 20
-3.70248031496063
 30
0
 11
5.3390944881889766
 21
-3.697716535433071
 31
0
  0
LINE
  5
826
330
22
100
AcDbEntity
  8
F.Cu
  6
CONTINUOUS
100
AcDbLine
 10
5.3390944881889766
 20
-3.697716535433071
 30
0
 11
5.3460629921259839
 21
-3.6907480314960628
 31
0
  0
LINE
  5
827
330
22
100
AcDbEntity
  8
F.Cu
  6
CONTINUOUS
100
AcDbLine
 10
5.3460629921259839
 20
-3.6907480314960628
 30
0
 11
5.3508267716535434
 21
-3.6825196850393702
 31
0
  0
LINE
  5
828
330
22
100
AcDbEntity
  8
F.Cu
  6
CONTINUOUS
100
AcDbLine
 10
5.3508267716535434
 20
-3.6825196850393702
 30
0
 11
5.350944881889764
 21
-3.6822047244094489
 31
0
  0
LINE
  5
829
330
22
100
AcDbEntity
  8
F.Cu
  6
CONTINUOUS
100
AcDbLine
 10
5.350944881889764
 20
-3.6822047244094489
 30
0
 11
5.353346456692913
 21
-3.6731496062992126
 31
0
  0
LINE
  5
82A
330
22
100
AcDbEntity
  8
F.Cu
  6
CONTINUOUS
100
AcDbLine
 10
5.353346456692913
 20
-3.6731496062992126
 30
0
 11
5.3533858267716532
 21
-3.6729921259842517
 31
0
  0
LINE
  5
82B
330
22
100
AcDbEntity
  8
F.Cu
  6
CONTINUOUS
100
AcDbLine
 10
5.3533858267716532
 20
-3.6729921259842517
 30
0
 11
5.3533858267716532
 21
-3.663267716535433
 31
0
  0
LINE
  5
82C
330
22
100
AcDbEntity
  8
F.Cu
  6
CONTINUOUS
100
AcDbLine
 10
5.3533858267716532
 20
-3.663267716535433
 30
0
 11
5.350944881889764
 21
-3.6540157480314961
 31
0
  0
LINE
  5
82D
330
22
100
AcDbEntity
  8
F.Cu
  6
CONTINUOUS
100
AcDbLine
 10
5.350944881889764
 20
-3.6540157480314961
 30
0
 11
5.3508661417322836
 21
-3.6537795275590552
 31
0
  0
LINE
  5
82E
330
22
100
AcDbEntity
  8
F.Cu
  6
CONTINUOUS
100
AcDbLine
 10
5.3508661417322836
 20
-3.6537795275590552
 30
0
 11
5.3461417322834643
 21
-3.6455905511811024
 31
0
  0
LINE
  5
82F
330
22
100
AcDbEntity
  8
F.Cu
  6
CONTINUOUS
100
AcDbLine
 10
5.3461417322834643
 20
-3.6455905511811024
 30
0
 11
5.3460236220472437
 21
-3.6454330708661415
 31
0
  0
LINE
  5
830
330
22
100
AcDbEntity
  8
F.Cu
  6
CONTINUOUS
100
AcDbLine
 10
5.3460236220472437
 20
-3.6454330708661415
 30
0
 11
5.3390944881889766
 21
-3.638503937007874
 31
0
  0
LINE
  5
831
330
22
100
AcDbEntity
  8
F.Cu
  6
CONTINUOUS
100
AcDbLine
 10
5.3390944881889766
 20
-3.638503937007874
 30
0
 11
5.3307874015748027
 21
-3.6337007874015748
 31
0
  0
LINE
  5
832
330
22
100
AcDbEntity
  8
F.Cu
  6
CONTINUOUS
100
AcDbLine
 10
5.3307874015748027
 20
-3.6337007874015748
 30
0
 11
5.3308267716535429
 21
-3.6337007874015748
 31
0
  0
LINE
  5
833
330
22
100
AcDbEntity
  8
F.Cu
  6
CONTINUOUS
100
AcDbLine
 10
5.3308267716535429
 20
-3.6337007874015748
 30
0
 11
5.3212598425196846
 21
-3.6311023622047243
 31
0
  0
LINE
  5
834
330
22
100
AcDbEntity
  8
F.Cu
  6
CONTINUOUS
100
AcDbLine
 10
5.3212598425196846
 20
-3.6311023622047243
 30
0
 11
5.3116535433070862
 21
-3.6311023622047243
 31
0
  0
LINE
  5
835
330
22
100
AcDbEntity
  8
F.Cu
  6
CONTINUOUS
100
AcDbLine
 10
5.3116535433070862
 20
-3.6311023622047243
 30
0
 11
5.3020866141732279
 21
-3.6337007874015748
 31
0
  0
LINE
  5
836
330
22
100
AcDbEntity
  8
F.Cu
  6
CONTINUOUS
100
AcDbLine
 10
5.3020866141732279
 20
-3.6337007874015748
 30
0
 11
5.2937795275590549
 21
-3.638503937007874
 31
0
  0
LINE
  5
837
330
22
100
AcDbEntity
  8
F.Cu
  6
CONTINUOUS
100
AcDbLine
 10
5.2937795275590549
 20
-3.638503937007874
 30
0
 11
5.2868503937007869
 21
-3.6454330708661415
 31
0
  0
LINE
  5
838
330
22
100
AcDbEntity
  8
F.Cu
  6
CONTINUOUS
100
AcDbLine
 10
5.2868503937007869
 20
-3.6454330708661415
 30
0
 11
5.2867322834645671
 21
-3.6455905511811024
 31
0
  0
LINE
  5
839
330
22
100
AcDbEntity
  8
F.Cu
  6
CONTINUOUS
100
AcDbLine
 10
5.2867322834645671
 20
-3.6455905511811024
 30
0
 11
5.2857086614173223
 21
-3.6473622047244092
 31
0
  0
LINE
  5
83A
330
22
100
AcDbEntity
  8
F.Cu
  6
CONTINUOUS
100
AcDbLine
 10
5.2857086614173223
 20
-3.6473622047244092
 30
0
 11
5.2829921259842516
 21
-3.6488976377952755
 31
0
  0
LINE
  5
83B
330
22
100
AcDbEntity
  8
F.Cu
  6
CONTINUOUS
100
AcDbLine
 10
5.2829921259842516
 20
-3.6488976377952755
 30
0
 11
5.2221653543307083
 21
-3.6488976377952755
 31
0
  0
LINE
  5
83C
330
22
100
AcDbEntity
  8
F.Cu
  6
CONTINUOUS
100
AcDbLine
 10
5.2221653543307083
 20
-3.6488976377952755
 30
0
 11
5.2214566929133861
 21
-3.648976377952756
 31
0
  0
LINE
  5
83D
330
22
100
AcDbEntity
  8
F.Cu
  6
CONTINUOUS
100
AcDbLine
 10
5.2214566929133861
 20
-3.648976377952756
 30
0
 11
5.2210629921259839
 21
-3.6490157480314962
 31
0
  0
LINE
  5
83E
330
22
100
AcDbEntity
  8
F.Cu
  6
CONTINUOUS
100
AcDbLine
 10
5.2210629921259839
 20
-3.6490157480314962
 30
0
 11
5.2206692913385826
 21
-3.6490157480314962
 31
0
  0
LINE
  5
83F
330
22
100
AcDbEntity
  8
F.Cu
  6
CONTINUOUS
100
AcDbLine
 10
5.2206692913385826
 20
-3.6490157480314962
 30
0
 11
5.2202755905511813
 21
-3.649055118110236
 31
0
  0
LINE
  5
840
330
22
100
AcDbEntity
  8
F.Cu
  6
CONTINUOUS
100
AcDbLine
 10
5.2202755905511813
 20
-3.649055118110236
 30
0
 11
5.2198031496062987
 21
-3.6491338582677164
 31
0
  0
LINE
  5
841
330
22
100
AcDbEntity
  8
F.Cu
  6
CONTINUOUS
100
AcDbLine
 10
5.2198031496062987
 20
-3.6491338582677164
 30
0
 11
5.2193700787401571
 21
-3.6491732283464566
 31
0
  0
LINE
  5
842
330
22
100
AcDbEntity
  8
F.Cu
  6
CONTINUOUS
100
AcDbLine
 10
5.2193700787401571
 20
-3.6491732283464566
 30
0
 11
5.2189370078740156
 21
-3.6492519685039371
 31
0
  0
LINE
  5
843
330
22
100
AcDbEntity
  8
F.Cu
  6
CONTINUOUS
100
AcDbLine
 10
5.2189370078740156
 20
-3.6492519685039371
 30
0
 11
5.2180708661417325
 21
-3.6494488188976377
 31
0
  0
LINE
  5
844
330
22
100
AcDbEntity
  8
F.Cu
  6
CONTINUOUS
100
AcDbLine
 10
5.2180708661417325
 20
-3.6494488188976377
 30
0
 11
5.2179527559055119
 21
-3.6494881889763779
 31
0
  0
LINE
  5
845
330
22
100
AcDbEntity
  8
F.Cu
  6
CONTINUOUS
100
AcDbLine
 10
5.2179527559055119
 20
-3.6494881889763779
 30
0
 11
5.217283464566929
 21
-3.6496062992125982
 31
0
  0
LINE
  5
846
330
22
100
AcDbEntity
  8
F.Cu
  6
CONTINUOUS
100
AcDbLine
 10
5.217283464566929
 20
-3.6496062992125982
 30
0
 11
5.2168503937007875
 21
-3.6498031496062993
 31
0
  0
LINE
  5
847
330
22
100
AcDbEntity
  8
F.Cu
  6
CONTINUOUS
100
AcDbLine
 10
5.2168503937007875
 20
-3.6498031496062993
 30
0
 11
5.2163779527559058
 21
-3.6499606299212597
 31
0
  0
LINE
  5
848
330
22
100
AcDbEntity
  8
F.Cu
  6
CONTINUOUS
100
AcDbLine
 10
5.2163779527559058
 20
-3.6499606299212597
 30
0
 11
5.2158661417322829
 21
-3.6500787401574804
 31
0
  0
LINE
  5
849
330
22
100
AcDbEntity
  8
F.Cu
  6
CONTINUOUS
100
AcDbLine
 10
5.2158661417322829
 20
-3.6500787401574804
 30
0
 11
5.2151574803149607
 21
-3.6503937007874017
 31
0
  0
LINE
  5
84A
330
22
100
AcDbEntity
  8
F.Cu
  6
CONTINUOUS
100
AcDbLine
 10
5.2151574803149607
 20
-3.6503937007874017
 30
0
 11
5.2149999999999999
 21
-3.6504330708661414
 31
0
  0
LINE
  5
84B
330
22
100
AcDbEntity
  8
F.Cu
  6
CONTINUOUS
100
AcDbLine
 10
5.2149999999999999
 20
-3.6504330708661414
 30
0
 11
5.2143700787401572
 21
-3.6506692913385828
 31
0
  0
LINE
  5
84C
330
22
100
AcDbEntity
  8
F.Cu
  6
CONTINUOUS
100
AcDbLine
 10
5.2143700787401572
 20
-3.6506692913385828
 30
0
 11
5.2141732283464561
 21
-3.650787401574803
 31
0
  0
LINE
  5
84D
330
22
100
AcDbEntity
  8
F.Cu
  6
CONTINUOUS
100
AcDbLine
 10
5.2141732283464561
 20
-3.650787401574803
 30
0
 11
5.213464566929134
 21
-3.6511811023622047
 31
0
  0
LINE
  5
84E
330
22
100
AcDbEntity
  8
F.Cu
  6
CONTINUOUS
100
AcDbLine
 10
5.213464566929134
 20
-3.6511811023622047
 30
0
 11
5.212952755905512
 21
-3.6514566929133858
 31
0
  0
LINE
  5
84F
330
22
100
AcDbEntity
  8
F.Cu
  6
CONTINUOUS
100
AcDbLine
 10
5.212952755905512
 20
-3.6514566929133858
 30
0
 11
5.2126771653543305
 21
-3.6516141732283462
 31
0
  0
LINE
  5
850
330
22
100
AcDbEntity
  8
F.Cu
  6
CONTINUOUS
100
AcDbLine
 10
5.2126771653543305
 20
-3.6516141732283462
 30
0
 11
5.21259842519685
 21
-3.6516929133858267
 31
0
  0
LINE
  5
851
330
22
100
AcDbEntity
  8
F.Cu
  6
CONTINUOUS
100
AcDbLine
 10
5.21259842519685
 20
-3.6516929133858267
 30
0
 11
5.211220472440945
 21
-3.6524803149606297
 31
0
  0
LINE
  5
852
330
22
100
AcDbEntity
  8
F.Cu
  6
CONTINUOUS
100
AcDbLine
 10
5.211220472440945
 20
-3.6524803149606297
 30
0
 11
5.211220472440945
 21
-3.65251968503937
 31
0
  0
LINE
  5
853
330
22
100
AcDbEntity
  8
F.Cu
  6
CONTINUOUS
100
AcDbLine
 10
5.211220472440945
 20
-3.65251968503937
 30
0
 11
5.2110629921259841
 21
-3.6526377952755906
 31
0
  0
LINE
  5
854
330
22
100
AcDbEntity
  8
F.Cu
  6
CONTINUOUS
100
AcDbLine
 10
5.2110629921259841
 20
-3.6526377952755906
 30
0
 11
5.2105905511811024
 21
-3.6530708661417322
 31
0
  0
LINE
  5
855
330
22
100
AcDbEntity
  8
F.Cu
  6
CONTINUOUS
100
AcDbLine
 10
5.2105905511811024
 20
-3.6530708661417322
 30
0
 11
5.2101968503937011
 21
-3.6533464566929132
 31
0
  0
LINE
  5
856
330
22
100
AcDbEntity
  8
F.Cu
  6
CONTINUOUS
100
AcDbLine
 10
5.2101968503937011
 20
-3.6533464566929132
 30
0
 11
5.21
 21
-3.6534645669291339
 31
0
  0
LINE
  5
857
330
22
100
AcDbEntity
  8
F.Cu
  6
CONTINUOUS
100
AcDbLine
 10
5.21
 20
-3.6534645669291339
 30
0
 11
5.2098031496062989
 21
-3.6537007874015748
 31
0
  0
LINE
  5
858
330
22
100
AcDbEntity
  8
F.Cu
  6
CONTINUOUS
100
AcDbLine
 10
5.2098031496062989
 20
-3.6537007874015748
 30
0
 11
5.2096456692913389
 21
-3.653818897637795
 31
0
  0
LINE
  5
859
330
22
100
AcDbEntity
  8
F.Cu
  6
CONTINUOUS
100
AcDbLine
 10
5.2096456692913389
 20
-3.653818897637795
 30
0
 11
5.2088976377952756
 21
-3.6544881889763778
 31
0
  0
LINE
  5
85A
330
22
100
AcDbEntity
  8
F.Cu
  6
CONTINUOUS
100
AcDbLine
 10
5.2088976377952756
 20
-3.6544881889763778
 30
0
 11
5.0696850393700785
 21
-3.7937401574803147
 31
0
  0
LINE
  5
85B
330
22
100
AcDbEntity
  8
F.Cu
  6
CONTINUOUS
100
AcDbLine
 10
5.0696850393700785
 20
-3.7937401574803147
 30
0
 11
5.0691338582677163
 21
-3.7943700787401573
 31
0
  0
LINE
  5
85C
330
22
100
AcDbEntity
  8
F.Cu
  6
CONTINUOUS
100
AcDbLine
 10
5.0691338582677163
 20
-3.7943700787401573
 30
0
 11
5.0689763779527555
 21
-3.7945669291338584
 31
0
  0
LINE
  5
85D
330
22
100
AcDbEntity
  8
F.Cu
  6
CONTINUOUS
100
AcDbLine
 10
5.0689763779527555
 20
-3.7945669291338584
 30
0
 11
5.0683464566929128
 21
-3.7951968503937006
 31
0
  0
LINE
  5
85E
330
22
100
AcDbEntity
  8
F.Cu
  6
CONTINUOUS
100
AcDbLine
 10
5.0683464566929128
 20
-3.7951968503937006
 30
0
 11
5.0682677165354333
 21
-3.7953149606299212
 31
0
  0
LINE
  5
85F
330
22
100
AcDbEntity
  8
F.Cu
  6
CONTINUOUS
100
AcDbLine
 10
5.0682677165354333
 20
-3.7953149606299212
 30
0
 11
5.0682283464566931
 21
-3.7953937007874017
 31
0
  0
LINE
  5
860
330
22
100
AcDbEntity
  8
F.Cu
  6
CONTINUOUS
100
AcDbLine
 10
5.0682283464566931
 20
-3.7953937007874017
 30
0
 11
5.068031496062992
 21
-3.7956692913385828
 31
0
  0
LINE
  5
861
330
22
100
AcDbEntity
  8
F.Cu
  6
CONTINUOUS
100
AcDbLine
 10
5.068031496062992
 20
-3.7956692913385828
 30
0
 11
5.0674409448818896
 21
-3.7963779527559054
 31
0
  0
LINE
  5
862
330
22
100
AcDbEntity
  8
F.Cu
  6
CONTINUOUS
100
AcDbLine
 10
5.0674409448818896
 20
-3.7963779527559054
 30
0
 11
5.0672047244094491
 21
-3.7968110236220474
 31
0
  0
LINE
  5
863
330
22
100
AcDbEntity
  8
F.Cu
  6
CONTINUOUS
100
AcDbLine
 10
5.0672047244094491
 20
-3.7968110236220474
 30
0
 11
5.0671259842519687
 21
-3.7969685039370078
 31
0
  0
LINE
  5
864
330
22
100
AcDbEntity
  8
F.Cu
  6
CONTINUOUS
100
AcDbLine
 10
5.0671259842519687
 20
-3.7969685039370078
 30
0
 11
5.0666141732283467
 21
-3.7977165354330706
 31
0
  0
LINE
  5
865
330
22
100
AcDbEntity
  8
F.Cu
  6
CONTINUOUS
100
AcDbLine
 10
5.0666141732283467
 20
-3.7977165354330706
 30
0
 11
5.0664566929133859
 21
-3.7979921259842517
 31
0
  0
LINE
  5
866
330
22
100
AcDbEntity
  8
F.Cu
  6
CONTINUOUS
100
AcDbLine
 10
5.0664566929133859
 20
-3.7979921259842517
 30
0
 11
5.0663779527559054
 21
-3.7981889763779528
 31
0
  0
LINE
  5
867
330
22
100
AcDbEntity
  8
F.Cu
  6
CONTINUOUS
100
AcDbLine
 10
5.0663779527559054
 20
-3.7981889763779528
 30
0
 11
5.0661811023622043
 21
-3.7986220472440944
 31
0
  0
LINE
  5
868
330
22
100
AcDbEntity
  8
F.Cu
  6
CONTINUOUS
100
AcDbLine
 10
5.0661811023622043
 20
-3.7986220472440944
 30
0
 11
5.0658267716535432
 21
-3.7991732283464565
 31
0
  0
LINE
  5
869
330
22
100
AcDbEntity
  8
F.Cu
  6
CONTINUOUS
100
AcDbLine
 10
5.0658267716535432
 20
-3.7991732283464565
 30
0
 11
5.0656692913385823
 21
-3.7997244094488187
 31
0
  0
LINE
  5
86A
330
22
100
AcDbEntity
  8
F.Cu
  6
CONTINUOUS
100
AcDbLine
 10
5.0656692913385823
 20
-3.7997244094488187
 30
0
 11
5.0655511811023617
 21
-3.7999999999999998
 31
0
  0
LINE
  5
86B
330
22
100
AcDbEntity
  8
F.Cu
  6
CONTINUOUS
100
AcDbLine
 10
5.0655511811023617
 20
-3.7999999999999998
 30
0
 11
5.0651181102362202
 21
-3.8010236220472442
 31
0
  0
LINE
  5
86C
330
22
100
AcDbEntity
  8
F.Cu
  6
CONTINUOUS
100
AcDbLine
 10
5.0651181102362202
 20
-3.8010236220472442
 30
0
 11
5.0650393700787397
 21
-3.8012992125984253
 31
0
  0
LINE
  5
86D
330
22
100
AcDbEntity
  8
F.Cu
  6
CONTINUOUS
100
AcDbLine
 10
5.0650393700787397
 20
-3.8012992125984253
 30
0
 11
5.0649999999999995
 21
-3.8014173228346455
 31
0
  0
LINE
  5
86E
330
22
100
AcDbEntity
  8
F.Cu
  6
CONTINUOUS
100
AcDbLine
 10
5.0649999999999995
 20
-3.8014173228346455
 30
0
 11
5.0647244094488189
 21
-3.8020866141732284
 31
0
  0
LINE
  5
86F
330
22
100
AcDbEntity
  8
F.Cu
  6
CONTINUOUS
100
AcDbLine
 10
5.0647244094488189
 20
-3.8020866141732284
 30
0
 11
5.0646456692913384
 21
-3.8024803149606297
 31
0
  0
LINE
  5
870
330
22
100
AcDbEntity
  8
F.Cu
  6
CONTINUOUS
100
AcDbLine
 10
5.0646456692913384
 20
-3.8024803149606297
 30
0
 11
5.0644881889763775
 21
-3.8033858267716534
 31
0
  0
LINE
  5
871
330
22
100
AcDbEntity
  8
F.Cu
  6
CONTINUOUS
100
AcDbLine
 10
5.0644881889763775
 20
-3.8033858267716534
 30
0
 11
5.0644094488188971
 21
-3.8037007874015747
 31
0
  0
LINE
  5
872
330
22
100
AcDbEntity
  8
F.Cu
  6
CONTINUOUS
100
AcDbLine
 10
5.0644094488188971
 20
-3.8037007874015747
 30
0
 11
5.0642913385826773
 21
-3.8040944881889764
 31
0
  0
LINE
  5
873
330
22
100
AcDbEntity
  8
F.Cu
  6
CONTINUOUS
100
AcDbLine
 10
5.0642913385826773
 20
-3.8040944881889764
 30
0
 11
5.0642125984251969
 21
-3.8049999999999997
 31
0
  0
LINE
  5
874
330
22
100
AcDbEntity
  8
F.Cu
  6
CONTINUOUS
100
AcDbLine
 10
5.0642125984251969
 20
-3.8049999999999997
 30
0
 11
5.0641732283464567
 21
-3.8053543307086612
 31
0
  0
LINE
  5
875
330
22
100
AcDbEntity
  8
F.Cu
  6
CONTINUOUS
100
AcDbLine
 10
5.0641732283464567
 20
-3.8053543307086612
 30
0
 11
5.0641338582677164
 21
-3.8054724409448819
 31
0
  0
LINE
  5
876
330
22
100
AcDbEntity
  8
F.Cu
  6
CONTINUOUS
100
AcDbLine
 10
5.0641338582677164
 20
-3.8054724409448819
 30
0
 11
5.0641338582677164
 21
-3.8059842519685039
 31
0
  0
LINE
  5
877
330
22
100
AcDbEntity
  8
F.Cu
  6
CONTINUOUS
100
AcDbLine
 10
5.0641338582677164
 20
-3.8059842519685039
 30
0
 11
5.064055118110236
 21
-3.8072047244094489
 31
0
  0
LINE
  5
878
330
22
100
AcDbEntity
  8
F.Cu
  6
CONTINUOUS
100
AcDbLine
 10
5.064055118110236
 20
-3.8072047244094489
 30
0
 11
5.064055118110236
 21
-4.5699606299212601
 31
0
  0
LINE
  5
879
330
22
100
AcDbEntity
  8
F.Cu
  6
CONTINUOUS
100
AcDbLine
 10
5.5929527559055119
 20
-4.6745669291338583
 30
0
 11
5.5955511811023619
 21
-4.6841732283464568
 31
0
  0
LINE
  5
87A
330
22
100
AcDbEntity
  8
F.Cu
  6
CONTINUOUS
100
AcDbLine
 10
5.5955511811023619
 20
-4.6841732283464568
 30
0
 11
5.6003937007874018
 21
-4.6926377952755907
 31
0
  0
LINE
  5
87B
330
22
100
AcDbEntity
  8
F.Cu
  6
CONTINUOUS
100
AcDbLine
 10
5.6003937007874018
 20
-4.6926377952755907
 30
0
 11
5.6004330708661412
 21
-4.6926771653543309
 31
0
  0
LINE
  5
87C
330
22
100
AcDbEntity
  8
F.Cu
  6
CONTINUOUS
100
AcDbLine
 10
5.6004330708661412
 20
-4.6926771653543309
 30
0
 11
5.6074409448818896
 21
-4.6996456692913382
 31
0
  0
LINE
  5
87D
330
22
100
AcDbEntity
  8
F.Cu
  6
CONTINUOUS
100
AcDbLine
 10
5.6074409448818896
 20
-4.6996456692913382
 30
0
 11
5.6074803149606298
 21
-4.6996850393700784
 31
0
  0
LINE
  5
87E
330
22
100
AcDbEntity
  8
F.Cu
  6
CONTINUOUS
100
AcDbLine
 10
5.6074803149606298
 20
-4.6996850393700784
 30
0
 11
5.6159055118110235
 21
-4.7045669291338585
 31
0
  0
LINE
  5
87F
330
22
100
AcDbEntity
  8
F.Cu
  6
CONTINUOUS
100
AcDbLine
 10
5.6159055118110235
 20
-4.7045669291338585
 30
0
 11
5.6255511811023622
 21
-4.7071653543307086
 31
0
  0
LINE
  5
880
330
22
100
AcDbEntity
  8
F.Cu
  6
CONTINUOUS
100
AcDbLine
 10
5.6255511811023622
 20
-4.7071653543307086
 30
0
 11
5.6352362204724411
 21
-4.7071653543307086
 31
0
  0
LINE
  5
881
330
22
100
AcDbEntity
  8
F.Cu
  6
CONTINUOUS
100
AcDbLine
 10
5.6352362204724411
 20
-4.7071653543307086
 30
0
 11
5.6449212598425191
 21
-4.7045669291338585
 31
0
  0
LINE
  5
882
330
22
100
AcDbEntity
  8
F.Cu
  6
CONTINUOUS
100
AcDbLine
 10
5.6449212598425191
 20
-4.7045669291338585
 30
0
 11
5.6450393700787398
 21
-4.7045275590551183
 31
0
  0
LINE
  5
883
330
22
100
AcDbEntity
  8
F.Cu
  6
CONTINUOUS
100
AcDbLine
 10
5.6450393700787398
 20
-4.7045275590551183
 30
0
 11
5.653385826771653
 21
-4.6996850393700784
 31
0
  0
LINE
  5
884
330
22
100
AcDbEntity
  8
F.Cu
  6
CONTINUOUS
100
AcDbLine
 10
5.653385826771653
 20
-4.6996850393700784
 30
0
 11
5.6604330708661417
 21
-4.6926377952755907
 31
0
  0
LINE
  5
885
330
22
100
AcDbEntity
  8
F.Cu
  6
CONTINUOUS
100
AcDbLine
 10
5.6604330708661417
 20
-4.6926377952755907
 30
0
 11
5.6652755905511807
 21
-4.6842913385826774
 31
0
  0
LINE
  5
886
330
22
100
AcDbEntity
  8
F.Cu
  6
CONTINUOUS
100
AcDbLine
 10
5.6652755905511807
 20
-4.6842913385826774
 30
0
 11
5.6653937007874013
 21
-4.6839763779527557
 31
0
  0
LINE
  5
887
330
22
100
AcDbEntity
  8
F.Cu
  6
CONTINUOUS
100
AcDbLine
 10
5.6653937007874013
 20
-4.6839763779527557
 30
0
 11
5.6678740157480316
 21
-4.6746062992125985
 31
0
  0
LINE
  5
888
330
22
100
AcDbEntity
  8
F.Cu
  6
CONTINUOUS
100
AcDbLine
 10
5.6678740157480316
 20
-4.6746062992125985
 30
0
 11
5.6678740157480316
 21
-4.6647637795275587
 31
0
  0
LINE
  5
889
330
22
100
AcDbEntity
  8
F.Cu
  6
CONTINUOUS
100
AcDbLine
 10
5.6678740157480316
 20
-4.6647637795275587
 30
0
 11
5.6653937007874013
 21
-4.6553937007874016
 31
0
  0
LINE
  5
88A
330
22
100
AcDbEntity
  8
F.Cu
  6
CONTINUOUS
100
AcDbLine
 10
5.6653937007874013
 20
-4.6553937007874016
 30
0
 11
5.6652755905511807
 21
-4.6550787401574798
 31
0
  0
LINE
  5
88B
330
22
100
AcDbEntity
  8
F.Cu
  6
CONTINUOUS
100
AcDbLine
 10
5.6652755905511807
 20
-4.6550787401574798
 30
0
 11
5.6604330708661417
 21
-4.6467322834645666
 31
0
  0
LINE
  5
88C
330
22
100
AcDbEntity
  8
F.Cu
  6
CONTINUOUS
100
AcDbLine
 10
5.6604330708661417
 20
-4.6467322834645666
 30
0
 11
5.653385826771653
 21
-4.6396850393700788
 31
0
  0
LINE
  5
88D
330
22
100
AcDbEntity
  8
F.Cu
  6
CONTINUOUS
100
AcDbLine
 10
5.653385826771653
 20
-4.6396850393700788
 30
0
 11
5.6450393700787398
 21
-4.6348425196850389
 31
0
  0
LINE
  5
88E
330
22
100
AcDbEntity
  8
F.Cu
  6
CONTINUOUS
100
AcDbLine
 10
5.6450393700787398
 20
-4.6348425196850389
 30
0
 11
5.6448425196850396
 21
-4.6347637795275594
 31
0
  0
LINE
  5
88F
330
22
100
AcDbEntity
  8
F.Cu
  6
CONTINUOUS
100
AcDbLine
 10
5.6448425196850396
 20
-4.6347637795275594
 30
0
 11
5.6353149606299215
 21
-4.6322440944881889
 31
0
  0
LINE
  5
890
330
22
100
AcDbEntity
  8
F.Cu
  6
CONTINUOUS
100
AcDbLine
 10
5.6353149606299215
 20
-4.6322440944881889
 30
0
 11
5.625511811023622
 21
-4.6322440944881889
 31
0
  0
LINE
  5
891
330
22
100
AcDbEntity
  8
F.Cu
  6
CONTINUOUS
100
AcDbLine
 10
5.625511811023622
 20
-4.6322440944881889
 30
0
 11
5.6160236220472441
 21
-4.6347637795275594
 31
0
  0
LINE
  5
892
330
22
100
AcDbEntity
  8
F.Cu
  6
CONTINUOUS
100
AcDbLine
 10
5.6160236220472441
 20
-4.6347637795275594
 30
0
 11
5.615826771653543
 21
-4.6348425196850389
 31
0
  0
LINE
  5
893
330
22
100
AcDbEntity
  8
F.Cu
  6
CONTINUOUS
100
AcDbLine
 10
5.615826771653543
 20
-4.6348425196850389
 30
0
 11
5.6074803149606298
 21
-4.6396850393700788
 31
0
  0
LINE
  5
894
330
22
100
AcDbEntity
  8
F.Cu
  6
CONTINUOUS
100
AcDbLine
 10
5.6074803149606298
 20
-4.6396850393700788
 30
0
 11
5.6074409448818896
 21
-4.639724409448819
 31
0
  0
LINE
  5
895
330
22
100
AcDbEntity
  8
F.Cu
  6
CONTINUOUS
100
AcDbLine
 10
5.6074409448818896
 20
-4.639724409448819
 30
0
 11
5.6004330708661412
 21
-4.6466929133858264
 31
0
  0
LINE
  5
896
330
22
100
AcDbEntity
  8
F.Cu
  6
CONTINUOUS
100
AcDbLine
 10
5.6004330708661412
 20
-4.6466929133858264
 30
0
 11
5.6003937007874018
 21
-4.6467322834645666
 31
0
  0
LINE
  5
897
330
22
100
AcDbEntity
  8
F.Cu
  6
CONTINUOUS
100
AcDbLine
 10
5.6003937007874018
 20
-4.6467322834645666
 30
0
 11
5.5955511811023619
 21
-4.6551968503937005
 31
0
  0
LINE
  5
898
330
22
100
AcDbEntity
  8
F.Cu
  6
CONTINUOUS
100
AcDbLine
 10
5.5955511811023619
 20
-4.6551968503937005
 30
0
 11
5.5954724409448815
 21
-4.6553937007874016
 31
0
  0
LINE
  5
899
330
22
100
AcDbEntity
  8
F.Cu
  6
CONTINUOUS
100
AcDbLine
 10
5.5954724409448815
 20
-4.6553937007874016
 30
0
 11
5.5929527559055119
 21
-4.6648031496062989
 31
0
  0
LINE
  5
89A
330
22
100
AcDbEntity
  8
F.Cu
  6
CONTINUOUS
100
AcDbLine
 10
5.5929527559055119
 20
-4.6648031496062989
 30
0
 11
5.5929527559055119
 21
-4.6745669291338583
 31
0
  0
LINE
  5
89B
330
22
100
AcDbEntity
  8
F.Cu
  6
CONTINUOUS
100
AcDbLine
 10
6.1929921259842518
 20
-4.6745669291338583
 30
0
 11
6.1955118110236223
 21
-4.6841338582677166
 31
0
  0
LINE
  5
89C
330
22
100
AcDbEntity
  8
F.Cu
  6
CONTINUOUS
100
AcDbLine
 10
6.1955118110236223
 20
-4.6841338582677166
 30
0
 11
6.1955511811023625
 21
-4.6841732283464568
 31
0
  0
LINE
  5
89D
330
22
100
AcDbEntity
  8
F.Cu
  6
CONTINUOUS
100
AcDbLine
 10
6.1955511811023625
 20
-4.6841732283464568
 30
0
 11
6.2003937007874015
 21
-4.6926377952755907
 31
0
  0
LINE
  5
89E
330
22
100
AcDbEntity
  8
F.Cu
  6
CONTINUOUS
100
AcDbLine
 10
6.2003937007874015
 20
-4.6926377952755907
 30
0
 11
6.2004330708661417
 21
-4.6926771653543309
 31
0
  0
LINE
  5
89F
330
22
100
AcDbEntity
  8
F.Cu
  6
CONTINUOUS
100
AcDbLine
 10
6.2004330708661417
 20
-4.6926771653543309
 30
0
 11
6.2074409448818892
 21
-4.6996456692913382
 31
0
  0
LINE
  5
8A0
330
22
100
AcDbEntity
  8
F.Cu
  6
CONTINUOUS
100
AcDbLine
 10
6.2074409448818892
 20
-4.6996456692913382
 30
0
 11
6.2074803149606295
 21
-4.6996850393700784
 31
0
  0
LINE
  5
8A1
330
22
100
AcDbEntity
  8
F.Cu
  6
CONTINUOUS
100
AcDbLine
 10
6.2074803149606295
 20
-4.6996850393700784
 30
0
 11
6.2159055118110231
 21
-4.7045669291338585
 31
0
  0
LINE
  5
8A2
330
22
100
AcDbEntity
  8
F.Cu
  6
CONTINUOUS
100
AcDbLine
 10
6.2159055118110231
 20
-4.7045669291338585
 30
0
 11
6.2255511811023618
 21
-4.7071653543307086
 31
0
  0
LINE
  5
8A3
330
22
100
AcDbEntity
  8
F.Cu
  6
CONTINUOUS
100
AcDbLine
 10
6.2255511811023618
 20
-4.7071653543307086
 30
0
 11
6.2352362204724407
 21
-4.7071653543307086
 31
0
  0
LINE
  5
8A4
330
22
100
AcDbEntity
  8
F.Cu
  6
CONTINUOUS
100
AcDbLine
 10
6.2352362204724407
 20
-4.7071653543307086
 30
0
 11
6.2449212598425197
 21
-4.7045669291338585
 31
0
  0
LINE
  5
8A5
330
22
100
AcDbEntity
  8
F.Cu
  6
CONTINUOUS
100
AcDbLine
 10
6.2449212598425197
 20
-4.7045669291338585
 30
0
 11
6.2450393700787403
 21
-4.7045275590551183
 31
0
  0
LINE
  5
8A6
330
22
100
AcDbEntity
  8
F.Cu
  6
CONTINUOUS
100
AcDbLine
 10
6.2450393700787403
 20
-4.7045275590551183
 30
0
 11
6.2533858267716536
 21
-4.6996850393700784
 31
0
  0
LINE
  5
8A7
330
22
100
AcDbEntity
  8
F.Cu
  6
CONTINUOUS
100
AcDbLine
 10
6.2533858267716536
 20
-4.6996850393700784
 30
0
 11
6.2604330708661413
 21
-4.6926377952755907
 31
0
  0
LINE
  5
8A8
330
22
100
AcDbEntity
  8
F.Cu
  6
CONTINUOUS
100
AcDbLine
 10
6.2604330708661413
 20
-4.6926377952755907
 30
0
 11
6.2652755905511812
 21
-4.6842913385826774
 31
0
  0
LINE
  5
8A9
330
22
100
AcDbEntity
  8
F.Cu
  6
CONTINUOUS
100
AcDbLine
 10
6.2652755905511812
 20
-4.6842913385826774
 30
0
 11
6.2653149606299214
 21
-4.6841732283464568
 31
0
  0
LINE
  5
8AA
330
22
100
AcDbEntity
  8
F.Cu
  6
CONTINUOUS
100
AcDbLine
 10
6.2653149606299214
 20
-4.6841732283464568
 30
0
 11
6.2679133858267715
 21
-4.6744881889763779
 31
0
  0
LINE
  5
8AB
330
22
100
AcDbEntity
  8
F.Cu
  6
CONTINUOUS
100
AcDbLine
 10
6.2679133858267715
 20
-4.6744881889763779
 30
0
 11
6.2679133858267715
 21
-4.6648031496062989
 31
0
  0
LINE
  5
8AC
330
22
100
AcDbEntity
  8
F.Cu
  6
CONTINUOUS
100
AcDbLine
 10
6.2679133858267715
 20
-4.6648031496062989
 30
0
 11
6.2653149606299214
 21
-4.6551574803149602
 31
0
  0
LINE
  5
8AD
330
22
100
AcDbEntity
  8
F.Cu
  6
CONTINUOUS
100
AcDbLine
 10
6.2653149606299214
 20
-4.6551574803149602
 30
0
 11
6.2604330708661413
 21
-4.6467322834645666
 31
0
  0
LINE
  5
8AE
330
22
100
AcDbEntity
  8
F.Cu
  6
CONTINUOUS
100
AcDbLine
 10
6.2604330708661413
 20
-4.6467322834645666
 30
0
 11
6.2533858267716536
 21
-4.6396850393700788
 31
0
  0
LINE
  5
8AF
330
22
100
AcDbEntity
  8
F.Cu
  6
CONTINUOUS
100
AcDbLine
 10
6.2533858267716536
 20
-4.6396850393700788
 30
0
 11
6.2450393700787403
 21
-4.6348425196850389
 31
0
  0
LINE
  5
8B0
330
22
100
AcDbEntity
  8
F.Cu
  6
CONTINUOUS
100
AcDbLine
 10
6.2450393700787403
 20
-4.6348425196850389
 30
0
 11
6.2448425196850392
 21
-4.6347637795275594
 31
0
  0
LINE
  5
8B1
330
22
100
AcDbEntity
  8
F.Cu
  6
CONTINUOUS
100
AcDbLine
 10
6.2448425196850392
 20
-4.6347637795275594
 30
0
 11
6.2353149606299212
 21
-4.6322440944881889
 31
0
  0
LINE
  5
8B2
330
22
100
AcDbEntity
  8
F.Cu
  6
CONTINUOUS
100
AcDbLine
 10
6.2353149606299212
 20
-4.6322440944881889
 30
0
 11
6.2255118110236216
 21
-4.6322440944881889
 31
0
  0
LINE
  5
8B3
330
22
100
AcDbEntity
  8
F.Cu
  6
CONTINUOUS
100
AcDbLine
 10
6.2255118110236216
 20
-4.6322440944881889
 30
0
 11
6.2160236220472438
 21
-4.6347637795275594
 31
0
  0
LINE
  5
8B4
330
22
100
AcDbEntity
  8
F.Cu
  6
CONTINUOUS
100
AcDbLine
 10
6.2160236220472438
 20
-4.6347637795275594
 30
0
 11
6.2158267716535436
 21
-4.6348425196850389
 31
0
  0
LINE
  5
8B5
330
22
100
AcDbEntity
  8
F.Cu
  6
CONTINUOUS
100
AcDbLine
 10
6.2158267716535436
 20
-4.6348425196850389
 30
0
 11
6.2074803149606295
 21
-4.6396850393700788
 31
0
  0
LINE
  5
8B6
330
22
100
AcDbEntity
  8
F.Cu
  6
CONTINUOUS
100
AcDbLine
 10
6.2074803149606295
 20
-4.6396850393700788
 30
0
 11
6.2074409448818892
 21
-4.639724409448819
 31
0
  0
LINE
  5
8B7
330
22
100
AcDbEntity
  8
F.Cu
  6
CONTINUOUS
100
AcDbLine
 10
6.2074409448818892
 20
-4.639724409448819
 30
0
 11
6.2004330708661417
 21
-4.6466929133858264
 31
0
  0
LINE
  5
8B8
330
22
100
AcDbEntity
  8
F.Cu
  6
CONTINUOUS
100
AcDbLine
 10
6.2004330708661417
 20
-4.6466929133858264
 30
0
 11
6.2003937007874015
 21
-4.6467322834645666
 31
0
  0
LINE
  5
8B9
330
22
100
AcDbEntity
  8
F.Cu
  6
CONTINUOUS
100
AcDbLine
 10
6.2003937007874015
 20
-4.6467322834645666
 30
0
 11
6.1955511811023625
 21
-4.6551968503937005
 31
0
  0
LINE
  5
8BA
330
22
100
AcDbEntity
  8
F.Cu
  6
CONTINUOUS
100
AcDbLine
 10
6.1955511811023625
 20
-4.6551968503937005
 30
0
 11
6.195472440944882
 21
-4.6553937007874016
 31
0
  0
LINE
  5
8BB
330
22
100
AcDbEntity
  8
F.Cu
  6
CONTINUOUS
100
AcDbLine
 10
6.195472440944882
 20
-4.6553937007874016
 30
0
 11
6.1929921259842518
 21
-4.6647637795275587
 31
0
  0
LINE
  5
8BC
330
22
100
AcDbEntity
  8
F.Cu
  6
CONTINUOUS
100
AcDbLine
 10
6.1929921259842518
 20
-4.6647637795275587
 30
0
 11
6.1929921259842518
 21
-4.6745669291338583
 31
0
  0
LINE
  5
8BD
330
22
100
AcDbEntity
  8
F.Cu
  6
CONTINUOUS
100
AcDbLine
 10
5.2033858267716537
 20
-4.6148425196850393
 30
0
 11
5.203425196850394
 21
-4.6153149606299211
 31
0
  0
LINE
  5
8BE
330
22
100
AcDbEntity
  8
F.Cu
  6
CONTINUOUS
100
AcDbLine
 10
5.203425196850394
 20
-4.6153149606299211
 30
0
 11
5.2034645669291342
 21
-4.6153543307086613
 31
0
  0
LINE
  5
8BF
330
22
100
AcDbEntity
  8
F.Cu
  6
CONTINUOUS
100
AcDbLine
 10
5.2034645669291342
 20
-4.6153543307086613
 30
0
 11
5.2035039370078735
 21
-4.6156692913385822
 31
0
  0
LINE
  5
8C0
330
22
100
AcDbEntity
  8
F.Cu
  6
CONTINUOUS
100
AcDbLine
 10
5.2035039370078735
 20
-4.6156692913385822
 30
0
 11
5.2036614173228344
 21
-4.6166535433070868
 31
0
  0
LINE
  5
8C1
330
22
100
AcDbEntity
  8
F.Cu
  6
CONTINUOUS
100
AcDbLine
 10
5.2036614173228344
 20
-4.6166535433070868
 30
0
 11
5.2037007874015746
 21
-4.6166535433070868
 31
0
  0
LINE
  5
8C2
330
22
100
AcDbEntity
  8
F.Cu
  6
CONTINUOUS
100
AcDbLine
 10
5.2037007874015746
 20
-4.6166535433070868
 30
0
 11
5.203779527559055
 21
-4.6169685039370076
 31
0
  0
LINE
  5
8C3
330
22
100
AcDbEntity
  8
F.Cu
  6
CONTINUOUS
100
AcDbLine
 10
5.203779527559055
 20
-4.6169685039370076
 30
0
 11
5.2041732283464563
 21
-4.6179527559055114
 31
0
  0
LINE
  5
8C4
330
22
100
AcDbEntity
  8
F.Cu
  6
CONTINUOUS
100
AcDbLine
 10
5.2041732283464563
 20
-4.6179527559055114
 30
0
 11
5.2042125984251966
 21
-4.618070866141732
 31
0
  0
LINE
  5
8C5
330
22
100
AcDbEntity
  8
F.Cu
  6
CONTINUOUS
100
AcDbLine
 10
5.2042125984251966
 20
-4.618070866141732
 30
0
 11
5.2044881889763781
 21
-4.6186220472440942
 31
0
  0
LINE
  5
8C6
330
22
100
AcDbEntity
  8
F.Cu
  6
CONTINUOUS
100
AcDbLine
 10
5.2044881889763781
 20
-4.6186220472440942
 30
0
 11
5.2046456692913381
 21
-4.6188976377952757
 31
0
  0
LINE
  5
8C7
330
22
100
AcDbEntity
  8
F.Cu
  6
CONTINUOUS
100
AcDbLine
 10
5.2046456692913381
 20
-4.6188976377952757
 30
0
 11
5.2053149606299209
 21
-4.6199212598425197
 31
0
  0
LINE
  5
8C8
330
22
100
AcDbEntity
  8
F.Cu
  6
CONTINUOUS
100
AcDbLine
 10
5.2053149606299209
 20
-4.6199212598425197
 30
0
 11
5.2053937007874014
 21
-4.6200393700787403
 31
0
  0
LINE
  5
8C9
330
22
100
AcDbEntity
  8
F.Cu
  6
CONTINUOUS
100
AcDbLine
 10
5.2053937007874014
 20
-4.6200393700787403
 30
0
 11
5.2058661417322831
 21
-4.6205511811023623
 31
0
  0
LINE
  5
8CA
330
22
100
AcDbEntity
  8
F.Cu
  6
CONTINUOUS
100
AcDbLine
 10
5.2058661417322831
 20
-4.6205511811023623
 30
0
 11
5.2059448818897636
 21
-4.6206299212598427
 31
0
  0
LINE
  5
8CB
330
22
100
AcDbEntity
  8
F.Cu
  6
CONTINUOUS
100
AcDbLine
 10
5.2059448818897636
 20
-4.6206299212598427
 30
0
 11
5.2069291338582673
 21
-4.6214960629921258
 31
0
  0
LINE
  5
8CC
330
22
100
AcDbEntity
  8
F.Cu
  6
CONTINUOUS
100
AcDbLine
 10
5.2069291338582673
 20
-4.6214960629921258
 30
0
 11
5.2079133858267719
 21
-4.6222047244094489
 31
0
  0
LINE
  5
8CD
330
22
100
AcDbEntity
  8
F.Cu
  6
CONTINUOUS
100
AcDbLine
 10
5.2079133858267719
 20
-4.6222047244094489
 30
0
 11
5.2086614173228343
 21
-4.6225196850393697
 31
0
  0
LINE
  5
8CE
330
22
100
AcDbEntity
  8
F.Cu
  6
CONTINUOUS
100
AcDbLine
 10
5.2086614173228343
 20
-4.6225196850393697
 30
0
 11
5.2087401574803147
 21
-4.6225196850393697
 31
0
  0
LINE
  5
8CF
330
22
100
AcDbEntity
  8
F.Cu
  6
CONTINUOUS
100
AcDbLine
 10
5.2087401574803147
 20
-4.6225196850393697
 30
0
 11
5.2088582677165354
 21
-4.6225590551181099
 31
0
  0
LINE
  5
8D0
330
22
100
AcDbEntity
  8
F.Cu
  6
CONTINUOUS
100
AcDbLine
 10
5.2088582677165354
 20
-4.6225590551181099
 30
0
 11
5.2101574803149608
 21
-4.6230708661417319
 31
0
  0
LINE
  5
8D1
330
22
100
AcDbEntity
  8
F.Cu
  6
CONTINUOUS
100
AcDbLine
 10
5.2101574803149608
 20
-4.6230708661417319
 30
0
 11
5.2110629921259841
 21
-4.6232283464566928
 31
0
  0
LINE
  5
8D2
330
22
100
AcDbEntity
  8
F.Cu
  6
CONTINUOUS
100
AcDbLine
 10
5.2110629921259841
 20
-4.6232283464566928
 30
0
 11
5.2120078740157476
 21
-4.6233464566929134
 31
0
  0
LINE
  5
8D3
330
22
100
AcDbEntity
  8
F.Cu
  6
CONTINUOUS
100
AcDbLine
 10
5.2120078740157476
 20
-4.6233464566929134
 30
0
 11
5.271299212598425
 21
-4.6233464566929134
 31
0
  0
LINE
  5
8D4
330
22
100
AcDbEntity
  8
F.Cu
  6
CONTINUOUS
100
AcDbLine
 10
5.271299212598425
 20
-4.6233464566929134
 30
0
 11
5.2720078740157481
 21
-4.623267716535433
 31
0
  0
LINE
  5
8D5
330
22
100
AcDbEntity
  8
F.Cu
  6
CONTINUOUS
100
AcDbLine
 10
5.2720078740157481
 20
-4.623267716535433
 30
0
 11
5.2731102362204725
 21
-4.6230314960629917
 31
0
  0
LINE
  5
8D6
330
22
100
AcDbEntity
  8
F.Cu
  6
CONTINUOUS
100
AcDbLine
 10
5.2731102362204725
 20
-4.6230314960629917
 30
0
 11
5.2744488188976373
 21
-4.6225984251968502
 31
0
  0
LINE
  5
8D7
330
22
100
AcDbEntity
  8
F.Cu
  6
CONTINUOUS
100
AcDbLine
 10
5.2744488188976373
 20
-4.6225984251968502
 30
0
 11
5.2753149606299212
 21
-4.6222440944881891
 31
0
  0
LINE
  5
8D8
330
22
100
AcDbEntity
  8
F.Cu
  6
CONTINUOUS
100
AcDbLine
 10
5.2753149606299212
 20
-4.6222440944881891
 30
0
 11
5.2761023622047247
 21
-4.6216535433070867
 31
0
  0
LINE
  5
8D9
330
22
100
AcDbEntity
  8
F.Cu
  6
CONTINUOUS
100
AcDbLine
 10
5.2761023622047247
 20
-4.6216535433070867
 30
0
 11
5.2762598425196847
 21
-4.6214960629921258
 31
0
  0
LINE
  5
8DA
330
22
100
AcDbEntity
  8
F.Cu
  6
CONTINUOUS
100
AcDbLine
 10
5.2762598425196847
 20
-4.6214960629921258
 30
0
 11
5.2772047244094491
 21
-4.6207874015748027
 31
0
  0
LINE
  5
8DB
330
22
100
AcDbEntity
  8
F.Cu
  6
CONTINUOUS
100
AcDbLine
 10
5.2772047244094491
 20
-4.6207874015748027
 30
0
 11
5.2773228346456689
 21
-4.6207086614173232
 31
0
  0
LINE
  5
8DC
330
22
100
AcDbEntity
  8
F.Cu
  6
CONTINUOUS
100
AcDbLine
 10
5.2773228346456689
 20
-4.6207086614173232
 30
0
 11
5.2780314960629919
 21
-4.6199212598425197
 31
0
  0
LINE
  5
8DD
330
22
100
AcDbEntity
  8
F.Cu
  6
CONTINUOUS
100
AcDbLine
 10
5.2780314960629919
 20
-4.6199212598425197
 30
0
 11
5.2781496062992126
 21
-4.6197637795275588
 31
0
  0
LINE
  5
8DE
330
22
100
AcDbEntity
  8
F.Cu
  6
CONTINUOUS
100
AcDbLine
 10
5.2781496062992126
 20
-4.6197637795275588
 30
0
 11
5.2786614173228346
 21
-4.618937007874016
 31
0
  0
LINE
  5
8DF
330
22
100
AcDbEntity
  8
F.Cu
  6
CONTINUOUS
100
AcDbLine
 10
5.2786614173228346
 20
-4.618937007874016
 30
0
 11
5.2791732283464565
 21
-4.6178740157480318
 31
0
  0
LINE
  5
8E0
330
22
100
AcDbEntity
  8
F.Cu
  6
CONTINUOUS
100
AcDbLine
 10
5.2791732283464565
 20
-4.6178740157480318
 30
0
 11
5.2795669291338578
 21
-4.6167322834645672
 31
0
  0
LINE
  5
8E1
330
22
100
AcDbEntity
  8
F.Cu
  6
CONTINUOUS
100
AcDbLine
 10
5.2795669291338578
 20
-4.6167322834645672
 30
0
 11
5.2798425196850394
 21
-4.6155511811023624
 31
0
  0
LINE
  5
8E2
330
22
100
AcDbEntity
  8
F.Cu
  6
CONTINUOUS
100
AcDbLine
 10
5.2798425196850394
 20
-4.6155511811023624
 30
0
 11
5.2798818897637796
 21
-4.6146456692913382
 31
0
  0
LINE
  5
8E3
330
22
100
AcDbEntity
  8
F.Cu
  6
CONTINUOUS
100
AcDbLine
 10
5.2798818897637796
 20
-4.6146456692913382
 30
0
 11
5.2798818897637796
 21
-4.6096850393700786
 31
0
  0
LINE
  5
8E4
330
22
100
AcDbEntity
  8
F.Cu
  6
CONTINUOUS
100
AcDbLine
 10
5.2798818897637796
 20
-4.6096850393700786
 30
0
 11
5.2833464566929136
 21
-4.6062204724409446
 31
0
  0
LINE
  5
8E5
330
22
100
AcDbEntity
  8
F.Cu
  6
CONTINUOUS
100
AcDbLine
 10
5.2833464566929136
 20
-4.6062204724409446
 30
0
 11
5.3869291338582679
 21
-4.6062204724409446
 31
0
  0
LINE
  5
8E6
330
22
100
AcDbEntity
  8
F.Cu
  6
CONTINUOUS
100
AcDbLine
 10
5.3869291338582679
 20
-4.6062204724409446
 30
0
 11
5.3873622047244094
 21
-4.6061811023622043
 31
0
  0
LINE
  5
8E7
330
22
100
AcDbEntity
  8
F.Cu
  6
CONTINUOUS
100
AcDbLine
 10
5.3873622047244094
 20
-4.6061811023622043
 30
0
 11
5.3875590551181105
 21
-4.6061811023622043
 31
0
  0
LINE
  5
8E8
330
22
100
AcDbEntity
  8
F.Cu
  6
CONTINUOUS
100
AcDbLine
 10
5.3875590551181105
 20
-4.6061811023622043
 30
0
 11
5.3876377952755901
 21
-4.6061417322834641
 31
0
  0
LINE
  5
8E9
330
22
100
AcDbEntity
  8
F.Cu
  6
CONTINUOUS
100
AcDbLine
 10
5.3876377952755901
 20
-4.6061417322834641
 30
0
 11
5.3882283464566925
 21
-4.6060236220472444
 31
0
  0
LINE
  5
8EA
330
22
100
AcDbEntity
  8
F.Cu
  6
CONTINUOUS
100
AcDbLine
 10
5.3882283464566925
 20
-4.6060236220472444
 30
0
 11
5.3893307086614168
 21
-4.6058661417322835
 31
0
  0
LINE
  5
8EB
330
22
100
AcDbEntity
  8
F.Cu
  6
CONTINUOUS
100
AcDbLine
 10
5.3893307086614168
 20
-4.6058661417322835
 30
0
 11
5.3894094488188973
 21
-4.6058267716535433
 31
0
  0
LINE
  5
8EC
330
22
100
AcDbEntity
  8
F.Cu
  6
CONTINUOUS
100
AcDbLine
 10
5.3894094488188973
 20
-4.6058267716535433
 30
0
 11
5.3900787401574801
 21
-4.6055118110236215
 31
0
  0
LINE
  5
8ED
330
22
100
AcDbEntity
  8
F.Cu
  6
CONTINUOUS
100
AcDbLine
 10
5.3900787401574801
 20
-4.6055118110236215
 30
0
 11
5.3904330708661412
 21
-4.605433070866142
 31
0
  0
LINE
  5
8EE
330
22
100
AcDbEntity
  8
F.Cu
  6
CONTINUOUS
100
AcDbLine
 10
5.3904330708661412
 20
-4.605433070866142
 30
0
 11
5.3903937007874019
 21
-4.605433070866142
 31
0
  0
LINE
  5
8EF
330
22
100
AcDbEntity
  8
F.Cu
  6
CONTINUOUS
100
AcDbLine
 10
5.3903937007874019
 20
-4.605433070866142
 30
0
 11
5.3905511811023619
 21
-4.6053149606299213
 31
0
  0
LINE
  5
8F0
330
22
100
AcDbEntity
  8
F.Cu
  6
CONTINUOUS
100
AcDbLine
 10
5.3905511811023619
 20
-4.6053149606299213
 30
0
 11
5.3910236220472436
 21
-4.60507874015748
 31
0
  0
LINE
  5
8F1
330
22
100
AcDbEntity
  8
F.Cu
  6
CONTINUOUS
100
AcDbLine
 10
5.3910236220472436
 20
-4.60507874015748
 30
0
 11
5.3918897637795276
 21
-4.6046850393700787
 31
0
  0
LINE
  5
8F2
330
22
100
AcDbEntity
  8
F.Cu
  6
CONTINUOUS
100
AcDbLine
 10
5.3918897637795276
 20
-4.6046850393700787
 30
0
 11
5.3919291338582678
 21
-4.6046456692913385
 31
0
  0
LINE
  5
8F3
330
22
100
AcDbEntity
  8
F.Cu
  6
CONTINUOUS
100
AcDbLine
 10
5.3919291338582678
 20
-4.6046456692913385
 30
0
 11
5.3922834645669289
 21
-4.6043307086614176
 31
0
  0
LINE
  5
8F4
330
22
100
AcDbEntity
  8
F.Cu
  6
CONTINUOUS
100
AcDbLine
 10
5.3922834645669289
 20
-4.6043307086614176
 30
0
 11
5.3925196850393702
 21
-4.6040944881889763
 31
0
  0
LINE
  5
8F5
330
22
100
AcDbEntity
  8
F.Cu
  6
CONTINUOUS
100
AcDbLine
 10
5.3925196850393702
 20
-4.6040944881889763
 30
0
 11
5.3929133858267715
 21
-4.6037401574803152
 31
0
  0
LINE
  5
8F6
330
22
100
AcDbEntity
  8
F.Cu
  6
CONTINUOUS
100
AcDbLine
 10
5.3929133858267715
 20
-4.6037401574803152
 30
0
 11
5.4633858267716535
 21
-4.5333464566929136
 31
0
  0
LINE
  5
8F7
330
22
100
AcDbEntity
  8
F.Cu
  6
CONTINUOUS
100
AcDbLine
 10
5.4633858267716535
 20
-4.5333464566929136
 30
0
 11
5.4638976377952755
 21
-4.532716535433071
 31
0
  0
LINE
  5
8F8
330
22
100
AcDbEntity
  8
F.Cu
  6
CONTINUOUS
100
AcDbLine
 10
5.4638976377952755
 20
-4.532716535433071
 30
0
 11
5.4639763779527559
 21
-4.5326771653543307
 31
0
  0
LINE
  5
8F9
330
22
100
AcDbEntity
  8
F.Cu
  6
CONTINUOUS
100
AcDbLine
 10
5.4639763779527559
 20
-4.5326771653543307
 30
0
 11
5.4642519685039366
 21
-4.5321653543307088
 31
0
  0
LINE
  5
8FA
330
22
100
AcDbEntity
  8
F.Cu
  6
CONTINUOUS
100
AcDbLine
 10
5.4642519685039366
 20
-4.5321653543307088
 30
0
 11
5.4647244094488192
 21
-4.5314566929133857
 31
0
  0
LINE
  5
8FB
330
22
100
AcDbEntity
  8
F.Cu
  6
CONTINUOUS
100
AcDbLine
 10
5.4647244094488192
 20
-4.5314566929133857
 30
0
 11
5.4652362204724412
 21
-4.5304330708661418
 31
0
  0
LINE
  5
8FC
330
22
100
AcDbEntity
  8
F.Cu
  6
CONTINUOUS
100
AcDbLine
 10
5.4652362204724412
 20
-4.5304330708661418
 30
0
 11
5.4653543307086609
 21
-4.5297637795275589
 31
0
  0
LINE
  5
8FD
330
22
100
AcDbEntity
  8
F.Cu
  6
CONTINUOUS
100
AcDbLine
 10
5.4653543307086609
 20
-4.5297637795275589
 30
0
 11
5.4654724409448816
 21
-4.5292913385826772
 31
0
  0
LINE
  5
8FE
330
22
100
AcDbEntity
  8
F.Cu
  6
CONTINUOUS
100
AcDbLine
 10
5.4654724409448816
 20
-4.5292913385826772
 30
0
 11
5.4656299212598425
 21
-4.5287795275590552
 31
0
  0
LINE
  5
8FF
330
22
100
AcDbEntity
  8
F.Cu
  6
CONTINUOUS
100
AcDbLine
 10
5.4656299212598425
 20
-4.5287795275590552
 30
0
 11
5.4656692913385827
 21
-4.5286614173228346
 31
0
  0
LINE
  5
900
330
22
100
AcDbEntity
  8
F.Cu
  6
CONTINUOUS
100
AcDbLine
 10
5.4656692913385827
 20
-4.5286614173228346
 30
0
 11
5.4656692913385827
 21
-4.5283070866141735
 31
0
  0
LINE
  5
901
330
22
100
AcDbEntity
  8
F.Cu
  6
CONTINUOUS
100
AcDbLine
 10
5.4656692913385827
 20
-4.5283070866141735
 30
0
 11
5.4657086614173229
 21
-4.5277952755905515
 31
0
  0
LINE
  5
902
330
22
100
AcDbEntity
  8
F.Cu
  6
CONTINUOUS
100
AcDbLine
 10
5.4657086614173229
 20
-4.5277952755905515
 30
0
 11
5.4657480314960631
 21
-4.5275590551181102
 31
0
  0
LINE
  5
903
330
22
100
AcDbEntity
  8
F.Cu
  6
CONTINUOUS
100
AcDbLine
 10
5.4657480314960631
 20
-4.5275590551181102
 30
0
 11
5.4657480314960631
 21
-4.1480708661417323
 31
0
  0
LINE
  5
904
330
22
100
AcDbEntity
  8
F.Cu
  6
CONTINUOUS
100
AcDbLine
 10
5.4657480314960631
 20
-4.1480708661417323
 30
0
 11
5.4666535433070864
 21
-4.1459055118110237
 31
0
  0
LINE
  5
905
330
22
100
AcDbEntity
  8
F.Cu
  6
CONTINUOUS
100
AcDbLine
 10
5.4666535433070864
 20
-4.1459055118110237
 30
0
 11
5.6090944881889762
 21
-4.003464566929134
 31
0
  0
LINE
  5
906
330
22
100
AcDbEntity
  8
F.Cu
  6
CONTINUOUS
100
AcDbLine
 10
5.6090944881889762
 20
-4.003464566929134
 30
0
 11
5.6130708661417321
 21
-4.002952755905512
 31
0
  0
LINE
  5
907
330
22
100
AcDbEntity
  8
F.Cu
  6
CONTINUOUS
100
AcDbLine
 10
5.6130708661417321
 20
-4.002952755905512
 30
0
 11
5.615826771653543
 21
-4.0045275590551181
 31
0
  0
LINE
  5
908
330
22
100
AcDbEntity
  8
F.Cu
  6
CONTINUOUS
100
AcDbLine
 10
5.615826771653543
 20
-4.0045275590551181
 30
0
 11
5.6160236220472441
 21
-4.0046062992125986
 31
0
  0
LINE
  5
909
330
22
100
AcDbEntity
  8
F.Cu
  6
CONTINUOUS
100
AcDbLine
 10
5.6160236220472441
 20
-4.0046062992125986
 30
0
 11
5.625511811023622
 21
-4.0071259842519682
 31
0
  0
LINE
  5
90A
330
22
100
AcDbEntity
  8
F.Cu
  6
CONTINUOUS
100
AcDbLine
 10
5.625511811023622
 20
-4.0071259842519682
 30
0
 11
5.6353149606299215
 21
-4.0071259842519682
 31
0
  0
LINE
  5
90B
330
22
100
AcDbEntity
  8
F.Cu
  6
CONTINUOUS
100
AcDbLine
 10
5.6353149606299215
 20
-4.0071259842519682
 30
0
 11
5.6448425196850396
 21
-4.0046062992125986
 31
0
  0
LINE
  5
90C
330
22
100
AcDbEntity
  8
F.Cu
  6
CONTINUOUS
100
AcDbLine
 10
5.6448425196850396
 20
-4.0046062992125986
 30
0
 11
5.6450393700787398
 21
-4.0045275590551181
 31
0
  0
LINE
  5
90D
330
22
100
AcDbEntity
  8
F.Cu
  6
CONTINUOUS
100
AcDbLine
 10
5.6450393700787398
 20
-4.0045275590551181
 30
0
 11
5.653385826771653
 21
-3.9996850393700787
 31
0
  0
LINE
  5
90E
330
22
100
AcDbEntity
  8
F.Cu
  6
CONTINUOUS
100
AcDbLine
 10
5.653385826771653
 20
-3.9996850393700787
 30
0
 11
5.6603543307086612
 21
-3.9927165354330709
 31
0
  0
LINE
  5
90F
330
22
100
AcDbEntity
  8
F.Cu
  6
CONTINUOUS
100
AcDbLine
 10
5.6603543307086612
 20
-3.9927165354330709
 30
0
 11
5.6652755905511807
 21
-3.9841732283464566
 31
0
  0
LINE
  5
910
330
22
100
AcDbEntity
  8
F.Cu
  6
CONTINUOUS
100
AcDbLine
 10
5.6652755905511807
 20
-3.9841732283464566
 30
0
 11
5.6654330708661416
 21
-3.9838188976377951
 31
0
  0
LINE
  5
911
330
22
100
AcDbEntity
  8
F.Cu
  6
CONTINUOUS
100
AcDbLine
 10
5.6654330708661416
 20
-3.9838188976377951
 30
0
 11
5.6662204724409451
 21
-3.9808661417322835
 31
0
  0
LINE
  5
912
330
22
100
AcDbEntity
  8
F.Cu
  6
CONTINUOUS
100
AcDbLine
 10
5.6662204724409451
 20
-3.9808661417322835
 30
0
 11
5.6694094488188975
 21
-3.9784645669291336
 31
0
  0
LINE
  5
913
330
22
100
AcDbEntity
  8
F.Cu
  6
CONTINUOUS
100
AcDbLine
 10
5.6694094488188975
 20
-3.9784645669291336
 30
0
 11
5.8434645669291339
 21
-3.9784645669291336
 31
0
  0
LINE
  5
914
330
22
100
AcDbEntity
  8
F.Cu
  6
CONTINUOUS
100
AcDbLine
 10
5.8434645669291339
 20
-3.9784645669291336
 30
0
 11
5.8469291338582678
 21
-3.9819291338582676
 31
0
  0
LINE
  5
915
330
22
100
AcDbEntity
  8
F.Cu
  6
CONTINUOUS
100
AcDbLine
 10
5.8469291338582678
 20
-3.9819291338582676
 30
0
 11
5.8469291338582678
 21
-3.9990551181102361
 31
0
  0
LINE
  5
916
330
22
100
AcDbEntity
  8
F.Cu
  6
CONTINUOUS
100
AcDbLine
 10
5.8469291338582678
 20
-3.9990551181102361
 30
0
 11
5.8469685039370081
 21
-3.9999606299212598
 31
0
  0
LINE
  5
917
330
22
100
AcDbEntity
  8
F.Cu
  6
CONTINUOUS
100
AcDbLine
 10
5.8469685039370081
 20
-3.9999606299212598
 30
0
 11
5.8472047244094485
 21
-4.0012598425196853
 31
0
  0
LINE
  5
918
330
22
100
AcDbEntity
  8
F.Cu
  6
CONTINUOUS
100
AcDbLine
 10
5.8472047244094485
 20
-4.0012598425196853
 30
0
 11
5.8472834645669289
 21
-4.0014960629921257
 31
0
  0
LINE
  5
919
330
22
100
AcDbEntity
  8
F.Cu
  6
CONTINUOUS
100
AcDbLine
 10
5.8472834645669289
 20
-4.0014960629921257
 30
0
 11
5.8476771653543302
 21
-4.0025590551181098
 31
0
  0
LINE
  5
91A
330
22
100
AcDbEntity
  8
F.Cu
  6
CONTINUOUS
100
AcDbLine
 10
5.8476771653543302
 20
-4.0025590551181098
 30
0
 11
5.8477165354330705
 21
-4.0026771653543305
 31
0
  0
LINE
  5
91B
330
22
100
AcDbEntity
  8
F.Cu
  6
CONTINUOUS
100
AcDbLine
 10
5.8477165354330705
 20
-4.0026771653543305
 30
0
 11
5.847992125984252
 21
-4.0032283464566927
 31
0
  0
LINE
  5
91C
330
22
100
AcDbEntity
  8
F.Cu
  6
CONTINUOUS
100
AcDbLine
 10
5.847992125984252
 20
-4.0032283464566927
 30
0
 11
5.8481496062992129
 21
-4.0035039370078742
 31
0
  0
LINE
  5
91D
330
22
100
AcDbEntity
  8
F.Cu
  6
CONTINUOUS
100
AcDbLine
 10
5.8481496062992129
 20
-4.0035039370078742
 30
0
 11
5.8488188976377948
 21
-4.0045275590551181
 31
0
  0
LINE
  5
91E
330
22
100
AcDbEntity
  8
F.Cu
  6
CONTINUOUS
100
AcDbLine
 10
5.8488188976377948
 20
-4.0045275590551181
 30
0
 11
5.8488976377952753
 21
-4.0046456692913388
 31
0
  0
LINE
  5
91F
330
22
100
AcDbEntity
  8
F.Cu
  6
CONTINUOUS
100
AcDbLine
 10
5.8488976377952753
 20
-4.0046456692913388
 30
0
 11
5.849370078740157
 21
-4.0051574803149608
 31
0
  0
LINE
  5
920
330
22
100
AcDbEntity
  8
F.Cu
  6
CONTINUOUS
100
AcDbLine
 10
5.849370078740157
 20
-4.0051574803149608
 30
0
 11
5.8496456692913386
 21
-4.0054330708661414
 31
0
  0
LINE
  5
921
330
22
100
AcDbEntity
  8
F.Cu
  6
CONTINUOUS
100
AcDbLine
 10
5.8496456692913386
 20
-4.0054330708661414
 30
0
 11
5.8504724409448814
 21
-4.0061417322834645
 31
0
  0
LINE
  5
922
330
22
100
AcDbEntity
  8
F.Cu
  6
CONTINUOUS
100
AcDbLine
 10
5.8504724409448814
 20
-4.0061417322834645
 30
0
 11
5.8515354330708664
 21
-4.0067716535433071
 31
0
  0
LINE
  5
923
330
22
100
AcDbEntity
  8
F.Cu
  6
CONTINUOUS
100
AcDbLine
 10
5.8515354330708664
 20
-4.0067716535433071
 30
0
 11
5.8517322834645666
 21
-4.0068897637795278
 31
0
  0
LINE
  5
924
330
22
100
AcDbEntity
  8
F.Cu
  6
CONTINUOUS
100
AcDbLine
 10
5.8517322834645666
 20
-4.0068897637795278
 30
0
 11
5.8521653543307082
 21
-4.0071259842519682
 31
0
  0
LINE
  5
925
330
22
100
AcDbEntity
  8
F.Cu
  6
CONTINUOUS
100
AcDbLine
 10
5.8521653543307082
 20
-4.0071259842519682
 30
0
 11
5.8525196850393701
 21
-4.0072834645669291
 31
0
  0
LINE
  5
926
330
22
100
AcDbEntity
  8
F.Cu
  6
CONTINUOUS
100
AcDbLine
 10
5.8525196850393701
 20
-4.0072834645669291
 30
0
 11
5.8532283464566932
 21
-4.0075590551181097
 31
0
  0
LINE
  5
927
330
22
100
AcDbEntity
  8
F.Cu
  6
CONTINUOUS
100
AcDbLine
 10
5.8532283464566932
 20
-4.0075590551181097
 30
0
 11
5.8533858267716532
 21
-4.0075984251968499
 31
0
  0
LINE
  5
928
330
22
100
AcDbEntity
  8
F.Cu
  6
CONTINUOUS
100
AcDbLine
 10
5.8533858267716532
 20
-4.0075984251968499
 30
0
 11
5.8550393700787398
 21
-4.0078740157480315
 31
0
  0
LINE
  5
929
330
22
100
AcDbEntity
  8
F.Cu
  6
CONTINUOUS
100
AcDbLine
 10
5.8550393700787398
 20
-4.0078740157480315
 30
0
 11
5.855787401574803
 21
-4.0079133858267717
 31
0
  0
LINE
  5
92A
330
22
100
AcDbEntity
  8
F.Cu
  6
CONTINUOUS
100
AcDbLine
 10
5.855787401574803
 20
-4.0079133858267717
 30
0
 11
5.8899212598425192
 21
-4.0079133858267717
 31
0
  0
LINE
  5
92B
330
22
100
AcDbEntity
  8
F.Cu
  6
CONTINUOUS
100
AcDbLine
 10
5.8899212598425192
 20
-4.0079133858267717
 30
0
 11
5.8906692913385825
 21
-4.0078740157480315
 31
0
  0
LINE
  5
92C
330
22
100
AcDbEntity
  8
F.Cu
  6
CONTINUOUS
100
AcDbLine
 10
5.8906692913385825
 20
-4.0078740157480315
 30
0
 11
5.8923228346456691
 21
-4.0075984251968499
 31
0
  0
LINE
  5
92D
330
22
100
AcDbEntity
  8
F.Cu
  6
CONTINUOUS
100
AcDbLine
 10
5.8923228346456691
 20
-4.0075984251968499
 30
0
 11
5.89248031496063
 21
-4.0075590551181097
 31
0
  0
LINE
  5
92E
330
22
100
AcDbEntity
  8
F.Cu
  6
CONTINUOUS
100
AcDbLine
 10
5.89248031496063
 20
-4.0075590551181097
 30
0
 11
5.893188976377953
 21
-4.0072834645669291
 31
0
  0
LINE
  5
92F
330
22
100
AcDbEntity
  8
F.Cu
  6
CONTINUOUS
100
AcDbLine
 10
5.893188976377953
 20
-4.0072834645669291
 30
0
 11
5.8935433070866141
 21
-4.0071259842519682
 31
0
  0
LINE
  5
930
330
22
100
AcDbEntity
  8
F.Cu
  6
CONTINUOUS
100
AcDbLine
 10
5.8935433070866141
 20
-4.0071259842519682
 30
0
 11
5.8941338582677165
 21
-4.0068110236220473
 31
0
  0
LINE
  5
931
330
22
100
AcDbEntity
  8
F.Cu
  6
CONTINUOUS
100
AcDbLine
 10
5.8941338582677165
 20
-4.0068110236220473
 30
0
 11
5.8953937007874018
 21
-4.0060236220472438
 31
0
  0
LINE
  5
932
330
22
100
AcDbEntity
  8
F.Cu
  6
CONTINUOUS
100
AcDbLine
 10
5.8953937007874018
 20
-4.0060236220472438
 30
0
 11
5.8961023622047239
 21
-4.005354330708661
 31
0
  0
LINE
  5
933
330
22
100
AcDbEntity
  8
F.Cu
  6
CONTINUOUS
100
AcDbLine
 10
5.8961023622047239
 20
-4.005354330708661
 30
0
 11
5.8968897637795274
 21
-4.0045275590551181
 31
0
  0
LINE
  5
934
330
22
100
AcDbEntity
  8
F.Cu
  6
CONTINUOUS
100
AcDbLine
 10
5.8968897637795274
 20
-4.0045275590551181
 30
0
 11
5.897677165354331
 21
-4.0032677165354329
 31
0
  0
LINE
  5
935
330
22
100
AcDbEntity
  8
F.Cu
  6
CONTINUOUS
100
AcDbLine
 10
5.897677165354331
 20
-4.0032677165354329
 30
0
 11
5.8980708661417323
 21
-4.0024803149606294
 31
0
  0
LINE
  5
936
330
22
100
AcDbEntity
  8
F.Cu
  6
CONTINUOUS
100
AcDbLine
 10
5.8980708661417323
 20
-4.0024803149606294
 30
0
 11
5.8983858267716531
 21
-4.0016141732283463
 31
0
  0
LINE
  5
937
330
22
100
AcDbEntity
  8
F.Cu
  6
CONTINUOUS
100
AcDbLine
 10
5.8983858267716531
 20
-4.0016141732283463
 30
0
 11
5.8984251968503933
 21
-4.0014960629921257
 31
0
  0
LINE
  5
938
330
22
100
AcDbEntity
  8
F.Cu
  6
CONTINUOUS
100
AcDbLine
 10
5.8984251968503933
 20
-4.0014960629921257
 30
0
 11
5.8987007874015749
 21
-4.0003937007874013
 31
0
  0
LINE
  5
939
330
22
100
AcDbEntity
  8
F.Cu
  6
CONTINUOUS
100
AcDbLine
 10
5.8987007874015749
 20
-4.0003937007874013
 30
0
 11
5.8988188976377955
 21
-3.9989370078740158
 31
0
  0
LINE
  5
93A
330
22
100
AcDbEntity
  8
F.Cu
  6
CONTINUOUS
100
AcDbLine
 10
5.8988188976377955
 20
-3.9989370078740158
 30
0
 11
5.8988188976377955
 21
-3.9404330708661415
 31
0
  0
LINE
  5
93B
330
22
100
AcDbEntity
  8
F.Cu
  6
CONTINUOUS
100
AcDbLine
 10
5.8988188976377955
 20
-3.9404330708661415
 30
0
 11
5.8987918897637792
 21
-3.9401181102362202
 31
0
  0
LINE
  5
93C
330
22
100
AcDbEntity
  8
F.Cu
  6
CONTINUOUS
100
AcDbLine
 10
5.8987918897637792
 20
-3.9401181102362202
 30
0
 11
5.8987007874015749
 21
-3.939055118110236
 31
0
  0
LINE
  5
93D
330
22
100
AcDbEntity
  8
F.Cu
  6
CONTINUOUS
100
AcDbLine
 10
5.8987007874015749
 20
-3.939055118110236
 30
0
 11
5.8984645669291336
 21
-3.9380314960629921
 31
0
  0
LINE
  5
93E
330
22
100
AcDbEntity
  8
F.Cu
  6
CONTINUOUS
100
AcDbLine
 10
5.8984645669291336
 20
-3.9380314960629921
 30
0
 11
5.8981102362204725
 21
-3.9369685039370079
 31
0
  0
LINE
  5
93F
330
22
100
AcDbEntity
  8
F.Cu
  6
CONTINUOUS
100
AcDbLine
 10
5.8981102362204725
 20
-3.9369685039370079
 30
0
 11
5.8980708661417323
 21
-3.936811023622047
 31
0
  0
LINE
  5
940
330
22
100
AcDbEntity
  8
F.Cu
  6
CONTINUOUS
100
AcDbLine
 10
5.8980708661417323
 20
-3.936811023622047
 30
0
 11
5.8977559055118105
 21
-3.9362204724409446
 31
0
  0
LINE
  5
941
330
22
100
AcDbEntity
  8
F.Cu
  6
CONTINUOUS
100
AcDbLine
 10
5.8977559055118105
 20
-3.9362204724409446
 30
0
 11
5.897677165354331
 21
-3.9361023622047244
 31
0
  0
LINE
  5
942
330
22
100
AcDbEntity
  8
F.Cu
  6
CONTINUOUS
100
AcDbLine
 10
5.897677165354331
 20
-3.9361023622047244
 30
0
 11
5.8969291338582677
 21
-3.9348818897637794
 31
0
  0
LINE
  5
943
330
22
100
AcDbEntity
  8
F.Cu
  6
CONTINUOUS
100
AcDbLine
 10
5.8969291338582677
 20
-3.9348818897637794
 30
0
 11
5.8961811023622044
 21
-3.9340944881889763
 31
0
  0
LINE
  5
944
330
22
100
AcDbEntity
  8
F.Cu
  6
CONTINUOUS
100
AcDbLine
 10
5.8961811023622044
 20
-3.9340944881889763
 30
0
 11
5.8953937007874018
 21
-3.9333464566929135
 31
0
  0
LINE
  5
945
330
22
100
AcDbEntity
  8
F.Cu
  6
CONTINUOUS
100
AcDbLine
 10
5.8953937007874018
 20
-3.9333464566929135
 30
0
 11
5.8941338582677165
 21
-3.93255905511811
 31
0
  0
LINE
  5
946
330
22
100
AcDbEntity
  8
F.Cu
  6
CONTINUOUS
100
AcDbLine
 10
5.8941338582677165
 20
-3.93255905511811
 30
0
 11
5.8935433070866141
 21
-3.9322440944881887
 31
0
  0
LINE
  5
947
330
22
100
AcDbEntity
  8
F.Cu
  6
CONTINUOUS
100
AcDbLine
 10
5.8935433070866141
 20
-3.9322440944881887
 30
0
 11
5.893188976377953
 21
-3.9320866141732282
 31
0
  0
LINE
  5
948
330
22
100
AcDbEntity
  8
F.Cu
  6
CONTINUOUS
100
AcDbLine
 10
5.893188976377953
 20
-3.9320866141732282
 30
0
 11
5.89248031496063
 21
-3.9318110236220472
 31
0
  0
LINE
  5
949
330
22
100
AcDbEntity
  8
F.Cu
  6
CONTINUOUS
100
AcDbLine
 10
5.89248031496063
 20
-3.9318110236220472
 30
0
 11
5.892125984251968
 21
-3.9317322834645667
 31
0
  0
LINE
  5
94A
330
22
100
AcDbEntity
  8
F.Cu
  6
CONTINUOUS
100
AcDbLine
 10
5.892125984251968
 20
-3.9317322834645667
 30
0
 11
5.892125984251968
 21
-3.9316929133858265
 31
0
  0
LINE
  5
94B
330
22
100
AcDbEntity
  8
F.Cu
  6
CONTINUOUS
100
AcDbLine
 10
5.892125984251968
 20
-3.9316929133858265
 30
0
 11
5.8911417322834643
 21
-3.9315354330708661
 31
0
  0
LINE
  5
94C
330
22
100
AcDbEntity
  8
F.Cu
  6
CONTINUOUS
100
AcDbLine
 10
5.8911417322834643
 20
-3.9315354330708661
 30
0
 11
5.8901968503937008
 21
-3.9314173228346454
 31
0
  0
LINE
  5
94D
330
22
100
AcDbEntity
  8
F.Cu
  6
CONTINUOUS
100
AcDbLine
 10
5.8901968503937008
 20
-3.9314173228346454
 30
0
 11
5.8555118110236215
 21
-3.9314173228346454
 31
0
  0
LINE
  5
94E
330
22
100
AcDbEntity
  8
F.Cu
  6
CONTINUOUS
100
AcDbLine
 10
5.8555118110236215
 20
-3.9314173228346454
 30
0
 11
5.854566929133858
 21
-3.9315354330708661
 31
0
  0
LINE
  5
94F
330
22
100
AcDbEntity
  8
F.Cu
  6
CONTINUOUS
100
AcDbLine
 10
5.854566929133858
 20
-3.9315354330708661
 30
0
 11
5.8535826771653543
 21
-3.9316929133858265
 31
0
  0
LINE
  5
950
330
22
100
AcDbEntity
  8
F.Cu
  6
CONTINUOUS
100
AcDbLine
 10
5.8535826771653543
 20
-3.9316929133858265
 30
0
 11
5.8535826771653543
 21
-3.9317322834645667
 31
0
  0
LINE
  5
951
330
22
100
AcDbEntity
  8
F.Cu
  6
CONTINUOUS
100
AcDbLine
 10
5.8535826771653543
 20
-3.9317322834645667
 30
0
 11
5.8532283464566932
 21
-3.9318110236220472
 31
0
  0
LINE
  5
952
330
22
100
AcDbEntity
  8
F.Cu
  6
CONTINUOUS
100
AcDbLine
 10
5.8532283464566932
 20
-3.9318110236220472
 30
0
 11
5.8525196850393701
 21
-3.9320866141732282
 31
0
  0
LINE
  5
953
330
22
100
AcDbEntity
  8
F.Cu
  6
CONTINUOUS
100
AcDbLine
 10
5.8525196850393701
 20
-3.9320866141732282
 30
0
 11
5.8521653543307082
 21
-3.9322440944881887
 31
0
  0
LINE
  5
954
330
22
100
AcDbEntity
  8
F.Cu
  6
CONTINUOUS
100
AcDbLine
 10
5.8521653543307082
 20
-3.9322440944881887
 30
0
 11
5.8517322834645666
 21
-3.93248031496063
 31
0
  0
LINE
  5
955
330
22
100
AcDbEntity
  8
F.Cu
  6
CONTINUOUS
100
AcDbLine
 10
5.8517322834645666
 20
-3.93248031496063
 30
0
 11
5.8515354330708664
 21
-3.9325984251968502
 31
0
  0
LINE
  5
956
330
22
100
AcDbEntity
  8
F.Cu
  6
CONTINUOUS
100
AcDbLine
 10
5.8515354330708664
 20
-3.9325984251968502
 30
0
 11
5.8504724409448814
 21
-3.9332283464566928
 31
0
  0
LINE
  5
957
330
22
100
AcDbEntity
  8
F.Cu
  6
CONTINUOUS
100
AcDbLine
 10
5.8504724409448814
 20
-3.9332283464566928
 30
0
 11
5.8495669291338581
 21
-3.9340157480314959
 31
0
  0
LINE
  5
958
330
22
100
AcDbEntity
  8
F.Cu
  6
CONTINUOUS
100
AcDbLine
 10
5.8495669291338581
 20
-3.9340157480314959
 30
0
 11
5.849370078740157
 21
-3.9342125984251965
 31
0
  0
LINE
  5
959
330
22
100
AcDbEntity
  8
F.Cu
  6
CONTINUOUS
100
AcDbLine
 10
5.849370078740157
 20
-3.9342125984251965
 30
0
 11
5.8488582677165351
 21
-3.9347637795275592
 31
0
  0
LINE
  5
95A
330
22
100
AcDbEntity
  8
F.Cu
  6
CONTINUOUS
100
AcDbLine
 10
5.8488582677165351
 20
-3.9347637795275592
 30
0
 11
5.8488188976377948
 21
-3.9348425196850392
 31
0
  0
LINE
  5
95B
330
22
100
AcDbEntity
  8
F.Cu
  6
CONTINUOUS
100
AcDbLine
 10
5.8488188976377948
 20
-3.9348425196850392
 30
0
 11
5.8481102362204727
 21
-3.9359055118110233
 31
0
  0
LINE
  5
95C
330
22
100
AcDbEntity
  8
F.Cu
  6
CONTINUOUS
100
AcDbLine
 10
5.8481102362204727
 20
-3.9359055118110233
 30
0
 11
5.8477165354330705
 21
-3.9366929133858268
 31
0
  0
LINE
  5
95D
330
22
100
AcDbEntity
  8
F.Cu
  6
CONTINUOUS
100
AcDbLine
 10
5.8477165354330705
 20
-3.9366929133858268
 30
0
 11
5.8476771653543302
 21
-3.936811023622047
 31
0
  0
LINE
  5
95E
330
22
100
AcDbEntity
  8
F.Cu
  6
CONTINUOUS
100
AcDbLine
 10
5.8476771653543302
 20
-3.936811023622047
 30
0
 11
5.8472440944881887
 21
-3.9379133858267714
 31
0
  0
LINE
  5
95F
330
22
100
AcDbEntity
  8
F.Cu
  6
CONTINUOUS
100
AcDbLine
 10
5.8472440944881887
 20
-3.9379133858267714
 30
0
 11
5.8472047244094485
 21
-3.9381102362204725
 31
0
  0
LINE
  5
960
330
22
100
AcDbEntity
  8
F.Cu
  6
CONTINUOUS
100
AcDbLine
 10
5.8472047244094485
 20
-3.9381102362204725
 30
0
 11
5.8469685039370081
 21
-3.939566929133858
 31
0
  0
LINE
  5
961
330
22
100
AcDbEntity
  8
F.Cu
  6
CONTINUOUS
100
AcDbLine
 10
5.8469685039370081
 20
-3.939566929133858
 30
0
 11
5.8469291338582678
 21
-3.9401181102362202
 31
0
  0
LINE
  5
962
330
22
100
AcDbEntity
  8
F.Cu
  6
CONTINUOUS
100
AcDbLine
 10
5.8469291338582678
 20
-3.9401181102362202
 30
0
 11
5.8469291338582678
 21
-3.9574015748031495
 31
0
  0
LINE
  5
963
330
22
100
AcDbEntity
  8
F.Cu
  6
CONTINUOUS
100
AcDbLine
 10
5.8469291338582678
 20
-3.9574015748031495
 30
0
 11
5.8434645669291339
 21
-3.9608661417322835
 31
0
  0
LINE
  5
964
330
22
100
AcDbEntity
  8
F.Cu
  6
CONTINUOUS
100
AcDbLine
 10
5.8434645669291339
 20
-3.9608661417322835
 30
0
 11
5.6694094488188975
 21
-3.9608661417322835
 31
0
  0
LINE
  5
965
330
22
100
AcDbEntity
  8
F.Cu
  6
CONTINUOUS
100
AcDbLine
 10
5.6694094488188975
 20
-3.9608661417322835
 30
0
 11
5.6662598425196853
 21
-3.9585039370078738
 31
0
  0
LINE
  5
966
330
22
100
AcDbEntity
  8
F.Cu
  6
CONTINUOUS
100
AcDbLine
 10
5.6662598425196853
 20
-3.9585039370078738
 30
0
 11
5.6653543307086611
 21
-3.9553149606299214
 31
0
  0
LINE
  5
967
330
22
100
AcDbEntity
  8
F.Cu
  6
CONTINUOUS
100
AcDbLine
 10
5.6653543307086611
 20
-3.9553149606299214
 30
0
 11
5.6652755905511807
 21
-3.9551574803149605
 31
0
  0
LINE
  5
968
330
22
100
AcDbEntity
  8
F.Cu
  6
CONTINUOUS
100
AcDbLine
 10
5.6652755905511807
 20
-3.9551574803149605
 30
0
 11
5.6603937007874014
 21
-3.9466929133858266
 31
0
  0
LINE
  5
969
330
22
100
AcDbEntity
  8
F.Cu
  6
CONTINUOUS
100
AcDbLine
 10
5.6603937007874014
 20
-3.9466929133858266
 30
0
 11
5.653385826771653
 21
-3.9396850393700786
 31
0
  0
LINE
  5
96A
330
22
100
AcDbEntity
  8
F.Cu
  6
CONTINUOUS
100
AcDbLine
 10
5.653385826771653
 20
-3.9396850393700786
 30
0
 11
5.6450393700787398
 21
-3.9348425196850392
 31
0
  0
LINE
  5
96B
330
22
100
AcDbEntity
  8
F.Cu
  6
CONTINUOUS
100
AcDbLine
 10
5.6450393700787398
 20
-3.9348425196850392
 30
0
 11
5.6449212598425191
 21
-3.934803149606299
 31
0
  0
LINE
  5
96C
330
22
100
AcDbEntity
  8
F.Cu
  6
CONTINUOUS
100
AcDbLine
 10
5.6449212598425191
 20
-3.934803149606299
 30
0
 11
5.6352362204724411
 21
-3.9322047244094489
 31
0
  0
LINE
  5
96D
330
22
100
AcDbEntity
  8
F.Cu
  6
CONTINUOUS
100
AcDbLine
 10
5.6352362204724411
 20
-3.9322047244094489
 30
0
 11
5.6255511811023622
 21
-3.9322047244094489
 31
0
  0
LINE
  5
96E
330
22
100
AcDbEntity
  8
F.Cu
  6
CONTINUOUS
100
AcDbLine
 10
5.6255511811023622
 20
-3.9322047244094489
 30
0
 11
5.6159055118110235
 21
-3.934803149606299
 31
0
  0
LINE
  5
96F
330
22
100
AcDbEntity
  8
F.Cu
  6
CONTINUOUS
100
AcDbLine
 10
5.6159055118110235
 20
-3.934803149606299
 30
0
 11
5.6074803149606298
 21
-3.9396850393700786
 31
0
  0
LINE
  5
970
330
22
100
AcDbEntity
  8
F.Cu
  6
CONTINUOUS
100
AcDbLine
 10
5.6074803149606298
 20
-3.9396850393700786
 30
0
 11
5.6074409448818896
 21
-3.9397244094488189
 31
0
  0
LINE
  5
971
330
22
100
AcDbEntity
  8
F.Cu
  6
CONTINUOUS
100
AcDbLine
 10
5.6074409448818896
 20
-3.9397244094488189
 30
0
 11
5.6004330708661412
 21
-3.9466929133858266
 31
0
  0
LINE
  5
972
330
22
100
AcDbEntity
  8
F.Cu
  6
CONTINUOUS
100
AcDbLine
 10
5.6004330708661412
 20
-3.9466929133858266
 30
0
 11
5.6003937007874018
 21
-3.9467322834645668
 31
0
  0
LINE
  5
973
330
22
100
AcDbEntity
  8
F.Cu
  6
CONTINUOUS
100
AcDbLine
 10
5.6003937007874018
 20
-3.9467322834645668
 30
0
 11
5.5955511811023619
 21
-3.9551574803149605
 31
0
  0
LINE
  5
974
330
22
100
AcDbEntity
  8
F.Cu
  6
CONTINUOUS
100
AcDbLine
 10
5.5955511811023619
 20
-3.9551574803149605
 30
0
 11
5.5929133858267717
 21
-3.9648425196850394
 31
0
  0
LINE
  5
975
330
22
100
AcDbEntity
  8
F.Cu
  6
CONTINUOUS
100
AcDbLine
 10
5.5929133858267717
 20
-3.9648425196850394
 30
0
 11
5.5929133858267717
 21
-3.9745275590551179
 31
0
  0
LINE
  5
976
330
22
100
AcDbEntity
  8
F.Cu
  6
CONTINUOUS
100
AcDbLine
 10
5.5929133858267717
 20
-3.9745275590551179
 30
0
 11
5.5955511811023619
 21
-3.984251968503937
 31
0
  0
LINE
  5
977
330
22
100
AcDbEntity
  8
F.Cu
  6
CONTINUOUS
100
AcDbLine
 10
5.5955511811023619
 20
-3.984251968503937
 30
0
 11
5.5971653543307083
 21
-3.9870472440944882
 31
0
  0
LINE
  5
978
330
22
100
AcDbEntity
  8
F.Cu
  6
CONTINUOUS
100
AcDbLine
 10
5.5971653543307083
 20
-3.9870472440944882
 30
0
 11
5.5966535433070863
 21
-3.9910236220472441
 31
0
  0
LINE
  5
979
330
22
100
AcDbEntity
  8
F.Cu
  6
CONTINUOUS
100
AcDbLine
 10
5.5966535433070863
 20
-3.9910236220472441
 30
0
 11
5.450314960629921
 21
-4.1373228346456692
 31
0
  0
LINE
  5
97A
330
22
100
AcDbEntity
  8
F.Cu
  6
CONTINUOUS
100
AcDbLine
 10
5.450314960629921
 20
-4.1373228346456692
 30
0
 11
5.4501181102362199
 21
-4.1375984251968507
 31
0
  0
LINE
  5
97B
330
22
100
AcDbEntity
  8
F.Cu
  6
CONTINUOUS
100
AcDbLine
 10
5.4501181102362199
 20
-4.1375984251968507
 30
0
 11
5.4498425196850393
 21
-4.1380314960629923
 31
0
  0
LINE
  5
97C
330
22
100
AcDbEntity
  8
F.Cu
  6
CONTINUOUS
100
AcDbLine
 10
5.4498425196850393
 20
-4.1380314960629923
 30
0
 11
5.4497244094488186
 21
-4.1382283464566925
 31
0
  0
LINE
  5
97D
330
22
100
AcDbEntity
  8
F.Cu
  6
CONTINUOUS
100
AcDbLine
 10
5.4497244094488186
 20
-4.1382283464566925
 30
0
 11
5.4490551181102358
 21
-4.1392125984251971
 31
0
  0
LINE
  5
97E
330
22
100
AcDbEntity
  8
F.Cu
  6
CONTINUOUS
100
AcDbLine
 10
5.4490551181102358
 20
-4.1392125984251971
 30
0
 11
5.4488582677165356
 21
-4.139724409448819
 31
0
  0
LINE
  5
97F
330
22
100
AcDbEntity
  8
F.Cu
  6
CONTINUOUS
100
AcDbLine
 10
5.4488582677165356
 20
-4.139724409448819
 30
0
 11
5.4487007874015747
 21
-4.1399999999999997
 31
0
  0
LINE
  5
980
330
22
100
AcDbEntity
  8
F.Cu
  6
CONTINUOUS
100
AcDbLine
 10
5.4487007874015747
 20
-4.1399999999999997
 30
0
 11
5.4487007874015747
 21
-4.1400393700787399
 31
0
  0
LINE
  5
981
330
22
100
AcDbEntity
  8
F.Cu
  6
CONTINUOUS
100
AcDbLine
 10
5.4487007874015747
 20
-4.1400393700787399
 30
0
 11
5.4484251968503932
 21
-4.1411023622047241
 31
0
  0
LINE
  5
982
330
22
100
AcDbEntity
  8
F.Cu
  6
CONTINUOUS
100
AcDbLine
 10
5.4484251968503932
 20
-4.1411023622047241
 30
0
 11
5.4483858267716538
 21
-4.1412992125984252
 31
0
  0
LINE
  5
983
330
22
100
AcDbEntity
  8
F.Cu
  6
CONTINUOUS
100
AcDbLine
 10
5.4483858267716538
 20
-4.1412992125984252
 30
0
 11
5.4483070866141734
 21
-4.141614173228346
 31
0
  0
LINE
  5
984
330
22
100
AcDbEntity
  8
F.Cu
  6
CONTINUOUS
100
AcDbLine
 10
5.4483070866141734
 20
-4.141614173228346
 30
0
 11
5.4482677165354332
 21
-4.1418110236220471
 31
0
  0
LINE
  5
985
330
22
100
AcDbEntity
  8
F.Cu
  6
CONTINUOUS
100
AcDbLine
 10
5.4482677165354332
 20
-4.1418110236220471
 30
0
 11
5.4482677165354332
 21
-4.1420078740157482
 31
0
  0
LINE
  5
986
330
22
100
AcDbEntity
  8
F.Cu
  6
CONTINUOUS
100
AcDbLine
 10
5.4482677165354332
 20
-4.1420078740157482
 30
0
 11
5.4481889763779527
 21
-4.1427165354330704
 31
0
  0
LINE
  5
987
330
22
100
AcDbEntity
  8
F.Cu
  6
CONTINUOUS
100
AcDbLine
 10
5.4481889763779527
 20
-4.1427165354330704
 30
0
 11
5.4481496062992125
 21
-4.1428740157480313
 31
0
  0
LINE
  5
988
330
22
100
AcDbEntity
  8
F.Cu
  6
CONTINUOUS
100
AcDbLine
 10
5.4481496062992125
 20
-4.1428740157480313
 30
0
 11
5.4481496062992125
 21
-4.5223622047244092
 31
0
  0
LINE
  5
989
330
22
100
AcDbEntity
  8
F.Cu
  6
CONTINUOUS
100
AcDbLine
 10
5.4481496062992125
 20
-4.5223622047244092
 30
0
 11
5.4472440944881892
 21
-4.5245275590551177
 31
0
  0
LINE
  5
98A
330
22
100
AcDbEntity
  8
F.Cu
  6
CONTINUOUS
100
AcDbLine
 10
5.4472440944881892
 20
-4.5245275590551177
 30
0
 11
5.3840157480314961
 21
-4.5877165354330707
 31
0
  0
LINE
  5
98B
330
22
100
AcDbEntity
  8
F.Cu
  6
CONTINUOUS
100
AcDbLine
 10
5.3840157480314961
 20
-4.5877165354330707
 30
0
 11
5.3818503937007875
 21
-4.5886220472440939
 31
0
  0
LINE
  5
98C
330
22
100
AcDbEntity
  8
F.Cu
  6
CONTINUOUS
100
AcDbLine
 10
5.3818503937007875
 20
-4.5886220472440939
 30
0
 11
5.2833464566929136
 21
-4.5886220472440939
 31
0
  0
LINE
  5
98D
330
22
100
AcDbEntity
  8
F.Cu
  6
CONTINUOUS
100
AcDbLine
 10
5.2833464566929136
 20
-4.5886220472440939
 30
0
 11
5.2798818897637796
 21
-4.5851574803149608
 31
0
  0
LINE
  5
98E
330
22
100
AcDbEntity
  8
F.Cu
  6
CONTINUOUS
100
AcDbLine
 10
5.2798818897637796
 20
-4.5851574803149608
 30
0
 11
5.2798818897637796
 21
-4.5802755905511807
 31
0
  0
LINE
  5
98F
330
22
100
AcDbEntity
  8
F.Cu
  6
CONTINUOUS
100
AcDbLine
 10
5.2798818897637796
 20
-4.5802755905511807
 30
0
 11
5.2798425196850394
 21
-4.579291338582677
 31
0
  0
LINE
  5
990
330
22
100
AcDbEntity
  8
F.Cu
  6
CONTINUOUS
100
AcDbLine
 10
5.2798425196850394
 20
-4.579291338582677
 30
0
 11
5.2796062992125981
 21
-4.5781496062992124
 31
0
  0
LINE
  5
991
330
22
100
AcDbEntity
  8
F.Cu
  6
CONTINUOUS
100
AcDbLine
 10
5.2796062992125981
 20
-4.5781496062992124
 30
0
 11
5.2791732283464565
 21
-4.5768897637795272
 31
0
  0
LINE
  5
992
330
22
100
AcDbEntity
  8
F.Cu
  6
CONTINUOUS
100
AcDbLine
 10
5.2791732283464565
 20
-4.5768897637795272
 30
0
 11
5.2788582677165357
 21
-4.5762598425196845
 31
0
  0
LINE
  5
993
330
22
100
AcDbEntity
  8
F.Cu
  6
CONTINUOUS
100
AcDbLine
 10
5.2788582677165357
 20
-4.5762598425196845
 30
0
 11
5.278740157480315
 21
-4.5760629921259843
 31
0
  0
LINE
  5
994
330
22
100
AcDbEntity
  8
F.Cu
  6
CONTINUOUS
100
AcDbLine
 10
5.278740157480315
 20
-4.5760629921259843
 30
0
 11
5.2787007874015748
 21
-4.5760236220472441
 31
0
  0
LINE
  5
995
330
22
100
AcDbEntity
  8
F.Cu
  6
CONTINUOUS
100
AcDbLine
 10
5.2787007874015748
 20
-4.5760236220472441
 30
0
 11
5.2780708661417322
 21
-4.5748818897637795
 31
0
  0
LINE
  5
996
330
22
100
AcDbEntity
  8
F.Cu
  6
CONTINUOUS
100
AcDbLine
 10
5.2780708661417322
 20
-4.5748818897637795
 30
0
 11
5.2772047244094491
 21
-4.5740157480314956
 31
0
  0
LINE
  5
997
330
22
100
AcDbEntity
  8
F.Cu
  6
CONTINUOUS
100
AcDbLine
 10
5.2772047244094491
 20
-4.5740157480314956
 30
0
 11
5.2764566929133858
 21
-4.5733070866141734
 31
0
  0
LINE
  5
998
330
22
100
AcDbEntity
  8
F.Cu
  6
CONTINUOUS
100
AcDbLine
 10
5.2764566929133858
 20
-4.5733070866141734
 30
0
 11
5.2753543307086614
 21
-4.5726377952755906
 31
0
  0
LINE
  5
999
330
22
100
AcDbEntity
  8
F.Cu
  6
CONTINUOUS
100
AcDbLine
 10
5.2753543307086614
 20
-4.5726377952755906
 30
0
 11
5.2751968503937006
 21
-4.5725590551181101
 31
0
  0
LINE
  5
99A
330
22
100
AcDbEntity
  8
F.Cu
  6
CONTINUOUS
100
AcDbLine
 10
5.2751968503937006
 20
-4.5725590551181101
 30
0
 11
5.2743307086614175
 21
-4.5720866141732284
 31
0
  0
LINE
  5
99B
330
22
100
AcDbEntity
  8
F.Cu
  6
CONTINUOUS
100
AcDbLine
 10
5.2743307086614175
 20
-4.5720866141732284
 30
0
 11
5.2731496062992127
 21
-4.5717322834645664
 31
0
  0
LINE
  5
99C
330
22
100
AcDbEntity
  8
F.Cu
  6
CONTINUOUS
100
AcDbLine
 10
5.2731496062992127
 20
-4.5717322834645664
 30
0
 11
5.2724015748031494
 21
-4.5715354330708662
 31
0
  0
LINE
  5
99D
330
22
100
AcDbEntity
  8
F.Cu
  6
CONTINUOUS
100
AcDbLine
 10
5.2724015748031494
 20
-4.5715354330708662
 30
0
 11
5.2721259842519688
 21
-4.571496062992126
 31
0
  0
LINE
  5
99E
330
22
100
AcDbEntity
  8
F.Cu
  6
CONTINUOUS
100
AcDbLine
 10
5.2721259842519688
 20
-4.571496062992126
 30
0
 11
5.2710236220472444
 21
-4.5714566929133857
 31
0
  0
LINE
  5
99F
330
22
100
AcDbEntity
  8
F.Cu
  6
CONTINUOUS
100
AcDbLine
 10
5.2710236220472444
 20
-4.5714566929133857
 30
0
 11
5.2122440944881889
 21
-4.5714566929133857
 31
0
  0
LINE
  5
9A0
330
22
100
AcDbEntity
  8
F.Cu
  6
CONTINUOUS
100
AcDbLine
 10
5.2122440944881889
 20
-4.5714566929133857
 30
0
 11
5.2112598425196852
 21
-4.571496062992126
 31
0
  0
LINE
  5
9A1
330
22
100
AcDbEntity
  8
F.Cu
  6
CONTINUOUS
100
AcDbLine
 10
5.2112598425196852
 20
-4.571496062992126
 30
0
 11
5.2101968503937011
 21
-4.5717322834645664
 31
0
  0
LINE
  5
9A2
330
22
100
AcDbEntity
  8
F.Cu
  6
CONTINUOUS
100
AcDbLine
 10
5.2101968503937011
 20
-4.5717322834645664
 30
0
 11
5.2101181102362206
 21
-4.5717716535433066
 31
0
  0
LINE
  5
9A3
330
22
100
AcDbEntity
  8
F.Cu
  6
CONTINUOUS
100
AcDbLine
 10
5.2101181102362206
 20
-4.5717716535433066
 30
0
 11
5.2090157480314963
 21
-4.5720866141732284
 31
0
  0
LINE
  5
9A4
330
22
100
AcDbEntity
  8
F.Cu
  6
CONTINUOUS
100
AcDbLine
 10
5.2090157480314963
 20
-4.5720866141732284
 30
0
 11
5.2078740157480317
 21
-4.5726377952755906
 31
0
  0
LINE
  5
9A5
330
22
100
AcDbEntity
  8
F.Cu
  6
CONTINUOUS
100
AcDbLine
 10
5.2078740157480317
 20
-4.5726377952755906
 30
0
 11
5.2068503937007877
 21
-4.5733070866141734
 31
0
  0
LINE
  5
9A6
330
22
100
AcDbEntity
  8
F.Cu
  6
CONTINUOUS
100
AcDbLine
 10
5.2068503937007877
 20
-4.5733070866141734
 30
0
 11
5.2059842519685038
 21
-4.5741338582677162
 31
0
  0
LINE
  5
9A7
330
22
100
AcDbEntity
  8
F.Cu
  6
CONTINUOUS
100
AcDbLine
 10
5.2059842519685038
 20
-4.5741338582677162
 30
0
 11
5.2051968503937003
 21
-4.57496062992126
 31
0
  0
LINE
  5
9A8
330
22
100
AcDbEntity
  8
F.Cu
  6
CONTINUOUS
100
AcDbLine
 10
5.2051968503937003
 20
-4.57496062992126
 30
0
 11
5.2045275590551183
 21
-4.5760236220472441
 31
0
  0
LINE
  5
9A9
330
22
100
AcDbEntity
  8
F.Cu
  6
CONTINUOUS
100
AcDbLine
 10
5.2045275590551183
 20
-4.5760236220472441
 30
0
 11
5.2042125984251966
 21
-4.576692913385827
 31
0
  0
LINE
  5
9AA
330
22
100
AcDbEntity
  8
F.Cu
  6
CONTINUOUS
100
AcDbLine
 10
5.2042125984251966
 20
-4.576692913385827
 30
0
 11
5.2041732283464563
 21
-4.5768110236220467
 31
0
  0
LINE
  5
9AB
330
22
100
AcDbEntity
  8
F.Cu
  6
CONTINUOUS
100
AcDbLine
 10
5.2041732283464563
 20
-4.5768110236220467
 30
0
 11
5.2037401574803148
 21
-4.577913385826772
 31
0
  0
LINE
  5
9AC
330
22
100
AcDbEntity
  8
F.Cu
  6
CONTINUOUS
100
AcDbLine
 10
5.2037401574803148
 20
-4.577913385826772
 30
0
 11
5.2037007874015746
 21
-4.5781102362204722
 31
0
  0
LINE
  5
9AD
330
22
100
AcDbEntity
  8
F.Cu
  6
CONTINUOUS
100
AcDbLine
 10
5.2037007874015746
 20
-4.5781102362204722
 30
0
 11
5.2036614173228344
 21
-4.5781102362204722
 31
0
  0
LINE
  5
9AE
330
22
100
AcDbEntity
  8
F.Cu
  6
CONTINUOUS
100
AcDbLine
 10
5.2036614173228344
 20
-4.5781102362204722
 30
0
 11
5.2036614173228344
 21
-4.5781496062992124
 31
0
  0
LINE
  5
9AF
330
22
100
AcDbEntity
  8
F.Cu
  6
CONTINUOUS
100
AcDbLine
 10
5.2036614173228344
 20
-4.5781496062992124
 30
0
 11
5.2035039370078735
 21
-4.5791338582677161
 31
0
  0
LINE
  5
9B0
330
22
100
AcDbEntity
  8
F.Cu
  6
CONTINUOUS
100
AcDbLine
 10
5.2035039370078735
 20
-4.5791338582677161
 30
0
 11
5.2034645669291342
 21
-4.5794094488188977
 31
0
  0
LINE
  5
9B1
330
22
100
AcDbEntity
  8
F.Cu
  6
CONTINUOUS
100
AcDbLine
 10
5.2034645669291342
 20
-4.5794094488188977
 30
0
 11
5.2033858267716537
 21
-4.5799212598425196
 31
0
  0
LINE
  5
9B2
330
22
100
AcDbEntity
  8
F.Cu
  6
CONTINUOUS
100
AcDbLine
 10
5.2033858267716537
 20
-4.5799212598425196
 30
0
 11
5.2033858267716537
 21
-4.6148425196850393
 31
0
  0
LINE
  5
9B3
330
22
100
AcDbEntity
  8
F.Cu
  6
CONTINUOUS
100
AcDbLine
 10
5.5929527559055119
 20
-4.5746456692913382
 30
0
 11
5.5955511811023619
 21
-4.5841732283464562
 31
0
  0
LINE
  5
9B4
330
22
100
AcDbEntity
  8
F.Cu
  6
CONTINUOUS
100
AcDbLine
 10
5.5955511811023619
 20
-4.5841732283464562
 30
0
 11
5.6003937007874018
 21
-4.5926377952755901
 31
0
  0
LINE
  5
9B5
330
22
100
AcDbEntity
  8
F.Cu
  6
CONTINUOUS
100
AcDbLine
 10
5.6003937007874018
 20
-4.5926377952755901
 30
0
 11
5.6004330708661412
 21
-4.5926771653543303
 31
0
  0
LINE
  5
9B6
330
22
100
AcDbEntity
  8
F.Cu
  6
CONTINUOUS
100
AcDbLine
 10
5.6004330708661412
 20
-4.5926771653543303
 30
0
 11
5.6074409448818896
 21
-4.5996456692913386
 31
0
  0
LINE
  5
9B7
330
22
100
AcDbEntity
  8
F.Cu
  6
CONTINUOUS
100
AcDbLine
 10
5.6074409448818896
 20
-4.5996456692913386
 30
0
 11
5.6074803149606298
 21
-4.5996850393700788
 31
0
  0
LINE
  5
9B8
330
22
100
AcDbEntity
  8
F.Cu
  6
CONTINUOUS
100
AcDbLine
 10
5.6074803149606298
 20
-4.5996850393700788
 30
0
 11
5.6159055118110235
 21
-4.604566929133858
 31
0
  0
LINE
  5
9B9
330
22
100
AcDbEntity
  8
F.Cu
  6
CONTINUOUS
100
AcDbLine
 10
5.6159055118110235
 20
-4.604566929133858
 30
0
 11
5.6255511811023622
 21
-4.607165354330709
 31
0
  0
LINE
  5
9BA
330
22
100
AcDbEntity
  8
F.Cu
  6
CONTINUOUS
100
AcDbLine
 10
5.6255511811023622
 20
-4.607165354330709
 30
0
 11
5.6352362204724411
 21
-4.607165354330709
 31
0
  0
LINE
  5
9BB
330
22
100
AcDbEntity
  8
F.Cu
  6
CONTINUOUS
100
AcDbLine
 10
5.6352362204724411
 20
-4.607165354330709
 30
0
 11
5.6449212598425191
 21
-4.604566929133858
 31
0
  0
LINE
  5
9BC
330
22
100
AcDbEntity
  8
F.Cu
  6
CONTINUOUS
100
AcDbLine
 10
5.6449212598425191
 20
-4.604566929133858
 30
0
 11
5.6450393700787398
 21
-4.6045275590551178
 31
0
  0
LINE
  5
9BD
330
22
100
AcDbEntity
  8
F.Cu
  6
CONTINUOUS
100
AcDbLine
 10
5.6450393700787398
 20
-4.6045275590551178
 30
0
 11
5.653385826771653
 21
-4.5996850393700788
 31
0
  0
LINE
  5
9BE
330
22
100
AcDbEntity
  8
F.Cu
  6
CONTINUOUS
100
AcDbLine
 10
5.653385826771653
 20
-4.5996850393700788
 30
0
 11
5.6604330708661417
 21
-4.5926377952755901
 31
0
  0
LINE
  5
9BF
330
22
100
AcDbEntity
  8
F.Cu
  6
CONTINUOUS
100
AcDbLine
 10
5.6604330708661417
 20
-4.5926377952755901
 30
0
 11
5.6652755905511807
 21
-4.5842913385826769
 31
0
  0
LINE
  5
9C0
330
22
100
AcDbEntity
  8
F.Cu
  6
CONTINUOUS
100
AcDbLine
 10
5.6652755905511807
 20
-4.5842913385826769
 30
0
 11
5.6653937007874013
 21
-4.583976377952756
 31
0
  0
LINE
  5
9C1
330
22
100
AcDbEntity
  8
F.Cu
  6
CONTINUOUS
100
AcDbLine
 10
5.6653937007874013
 20
-4.583976377952756
 30
0
 11
5.6678740157480316
 21
-4.5746456692913382
 31
0
  0
LINE
  5
9C2
330
22
100
AcDbEntity
  8
F.Cu
  6
CONTINUOUS
100
AcDbLine
 10
5.6678740157480316
 20
-4.5746456692913382
 30
0
 11
5.6678740157480316
 21
-4.5647637795275591
 31
0
  0
LINE
  5
9C3
330
22
100
AcDbEntity
  8
F.Cu
  6
CONTINUOUS
100
AcDbLine
 10
5.6678740157480316
 20
-4.5647637795275591
 30
0
 11
5.6653937007874013
 21
-4.5553937007874019
 31
0
  0
LINE
  5
9C4
330
22
100
AcDbEntity
  8
F.Cu
  6
CONTINUOUS
100
AcDbLine
 10
5.6653937007874013
 20
-4.5553937007874019
 30
0
 11
5.6652755905511807
 21
-4.5550787401574802
 31
0
  0
LINE
  5
9C5
330
22
100
AcDbEntity
  8
F.Cu
  6
CONTINUOUS
100
AcDbLine
 10
5.6652755905511807
 20
-4.5550787401574802
 30
0
 11
5.6604330708661417
 21
-4.5467322834645669
 31
0
  0
LINE
  5
9C6
330
22
100
AcDbEntity
  8
F.Cu
  6
CONTINUOUS
100
AcDbLine
 10
5.6604330708661417
 20
-4.5467322834645669
 30
0
 11
5.653385826771653
 21
-4.5396850393700783
 31
0
  0
LINE
  5
9C7
330
22
100
AcDbEntity
  8
F.Cu
  6
CONTINUOUS
100
AcDbLine
 10
5.653385826771653
 20
-4.5396850393700783
 30
0
 11
5.6450393700787398
 21
-4.5348425196850393
 31
0
  0
LINE
  5
9C8
330
22
100
AcDbEntity
  8
F.Cu
  6
CONTINUOUS
100
AcDbLine
 10
5.6450393700787398
 20
-4.5348425196850393
 30
0
 11
5.6448425196850396
 21
-4.5347637795275588
 31
0
  0
LINE
  5
9C9
330
22
100
AcDbEntity
  8
F.Cu
  6
CONTINUOUS
100
AcDbLine
 10
5.6448425196850396
 20
-4.5347637795275588
 30
0
 11
5.6353149606299215
 21
-4.5322440944881892
 31
0
  0
LINE
  5
9CA
330
22
100
AcDbEntity
  8
F.Cu
  6
CONTINUOUS
100
AcDbLine
 10
5.6353149606299215
 20
-4.5322440944881892
 30
0
 11
5.625511811023622
 21
-4.5322440944881892
 31
0
  0
LINE
  5
9CB
330
22
100
AcDbEntity
  8
F.Cu
  6
CONTINUOUS
100
AcDbLine
 10
5.625511811023622
 20
-4.5322440944881892
 30
0
 11
5.6160236220472441
 21
-4.5347637795275588
 31
0
  0
LINE
  5
9CC
330
22
100
AcDbEntity
  8
F.Cu
  6
CONTINUOUS
100
AcDbLine
 10
5.6160236220472441
 20
-4.5347637795275588
 30
0
 11
5.615826771653543
 21
-4.5348425196850393
 31
0
  0
LINE
  5
9CD
330
22
100
AcDbEntity
  8
F.Cu
  6
CONTINUOUS
100
AcDbLine
 10
5.615826771653543
 20
-4.5348425196850393
 30
0
 11
5.6074803149606298
 21
-4.5396850393700783
 31
0
  0
LINE
  5
9CE
330
22
100
AcDbEntity
  8
F.Cu
  6
CONTINUOUS
100
AcDbLine
 10
5.6074803149606298
 20
-4.5396850393700783
 30
0
 11
5.6074409448818896
 21
-4.5397244094488185
 31
0
  0
LINE
  5
9CF
330
22
100
AcDbEntity
  8
F.Cu
  6
CONTINUOUS
100
AcDbLine
 10
5.6074409448818896
 20
-4.5397244094488185
 30
0
 11
5.6004330708661412
 21
-4.5466929133858267
 31
0
  0
LINE
  5
9D0
330
22
100
AcDbEntity
  8
F.Cu
  6
CONTINUOUS
100
AcDbLine
 10
5.6004330708661412
 20
-4.5466929133858267
 30
0
 11
5.6003937007874018
 21
-4.5467322834645669
 31
0
  0
LINE
  5
9D1
330
22
100
AcDbEntity
  8
F.Cu
  6
CONTINUOUS
100
AcDbLine
 10
5.6003937007874018
 20
-4.5467322834645669
 30
0
 11
5.5955511811023619
 21
-4.5551968503937008
 31
0
  0
LINE
  5
9D2
330
22
100
AcDbEntity
  8
F.Cu
  6
CONTINUOUS
100
AcDbLine
 10
5.5955511811023619
 20
-4.5551968503937008
 30
0
 11
5.5954724409448815
 21
-4.5553937007874019
 31
0
  0
LINE
  5
9D3
330
22
100
AcDbEntity
  8
F.Cu
  6
CONTINUOUS
100
AcDbLine
 10
5.5954724409448815
 20
-4.5553937007874019
 30
0
 11
5.5929527559055119
 21
-4.5648031496062993
 31
0
  0
LINE
  5
9D4
330
22
100
AcDbEntity
  8
F.Cu
  6
CONTINUOUS
100
AcDbLine
 10
5.5929527559055119
 20
-4.5648031496062993
 30
0
 11
5.5929527559055119
 21
-4.5746456692913382
 31
0
  0
LINE
  5
9D5
330
22
100
AcDbEntity
  8
F.Cu
  6
CONTINUOUS
100
AcDbLine
 10
6.1929921259842518
 20
-4.5745669291338578
 30
0
 11
6.1955118110236223
 21
-4.584133858267716
 31
0
  0
LINE
  5
9D6
330
22
100
AcDbEntity
  8
F.Cu
  6
CONTINUOUS
100
AcDbLine
 10
6.1955118110236223
 20
-4.584133858267716
 30
0
 11
6.1955511811023625
 21
-4.5841732283464562
 31
0
  0
LINE
  5
9D7
330
22
100
AcDbEntity
  8
F.Cu
  6
CONTINUOUS
100
AcDbLine
 10
6.1955511811023625
 20
-4.5841732283464562
 30
0
 11
6.2003937007874015
 21
-4.5926377952755901
 31
0
  0
LINE
  5
9D8
330
22
100
AcDbEntity
  8
F.Cu
  6
CONTINUOUS
100
AcDbLine
 10
6.2003937007874015
 20
-4.5926377952755901
 30
0
 11
6.2004330708661417
 21
-4.5926771653543303
 31
0
  0
LINE
  5
9D9
330
22
100
AcDbEntity
  8
F.Cu
  6
CONTINUOUS
100
AcDbLine
 10
6.2004330708661417
 20
-4.5926771653543303
 30
0
 11
6.2074409448818892
 21
-4.5996456692913386
 31
0
  0
LINE
  5
9DA
330
22
100
AcDbEntity
  8
F.Cu
  6
CONTINUOUS
100
AcDbLine
 10
6.2074409448818892
 20
-4.5996456692913386
 30
0
 11
6.2074803149606295
 21
-4.5996850393700788
 31
0
  0
LINE
  5
9DB
330
22
100
AcDbEntity
  8
F.Cu
  6
CONTINUOUS
100
AcDbLine
 10
6.2074803149606295
 20
-4.5996850393700788
 30
0
 11
6.2159055118110231
 21
-4.604566929133858
 31
0
  0
LINE
  5
9DC
330
22
100
AcDbEntity
  8
F.Cu
  6
CONTINUOUS
100
AcDbLine
 10
6.2159055118110231
 20
-4.604566929133858
 30
0
 11
6.2255511811023618
 21
-4.607165354330709
 31
0
  0
LINE
  5
9DD
330
22
100
AcDbEntity
  8
F.Cu
  6
CONTINUOUS
100
AcDbLine
 10
6.2255511811023618
 20
-4.607165354330709
 30
0
 11
6.2352362204724407
 21
-4.607165354330709
 31
0
  0
LINE
  5
9DE
330
22
100
AcDbEntity
  8
F.Cu
  6
CONTINUOUS
100
AcDbLine
 10
6.2352362204724407
 20
-4.607165354330709
 30
0
 11
6.2449212598425197
 21
-4.604566929133858
 31
0
  0
LINE
  5
9DF
330
22
100
AcDbEntity
  8
F.Cu
  6
CONTINUOUS
100
AcDbLine
 10
6.2449212598425197
 20
-4.604566929133858
 30
0
 11
6.2450393700787403
 21
-4.6045275590551178
 31
0
  0
LINE
  5
9E0
330
22
100
AcDbEntity
  8
F.Cu
  6
CONTINUOUS
100
AcDbLine
 10
6.2450393700787403
 20
-4.6045275590551178
 30
0
 11
6.2533858267716536
 21
-4.5996850393700788
 31
0
  0
LINE
  5
9E1
330
22
100
AcDbEntity
  8
F.Cu
  6
CONTINUOUS
100
AcDbLine
 10
6.2533858267716536
 20
-4.5996850393700788
 30
0
 11
6.2604330708661413
 21
-4.5926377952755901
 31
0
  0
LINE
  5
9E2
330
22
100
AcDbEntity
  8
F.Cu
  6
CONTINUOUS
100
AcDbLine
 10
6.2604330708661413
 20
-4.5926377952755901
 30
0
 11
6.2652755905511812
 21
-4.5842913385826769
 31
0
  0
LINE
  5
9E3
330
22
100
AcDbEntity
  8
F.Cu
  6
CONTINUOUS
100
AcDbLine
 10
6.2652755905511812
 20
-4.5842913385826769
 30
0
 11
6.2653149606299214
 21
-4.5841732283464562
 31
0
  0
LINE
  5
9E4
330
22
100
AcDbEntity
  8
F.Cu
  6
CONTINUOUS
100
AcDbLine
 10
6.2653149606299214
 20
-4.5841732283464562
 30
0
 11
6.2679133858267715
 21
-4.5745669291338578
 31
0
  0
LINE
  5
9E5
330
22
100
AcDbEntity
  8
F.Cu
  6
CONTINUOUS
100
AcDbLine
 10
6.2679133858267715
 20
-4.5745669291338578
 30
0
 11
6.2679133858267715
 21
-4.5648031496062993
 31
0
  0
LINE
  5
9E6
330
22
100
AcDbEntity
  8
F.Cu
  6
CONTINUOUS
100
AcDbLine
 10
6.2679133858267715
 20
-4.5648031496062993
 30
0
 11
6.2653149606299214
 21
-4.5551574803149606
 31
0
  0
LINE
  5
9E7
330
22
100
AcDbEntity
  8
F.Cu
  6
CONTINUOUS
100
AcDbLine
 10
6.2653149606299214
 20
-4.5551574803149606
 30
0
 11
6.2604330708661413
 21
-4.5467322834645669
 31
0
  0
LINE
  5
9E8
330
22
100
AcDbEntity
  8
F.Cu
  6
CONTINUOUS
100
AcDbLine
 10
6.2604330708661413
 20
-4.5467322834645669
 30
0
 11
6.2533858267716536
 21
-4.5396850393700783
 31
0
  0
LINE
  5
9E9
330
22
100
AcDbEntity
  8
F.Cu
  6
CONTINUOUS
100
AcDbLine
 10
6.2533858267716536
 20
-4.5396850393700783
 30
0
 11
6.2450393700787403
 21
-4.5348425196850393
 31
0
  0
LINE
  5
9EA
330
22
100
AcDbEntity
  8
F.Cu
  6
CONTINUOUS
100
AcDbLine
 10
6.2450393700787403
 20
-4.5348425196850393
 30
0
 11
6.2448425196850392
 21
-4.5347637795275588
 31
0
  0
LINE
  5
9EB
330
22
100
AcDbEntity
  8
F.Cu
  6
CONTINUOUS
100
AcDbLine
 10
6.2448425196850392
 20
-4.5347637795275588
 30
0
 11
6.2353149606299212
 21
-4.5322440944881892
 31
0
  0
LINE
  5
9EC
330
22
100
AcDbEntity
  8
F.Cu
  6
CONTINUOUS
100
AcDbLine
 10
6.2353149606299212
 20
-4.5322440944881892
 30
0
 11
6.2255118110236216
 21
-4.5322440944881892
 31
0
  0
LINE
  5
9ED
330
22
100
AcDbEntity
  8
F.Cu
  6
CONTINUOUS
100
AcDbLine
 10
6.2255118110236216
 20
-4.5322440944881892
 30
0
 11
6.2160236220472438
 21
-4.5347637795275588
 31
0
  0
LINE
  5
9EE
330
22
100
AcDbEntity
  8
F.Cu
  6
CONTINUOUS
100
AcDbLine
 10
6.2160236220472438
 20
-4.5347637795275588
 30
0
 11
6.2158267716535436
 21
-4.5348425196850393
 31
0
  0
LINE
  5
9EF
330
22
100
AcDbEntity
  8
F.Cu
  6
CONTINUOUS
100
AcDbLine
 10
6.2158267716535436
 20
-4.5348425196850393
 30
0
 11
6.2074803149606295
 21
-4.5396850393700783
 31
0
  0
LINE
  5
9F0
330
22
100
AcDbEntity
  8
F.Cu
  6
CONTINUOUS
100
AcDbLine
 10
6.2074803149606295
 20
-4.5396850393700783
 30
0
 11
6.2074409448818892
 21
-4.5397244094488185
 31
0
  0
LINE
  5
9F1
330
22
100
AcDbEntity
  8
F.Cu
  6
CONTINUOUS
100
AcDbLine
 10
6.2074409448818892
 20
-4.5397244094488185
 30
0
 11
6.2004330708661417
 21
-4.5466929133858267
 31
0
  0
LINE
  5
9F2
330
22
100
AcDbEntity
  8
F.Cu
  6
CONTINUOUS
100
AcDbLine
 10
6.2004330708661417
 20
-4.5466929133858267
 30
0
 11
6.2003937007874015
 21
-4.5467322834645669
 31
0
  0
LINE
  5
9F3
330
22
100
AcDbEntity
  8
F.Cu
  6
CONTINUOUS
100
AcDbLine
 10
6.2003937007874015
 20
-4.5467322834645669
 30
0
 11
6.1955511811023625
 21
-4.5551968503937008
 31
0
  0
LINE
  5
9F4
330
22
100
AcDbEntity
  8
F.Cu
  6
CONTINUOUS
100
AcDbLine
 10
6.1955511811023625
 20
-4.5551968503937008
 30
0
 11
6.195472440944882
 21
-4.5553937007874019
 31
0
  0
LINE
  5
9F5
330
22
100
AcDbEntity
  8
F.Cu
  6
CONTINUOUS
100
AcDbLine
 10
6.195472440944882
 20
-4.5553937007874019
 30
0
 11
6.1929921259842518
 21
-4.5647637795275591
 31
0
  0
LINE
  5
9F6
330
22
100
AcDbEntity
  8
F.Cu
  6
CONTINUOUS
100
AcDbLine
 10
6.1929921259842518
 20
-4.5647637795275591
 30
0
 11
6.1929921259842518
 21
-4.5745669291338578
 31
0
  0
LINE
  5
9F7
330
22
100
AcDbEntity
  8
F.Cu
  6
CONTINUOUS
100
AcDbLine
 10
5.2033858267716537
 20
-4.4996850393700782
 30
0
 11
5.203425196850394
 21
-4.5001574803149609
 31
0
  0
LINE
  5
9F8
330
22
100
AcDbEntity
  8
F.Cu
  6
CONTINUOUS
100
AcDbLine
 10
5.203425196850394
 20
-4.5001574803149609
 30
0
 11
5.2034645669291342
 21
-4.5001968503937011
 31
0
  0
LINE
  5
9F9
330
22
100
AcDbEntity
  8
F.Cu
  6
CONTINUOUS
100
AcDbLine
 10
5.2034645669291342
 20
-4.5001968503937011
 30
0
 11
5.2035039370078735
 21
-4.500511811023622
 31
0
  0
LINE
  5
9FA
330
22
100
AcDbEntity
  8
F.Cu
  6
CONTINUOUS
100
AcDbLine
 10
5.2035039370078735
 20
-4.500511811023622
 30
0
 11
5.2036614173228344
 21
-4.5014960629921257
 31
0
  0
LINE
  5
9FB
330
22
100
AcDbEntity
  8
F.Cu
  6
CONTINUOUS
100
AcDbLine
 10
5.2036614173228344
 20
-4.5014960629921257
 30
0
 11
5.2037007874015746
 21
-4.5014960629921257
 31
0
  0
LINE
  5
9FC
330
22
100
AcDbEntity
  8
F.Cu
  6
CONTINUOUS
100
AcDbLine
 10
5.2037007874015746
 20
-4.5014960629921257
 30
0
 11
5.203779527559055
 21
-4.5018110236220474
 31
0
  0
LINE
  5
9FD
330
22
100
AcDbEntity
  8
F.Cu
  6
CONTINUOUS
100
AcDbLine
 10
5.203779527559055
 20
-4.5018110236220474
 30
0
 11
5.2041732283464563
 21
-4.5027952755905511
 31
0
  0
LINE
  5
9FE
330
22
100
AcDbEntity
  8
F.Cu
  6
CONTINUOUS
100
AcDbLine
 10
5.2041732283464563
 20
-4.5027952755905511
 30
0
 11
5.2042125984251966
 21
-4.5029133858267718
 31
0
  0
LINE
  5
9FF
330
22
100
AcDbEntity
  8
F.Cu
  6
CONTINUOUS
100
AcDbLine
 10
5.2042125984251966
 20
-4.5029133858267718
 30
0
 11
5.2044881889763781
 21
-4.503464566929134
 31
0
  0
LINE
  5
A00
330
22
100
AcDbEntity
  8
F.Cu
  6
CONTINUOUS
100
AcDbLine
 10
5.2044881889763781
 20
-4.503464566929134
 30
0
 11
5.2046456692913381
 21
-4.5037401574803146
 31
0
  0
LINE
  5
A01
330
22
100
AcDbEntity
  8
F.Cu
  6
CONTINUOUS
100
AcDbLine
 10
5.2046456692913381
 20
-4.5037401574803146
 30
0
 11
5.2053149606299209
 21
-4.5047637795275586
 31
0
  0
LINE
  5
A02
330
22
100
AcDbEntity
  8
F.Cu
  6
CONTINUOUS
100
AcDbLine
 10
5.2053149606299209
 20
-4.5047637795275586
 30
0
 11
5.2053937007874014
 21
-4.5048818897637792
 31
0
  0
LINE
  5
A03
330
22
100
AcDbEntity
  8
F.Cu
  6
CONTINUOUS
100
AcDbLine
 10
5.2053937007874014
 20
-4.5048818897637792
 30
0
 11
5.2058661417322831
 21
-4.5053937007874012
 31
0
  0
LINE
  5
A04
330
22
100
AcDbEntity
  8
F.Cu
  6
CONTINUOUS
100
AcDbLine
 10
5.2058661417322831
 20
-4.5053937007874012
 30
0
 11
5.2059448818897636
 21
-4.5054724409448816
 31
0
  0
LINE
  5
A05
330
22
100
AcDbEntity
  8
F.Cu
  6
CONTINUOUS
100
AcDbLine
 10
5.2059448818897636
 20
-4.5054724409448816
 30
0
 11
5.2069291338582673
 21
-4.5063385826771656
 31
0
  0
LINE
  5
A06
330
22
100
AcDbEntity
  8
F.Cu
  6
CONTINUOUS
100
AcDbLine
 10
5.2069291338582673
 20
-4.5063385826771656
 30
0
 11
5.2079133858267719
 21
-4.5070472440944878
 31
0
  0
LINE
  5
A07
330
22
100
AcDbEntity
  8
F.Cu
  6
CONTINUOUS
100
AcDbLine
 10
5.2079133858267719
 20
-4.5070472440944878
 30
0
 11
5.2086614173228343
 21
-4.5073622047244095
 31
0
  0
LINE
  5
A08
330
22
100
AcDbEntity
  8
F.Cu
  6
CONTINUOUS
100
AcDbLine
 10
5.2086614173228343
 20
-4.5073622047244095
 30
0
 11
5.2087401574803147
 21
-4.5073622047244095
 31
0
  0
LINE
  5
A09
330
22
100
AcDbEntity
  8
F.Cu
  6
CONTINUOUS
100
AcDbLine
 10
5.2087401574803147
 20
-4.5073622047244095
 30
0
 11
5.2088582677165354
 21
-4.5074015748031497
 31
0
  0
LINE
  5
A0A
330
22
100
AcDbEntity
  8
F.Cu
  6
CONTINUOUS
100
AcDbLine
 10
5.2088582677165354
 20
-4.5074015748031497
 30
0
 11
5.2101574803149608
 21
-4.5079133858267717
 31
0
  0
LINE
  5
A0B
330
22
100
AcDbEntity
  8
F.Cu
  6
CONTINUOUS
100
AcDbLine
 10
5.2101574803149608
 20
-4.5079133858267717
 30
0
 11
5.2110629921259841
 21
-4.5080708661417326
 31
0
  0
LINE
  5
A0C
330
22
100
AcDbEntity
  8
F.Cu
  6
CONTINUOUS
100
AcDbLine
 10
5.2110629921259841
 20
-4.5080708661417326
 30
0
 11
5.2120078740157476
 21
-4.5081889763779524
 31
0
  0
LINE
  5
A0D
330
22
100
AcDbEntity
  8
F.Cu
  6
CONTINUOUS
100
AcDbLine
 10
5.2120078740157476
 20
-4.5081889763779524
 30
0
 11
5.271299212598425
 21
-4.5081889763779524
 31
0
  0
LINE
  5
A0E
330
22
100
AcDbEntity
  8
F.Cu
  6
CONTINUOUS
100
AcDbLine
 10
5.271299212598425
 20
-4.5081889763779524
 30
0
 11
5.2720078740157481
 21
-4.5081102362204719
 31
0
  0
LINE
  5
A0F
330
22
100
AcDbEntity
  8
F.Cu
  6
CONTINUOUS
100
AcDbLine
 10
5.2720078740157481
 20
-4.5081102362204719
 30
0
 11
5.2731102362204725
 21
-4.5078740157480315
 31
0
  0
LINE
  5
A10
330
22
100
AcDbEntity
  8
F.Cu
  6
CONTINUOUS
100
AcDbLine
 10
5.2731102362204725
 20
-4.5078740157480315
 30
0
 11
5.2744488188976373
 21
-4.50744094488189
 31
0
  0
LINE
  5
A11
330
22
100
AcDbEntity
  8
F.Cu
  6
CONTINUOUS
100
AcDbLine
 10
5.2744488188976373
 20
-4.50744094488189
 30
0
 11
5.2753149606299212
 21
-4.507086614173228
 31
0
  0
LINE
  5
A12
330
22
100
AcDbEntity
  8
F.Cu
  6
CONTINUOUS
100
AcDbLine
 10
5.2753149606299212
 20
-4.507086614173228
 30
0
 11
5.2761023622047247
 21
-4.5064960629921256
 31
0
  0
LINE
  5
A13
330
22
100
AcDbEntity
  8
F.Cu
  6
CONTINUOUS
100
AcDbLine
 10
5.2761023622047247
 20
-4.5064960629921256
 30
0
 11
5.2762598425196847
 21
-4.5063385826771656
 31
0
  0
LINE
  5
A14
330
22
100
AcDbEntity
  8
F.Cu
  6
CONTINUOUS
100
AcDbLine
 10
5.2762598425196847
 20
-4.5063385826771656
 30
0
 11
5.2772047244094491
 21
-4.5056299212598425
 31
0
  0
LINE
  5
A15
330
22
100
AcDbEntity
  8
F.Cu
  6
CONTINUOUS
100
AcDbLine
 10
5.2772047244094491
 20
-4.5056299212598425
 30
0
 11
5.2773228346456689
 21
-4.5055511811023621
 31
0
  0
LINE
  5
A16
330
22
100
AcDbEntity
  8
F.Cu
  6
CONTINUOUS
100
AcDbLine
 10
5.2773228346456689
 20
-4.5055511811023621
 30
0
 11
5.2779921259842517
 21
-4.5048031496062988
 31
0
  0
LINE
  5
A17
330
22
100
AcDbEntity
  8
F.Cu
  6
CONTINUOUS
100
AcDbLine
 10
5.2779921259842517
 20
-4.5048031496062988
 30
0
 11
5.2781496062992126
 21
-4.5046062992125986
 31
0
  0
LINE
  5
A18
330
22
100
AcDbEntity
  8
F.Cu
  6
CONTINUOUS
100
AcDbLine
 10
5.2781496062992126
 20
-4.5046062992125986
 30
0
 11
5.2786614173228346
 21
-4.5037795275590549
 31
0
  0
LINE
  5
A19
330
22
100
AcDbEntity
  8
F.Cu
  6
CONTINUOUS
100
AcDbLine
 10
5.2786614173228346
 20
-4.5037795275590549
 30
0
 11
5.2791732283464565
 21
-4.5027165354330707
 31
0
  0
LINE
  5
A1A
330
22
100
AcDbEntity
  8
F.Cu
  6
CONTINUOUS
100
AcDbLine
 10
5.2791732283464565
 20
-4.5027165354330707
 30
0
 11
5.2795669291338578
 21
-4.5015748031496061
 31
0
  0
LINE
  5
A1B
330
22
100
AcDbEntity
  8
F.Cu
  6
CONTINUOUS
100
AcDbLine
 10
5.2795669291338578
 20
-4.5015748031496061
 30
0
 11
5.2798425196850394
 21
-4.5003937007874013
 31
0
  0
LINE
  5
A1C
330
22
100
AcDbEntity
  8
F.Cu
  6
CONTINUOUS
100
AcDbLine
 10
5.2798425196850394
 20
-4.5003937007874013
 30
0
 11
5.2798818897637796
 21
-4.499488188976378
 31
0
  0
LINE
  5
A1D
330
22
100
AcDbEntity
  8
F.Cu
  6
CONTINUOUS
100
AcDbLine
 10
5.2798818897637796
 20
-4.499488188976378
 30
0
 11
5.2798818897637796
 21
-4.4651181102362205
 31
0
  0
LINE
  5
A1E
330
22
100
AcDbEntity
  8
F.Cu
  6
CONTINUOUS
100
AcDbLine
 10
5.2798818897637796
 20
-4.4651181102362205
 30
0
 11
5.2798425196850394
 21
-4.4641338582677168
 31
0
  0
LINE
  5
A1F
330
22
100
AcDbEntity
  8
F.Cu
  6
CONTINUOUS
100
AcDbLine
 10
5.2798425196850394
 20
-4.4641338582677168
 30
0
 11
5.2795669291338578
 21
-4.462952755905512
 31
0
  0
LINE
  5
A20
330
22
100
AcDbEntity
  8
F.Cu
  6
CONTINUOUS
100
AcDbLine
 10
5.2795669291338578
 20
-4.462952755905512
 30
0
 11
5.2792125984251967
 21
-4.4618110236220474
 31
0
  0
LINE
  5
A21
330
22
100
AcDbEntity
  8
F.Cu
  6
CONTINUOUS
100
AcDbLine
 10
5.2792125984251967
 20
-4.4618110236220474
 30
0
 11
5.2788582677165357
 21
-4.4611023622047243
 31
0
  0
LINE
  5
A22
330
22
100
AcDbEntity
  8
F.Cu
  6
CONTINUOUS
100
AcDbLine
 10
5.2788582677165357
 20
-4.4611023622047243
 30
0
 11
5.278740157480315
 21
-4.4609055118110232
 31
0
  0
LINE
  5
A23
330
22
100
AcDbEntity
  8
F.Cu
  6
CONTINUOUS
100
AcDbLine
 10
5.278740157480315
 20
-4.4609055118110232
 30
0
 11
5.2787007874015748
 21
-4.460866141732283
 31
0
  0
LINE
  5
A24
330
22
100
AcDbEntity
  8
F.Cu
  6
CONTINUOUS
100
AcDbLine
 10
5.2787007874015748
 20
-4.460866141732283
 30
0
 11
5.2780314960629919
 21
-4.4596850393700782
 31
0
  0
LINE
  5
A25
330
22
100
AcDbEntity
  8
F.Cu
  6
CONTINUOUS
100
AcDbLine
 10
5.2780314960629919
 20
-4.4596850393700782
 30
0
 11
5.2772047244094491
 21
-4.4588582677165354
 31
0
  0
LINE
  5
A26
330
22
100
AcDbEntity
  8
F.Cu
  6
CONTINUOUS
100
AcDbLine
 10
5.2772047244094491
 20
-4.4588582677165354
 30
0
 11
5.2764173228346456
 21
-4.4581102362204721
 31
0
  0
LINE
  5
A27
330
22
100
AcDbEntity
  8
F.Cu
  6
CONTINUOUS
100
AcDbLine
 10
5.2764173228346456
 20
-4.4581102362204721
 30
0
 11
5.2753543307086614
 21
-4.4574803149606295
 31
0
  0
LINE
  5
A28
330
22
100
AcDbEntity
  8
F.Cu
  6
CONTINUOUS
100
AcDbLine
 10
5.2753543307086614
 20
-4.4574803149606295
 30
0
 11
5.2751968503937006
 21
-4.4574015748031499
 31
0
  0
LINE
  5
A29
330
22
100
AcDbEntity
  8
F.Cu
  6
CONTINUOUS
100
AcDbLine
 10
5.2751968503937006
 20
-4.4574015748031499
 30
0
 11
5.2743307086614175
 21
-4.4569291338582673
 31
0
  0
LINE
  5
A2A
330
22
100
AcDbEntity
  8
F.Cu
  6
CONTINUOUS
100
AcDbLine
 10
5.2743307086614175
 20
-4.4569291338582673
 30
0
 11
5.2731496062992127
 21
-4.4565748031496062
 31
0
  0
LINE
  5
A2B
330
22
100
AcDbEntity
  8
F.Cu
  6
CONTINUOUS
100
AcDbLine
 10
5.2731496062992127
 20
-4.4565748031496062
 30
0
 11
5.2724015748031494
 21
-4.4563779527559051
 31
0
  0
LINE
  5
A2C
330
22
100
AcDbEntity
  8
F.Cu
  6
CONTINUOUS
100
AcDbLine
 10
5.2724015748031494
 20
-4.4563779527559051
 30
0
 11
5.2721259842519688
 21
-4.4563385826771649
 31
0
  0
LINE
  5
A2D
330
22
100
AcDbEntity
  8
F.Cu
  6
CONTINUOUS
100
AcDbLine
 10
5.2721259842519688
 20
-4.4563385826771649
 30
0
 11
5.2710236220472444
 21
-4.4562992125984247
 31
0
  0
LINE
  5
A2E
330
22
100
AcDbEntity
  8
F.Cu
  6
CONTINUOUS
100
AcDbLine
 10
5.2710236220472444
 20
-4.4562992125984247
 30
0
 11
5.2538976377952755
 21
-4.4562992125984247
 31
0
  0
LINE
  5
A2F
330
22
100
AcDbEntity
  8
F.Cu
  6
CONTINUOUS
100
AcDbLine
 10
5.2538976377952755
 20
-4.4562992125984247
 30
0
 11
5.2504330708661415
 21
-4.4528346456692915
 31
0
  0
LINE
  5
A30
330
22
100
AcDbEntity
  8
F.Cu
  6
CONTINUOUS
100
AcDbLine
 10
5.2504330708661415
 20
-4.4528346456692915
 30
0
 11
5.2504330708661415
 21
-4.4270078740157484
 31
0
  0
LINE
  5
A31
330
22
100
AcDbEntity
  8
F.Cu
  6
CONTINUOUS
100
AcDbLine
 10
5.2504330708661415
 20
-4.4270078740157484
 30
0
 11
5.2538976377952755
 21
-4.4235433070866144
 31
0
  0
LINE
  5
A32
330
22
100
AcDbEntity
  8
F.Cu
  6
CONTINUOUS
100
AcDbLine
 10
5.2538976377952755
 20
-4.4235433070866144
 30
0
 11
5.2611811023622046
 21
-4.4235433070866144
 31
0
  0
LINE
  5
A33
330
22
100
AcDbEntity
  8
F.Cu
  6
CONTINUOUS
100
AcDbLine
 10
5.2611811023622046
 20
-4.4235433070866144
 30
0
 11
5.2611811023622046
 21
-4.3805118110236219
 31
0
  0
LINE
  5
A34
330
22
100
AcDbEntity
  8
F.Cu
  6
CONTINUOUS
100
AcDbLine
 10
5.2611811023622046
 20
-4.3805118110236219
 30
0
 11
5.2220866141732278
 21
-4.3805118110236219
 31
0
  0
LINE
  5
A35
330
22
100
AcDbEntity
  8
F.Cu
  6
CONTINUOUS
100
AcDbLine
 10
5.2220866141732278
 20
-4.3805118110236219
 30
0
 11
5.2220866141732278
 21
-4.4235433070866144
 31
0
  0
LINE
  5
A36
330
22
100
AcDbEntity
  8
F.Cu
  6
CONTINUOUS
100
AcDbLine
 10
5.2220866141732278
 20
-4.4235433070866144
 30
0
 11
5.2293700787401578
 21
-4.4235433070866144
 31
0
  0
LINE
  5
A37
330
22
100
AcDbEntity
  8
F.Cu
  6
CONTINUOUS
100
AcDbLine
 10
5.2293700787401578
 20
-4.4235433070866144
 30
0
 11
5.2328346456692909
 21
-4.4270078740157484
 31
0
  0
LINE
  5
A38
330
22
100
AcDbEntity
  8
F.Cu
  6
CONTINUOUS
100
AcDbLine
 10
5.2328346456692909
 20
-4.4270078740157484
 30
0
 11
5.2328346456692909
 21
-4.4528346456692915
 31
0
  0
LINE
  5
A39
330
22
100
AcDbEntity
  8
F.Cu
  6
CONTINUOUS
100
AcDbLine
 10
5.2328346456692909
 20
-4.4528346456692915
 30
0
 11
5.2293700787401578
 21
-4.4562992125984247
 31
0
  0
LINE
  5
A3A
330
22
100
AcDbEntity
  8
F.Cu
  6
CONTINUOUS
100
AcDbLine
 10
5.2293700787401578
 20
-4.4562992125984247
 30
0
 11
5.2122440944881889
 21
-4.4562992125984247
 31
0
  0
LINE
  5
A3B
330
22
100
AcDbEntity
  8
F.Cu
  6
CONTINUOUS
100
AcDbLine
 10
5.2122440944881889
 20
-4.4562992125984247
 30
0
 11
5.2112598425196852
 21
-4.4563385826771649
 31
0
  0
LINE
  5
A3C
330
22
100
AcDbEntity
  8
F.Cu
  6
CONTINUOUS
100
AcDbLine
 10
5.2112598425196852
 20
-4.4563385826771649
 30
0
 11
5.2101968503937011
 21
-4.4565748031496062
 31
0
  0
LINE
  5
A3D
330
22
100
AcDbEntity
  8
F.Cu
  6
CONTINUOUS
100
AcDbLine
 10
5.2101968503937011
 20
-4.4565748031496062
 30
0
 11
5.2101181102362206
 21
-4.4566141732283464
 31
0
  0
LINE
  5
A3E
330
22
100
AcDbEntity
  8
F.Cu
  6
CONTINUOUS
100
AcDbLine
 10
5.2101181102362206
 20
-4.4566141732283464
 30
0
 11
5.2090157480314963
 21
-4.4569291338582673
 31
0
  0
LINE
  5
A3F
330
22
100
AcDbEntity
  8
F.Cu
  6
CONTINUOUS
100
AcDbLine
 10
5.2090157480314963
 20
-4.4569291338582673
 30
0
 11
5.2078740157480317
 21
-4.4574803149606295
 31
0
  0
LINE
  5
A40
330
22
100
AcDbEntity
  8
F.Cu
  6
CONTINUOUS
100
AcDbLine
 10
5.2078740157480317
 20
-4.4574803149606295
 30
0
 11
5.2068503937007877
 21
-4.4581496062992123
 31
0
  0
LINE
  5
A41
330
22
100
AcDbEntity
  8
F.Cu
  6
CONTINUOUS
100
AcDbLine
 10
5.2068503937007877
 20
-4.4581496062992123
 30
0
 11
5.2059842519685038
 21
-4.458976377952756
 31
0
  0
LINE
  5
A42
330
22
100
AcDbEntity
  8
F.Cu
  6
CONTINUOUS
100
AcDbLine
 10
5.2059842519685038
 20
-4.458976377952756
 30
0
 11
5.2051968503937003
 21
-4.4598031496062989
 31
0
  0
LINE
  5
A43
330
22
100
AcDbEntity
  8
F.Cu
  6
CONTINUOUS
100
AcDbLine
 10
5.2051968503937003
 20
-4.4598031496062989
 30
0
 11
5.2045275590551183
 21
-4.460866141732283
 31
0
  0
LINE
  5
A44
330
22
100
AcDbEntity
  8
F.Cu
  6
CONTINUOUS
100
AcDbLine
 10
5.2045275590551183
 20
-4.460866141732283
 30
0
 11
5.2042125984251966
 21
-4.4615354330708659
 31
0
  0
LINE
  5
A45
330
22
100
AcDbEntity
  8
F.Cu
  6
CONTINUOUS
100
AcDbLine
 10
5.2042125984251966
 20
-4.4615354330708659
 30
0
 11
5.2041732283464563
 21
-4.4616535433070865
 31
0
  0
LINE
  5
A46
330
22
100
AcDbEntity
  8
F.Cu
  6
CONTINUOUS
100
AcDbLine
 10
5.2041732283464563
 20
-4.4616535433070865
 30
0
 11
5.2037007874015746
 21
-4.4628740157480316
 31
0
  0
LINE
  5
A47
330
22
100
AcDbEntity
  8
F.Cu
  6
CONTINUOUS
100
AcDbLine
 10
5.2037007874015746
 20
-4.4628740157480316
 30
0
 11
5.2037007874015746
 21
-4.462952755905512
 31
0
  0
LINE
  5
A48
330
22
100
AcDbEntity
  8
F.Cu
  6
CONTINUOUS
100
AcDbLine
 10
5.2037007874015746
 20
-4.462952755905512
 30
0
 11
5.2036614173228344
 21
-4.462952755905512
 31
0
  0
LINE
  5
A49
330
22
100
AcDbEntity
  8
F.Cu
  6
CONTINUOUS
100
AcDbLine
 10
5.2036614173228344
 20
-4.462952755905512
 30
0
 11
5.2035039370078735
 21
-4.4639763779527559
 31
0
  0
LINE
  5
A4A
330
22
100
AcDbEntity
  8
F.Cu
  6
CONTINUOUS
100
AcDbLine
 10
5.2035039370078735
 20
-4.4639763779527559
 30
0
 11
5.2034645669291342
 21
-4.4642519685039366
 31
0
  0
LINE
  5
A4B
330
22
100
AcDbEntity
  8
F.Cu
  6
CONTINUOUS
100
AcDbLine
 10
5.2034645669291342
 20
-4.4642519685039366
 30
0
 11
5.2033858267716537
 21
-4.4647637795275585
 31
0
  0
LINE
  5
A4C
330
22
100
AcDbEntity
  8
F.Cu
  6
CONTINUOUS
100
AcDbLine
 10
5.2033858267716537
 20
-4.4647637795275585
 30
0
 11
5.2033858267716537
 21
-4.4996850393700782
 31
0
  0
LINE
  5
A4D
330
22
100
AcDbEntity
  8
F.Cu
  6
CONTINUOUS
100
AcDbLine
 10
5.5929527559055119
 20
-4.4745669291338581
 30
0
 11
5.5955511811023619
 21
-4.4841732283464566
 31
0
  0
LINE
  5
A4E
330
22
100
AcDbEntity
  8
F.Cu
  6
CONTINUOUS
100
AcDbLine
 10
5.5955511811023619
 20
-4.4841732283464566
 30
0
 11
5.6003937007874018
 21
-4.4926377952755905
 31
0
  0
LINE
  5
A4F
330
22
100
AcDbEntity
  8
F.Cu
  6
CONTINUOUS
100
AcDbLine
 10
5.6003937007874018
 20
-4.4926377952755905
 30
0
 11
5.6074409448818896
 21
-4.4996850393700782
 31
0
  0
LINE
  5
A50
330
22
100
AcDbEntity
  8
F.Cu
  6
CONTINUOUS
100
AcDbLine
 10
5.6074409448818896
 20
-4.4996850393700782
 30
0
 11
5.6159055118110235
 21
-4.5045669291338584
 31
0
  0
LINE
  5
A51
330
22
100
AcDbEntity
  8
F.Cu
  6
CONTINUOUS
100
AcDbLine
 10
5.6159055118110235
 20
-4.5045669291338584
 30
0
 11
5.6255511811023622
 21
-4.5071653543307084
 31
0
  0
LINE
  5
A52
330
22
100
AcDbEntity
  8
F.Cu
  6
CONTINUOUS
100
AcDbLine
 10
5.6255511811023622
 20
-4.5071653543307084
 30
0
 11
5.6352362204724411
 21
-4.5071653543307084
 31
0
  0
LINE
  5
A53
330
22
100
AcDbEntity
  8
F.Cu
  6
CONTINUOUS
100
AcDbLine
 10
5.6352362204724411
 20
-4.5071653543307084
 30
0
 11
5.6449212598425191
 21
-4.5045669291338584
 31
0
  0
LINE
  5
A54
330
22
100
AcDbEntity
  8
F.Cu
  6
CONTINUOUS
100
AcDbLine
 10
5.6449212598425191
 20
-4.5045669291338584
 30
0
 11
5.6450393700787398
 21
-4.5045275590551181
 31
0
  0
LINE
  5
A55
330
22
100
AcDbEntity
  8
F.Cu
  6
CONTINUOUS
100
AcDbLine
 10
5.6450393700787398
 20
-4.5045275590551181
 30
0
 11
5.653385826771653
 21
-4.4996850393700782
 31
0
  0
LINE
  5
A56
330
22
100
AcDbEntity
  8
F.Cu
  6
CONTINUOUS
100
AcDbLine
 10
5.653385826771653
 20
-4.4996850393700782
 30
0
 11
5.6604330708661417
 21
-4.4926377952755905
 31
0
  0
LINE
  5
A57
330
22
100
AcDbEntity
  8
F.Cu
  6
CONTINUOUS
100
AcDbLine
 10
5.6604330708661417
 20
-4.4926377952755905
 30
0
 11
5.6652755905511807
 21
-4.4842913385826773
 31
0
  0
LINE
  5
A58
330
22
100
AcDbEntity
  8
F.Cu
  6
CONTINUOUS
100
AcDbLine
 10
5.6652755905511807
 20
-4.4842913385826773
 30
0
 11
5.6653937007874013
 21
-4.4839763779527555
 31
0
  0
LINE
  5
A59
330
22
100
AcDbEntity
  8
F.Cu
  6
CONTINUOUS
100
AcDbLine
 10
5.6653937007874013
 20
-4.4839763779527555
 30
0
 11
5.6678740157480316
 21
-4.4746062992125983
 31
0
  0
LINE
  5
A5A
330
22
100
AcDbEntity
  8
F.Cu
  6
CONTINUOUS
100
AcDbLine
 10
5.6678740157480316
 20
-4.4746062992125983
 30
0
 11
5.6678740157480316
 21
-4.4647637795275585
 31
0
  0
LINE
  5
A5B
330
22
100
AcDbEntity
  8
F.Cu
  6
CONTINUOUS
100
AcDbLine
 10
5.6678740157480316
 20
-4.4647637795275585
 30
0
 11
5.6653937007874013
 21
-4.4553937007874014
 31
0
  0
LINE
  5
A5C
330
22
100
AcDbEntity
  8
F.Cu
  6
CONTINUOUS
100
AcDbLine
 10
5.6653937007874013
 20
-4.4553937007874014
 30
0
 11
5.6652755905511807
 21
-4.4550787401574805
 31
0
  0
LINE
  5
A5D
330
22
100
AcDbEntity
  8
F.Cu
  6
CONTINUOUS
100
AcDbLine
 10
5.6652755905511807
 20
-4.4550787401574805
 30
0
 11
5.6604330708661417
 21
-4.4467322834645664
 31
0
  0
LINE
  5
A5E
330
22
100
AcDbEntity
  8
F.Cu
  6
CONTINUOUS
100
AcDbLine
 10
5.6604330708661417
 20
-4.4467322834645664
 30
0
 11
5.653385826771653
 21
-4.4396850393700786
 31
0
  0
LINE
  5
A5F
330
22
100
AcDbEntity
  8
F.Cu
  6
CONTINUOUS
100
AcDbLine
 10
5.653385826771653
 20
-4.4396850393700786
 30
0
 11
5.6450393700787398
 21
-4.4348425196850396
 31
0
  0
LINE
  5
A60
330
22
100
AcDbEntity
  8
F.Cu
  6
CONTINUOUS
100
AcDbLine
 10
5.6450393700787398
 20
-4.4348425196850396
 30
0
 11
5.6448425196850396
 21
-4.4347637795275592
 31
0
  0
LINE
  5
A61
330
22
100
AcDbEntity
  8
F.Cu
  6
CONTINUOUS
100
AcDbLine
 10
5.6448425196850396
 20
-4.4347637795275592
 30
0
 11
5.6353149606299215
 21
-4.4322440944881887
 31
0
  0
LINE
  5
A62
330
22
100
AcDbEntity
  8
F.Cu
  6
CONTINUOUS
100
AcDbLine
 10
5.6353149606299215
 20
-4.4322440944881887
 30
0
 11
5.625511811023622
 21
-4.4322440944881887
 31
0
  0
LINE
  5
A63
330
22
100
AcDbEntity
  8
F.Cu
  6
CONTINUOUS
100
AcDbLine
 10
5.625511811023622
 20
-4.4322440944881887
 30
0
 11
5.6160236220472441
 21
-4.4347637795275592
 31
0
  0
LINE
  5
A64
330
22
100
AcDbEntity
  8
F.Cu
  6
CONTINUOUS
100
AcDbLine
 10
5.6160236220472441
 20
-4.4347637795275592
 30
0
 11
5.615826771653543
 21
-4.4348425196850396
 31
0
  0
LINE
  5
A65
330
22
100
AcDbEntity
  8
F.Cu
  6
CONTINUOUS
100
AcDbLine
 10
5.615826771653543
 20
-4.4348425196850396
 30
0
 11
5.6074803149606298
 21
-4.4396850393700786
 31
0
  0
LINE
  5
A66
330
22
100
AcDbEntity
  8
F.Cu
  6
CONTINUOUS
100
AcDbLine
 10
5.6074803149606298
 20
-4.4396850393700786
 30
0
 11
5.6074409448818896
 21
-4.4397244094488189
 31
0
  0
LINE
  5
A67
330
22
100
AcDbEntity
  8
F.Cu
  6
CONTINUOUS
100
AcDbLine
 10
5.6074409448818896
 20
-4.4397244094488189
 30
0
 11
5.6004330708661412
 21
-4.4466929133858271
 31
0
  0
LINE
  5
A68
330
22
100
AcDbEntity
  8
F.Cu
  6
CONTINUOUS
100
AcDbLine
 10
5.6004330708661412
 20
-4.4466929133858271
 30
0
 11
5.6003937007874018
 21
-4.4467322834645664
 31
0
  0
LINE
  5
A69
330
22
100
AcDbEntity
  8
F.Cu
  6
CONTINUOUS
100
AcDbLine
 10
5.6003937007874018
 20
-4.4467322834645664
 30
0
 11
5.5955511811023619
 21
-4.4551968503937003
 31
0
  0
LINE
  5
A6A
330
22
100
AcDbEntity
  8
F.Cu
  6
CONTINUOUS
100
AcDbLine
 10
5.5955511811023619
 20
-4.4551968503937003
 30
0
 11
5.5954724409448815
 21
-4.4553937007874014
 31
0
  0
LINE
  5
A6B
330
22
100
AcDbEntity
  8
F.Cu
  6
CONTINUOUS
100
AcDbLine
 10
5.5954724409448815
 20
-4.4553937007874014
 30
0
 11
5.5929527559055119
 21
-4.4648031496062988
 31
0
  0
LINE
  5
A6C
330
22
100
AcDbEntity
  8
F.Cu
  6
CONTINUOUS
100
AcDbLine
 10
5.5929527559055119
 20
-4.4648031496062988
 30
0
 11
5.5929527559055119
 21
-4.4745669291338581
 31
0
  0
LINE
  5
A6D
330
22
100
AcDbEntity
  8
F.Cu
  6
CONTINUOUS
100
AcDbLine
 10
6.1929921259842518
 20
-4.4745669291338581
 30
0
 11
6.1955118110236223
 21
-4.4841338582677164
 31
0
  0
LINE
  5
A6E
330
22
100
AcDbEntity
  8
F.Cu
  6
CONTINUOUS
100
AcDbLine
 10
6.1955118110236223
 20
-4.4841338582677164
 30
0
 11
6.1955511811023625
 21
-4.4841732283464566
 31
0
  0
LINE
  5
A6F
330
22
100
AcDbEntity
  8
F.Cu
  6
CONTINUOUS
100
AcDbLine
 10
6.1955511811023625
 20
-4.4841732283464566
 30
0
 11
6.2003937007874015
 21
-4.4926377952755905
 31
0
  0
LINE
  5
A70
330
22
100
AcDbEntity
  8
F.Cu
  6
CONTINUOUS
100
AcDbLine
 10
6.2003937007874015
 20
-4.4926377952755905
 30
0
 11
6.2074409448818892
 21
-4.4996850393700782
 31
0
  0
LINE
  5
A71
330
22
100
AcDbEntity
  8
F.Cu
  6
CONTINUOUS
100
AcDbLine
 10
6.2074409448818892
 20
-4.4996850393700782
 30
0
 11
6.2159055118110231
 21
-4.5045669291338584
 31
0
  0
LINE
  5
A72
330
22
100
AcDbEntity
  8
F.Cu
  6
CONTINUOUS
100
AcDbLine
 10
6.2159055118110231
 20
-4.5045669291338584
 30
0
 11
6.2255511811023618
 21
-4.5071653543307084
 31
0
  0
LINE
  5
A73
330
22
100
AcDbEntity
  8
F.Cu
  6
CONTINUOUS
100
AcDbLine
 10
6.2255511811023618
 20
-4.5071653543307084
 30
0
 11
6.2352362204724407
 21
-4.5071653543307084
 31
0
  0
LINE
  5
A74
330
22
100
AcDbEntity
  8
F.Cu
  6
CONTINUOUS
100
AcDbLine
 10
6.2352362204724407
 20
-4.5071653543307084
 30
0
 11
6.2449212598425197
 21
-4.5045669291338584
 31
0
  0
LINE
  5
A75
330
22
100
AcDbEntity
  8
F.Cu
  6
CONTINUOUS
100
AcDbLine
 10
6.2449212598425197
 20
-4.5045669291338584
 30
0
 11
6.2450393700787403
 21
-4.5045275590551181
 31
0
  0
LINE
  5
A76
330
22
100
AcDbEntity
  8
F.Cu
  6
CONTINUOUS
100
AcDbLine
 10
6.2450393700787403
 20
-4.5045275590551181
 30
0
 11
6.2533858267716536
 21
-4.4996850393700782
 31
0
  0
LINE
  5
A77
330
22
100
AcDbEntity
  8
F.Cu
  6
CONTINUOUS
100
AcDbLine
 10
6.2533858267716536
 20
-4.4996850393700782
 30
0
 11
6.2604330708661413
 21
-4.4926377952755905
 31
0
  0
LINE
  5
A78
330
22
100
AcDbEntity
  8
F.Cu
  6
CONTINUOUS
100
AcDbLine
 10
6.2604330708661413
 20
-4.4926377952755905
 30
0
 11
6.2652755905511812
 21
-4.4842913385826773
 31
0
  0
LINE
  5
A79
330
22
100
AcDbEntity
  8
F.Cu
  6
CONTINUOUS
100
AcDbLine
 10
6.2652755905511812
 20
-4.4842913385826773
 30
0
 11
6.2653149606299214
 21
-4.4841732283464566
 31
0
  0
LINE
  5
A7A
330
22
100
AcDbEntity
  8
F.Cu
  6
CONTINUOUS
100
AcDbLine
 10
6.2653149606299214
 20
-4.4841732283464566
 30
0
 11
6.2679133858267715
 21
-4.4744881889763777
 31
0
  0
LINE
  5
A7B
330
22
100
AcDbEntity
  8
F.Cu
  6
CONTINUOUS
100
AcDbLine
 10
6.2679133858267715
 20
-4.4744881889763777
 30
0
 11
6.2679133858267715
 21
-4.4648031496062988
 31
0
  0
LINE
  5
A7C
330
22
100
AcDbEntity
  8
F.Cu
  6
CONTINUOUS
100
AcDbLine
 10
6.2679133858267715
 20
-4.4648031496062988
 30
0
 11
6.2653149606299214
 21
-4.4551574803149609
 31
0
  0
LINE
  5
A7D
330
22
100
AcDbEntity
  8
F.Cu
  6
CONTINUOUS
100
AcDbLine
 10
6.2653149606299214
 20
-4.4551574803149609
 30
0
 11
6.2604330708661413
 21
-4.4467322834645664
 31
0
  0
LINE
  5
A7E
330
22
100
AcDbEntity
  8
F.Cu
  6
CONTINUOUS
100
AcDbLine
 10
6.2604330708661413
 20
-4.4467322834645664
 30
0
 11
6.2533858267716536
 21
-4.4396850393700786
 31
0
  0
LINE
  5
A7F
330
22
100
AcDbEntity
  8
F.Cu
  6
CONTINUOUS
100
AcDbLine
 10
6.2533858267716536
 20
-4.4396850393700786
 30
0
 11
6.2450393700787403
 21
-4.4348425196850396
 31
0
  0
LINE
  5
A80
330
22
100
AcDbEntity
  8
F.Cu
  6
CONTINUOUS
100
AcDbLine
 10
6.2450393700787403
 20
-4.4348425196850396
 30
0
 11
6.2448425196850392
 21
-4.4347637795275592
 31
0
  0
LINE
  5
A81
330
22
100
AcDbEntity
  8
F.Cu
  6
CONTINUOUS
100
AcDbLine
 10
6.2448425196850392
 20
-4.4347637795275592
 30
0
 11
6.2353149606299212
 21
-4.4322440944881887
 31
0
  0
LINE
  5
A82
330
22
100
AcDbEntity
  8
F.Cu
  6
CONTINUOUS
100
AcDbLine
 10
6.2353149606299212
 20
-4.4322440944881887
 30
0
 11
6.2255118110236216
 21
-4.4322440944881887
 31
0
  0
LINE
  5
A83
330
22
100
AcDbEntity
  8
F.Cu
  6
CONTINUOUS
100
AcDbLine
 10
6.2255118110236216
 20
-4.4322440944881887
 30
0
 11
6.2160236220472438
 21
-4.4347637795275592
 31
0
  0
LINE
  5
A84
330
22
100
AcDbEntity
  8
F.Cu
  6
CONTINUOUS
100
AcDbLine
 10
6.2160236220472438
 20
-4.4347637795275592
 30
0
 11
6.2158267716535436
 21
-4.4348425196850396
 31
0
  0
LINE
  5
A85
330
22
100
AcDbEntity
  8
F.Cu
  6
CONTINUOUS
100
AcDbLine
 10
6.2158267716535436
 20
-4.4348425196850396
 30
0
 11
6.2074803149606295
 21
-4.4396850393700786
 31
0
  0
LINE
  5
A86
330
22
100
AcDbEntity
  8
F.Cu
  6
CONTINUOUS
100
AcDbLine
 10
6.2074803149606295
 20
-4.4396850393700786
 30
0
 11
6.2074409448818892
 21
-4.4397244094488189
 31
0
  0
LINE
  5
A87
330
22
100
AcDbEntity
  8
F.Cu
  6
CONTINUOUS
100
AcDbLine
 10
6.2074409448818892
 20
-4.4397244094488189
 30
0
 11
6.2004330708661417
 21
-4.4466929133858271
 31
0
  0
LINE
  5
A88
330
22
100
AcDbEntity
  8
F.Cu
  6
CONTINUOUS
100
AcDbLine
 10
6.2004330708661417
 20
-4.4466929133858271
 30
0
 11
6.2003937007874015
 21
-4.4467322834645664
 31
0
  0
LINE
  5
A89
330
22
100
AcDbEntity
  8
F.Cu
  6
CONTINUOUS
100
AcDbLine
 10
6.2003937007874015
 20
-4.4467322834645664
 30
0
 11
6.1955511811023625
 21
-4.4551968503937003
 31
0
  0
LINE
  5
A8A
330
22
100
AcDbEntity
  8
F.Cu
  6
CONTINUOUS
100
AcDbLine
 10
6.1955511811023625
 20
-4.4551968503937003
 30
0
 11
6.195472440944882
 21
-4.4553937007874014
 31
0
  0
LINE
  5
A8B
330
22
100
AcDbEntity
  8
F.Cu
  6
CONTINUOUS
100
AcDbLine
 10
6.195472440944882
 20
-4.4553937007874014
 30
0
 11
6.1929921259842518
 21
-4.4647637795275585
 31
0
  0
LINE
  5
A8C
330
22
100
AcDbEntity
  8
F.Cu
  6
CONTINUOUS
100
AcDbLine
 10
6.1929921259842518
 20
-4.4647637795275585
 30
0
 11
6.1929921259842518
 21
-4.4745669291338581
 31
0
  0
LINE
  5
A8D
330
22
100
AcDbEntity
  8
F.Cu
  6
CONTINUOUS
100
AcDbLine
 10
5.5929527559055119
 20
-4.3746062992125987
 30
0
 11
5.5955511811023619
 21
-4.384173228346457
 31
0
  0
LINE
  5
A8E
330
22
100
AcDbEntity
  8
F.Cu
  6
CONTINUOUS
100
AcDbLine
 10
5.5955511811023619
 20
-4.384173228346457
 30
0
 11
5.6003937007874018
 21
-4.3926377952755908
 31
0
  0
LINE
  5
A8F
330
22
100
AcDbEntity
  8
F.Cu
  6
CONTINUOUS
100
AcDbLine
 10
5.6003937007874018
 20
-4.3926377952755908
 30
0
 11
5.6004330708661412
 21
-4.3926771653543302
 31
0
  0
LINE
  5
A90
330
22
100
AcDbEntity
  8
F.Cu
  6
CONTINUOUS
100
AcDbLine
 10
5.6004330708661412
 20
-4.3926771653543302
 30
0
 11
5.6074409448818896
 21
-4.3996456692913384
 31
0
  0
LINE
  5
A91
330
22
100
AcDbEntity
  8
F.Cu
  6
CONTINUOUS
100
AcDbLine
 10
5.6074409448818896
 20
-4.3996456692913384
 30
0
 11
5.6074803149606298
 21
-4.3996850393700786
 31
0
  0
LINE
  5
A92
330
22
100
AcDbEntity
  8
F.Cu
  6
CONTINUOUS
100
AcDbLine
 10
5.6074803149606298
 20
-4.3996850393700786
 30
0
 11
5.6159055118110235
 21
-4.4045669291338578
 31
0
  0
LINE
  5
A93
330
22
100
AcDbEntity
  8
F.Cu
  6
CONTINUOUS
100
AcDbLine
 10
5.6159055118110235
 20
-4.4045669291338578
 30
0
 11
5.6255511811023622
 21
-4.4071653543307088
 31
0
  0
LINE
  5
A94
330
22
100
AcDbEntity
  8
F.Cu
  6
CONTINUOUS
100
AcDbLine
 10
5.6255511811023622
 20
-4.4071653543307088
 30
0
 11
5.6352362204724411
 21
-4.4071653543307088
 31
0
  0
LINE
  5
A95
330
22
100
AcDbEntity
  8
F.Cu
  6
CONTINUOUS
100
AcDbLine
 10
5.6352362204724411
 20
-4.4071653543307088
 30
0
 11
5.6449212598425191
 21
-4.4045669291338578
 31
0
  0
LINE
  5
A96
330
22
100
AcDbEntity
  8
F.Cu
  6
CONTINUOUS
100
AcDbLine
 10
5.6449212598425191
 20
-4.4045669291338578
 30
0
 11
5.6450393700787398
 21
-4.4045275590551176
 31
0
  0
LINE
  5
A97
330
22
100
AcDbEntity
  8
F.Cu
  6
CONTINUOUS
100
AcDbLine
 10
5.6450393700787398
 20
-4.4045275590551176
 30
0
 11
5.653385826771653
 21
-4.3996850393700786
 31
0
  0
LINE
  5
A98
330
22
100
AcDbEntity
  8
F.Cu
  6
CONTINUOUS
100
AcDbLine
 10
5.653385826771653
 20
-4.3996850393700786
 30
0
 11
5.6604330708661417
 21
-4.3926377952755908
 31
0
  0
LINE
  5
A99
330
22
100
AcDbEntity
  8
F.Cu
  6
CONTINUOUS
100
AcDbLine
 10
5.6604330708661417
 20
-4.3926377952755908
 30
0
 11
5.6652755905511807
 21
-4.3842913385826767
 31
0
  0
LINE
  5
A9A
330
22
100
AcDbEntity
  8
F.Cu
  6
CONTINUOUS
100
AcDbLine
 10
5.6652755905511807
 20
-4.3842913385826767
 30
0
 11
5.6653937007874013
 21
-4.3839763779527559
 31
0
  0
LINE
  5
A9B
330
22
100
AcDbEntity
  8
F.Cu
  6
CONTINUOUS
100
AcDbLine
 10
5.6653937007874013
 20
-4.3839763779527559
 30
0
 11
5.6678740157480316
 21
-4.3746062992125987
 31
0
  0
LINE
  5
A9C
330
22
100
AcDbEntity
  8
F.Cu
  6
CONTINUOUS
100
AcDbLine
 10
5.6678740157480316
 20
-4.3746062992125987
 30
0
 11
5.6678740157480316
 21
-4.3648031496062991
 31
0
  0
LINE
  5
A9D
330
22
100
AcDbEntity
  8
F.Cu
  6
CONTINUOUS
100
AcDbLine
 10
5.6678740157480316
 20
-4.3648031496062991
 30
0
 11
5.6652755905511807
 21
-4.3551968503937006
 31
0
  0
LINE
  5
A9E
330
22
100
AcDbEntity
  8
F.Cu
  6
CONTINUOUS
100
AcDbLine
 10
5.6652755905511807
 20
-4.3551968503937006
 30
0
 11
5.6603543307086612
 21
-4.3466535433070863
 31
0
  0
LINE
  5
A9F
330
22
100
AcDbEntity
  8
F.Cu
  6
CONTINUOUS
100
AcDbLine
 10
5.6603543307086612
 20
-4.3466535433070863
 30
0
 11
5.6534251968503932
 21
-4.3397244094488192
 31
0
  0
LINE
  5
AA0
330
22
100
AcDbEntity
  8
F.Cu
  6
CONTINUOUS
100
AcDbLine
 10
5.6534251968503932
 20
-4.3397244094488192
 30
0
 11
5.6450393700787398
 21
-4.3348425196850391
 31
0
  0
LINE
  5
AA1
330
22
100
AcDbEntity
  8
F.Cu
  6
CONTINUOUS
100
AcDbLine
 10
5.6450393700787398
 20
-4.3348425196850391
 30
0
 11
5.6448425196850396
 21
-4.3347637795275586
 31
0
  0
LINE
  5
AA2
330
22
100
AcDbEntity
  8
F.Cu
  6
CONTINUOUS
100
AcDbLine
 10
5.6448425196850396
 20
-4.3347637795275586
 30
0
 11
5.6353149606299215
 21
-4.332244094488189
 31
0
  0
LINE
  5
AA3
330
22
100
AcDbEntity
  8
F.Cu
  6
CONTINUOUS
100
AcDbLine
 10
5.6353149606299215
 20
-4.332244094488189
 30
0
 11
5.625511811023622
 21
-4.332244094488189
 31
0
  0
LINE
  5
AA4
330
22
100
AcDbEntity
  8
F.Cu
  6
CONTINUOUS
100
AcDbLine
 10
5.625511811023622
 20
-4.332244094488189
 30
0
 11
5.6160236220472441
 21
-4.3347637795275586
 31
0
  0
LINE
  5
AA5
330
22
100
AcDbEntity
  8
F.Cu
  6
CONTINUOUS
100
AcDbLine
 10
5.6160236220472441
 20
-4.3347637795275586
 30
0
 11
5.615826771653543
 21
-4.3348425196850391
 31
0
  0
LINE
  5
AA6
330
22
100
AcDbEntity
  8
F.Cu
  6
CONTINUOUS
100
AcDbLine
 10
5.615826771653543
 20
-4.3348425196850391
 30
0
 11
5.6074409448818896
 21
-4.3397244094488192
 31
0
  0
LINE
  5
AA7
330
22
100
AcDbEntity
  8
F.Cu
  6
CONTINUOUS
100
AcDbLine
 10
5.6074409448818896
 20
-4.3397244094488192
 30
0
 11
5.6004330708661412
 21
-4.3466929133858265
 31
0
  0
LINE
  5
AA8
330
22
100
AcDbEntity
  8
F.Cu
  6
CONTINUOUS
100
AcDbLine
 10
5.6004330708661412
 20
-4.3466929133858265
 30
0
 11
5.6003543307086616
 21
-4.3468110236220472
 31
0
  0
LINE
  5
AA9
330
22
100
AcDbEntity
  8
F.Cu
  6
CONTINUOUS
100
AcDbLine
 10
5.6003543307086616
 20
-4.3468110236220472
 30
0
 11
5.5955511811023619
 21
-4.3551968503937006
 31
0
  0
LINE
  5
AAA
330
22
100
AcDbEntity
  8
F.Cu
  6
CONTINUOUS
100
AcDbLine
 10
5.5955511811023619
 20
-4.3551968503937006
 30
0
 11
5.5929527559055119
 21
-4.3648031496062991
 31
0
  0
LINE
  5
AAB
330
22
100
AcDbEntity
  8
F.Cu
  6
CONTINUOUS
100
AcDbLine
 10
5.5929527559055119
 20
-4.3648031496062991
 30
0
 11
5.5929527559055119
 21
-4.3746062992125987
 31
0
  0
LINE
  5
AAC
330
22
100
AcDbEntity
  8
F.Cu
  6
CONTINUOUS
100
AcDbLine
 10
6.1929921259842518
 20
-4.3746062992125987
 30
0
 11
6.1955118110236223
 21
-4.3841338582677167
 31
0
  0
LINE
  5
AAD
330
22
100
AcDbEntity
  8
F.Cu
  6
CONTINUOUS
100
AcDbLine
 10
6.1955118110236223
 20
-4.3841338582677167
 30
0
 11
6.1955511811023625
 21
-4.384173228346457
 31
0
  0
LINE
  5
AAE
330
22
100
AcDbEntity
  8
F.Cu
  6
CONTINUOUS
100
AcDbLine
 10
6.1955511811023625
 20
-4.384173228346457
 30
0
 11
6.2003937007874015
 21
-4.3926377952755908
 31
0
  0
LINE
  5
AAF
330
22
100
AcDbEntity
  8
F.Cu
  6
CONTINUOUS
100
AcDbLine
 10
6.2003937007874015
 20
-4.3926377952755908
 30
0
 11
6.2004330708661417
 21
-4.3926771653543302
 31
0
  0
LINE
  5
AB0
330
22
100
AcDbEntity
  8
F.Cu
  6
CONTINUOUS
100
AcDbLine
 10
6.2004330708661417
 20
-4.3926771653543302
 30
0
 11
6.2074409448818892
 21
-4.3996456692913384
 31
0
  0
LINE
  5
AB1
330
22
100
AcDbEntity
  8
F.Cu
  6
CONTINUOUS
100
AcDbLine
 10
6.2074409448818892
 20
-4.3996456692913384
 30
0
 11
6.2074803149606295
 21
-4.3996850393700786
 31
0
  0
LINE
  5
AB2
330
22
100
AcDbEntity
  8
F.Cu
  6
CONTINUOUS
100
AcDbLine
 10
6.2074803149606295
 20
-4.3996850393700786
 30
0
 11
6.2159055118110231
 21
-4.4045669291338578
 31
0
  0
LINE
  5
AB3
330
22
100
AcDbEntity
  8
F.Cu
  6
CONTINUOUS
100
AcDbLine
 10
6.2159055118110231
 20
-4.4045669291338578
 30
0
 11
6.2255511811023618
 21
-4.4071653543307088
 31
0
  0
LINE
  5
AB4
330
22
100
AcDbEntity
  8
F.Cu
  6
CONTINUOUS
100
AcDbLine
 10
6.2255511811023618
 20
-4.4071653543307088
 30
0
 11
6.2352362204724407
 21
-4.4071653543307088
 31
0
  0
LINE
  5
AB5
330
22
100
AcDbEntity
  8
F.Cu
  6
CONTINUOUS
100
AcDbLine
 10
6.2352362204724407
 20
-4.4071653543307088
 30
0
 11
6.2449212598425197
 21
-4.4045669291338578
 31
0
  0
LINE
  5
AB6
330
22
100
AcDbEntity
  8
F.Cu
  6
CONTINUOUS
100
AcDbLine
 10
6.2449212598425197
 20
-4.4045669291338578
 30
0
 11
6.2450393700787403
 21
-4.4045275590551176
 31
0
  0
LINE
  5
AB7
330
22
100
AcDbEntity
  8
F.Cu
  6
CONTINUOUS
100
AcDbLine
 10
6.2450393700787403
 20
-4.4045275590551176
 30
0
 11
6.2533858267716536
 21
-4.3996850393700786
 31
0
  0
LINE
  5
AB8
330
22
100
AcDbEntity
  8
F.Cu
  6
CONTINUOUS
100
AcDbLine
 10
6.2533858267716536
 20
-4.3996850393700786
 30
0
 11
6.2604330708661413
 21
-4.3926377952755908
 31
0
  0
LINE
  5
AB9
330
22
100
AcDbEntity
  8
F.Cu
  6
CONTINUOUS
100
AcDbLine
 10
6.2604330708661413
 20
-4.3926377952755908
 30
0
 11
6.2652755905511812
 21
-4.3842913385826767
 31
0
  0
LINE
  5
ABA
330
22
100
AcDbEntity
  8
F.Cu
  6
CONTINUOUS
100
AcDbLine
 10
6.2652755905511812
 20
-4.3842913385826767
 30
0
 11
6.2653149606299214
 21
-4.384173228346457
 31
0
  0
LINE
  5
ABB
330
22
100
AcDbEntity
  8
F.Cu
  6
CONTINUOUS
100
AcDbLine
 10
6.2653149606299214
 20
-4.384173228346457
 30
0
 11
6.2679133858267715
 21
-4.374488188976378
 31
0
  0
LINE
  5
ABC
330
22
100
AcDbEntity
  8
F.Cu
  6
CONTINUOUS
100
AcDbLine
 10
6.2679133858267715
 20
-4.374488188976378
 30
0
 11
6.2679133858267715
 21
-4.3648425196850393
 31
0
  0
LINE
  5
ABD
330
22
100
AcDbEntity
  8
F.Cu
  6
CONTINUOUS
100
AcDbLine
 10
6.2679133858267715
 20
-4.3648425196850393
 30
0
 11
6.2652755905511812
 21
-4.3551181102362202
 31
0
  0
LINE
  5
ABE
330
22
100
AcDbEntity
  8
F.Cu
  6
CONTINUOUS
100
AcDbLine
 10
6.2652755905511812
 20
-4.3551181102362202
 30
0
 11
6.2603543307086609
 21
-4.3466535433070863
 31
0
  0
LINE
  5
ABF
330
22
100
AcDbEntity
  8
F.Cu
  6
CONTINUOUS
100
AcDbLine
 10
6.2603543307086609
 20
-4.3466535433070863
 30
0
 11
6.2534251968503938
 21
-4.3397244094488192
 31
0
  0
LINE
  5
AC0
330
22
100
AcDbEntity
  8
F.Cu
  6
CONTINUOUS
100
AcDbLine
 10
6.2534251968503938
 20
-4.3397244094488192
 30
0
 11
6.2450393700787403
 21
-4.3348425196850391
 31
0
  0
LINE
  5
AC1
330
22
100
AcDbEntity
  8
F.Cu
  6
CONTINUOUS
100
AcDbLine
 10
6.2450393700787403
 20
-4.3348425196850391
 30
0
 11
6.2448425196850392
 21
-4.3347637795275586
 31
0
  0
LINE
  5
AC2
330
22
100
AcDbEntity
  8
F.Cu
  6
CONTINUOUS
100
AcDbLine
 10
6.2448425196850392
 20
-4.3347637795275586
 30
0
 11
6.2353149606299212
 21
-4.332244094488189
 31
0
  0
LINE
  5
AC3
330
22
100
AcDbEntity
  8
F.Cu
  6
CONTINUOUS
100
AcDbLine
 10
6.2353149606299212
 20
-4.332244094488189
 30
0
 11
6.2255118110236216
 21
-4.332244094488189
 31
0
  0
LINE
  5
AC4
330
22
100
AcDbEntity
  8
F.Cu
  6
CONTINUOUS
100
AcDbLine
 10
6.2255118110236216
 20
-4.332244094488189
 30
0
 11
6.2160236220472438
 21
-4.3347637795275586
 31
0
  0
LINE
  5
AC5
330
22
100
AcDbEntity
  8
F.Cu
  6
CONTINUOUS
100
AcDbLine
 10
6.2160236220472438
 20
-4.3347637795275586
 30
0
 11
6.2158267716535436
 21
-4.3348425196850391
 31
0
  0
LINE
  5
AC6
330
22
100
AcDbEntity
  8
F.Cu
  6
CONTINUOUS
100
AcDbLine
 10
6.2158267716535436
 20
-4.3348425196850391
 30
0
 11
6.2074409448818892
 21
-4.3397244094488192
 31
0
  0
LINE
  5
AC7
330
22
100
AcDbEntity
  8
F.Cu
  6
CONTINUOUS
100
AcDbLine
 10
6.2074409448818892
 20
-4.3397244094488192
 30
0
 11
6.2004330708661417
 21
-4.3466929133858265
 31
0
  0
LINE
  5
AC8
330
22
100
AcDbEntity
  8
F.Cu
  6
CONTINUOUS
100
AcDbLine
 10
6.2004330708661417
 20
-4.3466929133858265
 30
0
 11
6.2003543307086613
 21
-4.3468110236220472
 31
0
  0
LINE
  5
AC9
330
22
100
AcDbEntity
  8
F.Cu
  6
CONTINUOUS
100
AcDbLine
 10
6.2003543307086613
 20
-4.3468110236220472
 30
0
 11
6.1955511811023625
 21
-4.3551968503937006
 31
0
  0
LINE
  5
ACA
330
22
100
AcDbEntity
  8
F.Cu
  6
CONTINUOUS
100
AcDbLine
 10
6.1955511811023625
 20
-4.3551968503937006
 30
0
 11
6.1955118110236223
 21
-4.3552362204724409
 31
0
  0
LINE
  5
ACB
330
22
100
AcDbEntity
  8
F.Cu
  6
CONTINUOUS
100
AcDbLine
 10
6.1955118110236223
 20
-4.3552362204724409
 30
0
 11
6.1929921259842518
 21
-4.3647637795275589
 31
0
  0
LINE
  5
ACC
330
22
100
AcDbEntity
  8
F.Cu
  6
CONTINUOUS
100
AcDbLine
 10
6.1929921259842518
 20
-4.3647637795275589
 30
0
 11
6.1929921259842518
 21
-4.3746062992125987
 31
0
  0
LINE
  5
ACD
330
22
100
AcDbEntity
  8
F.Cu
  6
CONTINUOUS
100
AcDbLine
 10
5.1228346456692915
 20
-4.2702755905511811
 30
0
 11
5.1231102362204721
 21
-4.2727952755905507
 31
0
  0
LINE
  5
ACE
330
22
100
AcDbEntity
  8
F.Cu
  6
CONTINUOUS
100
AcDbLine
 10
5.1231102362204721
 20
-4.2727952755905507
 30
0
 11
5.1240944881889758
 21
-4.276496062992126
 31
0
  0
LINE
  5
ACF
330
22
100
AcDbEntity
  8
F.Cu
  6
CONTINUOUS
100
AcDbLine
 10
5.1240944881889758
 20
-4.276496062992126
 30
0
 11
5.1247637795275587
 21
-4.2778346456692908
 31
0
  0
LINE
  5
AD0
330
22
100
AcDbEntity
  8
F.Cu
  6
CONTINUOUS
100
AcDbLine
 10
5.1247637795275587
 20
-4.2778346456692908
 30
0
 11
5.1248818897637793
 21
-4.2781102362204724
 31
0
  0
LINE
  5
AD1
330
22
100
AcDbEntity
  8
F.Cu
  6
CONTINUOUS
100
AcDbLine
 10
5.1248818897637793
 20
-4.2781102362204724
 30
0
 11
5.1249606299212598
 21
-4.2783070866141735
 31
0
  0
LINE
  5
AD2
330
22
100
AcDbEntity
  8
F.Cu
  6
CONTINUOUS
100
AcDbLine
 10
5.1249606299212598
 20
-4.2783070866141735
 30
0
 11
5.1252755905511806
 21
-4.2790157480314956
 31
0
  0
LINE
  5
AD3
330
22
100
AcDbEntity
  8
F.Cu
  6
CONTINUOUS
100
AcDbLine
 10
5.1252755905511806
 20
-4.2790157480314956
 30
0
 11
5.125511811023622
 21
-4.2794094488188978
 31
0
  0
LINE
  5
AD4
330
22
100
AcDbEntity
  8
F.Cu
  6
CONTINUOUS
100
AcDbLine
 10
5.125511811023622
 20
-4.2794094488188978
 30
0
 11
5.1274015748031498
 21
-4.2821259842519686
 31
0
  0
LINE
  5
AD5
330
22
100
AcDbEntity
  8
F.Cu
  6
CONTINUOUS
100
AcDbLine
 10
5.1274015748031498
 20
-4.2821259842519686
 30
0
 11
5.1297637795275586
 21
-4.284448818897638
 31
0
  0
LINE
  5
AD6
330
22
100
AcDbEntity
  8
F.Cu
  6
CONTINUOUS
100
AcDbLine
 10
5.1297637795275586
 20
-4.284448818897638
 30
0
 11
5.1298031496062988
 21
-4.2844881889763782
 31
0
  0
LINE
  5
AD7
330
22
100
AcDbEntity
  8
F.Cu
  6
CONTINUOUS
100
AcDbLine
 10
5.1298031496062988
 20
-4.2844881889763782
 30
0
 11
5.1727559055118109
 21
-4.3274015748031491
 31
0
  0
LINE
  5
AD8
330
22
100
AcDbEntity
  8
F.Cu
  6
CONTINUOUS
100
AcDbLine
 10
5.1727559055118109
 20
-4.3274015748031491
 30
0
 11
5.1735433070866144
 21
-4.3287401574803148
 31
0
  0
LINE
  5
AD9
330
22
100
AcDbEntity
  8
F.Cu
  6
CONTINUOUS
100
AcDbLine
 10
5.1735433070866144
 20
-4.3287401574803148
 30
0
 11
5.1738976377952755
 21
-4.3300787401574805
 31
0
  0
LINE
  5
ADA
330
22
100
AcDbEntity
  8
F.Cu
  6
CONTINUOUS
100
AcDbLine
 10
5.1738976377952755
 20
-4.3300787401574805
 30
0
 11
5.1751968503937009
 21
-4.332755905511811
 31
0
  0
LINE
  5
ADB
330
22
100
AcDbEntity
  8
F.Cu
  6
CONTINUOUS
100
AcDbLine
 10
5.1751968503937009
 20
-4.332755905511811
 30
0
 11
5.1753543307086609
 21
-4.3330314960629916
 31
0
  0
LINE
  5
ADC
330
22
100
AcDbEntity
  8
F.Cu
  6
CONTINUOUS
100
AcDbLine
 10
5.1753543307086609
 20
-4.3330314960629916
 30
0
 11
5.1772440944881888
 21
-4.335708661417323
 31
0
  0
LINE
  5
ADD
330
22
100
AcDbEntity
  8
F.Cu
  6
CONTINUOUS
100
AcDbLine
 10
5.1772440944881888
 20
-4.335708661417323
 30
0
 11
5.1794881889763777
 21
-4.337952755905512
 31
0
  0
LINE
  5
ADE
330
22
100
AcDbEntity
  8
F.Cu
  6
CONTINUOUS
100
AcDbLine
 10
5.1794881889763777
 20
-4.337952755905512
 30
0
 11
5.1823622047244093
 21
-4.3399212598425194
 31
0
  0
LINE
  5
ADF
330
22
100
AcDbEntity
  8
F.Cu
  6
CONTINUOUS
100
AcDbLine
 10
5.1823622047244093
 20
-4.3399212598425194
 30
0
 11
5.1824409448818898
 21
-4.3399606299212596
 31
0
  0
LINE
  5
AE0
330
22
100
AcDbEntity
  8
F.Cu
  6
CONTINUOUS
100
AcDbLine
 10
5.1824409448818898
 20
-4.3399606299212596
 30
0
 11
5.1853543307086616
 21
-4.3413385826771655
 31
0
  0
LINE
  5
AE1
330
22
100
AcDbEntity
  8
F.Cu
  6
CONTINUOUS
100
AcDbLine
 10
5.1853543307086616
 20
-4.3413385826771655
 30
0
 11
5.1861417322834642
 21
-4.3415354330708658
 31
0
  0
LINE
  5
AE2
330
22
100
AcDbEntity
  8
F.Cu
  6
CONTINUOUS
100
AcDbLine
 10
5.1861417322834642
 20
-4.3415354330708658
 30
0
 11
5.1888582677165349
 21
-4.342283464566929
 31
0
  0
LINE
  5
AE3
330
22
100
AcDbEntity
  8
F.Cu
  6
CONTINUOUS
100
AcDbLine
 10
5.1888582677165349
 20
-4.342283464566929
 30
0
 11
5.1913779527559054
 21
-4.3424803149606301
 31
0
  0
LINE
  5
AE4
330
22
100
AcDbEntity
  8
F.Cu
  6
CONTINUOUS
100
AcDbLine
 10
5.1913779527559054
 20
-4.3424803149606301
 30
0
 11
5.2559055118110232
 21
-4.3424803149606301
 31
0
  0
LINE
  5
AE5
330
22
100
AcDbEntity
  8
F.Cu
  6
CONTINUOUS
100
AcDbLine
 10
5.2559055118110232
 20
-4.3424803149606301
 30
0
 11
5.2580708661417326
 21
-4.3433858267716534
 31
0
  0
LINE
  5
AE6
330
22
100
AcDbEntity
  8
F.Cu
  6
CONTINUOUS
100
AcDbLine
 10
5.2580708661417326
 20
-4.3433858267716534
 30
0
 11
5.2594881889763778
 21
-4.3448031496062995
 31
0
  0
LINE
  5
AE7
330
22
100
AcDbEntity
  8
F.Cu
  6
CONTINUOUS
100
AcDbLine
 10
5.2594881889763778
 20
-4.3448031496062995
 30
0
 11
5.2985826771653546
 21
-4.3448031496062995
 31
0
  0
LINE
  5
AE8
330
22
100
AcDbEntity
  8
F.Cu
  6
CONTINUOUS
100
AcDbLine
 10
5.2985826771653546
 20
-4.3448031496062995
 30
0
 11
5.2985826771653546
 21
-4.301771653543307
 31
0
  0
LINE
  5
AE9
330
22
100
AcDbEntity
  8
F.Cu
  6
CONTINUOUS
100
AcDbLine
 10
5.2985826771653546
 20
-4.301771653543307
 30
0
 11
5.2594881889763778
 21
-4.301771653543307
 31
0
  0
LINE
  5
AEA
330
22
100
AcDbEntity
  8
F.Cu
  6
CONTINUOUS
100
AcDbLine
 10
5.2594881889763778
 20
-4.301771653543307
 30
0
 11
5.2580708661417326
 21
-4.3031889763779523
 31
0
  0
LINE
  5
AEB
330
22
100
AcDbEntity
  8
F.Cu
  6
CONTINUOUS
100
AcDbLine
 10
5.2580708661417326
 20
-4.3031889763779523
 30
0
 11
5.2559055118110232
 21
-4.3040944881889764
 31
0
  0
LINE
  5
AEC
330
22
100
AcDbEntity
  8
F.Cu
  6
CONTINUOUS
100
AcDbLine
 10
5.2559055118110232
 20
-4.3040944881889764
 30
0
 11
5.2049212598425196
 21
-4.3040944881889764
 31
0
  0
LINE
  5
AED
330
22
100
AcDbEntity
  8
F.Cu
  6
CONTINUOUS
100
AcDbLine
 10
5.2049212598425196
 20
-4.3040944881889764
 30
0
 11
5.2027559055118111
 21
-4.3031889763779523
 31
0
  0
LINE
  5
AEE
330
22
100
AcDbEntity
  8
F.Cu
  6
CONTINUOUS
100
AcDbLine
 10
5.2027559055118111
 20
-4.3031889763779523
 30
0
 11
5.1621259842519684
 21
-4.2625984251968507
 31
0
  0
LINE
  5
AEF
330
22
100
AcDbEntity
  8
F.Cu
  6
CONTINUOUS
100
AcDbLine
 10
5.1621259842519684
 20
-4.2625984251968507
 30
0
 11
5.1612204724409452
 21
-4.2604330708661413
 31
0
  0
LINE
  5
AF0
330
22
100
AcDbEntity
  8
F.Cu
  6
CONTINUOUS
100
AcDbLine
 10
5.1612204724409452
 20
-4.2604330708661413
 30
0
 11
5.1612204724409452
 21
-4.1892913385826773
 31
0
  0
LINE
  5
AF1
330
22
100
AcDbEntity
  8
F.Cu
  6
CONTINUOUS
100
AcDbLine
 10
5.1612204724409452
 20
-4.1892913385826773
 30
0
 11
5.1612204724409452
 21
-4.0741338582677162
 31
0
  0
LINE
  5
AF2
330
22
100
AcDbEntity
  8
F.Cu
  6
CONTINUOUS
100
AcDbLine
 10
5.1612204724409452
 20
-4.0741338582677162
 30
0
 11
5.1612204724409452
 21
-3.9111023622047245
 31
0
  0
LINE
  5
AF3
330
22
100
AcDbEntity
  8
F.Cu
  6
CONTINUOUS
100
AcDbLine
 10
5.1612204724409452
 20
-3.9111023622047245
 30
0
 11
5.1612204724409452
 21
-3.8923228346456691
 31
0
  0
LINE
  5
AF4
330
22
100
AcDbEntity
  8
F.Cu
  6
CONTINUOUS
100
AcDbLine
 10
5.1612204724409452
 20
-3.8923228346456691
 30
0
 11
5.1646850393700783
 21
-3.8888582677165355
 31
0
  0
LINE
  5
AF5
330
22
100
AcDbEntity
  8
F.Cu
  6
CONTINUOUS
100
AcDbLine
 10
5.1646850393700783
 20
-3.8888582677165355
 30
0
 11
5.4245669291338583
 21
-3.8888582677165355
 31
0
  0
LINE
  5
AF6
330
22
100
AcDbEntity
  8
F.Cu
  6
CONTINUOUS
100
AcDbLine
 10
5.4245669291338583
 20
-3.8888582677165355
 30
0
 11
5.4248425196850389
 21
-3.8888976377952753
 31
0
  0
LINE
  5
AF7
330
22
100
AcDbEntity
  8
F.Cu
  6
CONTINUOUS
100
AcDbLine
 10
5.4248425196850389
 20
-3.8888976377952753
 30
0
 11
5.4267322834645668
 21
-3.8887007874015747
 31
0
  0
LINE
  5
AF8
330
22
100
AcDbEntity
  8
F.Cu
  6
CONTINUOUS
100
AcDbLine
 10
5.4267322834645668
 20
-3.8887007874015747
 30
0
 11
5.4268110236220473
 21
-3.8887007874015747
 31
0
  0
LINE
  5
AF9
330
22
100
AcDbEntity
  8
F.Cu
  6
CONTINUOUS
100
AcDbLine
 10
5.4268110236220473
 20
-3.8887007874015747
 30
0
 11
5.4276771653543303
 21
-3.8886220472440942
 31
0
  0
LINE
  5
AFA
330
22
100
AcDbEntity
  8
F.Cu
  6
CONTINUOUS
100
AcDbLine
 10
5.4276771653543303
 20
-3.8886220472440942
 30
0
 11
5.4276377952755901
 21
-3.8886220472440942
 31
0
  0
LINE
  5
AFB
330
22
100
AcDbEntity
  8
F.Cu
  6
CONTINUOUS
100
AcDbLine
 10
5.4276377952755901
 20
-3.8886220472440942
 30
0
 11
5.427795275590551
 21
-3.8885826771653544
 31
0
  0
LINE
  5
AFC
330
22
100
AcDbEntity
  8
F.Cu
  6
CONTINUOUS
100
AcDbLine
 10
5.427795275590551
 20
-3.8885826771653544
 30
0
 11
5.4282283464566925
 21
-3.8884645669291338
 31
0
  0
LINE
  5
AFD
330
22
100
AcDbEntity
  8
F.Cu
  6
CONTINUOUS
100
AcDbLine
 10
5.4282283464566925
 20
-3.8884645669291338
 30
0
 11
5.4284251968503936
 21
-3.8884251968503936
 31
0
  0
LINE
  5
AFE
330
22
100
AcDbEntity
  8
F.Cu
  6
CONTINUOUS
100
AcDbLine
 10
5.4284251968503936
 20
-3.8884251968503936
 30
0
 11
5.4312992125984252
 21
-3.8876771653543307
 31
0
  0
LINE
  5
AFF
330
22
100
AcDbEntity
  8
F.Cu
  6
CONTINUOUS
100
AcDbLine
 10
5.4312992125984252
 20
-3.8876771653543307
 30
0
 11
5.4313779527559056
 21
-3.8876377952755905
 31
0
  0
LINE
  5
B00
330
22
100
AcDbEntity
  8
F.Cu
  6
CONTINUOUS
100
AcDbLine
 10
5.4313779527559056
 20
-3.8876377952755905
 30
0
 11
5.4331102362204726
 21
-3.8868110236220472
 31
0
  0
LINE
  5
B01
330
22
100
AcDbEntity
  8
F.Cu
  6
CONTINUOUS
100
AcDbLine
 10
5.4331102362204726
 20
-3.8868110236220472
 30
0
 11
5.4342913385826774
 21
-3.8862204724409448
 31
0
  0
LINE
  5
B02
330
22
100
AcDbEntity
  8
F.Cu
  6
CONTINUOUS
100
AcDbLine
 10
5.4342913385826774
 20
-3.8862204724409448
 30
0
 11
5.4370078740157481
 21
-3.8842913385826772
 31
0
  0
LINE
  5
B03
330
22
100
AcDbEntity
  8
F.Cu
  6
CONTINUOUS
100
AcDbLine
 10
5.4370078740157481
 20
-3.8842913385826772
 30
0
 11
5.4392519685039371
 21
-3.8820472440944882
 31
0
  0
LINE
  5
B04
330
22
100
AcDbEntity
  8
F.Cu
  6
CONTINUOUS
100
AcDbLine
 10
5.4392519685039371
 20
-3.8820472440944882
 30
0
 11
5.4411811023622043
 21
-3.8792519685039371
 31
0
  0
LINE
  5
B05
330
22
100
AcDbEntity
  8
F.Cu
  6
CONTINUOUS
100
AcDbLine
 10
5.4411811023622043
 20
-3.8792519685039371
 30
0
 11
5.4426771653543309
 21
-3.8761023622047244
 31
0
  0
LINE
  5
B06
330
22
100
AcDbEntity
  8
F.Cu
  6
CONTINUOUS
100
AcDbLine
 10
5.4426771653543309
 20
-3.8761023622047244
 30
0
 11
5.4426771653543309
 21
-3.8760629921259842
 31
0
  0
LINE
  5
B07
330
22
100
AcDbEntity
  8
F.Cu
  6
CONTINUOUS
100
AcDbLine
 10
5.4426771653543309
 20
-3.8760629921259842
 30
0
 11
5.4435039370078737
 21
-3.8730314960629921
 31
0
  0
LINE
  5
B08
330
22
100
AcDbEntity
  8
F.Cu
  6
CONTINUOUS
100
AcDbLine
 10
5.4435039370078737
 20
-3.8730314960629921
 30
0
 11
5.4435039370078737
 21
-3.8729133858267715
 31
0
  0
LINE
  5
B09
330
22
100
AcDbEntity
  8
F.Cu
  6
CONTINUOUS
100
AcDbLine
 10
5.4435039370078737
 20
-3.8729133858267715
 30
0
 11
5.4433858267716531
 21
-3.872755905511811
 31
0
  0
LINE
  5
B0A
330
22
100
AcDbEntity
  8
F.Cu
  6
CONTINUOUS
100
AcDbLine
 10
5.4433858267716531
 20
-3.872755905511811
 30
0
 11
5.4437795275590553
 21
-3.8695669291338581
 31
0
  0
LINE
  5
B0B
330
22
100
AcDbEntity
  8
F.Cu
  6
CONTINUOUS
100
AcDbLine
 10
5.4437795275590553
 20
-3.8695669291338581
 30
0
 11
5.443740157480315
 21
-3.8692519685039368
 31
0
  0
LINE
  5
B0C
330
22
100
AcDbEntity
  8
F.Cu
  6
CONTINUOUS
100
AcDbLine
 10
5.443740157480315
 20
-3.8692519685039368
 30
0
 11
5.443740157480315
 21
-3.6774409448818899
 31
0
  0
LINE
  5
B0D
330
22
100
AcDbEntity
  8
F.Cu
  6
CONTINUOUS
100
AcDbLine
 10
5.443740157480315
 20
-3.6774409448818899
 30
0
 11
5.4437007874015748
 21
-3.6771653543307088
 31
0
  0
LINE
  5
B0E
330
22
100
AcDbEntity
  8
F.Cu
  6
CONTINUOUS
100
AcDbLine
 10
5.4437007874015748
 20
-3.6771653543307088
 30
0
 11
5.4436614173228346
 21
-3.675984251968504
 31
0
  0
LINE
  5
B0F
330
22
100
AcDbEntity
  8
F.Cu
  6
CONTINUOUS
100
AcDbLine
 10
5.4436614173228346
 20
-3.675984251968504
 30
0
 11
5.4435826771653542
 21
-3.675551181102362
 31
0
  0
LINE
  5
B10
330
22
100
AcDbEntity
  8
F.Cu
  6
CONTINUOUS
100
AcDbLine
 10
5.4435826771653542
 20
-3.675551181102362
 30
0
 11
5.4435039370078737
 21
-3.6749999999999998
 31
0
  0
LINE
  5
B11
330
22
100
AcDbEntity
  8
F.Cu
  6
CONTINUOUS
100
AcDbLine
 10
5.4435039370078737
 20
-3.6749999999999998
 30
0
 11
5.4434645669291335
 21
-3.6745669291338583
 31
0
  0
LINE
  5
B12
330
22
100
AcDbEntity
  8
F.Cu
  6
CONTINUOUS
100
AcDbLine
 10
5.4434645669291335
 20
-3.6745669291338583
 30
0
 11
5.4431496062992126
 21
-3.673228346456693
 31
0
  0
LINE
  5
B13
330
22
100
AcDbEntity
  8
F.Cu
  6
CONTINUOUS
100
AcDbLine
 10
5.4431496062992126
 20
-3.673228346456693
 30
0
 11
5.443031496062992
 21
-3.6726771653543304
 31
0
  0
LINE
  5
B14
330
22
100
AcDbEntity
  8
F.Cu
  6
CONTINUOUS
100
AcDbLine
 10
5.443031496062992
 20
-3.6726771653543304
 30
0
 11
5.4429133858267713
 21
-3.6723228346456693
 31
0
  0
LINE
  5
B15
330
22
100
AcDbEntity
  8
F.Cu
  6
CONTINUOUS
100
AcDbLine
 10
5.4429133858267713
 20
-3.6723228346456693
 30
0
 11
5.4425984251968504
 21
-3.6711811023622047
 31
0
  0
LINE
  5
B16
330
22
100
AcDbEntity
  8
F.Cu
  6
CONTINUOUS
100
AcDbLine
 10
5.4425984251968504
 20
-3.6711811023622047
 30
0
 11
5.4422834645669287
 21
-3.6705511811023621
 31
0
  0
LINE
  5
B17
330
22
100
AcDbEntity
  8
F.Cu
  6
CONTINUOUS
100
AcDbLine
 10
5.4422834645669287
 20
-3.6705511811023621
 30
0
 11
5.4421259842519687
 21
-3.6701968503937006
 31
0
  0
LINE
  5
B18
330
22
100
AcDbEntity
  8
F.Cu
  6
CONTINUOUS
100
AcDbLine
 10
5.4421259842519687
 20
-3.6701968503937006
 30
0
 11
5.4418897637795274
 21
-3.669488188976378
 31
0
  0
LINE
  5
B19
330
22
100
AcDbEntity
  8
F.Cu
  6
CONTINUOUS
100
AcDbLine
 10
5.4418897637795274
 20
-3.669488188976378
 30
0
 11
5.4417716535433067
 21
-3.6693307086614171
 31
0
  0
LINE
  5
B1A
330
22
100
AcDbEntity
  8
F.Cu
  6
CONTINUOUS
100
AcDbLine
 10
5.4417716535433067
 20
-3.6693307086614171
 30
0
 11
5.4416141732283467
 21
-3.669055118110236
 31
0
  0
LINE
  5
B1B
330
22
100
AcDbEntity
  8
F.Cu
  6
CONTINUOUS
100
AcDbLine
 10
5.4416141732283467
 20
-3.669055118110236
 30
0
 11
5.441299212598425
 21
-3.6684251968503938
 31
0
  0
LINE
  5
B1C
330
22
100
AcDbEntity
  8
F.Cu
  6
CONTINUOUS
100
AcDbLine
 10
5.441299212598425
 20
-3.6684251968503938
 30
0
 11
5.4410629921259845
 21
-3.6679921259842518
 31
0
  0
LINE
  5
B1D
330
22
100
AcDbEntity
  8
F.Cu
  6
CONTINUOUS
100
AcDbLine
 10
5.4410629921259845
 20
-3.6679921259842518
 30
0
 11
5.4407086614173226
 21
-3.6674803149606299
 31
0
  0
LINE
  5
B1E
330
22
100
AcDbEntity
  8
F.Cu
  6
CONTINUOUS
100
AcDbLine
 10
5.4407086614173226
 20
-3.6674803149606299
 30
0
 11
5.4406692913385823
 21
-3.6674015748031494
 31
0
  0
LINE
  5
B1F
330
22
100
AcDbEntity
  8
F.Cu
  6
CONTINUOUS
100
AcDbLine
 10
5.4406692913385823
 20
-3.6674015748031494
 30
0
 11
5.4402362204724408
 21
-3.6666929133858268
 31
0
  0
LINE
  5
B20
330
22
100
AcDbEntity
  8
F.Cu
  6
CONTINUOUS
100
AcDbLine
 10
5.4402362204724408
 20
-3.6666929133858268
 30
0
 11
5.4401574803149604
 21
-3.6665748031496062
 31
0
  0
LINE
  5
B21
330
22
100
AcDbEntity
  8
F.Cu
  6
CONTINUOUS
100
AcDbLine
 10
5.4401574803149604
 20
-3.6665748031496062
 30
0
 11
5.4398031496062993
 21
-3.6661417322834646
 31
0
  0
LINE
  5
B22
330
22
100
AcDbEntity
  8
F.Cu
  6
CONTINUOUS
100
AcDbLine
 10
5.4398031496062993
 20
-3.6661417322834646
 30
0
 11
5.4396456692913384
 21
-3.6659055118110238
 31
0
  0
LINE
  5
B23
330
22
100
AcDbEntity
  8
F.Cu
  6
CONTINUOUS
100
AcDbLine
 10
5.4396456692913384
 20
-3.6659055118110238
 30
0
 11
5.4393307086614175
 21
-3.6654724409448818
 31
0
  0
LINE
  5
B24
330
22
100
AcDbEntity
  8
F.Cu
  6
CONTINUOUS
100
AcDbLine
 10
5.4393307086614175
 20
-3.6654724409448818
 30
0
 11
5.4383070866141727
 21
-3.6644488188976378
 31
0
  0
LINE
  5
B25
330
22
100
AcDbEntity
  8
F.Cu
  6
CONTINUOUS
100
AcDbLine
 10
5.4383070866141727
 20
-3.6644488188976378
 30
0
 11
5.4382283464566932
 21
-3.6643307086614172
 31
0
  0
LINE
  5
B26
330
22
100
AcDbEntity
  8
F.Cu
  6
CONTINUOUS
100
AcDbLine
 10
5.4382283464566932
 20
-3.6643307086614172
 30
0
 11
5.3536220472440945
 21
-3.579724409448819
 31
0
  0
LINE
  5
B27
330
22
100
AcDbEntity
  8
F.Cu
  6
CONTINUOUS
100
AcDbLine
 10
5.3536220472440945
 20
-3.579724409448819
 30
0
 11
5.352834645669291
 21
-3.5766535433070867
 31
0
  0
LINE
  5
B28
330
22
100
AcDbEntity
  8
F.Cu
  6
CONTINUOUS
100
AcDbLine
 10
5.352834645669291
 20
-3.5766535433070867
 30
0
 11
5.3533858267716532
 21
-3.5746850393700789
 31
0
  0
LINE
  5
B29
330
22
100
AcDbEntity
  8
F.Cu
  6
CONTINUOUS
100
AcDbLine
 10
5.3533858267716532
 20
-3.5746850393700789
 30
0
 11
5.3533858267716532
 21
-3.5648425196850391
 31
0
  0
LINE
  5
B2A
330
22
100
AcDbEntity
  8
F.Cu
  6
CONTINUOUS
100
AcDbLine
 10
5.3533858267716532
 20
-3.5648425196850391
 30
0
 11
5.3509055118110238
 21
-3.5555118110236221
 31
0
  0
LINE
  5
B2B
330
22
100
AcDbEntity
  8
F.Cu
  6
CONTINUOUS
100
AcDbLine
 10
5.3509055118110238
 20
-3.5555118110236221
 30
0
 11
5.3508267716535434
 21
-3.5552755905511808
 31
0
  0
LINE
  5
B2C
330
22
100
AcDbEntity
  8
F.Cu
  6
CONTINUOUS
100
AcDbLine
 10
5.3508267716535434
 20
-3.5552755905511808
 30
0
 11
5.3460629921259839
 21
-3.5470472440944882
 31
0
  0
LINE
  5
B2D
330
22
100
AcDbEntity
  8
F.Cu
  6
CONTINUOUS
100
AcDbLine
 10
5.3460629921259839
 20
-3.5470472440944882
 30
0
 11
5.3390944881889766
 21
-3.54007874015748
 31
0
  0
LINE
  5
B2E
330
22
100
AcDbEntity
  8
F.Cu
  6
CONTINUOUS
100
AcDbLine
 10
5.3390944881889766
 20
-3.54007874015748
 30
0
 11
5.3307874015748027
 21
-3.5352755905511812
 31
0
  0
LINE
  5
B2F
330
22
100
AcDbEntity
  8
F.Cu
  6
CONTINUOUS
100
AcDbLine
 10
5.3307874015748027
 20
-3.5352755905511812
 30
0
 11
5.3212598425196846
 21
-3.5326771653543307
 31
0
  0
LINE
  5
B30
330
22
100
AcDbEntity
  8
F.Cu
  6
CONTINUOUS
100
AcDbLine
 10
5.3212598425196846
 20
-3.5326771653543307
 30
0
 11
5.3116535433070862
 21
-3.5326771653543307
 31
0
  0
LINE
  5
B31
330
22
100
AcDbEntity
  8
F.Cu
  6
CONTINUOUS
100
AcDbLine
 10
5.3116535433070862
 20
-3.5326771653543307
 30
0
 11
5.3020866141732279
 21
-3.5352755905511812
 31
0
  0
LINE
  5
B32
330
22
100
AcDbEntity
  8
F.Cu
  6
CONTINUOUS
100
AcDbLine
 10
5.3020866141732279
 20
-3.5352755905511812
 30
0
 11
5.2937795275590549
 21
-3.54007874015748
 31
0
  0
LINE
  5
B33
330
22
100
AcDbEntity
  8
F.Cu
  6
CONTINUOUS
100
AcDbLine
 10
5.2937795275590549
 20
-3.54007874015748
 30
0
 11
5.2868110236220467
 21
-3.5470472440944882
 31
0
  0
LINE
  5
B34
330
22
100
AcDbEntity
  8
F.Cu
  6
CONTINUOUS
100
AcDbLine
 10
5.2868110236220467
 20
-3.5470472440944882
 30
0
 11
5.2820472440944881
 21
-3.5552755905511808
 31
0
  0
LINE
  5
B35
330
22
100
AcDbEntity
  8
F.Cu
  6
CONTINUOUS
100
AcDbLine
 10
5.2820472440944881
 20
-3.5552755905511808
 30
0
 11
5.2820078740157479
 21
-3.5553937007874015
 31
0
  0
LINE
  5
B36
330
22
100
AcDbEntity
  8
F.Cu
  6
CONTINUOUS
100
AcDbLine
 10
5.2820078740157479
 20
-3.5553937007874015
 30
0
 11
5.2794488188976381
 21
-3.5649212598425195
 31
0
  0
LINE
  5
B37
330
22
100
AcDbEntity
  8
F.Cu
  6
CONTINUOUS
100
AcDbLine
 10
5.2794488188976381
 20
-3.5649212598425195
 30
0
 11
5.2794488188976381
 21
-3.5744488188976375
 31
0
  0
LINE
  5
B38
330
22
100
AcDbEntity
  8
F.Cu
  6
CONTINUOUS
100
AcDbLine
 10
5.2794488188976381
 20
-3.5744488188976375
 30
0
 11
5.2820078740157479
 21
-3.583976377952756
 31
0
  0
LINE
  5
B39
330
22
100
AcDbEntity
  8
F.Cu
  6
CONTINUOUS
100
AcDbLine
 10
5.2820078740157479
 20
-3.583976377952756
 30
0
 11
5.2820472440944881
 21
-3.5840944881889762
 31
0
  0
LINE
  5
B3A
330
22
100
AcDbEntity
  8
F.Cu
  6
CONTINUOUS
100
AcDbLine
 10
5.2820472440944881
 20
-3.5840944881889762
 30
0
 11
5.2868110236220467
 21
-3.5923228346456693
 31
0
  0
LINE
  5
B3B
330
22
100
AcDbEntity
  8
F.Cu
  6
CONTINUOUS
100
AcDbLine
 10
5.2868110236220467
 20
-3.5923228346456693
 30
0
 11
5.2937795275590549
 21
-3.599291338582677
 31
0
  0
LINE
  5
B3C
330
22
100
AcDbEntity
  8
F.Cu
  6
CONTINUOUS
100
AcDbLine
 10
5.2937795275590549
 20
-3.599291338582677
 30
0
 11
5.3020078740157475
 21
-3.604055118110236
 31
0
  0
LINE
  5
B3D
330
22
100
AcDbEntity
  8
F.Cu
  6
CONTINUOUS
100
AcDbLine
 10
5.3020078740157475
 20
-3.604055118110236
 30
0
 11
5.3021259842519681
 21
-3.6040944881889763
 31
0
  0
LINE
  5
B3E
330
22
100
AcDbEntity
  8
F.Cu
  6
CONTINUOUS
100
AcDbLine
 10
5.3021259842519681
 20
-3.6040944881889763
 30
0
 11
5.3116929133858264
 21
-3.6066535433070865
 31
0
  0
LINE
  5
B3F
330
22
100
AcDbEntity
  8
F.Cu
  6
CONTINUOUS
100
AcDbLine
 10
5.3116929133858264
 20
-3.6066535433070865
 30
0
 11
5.3212598425196846
 21
-3.6066535433070865
 31
0
  0
LINE
  5
B40
330
22
100
AcDbEntity
  8
F.Cu
  6
CONTINUOUS
100
AcDbLine
 10
5.3212598425196846
 20
-3.6066535433070865
 30
0
 11
5.3233464566929136
 21
-3.6060629921259841
 31
0
  0
LINE
  5
B41
330
22
100
AcDbEntity
  8
F.Cu
  6
CONTINUOUS
100
AcDbLine
 10
5.3233464566929136
 20
-3.6060629921259841
 30
0
 11
5.3264960629921259
 21
-3.6068503937007872
 31
0
  0
LINE
  5
B42
330
22
100
AcDbEntity
  8
F.Cu
  6
CONTINUOUS
100
AcDbLine
 10
5.3264960629921259
 20
-3.6068503937007872
 30
0
 11
5.4044488188976381
 21
-3.6847637795275592
 31
0
  0
LINE
  5
B43
330
22
100
AcDbEntity
  8
F.Cu
  6
CONTINUOUS
100
AcDbLine
 10
5.4044488188976381
 20
-3.6847637795275592
 30
0
 11
5.4053543307086613
 21
-3.6869291338582677
 31
0
  0
LINE
  5
B44
330
22
100
AcDbEntity
  8
F.Cu
  6
CONTINUOUS
100
AcDbLine
 10
5.4053543307086613
 20
-3.6869291338582677
 30
0
 11
5.4053543307086613
 21
-3.8470078740157478
 31
0
  0
LINE
  5
B45
330
22
100
AcDbEntity
  8
F.Cu
  6
CONTINUOUS
100
AcDbLine
 10
5.4053543307086613
 20
-3.8470078740157478
 30
0
 11
5.4018897637795273
 21
-3.8504724409448818
 31
0
  0
LINE
  5
B46
330
22
100
AcDbEntity
  8
F.Cu
  6
CONTINUOUS
100
AcDbLine
 10
5.4018897637795273
 20
-3.8504724409448818
 30
0
 11
5.1416535433070862
 21
-3.8504724409448818
 31
0
  0
LINE
  5
B47
330
22
100
AcDbEntity
  8
F.Cu
  6
CONTINUOUS
100
AcDbLine
 10
5.1416535433070862
 20
-3.8504724409448818
 30
0
 11
5.1388188976377949
 21
-3.8507480314960629
 31
0
  0
LINE
  5
B48
330
22
100
AcDbEntity
  8
F.Cu
  6
CONTINUOUS
100
AcDbLine
 10
5.1388188976377949
 20
-3.8507480314960629
 30
0
 11
5.1357874015748033
 21
-3.8515748031496062
 31
0
  0
LINE
  5
B49
330
22
100
AcDbEntity
  8
F.Cu
  6
CONTINUOUS
100
AcDbLine
 10
5.1357874015748033
 20
-3.8515748031496062
 30
0
 11
5.1352362204724411
 21
-3.8517322834645666
 31
0
  0
LINE
  5
B4A
330
22
100
AcDbEntity
  8
F.Cu
  6
CONTINUOUS
100
AcDbLine
 10
5.1352362204724411
 20
-3.8517322834645666
 30
0
 11
5.1334251968503937
 21
-3.8525984251968501
 31
0
  0
LINE
  5
B4B
330
22
100
AcDbEntity
  8
F.Cu
  6
CONTINUOUS
100
AcDbLine
 10
5.1334251968503937
 20
-3.8525984251968501
 30
0
 11
5.1323228346456693
 21
-3.8531496062992123
 31
0
  0
LINE
  5
B4C
330
22
100
AcDbEntity
  8
F.Cu
  6
CONTINUOUS
100
AcDbLine
 10
5.1323228346456693
 20
-3.8531496062992123
 30
0
 11
5.1296062992125986
 21
-3.8550787401574804
 31
0
  0
LINE
  5
B4D
330
22
100
AcDbEntity
  8
F.Cu
  6
CONTINUOUS
100
AcDbLine
 10
5.1296062992125986
 20
-3.8550787401574804
 30
0
 11
5.1273622047244096
 21
-3.8573228346456694
 31
0
  0
LINE
  5
B4E
330
22
100
AcDbEntity
  8
F.Cu
  6
CONTINUOUS
100
AcDbLine
 10
5.1273622047244096
 20
-3.8573228346456694
 30
0
 11
5.1254330708661415
 21
-3.8601181102362205
 31
0
  0
LINE
  5
B4F
330
22
100
AcDbEntity
  8
F.Cu
  6
CONTINUOUS
100
AcDbLine
 10
5.1254330708661415
 20
-3.8601181102362205
 30
0
 11
5.1253543307086611
 21
-3.860275590551181
 31
0
  0
LINE
  5
B50
330
22
100
AcDbEntity
  8
F.Cu
  6
CONTINUOUS
100
AcDbLine
 10
5.1253543307086611
 20
-3.860275590551181
 30
0
 11
5.1239370078740158
 21
-3.863307086614173
 31
0
  0
LINE
  5
B51
330
22
100
AcDbEntity
  8
F.Cu
  6
CONTINUOUS
100
AcDbLine
 10
5.1239370078740158
 20
-3.863307086614173
 30
0
 11
5.1231889763779526
 21
-3.8664960629921259
 31
0
  0
LINE
  5
B52
330
22
100
AcDbEntity
  8
F.Cu
  6
CONTINUOUS
100
AcDbLine
 10
5.1231889763779526
 20
-3.8664960629921259
 30
0
 11
5.1230708661417319
 21
-3.8665748031496063
 31
0
  0
LINE
  5
B53
330
22
100
AcDbEntity
  8
F.Cu
  6
CONTINUOUS
100
AcDbLine
 10
5.1230708661417319
 20
-3.8665748031496063
 30
0
 11
5.1230708661417319
 21
-3.8666929133858265
 31
0
  0
LINE
  5
B54
330
22
100
AcDbEntity
  8
F.Cu
  6
CONTINUOUS
100
AcDbLine
 10
5.1230708661417319
 20
-3.8666929133858265
 30
0
 11
5.1230314960629917
 21
-3.8669291338582674
 31
0
  0
LINE
  5
B55
330
22
100
AcDbEntity
  8
F.Cu
  6
CONTINUOUS
100
AcDbLine
 10
5.1230314960629917
 20
-3.8669291338582674
 30
0
 11
5.1228346456692915
 21
-3.8691732283464564
 31
0
  0
LINE
  5
B56
330
22
100
AcDbEntity
  8
F.Cu
  6
CONTINUOUS
100
AcDbLine
 10
5.1228346456692915
 20
-3.8691732283464564
 30
0
 11
5.1228346456692915
 21
-4.2702755905511811
 31
0
  0
LINE
  5
B57
330
22
100
AcDbEntity
  8
F.Cu
  6
CONTINUOUS
100
AcDbLine
 10
5.5929527559055119
 20
-4.2745669291338579
 30
0
 11
5.5955511811023619
 21
-4.2841732283464564
 31
0
  0
LINE
  5
B58
330
22
100
AcDbEntity
  8
F.Cu
  6
CONTINUOUS
100
AcDbLine
 10
5.5955511811023619
 20
-4.2841732283464564
 30
0
 11
5.6003937007874018
 21
-4.2926377952755903
 31
0
  0
LINE
  5
B59
330
22
100
AcDbEntity
  8
F.Cu
  6
CONTINUOUS
100
AcDbLine
 10
5.6003937007874018
 20
-4.2926377952755903
 30
0
 11
5.6004330708661412
 21
-4.2926771653543305
 31
0
  0
LINE
  5
B5A
330
22
100
AcDbEntity
  8
F.Cu
  6
CONTINUOUS
100
AcDbLine
 10
5.6004330708661412
 20
-4.2926771653543305
 30
0
 11
5.6074409448818896
 21
-4.2996456692913387
 31
0
  0
LINE
  5
B5B
330
22
100
AcDbEntity
  8
F.Cu
  6
CONTINUOUS
100
AcDbLine
 10
5.6074409448818896
 20
-4.2996456692913387
 30
0
 11
5.6074803149606298
 21
-4.299685039370079
 31
0
  0
LINE
  5
B5C
330
22
100
AcDbEntity
  8
F.Cu
  6
CONTINUOUS
100
AcDbLine
 10
5.6074803149606298
 20
-4.299685039370079
 30
0
 11
5.6159055118110235
 21
-4.3045669291338582
 31
0
  0
LINE
  5
B5D
330
22
100
AcDbEntity
  8
F.Cu
  6
CONTINUOUS
100
AcDbLine
 10
5.6159055118110235
 20
-4.3045669291338582
 30
0
 11
5.6255511811023622
 21
-4.3071653543307082
 31
0
  0
LINE
  5
B5E
330
22
100
AcDbEntity
  8
F.Cu
  6
CONTINUOUS
100
AcDbLine
 10
5.6255511811023622
 20
-4.3071653543307082
 30
0
 11
5.6352362204724411
 21
-4.3071653543307082
 31
0
  0
LINE
  5
B5F
330
22
100
AcDbEntity
  8
F.Cu
  6
CONTINUOUS
100
AcDbLine
 10
5.6352362204724411
 20
-4.3071653543307082
 30
0
 11
5.6449212598425191
 21
-4.3045669291338582
 31
0
  0
LINE
  5
B60
330
22
100
AcDbEntity
  8
F.Cu
  6
CONTINUOUS
100
AcDbLine
 10
5.6449212598425191
 20
-4.3045669291338582
 30
0
 11
5.6450393700787398
 21
-4.304527559055118
 31
0
  0
LINE
  5
B61
330
22
100
AcDbEntity
  8
F.Cu
  6
CONTINUOUS
100
AcDbLine
 10
5.6450393700787398
 20
-4.304527559055118
 30
0
 11
5.653385826771653
 21
-4.299685039370079
 31
0
  0
LINE
  5
B62
330
22
100
AcDbEntity
  8
F.Cu
  6
CONTINUOUS
100
AcDbLine
 10
5.653385826771653
 20
-4.299685039370079
 30
0
 11
5.6603543307086612
 21
-4.2927165354330707
 31
0
  0
LINE
  5
B63
330
22
100
AcDbEntity
  8
F.Cu
  6
CONTINUOUS
100
AcDbLine
 10
5.6603543307086612
 20
-4.2927165354330707
 30
0
 11
5.6652755905511807
 21
-4.2841732283464564
 31
0
  0
LINE
  5
B64
330
22
100
AcDbEntity
  8
F.Cu
  6
CONTINUOUS
100
AcDbLine
 10
5.6652755905511807
 20
-4.2841732283464564
 30
0
 11
5.6678740157480316
 21
-4.2745669291338579
 31
0
  0
LINE
  5
B65
330
22
100
AcDbEntity
  8
F.Cu
  6
CONTINUOUS
100
AcDbLine
 10
5.6678740157480316
 20
-4.2745669291338579
 30
0
 11
5.6678740157480316
 21
-4.2648031496062995
 31
0
  0
LINE
  5
B66
330
22
100
AcDbEntity
  8
F.Cu
  6
CONTINUOUS
100
AcDbLine
 10
5.6678740157480316
 20
-4.2648031496062995
 30
0
 11
5.6652755905511807
 21
-4.255196850393701
 31
0
  0
LINE
  5
B67
330
22
100
AcDbEntity
  8
F.Cu
  6
CONTINUOUS
100
AcDbLine
 10
5.6652755905511807
 20
-4.255196850393701
 30
0
 11
5.6603543307086612
 21
-4.2466535433070867
 31
0
  0
LINE
  5
B68
330
22
100
AcDbEntity
  8
F.Cu
  6
CONTINUOUS
100
AcDbLine
 10
5.6603543307086612
 20
-4.2466535433070867
 30
0
 11
5.653385826771653
 21
-4.2396850393700785
 31
0
  0
LINE
  5
B69
330
22
100
AcDbEntity
  8
F.Cu
  6
CONTINUOUS
100
AcDbLine
 10
5.653385826771653
 20
-4.2396850393700785
 30
0
 11
5.6450393700787398
 21
-4.2348425196850394
 31
0
  0
LINE
  5
B6A
330
22
100
AcDbEntity
  8
F.Cu
  6
CONTINUOUS
100
AcDbLine
 10
5.6450393700787398
 20
-4.2348425196850394
 30
0
 11
5.6448425196850396
 21
-4.234763779527559
 31
0
  0
LINE
  5
B6B
330
22
100
AcDbEntity
  8
F.Cu
  6
CONTINUOUS
100
AcDbLine
 10
5.6448425196850396
 20
-4.234763779527559
 30
0
 11
5.6353149606299215
 21
-4.2322440944881885
 31
0
  0
LINE
  5
B6C
330
22
100
AcDbEntity
  8
F.Cu
  6
CONTINUOUS
100
AcDbLine
 10
5.6353149606299215
 20
-4.2322440944881885
 30
0
 11
5.625511811023622
 21
-4.2322440944881885
 31
0
  0
LINE
  5
B6D
330
22
100
AcDbEntity
  8
F.Cu
  6
CONTINUOUS
100
AcDbLine
 10
5.625511811023622
 20
-4.2322440944881885
 30
0
 11
5.6160236220472441
 21
-4.234763779527559
 31
0
  0
LINE
  5
B6E
330
22
100
AcDbEntity
  8
F.Cu
  6
CONTINUOUS
100
AcDbLine
 10
5.6160236220472441
 20
-4.234763779527559
 30
0
 11
5.615826771653543
 21
-4.2348425196850394
 31
0
  0
LINE
  5
B6F
330
22
100
AcDbEntity
  8
F.Cu
  6
CONTINUOUS
100
AcDbLine
 10
5.615826771653543
 20
-4.2348425196850394
 30
0
 11
5.6074803149606298
 21
-4.2396850393700785
 31
0
  0
LINE
  5
B70
330
22
100
AcDbEntity
  8
F.Cu
  6
CONTINUOUS
100
AcDbLine
 10
5.6074803149606298
 20
-4.2396850393700785
 30
0
 11
5.6074409448818896
 21
-4.2397244094488187
 31
0
  0
LINE
  5
B71
330
22
100
AcDbEntity
  8
F.Cu
  6
CONTINUOUS
100
AcDbLine
 10
5.6074409448818896
 20
-4.2397244094488187
 30
0
 11
5.6004330708661412
 21
-4.2466929133858269
 31
0
  0
LINE
  5
B72
330
22
100
AcDbEntity
  8
F.Cu
  6
CONTINUOUS
100
AcDbLine
 10
5.6004330708661412
 20
-4.2466929133858269
 30
0
 11
5.6003937007874018
 21
-4.2467322834645671
 31
0
  0
LINE
  5
B73
330
22
100
AcDbEntity
  8
F.Cu
  6
CONTINUOUS
100
AcDbLine
 10
5.6003937007874018
 20
-4.2467322834645671
 30
0
 11
5.5955511811023619
 21
-4.255196850393701
 31
0
  0
LINE
  5
B74
330
22
100
AcDbEntity
  8
F.Cu
  6
CONTINUOUS
100
AcDbLine
 10
5.5955511811023619
 20
-4.255196850393701
 30
0
 11
5.5929527559055119
 21
-4.2648031496062995
 31
0
  0
LINE
  5
B75
330
22
100
AcDbEntity
  8
F.Cu
  6
CONTINUOUS
100
AcDbLine
 10
5.5929527559055119
 20
-4.2648031496062995
 30
0
 11
5.5929527559055119
 21
-4.2745669291338579
 31
0
  0
LINE
  5
B76
330
22
100
AcDbEntity
  8
F.Cu
  6
CONTINUOUS
100
AcDbLine
 10
6.1929921259842518
 20
-4.2745669291338579
 30
0
 11
6.1955118110236223
 21
-4.2841338582677162
 31
0
  0
LINE
  5
B77
330
22
100
AcDbEntity
  8
F.Cu
  6
CONTINUOUS
100
AcDbLine
 10
6.1955118110236223
 20
-4.2841338582677162
 30
0
 11
6.1955511811023625
 21
-4.2841732283464564
 31
0
  0
LINE
  5
B78
330
22
100
AcDbEntity
  8
F.Cu
  6
CONTINUOUS
100
AcDbLine
 10
6.1955511811023625
 20
-4.2841732283464564
 30
0
 11
6.2003937007874015
 21
-4.2926377952755903
 31
0
  0
LINE
  5
B79
330
22
100
AcDbEntity
  8
F.Cu
  6
CONTINUOUS
100
AcDbLine
 10
6.2003937007874015
 20
-4.2926377952755903
 30
0
 11
6.2004330708661417
 21
-4.2926771653543305
 31
0
  0
LINE
  5
B7A
330
22
100
AcDbEntity
  8
F.Cu
  6
CONTINUOUS
100
AcDbLine
 10
6.2004330708661417
 20
-4.2926771653543305
 30
0
 11
6.2074409448818892
 21
-4.2996456692913387
 31
0
  0
LINE
  5
B7B
330
22
100
AcDbEntity
  8
F.Cu
  6
CONTINUOUS
100
AcDbLine
 10
6.2074409448818892
 20
-4.2996456692913387
 30
0
 11
6.2074803149606295
 21
-4.299685039370079
 31
0
  0
LINE
  5
B7C
330
22
100
AcDbEntity
  8
F.Cu
  6
CONTINUOUS
100
AcDbLine
 10
6.2074803149606295
 20
-4.299685039370079
 30
0
 11
6.2159055118110231
 21
-4.3045669291338582
 31
0
  0
LINE
  5
B7D
330
22
100
AcDbEntity
  8
F.Cu
  6
CONTINUOUS
100
AcDbLine
 10
6.2159055118110231
 20
-4.3045669291338582
 30
0
 11
6.2255511811023618
 21
-4.3071653543307082
 31
0
  0
LINE
  5
B7E
330
22
100
AcDbEntity
  8
F.Cu
  6
CONTINUOUS
100
AcDbLine
 10
6.2255511811023618
 20
-4.3071653543307082
 30
0
 11
6.2352362204724407
 21
-4.3071653543307082
 31
0
  0
LINE
  5
B7F
330
22
100
AcDbEntity
  8
F.Cu
  6
CONTINUOUS
100
AcDbLine
 10
6.2352362204724407
 20
-4.3071653543307082
 30
0
 11
6.2449212598425197
 21
-4.3045669291338582
 31
0
  0
LINE
  5
B80
330
22
100
AcDbEntity
  8
F.Cu
  6
CONTINUOUS
100
AcDbLine
 10
6.2449212598425197
 20
-4.3045669291338582
 30
0
 11
6.2450393700787403
 21
-4.304527559055118
 31
0
  0
LINE
  5
B81
330
22
100
AcDbEntity
  8
F.Cu
  6
CONTINUOUS
100
AcDbLine
 10
6.2450393700787403
 20
-4.304527559055118
 30
0
 11
6.2533858267716536
 21
-4.299685039370079
 31
0
  0
LINE
  5
B82
330
22
100
AcDbEntity
  8
F.Cu
  6
CONTINUOUS
100
AcDbLine
 10
6.2533858267716536
 20
-4.299685039370079
 30
0
 11
6.2603543307086609
 21
-4.2927165354330707
 31
0
  0
LINE
  5
B83
330
22
100
AcDbEntity
  8
F.Cu
  6
CONTINUOUS
100
AcDbLine
 10
6.2603543307086609
 20
-4.2927165354330707
 30
0
 11
6.2652755905511812
 21
-4.2842125984251966
 31
0
  0
LINE
  5
B84
330
22
100
AcDbEntity
  8
F.Cu
  6
CONTINUOUS
100
AcDbLine
 10
6.2652755905511812
 20
-4.2842125984251966
 30
0
 11
6.2679133858267715
 21
-4.2745275590551177
 31
0
  0
LINE
  5
B85
330
22
100
AcDbEntity
  8
F.Cu
  6
CONTINUOUS
100
AcDbLine
 10
6.2679133858267715
 20
-4.2745275590551177
 30
0
 11
6.2679133858267715
 21
-4.2648425196850397
 31
0
  0
LINE
  5
B86
330
22
100
AcDbEntity
  8
F.Cu
  6
CONTINUOUS
100
AcDbLine
 10
6.2679133858267715
 20
-4.2648425196850397
 30
0
 11
6.2652755905511812
 21
-4.2551181102362206
 31
0
  0
LINE
  5
B87
330
22
100
AcDbEntity
  8
F.Cu
  6
CONTINUOUS
100
AcDbLine
 10
6.2652755905511812
 20
-4.2551181102362206
 30
0
 11
6.2603543307086609
 21
-4.2466535433070867
 31
0
  0
LINE
  5
B88
330
22
100
AcDbEntity
  8
F.Cu
  6
CONTINUOUS
100
AcDbLine
 10
6.2603543307086609
 20
-4.2466535433070867
 30
0
 11
6.2533858267716536
 21
-4.2396850393700785
 31
0
  0
LINE
  5
B89
330
22
100
AcDbEntity
  8
F.Cu
  6
CONTINUOUS
100
AcDbLine
 10
6.2533858267716536
 20
-4.2396850393700785
 30
0
 11
6.2450393700787403
 21
-4.2348425196850394
 31
0
  0
LINE
  5
B8A
330
22
100
AcDbEntity
  8
F.Cu
  6
CONTINUOUS
100
AcDbLine
 10
6.2450393700787403
 20
-4.2348425196850394
 30
0
 11
6.2448425196850392
 21
-4.234763779527559
 31
0
  0
LINE
  5
B8B
330
22
100
AcDbEntity
  8
F.Cu
  6
CONTINUOUS
100
AcDbLine
 10
6.2448425196850392
 20
-4.234763779527559
 30
0
 11
6.2353149606299212
 21
-4.2322440944881885
 31
0
  0
LINE
  5
B8C
330
22
100
AcDbEntity
  8
F.Cu
  6
CONTINUOUS
100
AcDbLine
 10
6.2353149606299212
 20
-4.2322440944881885
 30
0
 11
6.2255118110236216
 21
-4.2322440944881885
 31
0
  0
LINE
  5
B8D
330
22
100
AcDbEntity
  8
F.Cu
  6
CONTINUOUS
100
AcDbLine
 10
6.2255118110236216
 20
-4.2322440944881885
 30
0
 11
6.2160236220472438
 21
-4.234763779527559
 31
0
  0
LINE
  5
B8E
330
22
100
AcDbEntity
  8
F.Cu
  6
CONTINUOUS
100
AcDbLine
 10
6.2160236220472438
 20
-4.234763779527559
 30
0
 11
6.2158267716535436
 21
-4.2348425196850394
 31
0
  0
LINE
  5
B8F
330
22
100
AcDbEntity
  8
F.Cu
  6
CONTINUOUS
100
AcDbLine
 10
6.2158267716535436
 20
-4.2348425196850394
 30
0
 11
6.2074803149606295
 21
-4.2396850393700785
 31
0
  0
LINE
  5
B90
330
22
100
AcDbEntity
  8
F.Cu
  6
CONTINUOUS
100
AcDbLine
 10
6.2074803149606295
 20
-4.2396850393700785
 30
0
 11
6.2074409448818892
 21
-4.2397244094488187
 31
0
  0
LINE
  5
B91
330
22
100
AcDbEntity
  8
F.Cu
  6
CONTINUOUS
100
AcDbLine
 10
6.2074409448818892
 20
-4.2397244094488187
 30
0
 11
6.2004330708661417
 21
-4.2466929133858269
 31
0
  0
LINE
  5
B92
330
22
100
AcDbEntity
  8
F.Cu
  6
CONTINUOUS
100
AcDbLine
 10
6.2004330708661417
 20
-4.2466929133858269
 30
0
 11
6.2003937007874015
 21
-4.2467322834645671
 31
0
  0
LINE
  5
B93
330
22
100
AcDbEntity
  8
F.Cu
  6
CONTINUOUS
100
AcDbLine
 10
6.2003937007874015
 20
-4.2467322834645671
 30
0
 11
6.1955511811023625
 21
-4.255196850393701
 31
0
  0
LINE
  5
B94
330
22
100
AcDbEntity
  8
F.Cu
  6
CONTINUOUS
100
AcDbLine
 10
6.1955511811023625
 20
-4.255196850393701
 30
0
 11
6.1955118110236223
 21
-4.2552362204724412
 31
0
  0
LINE
  5
B95
330
22
100
AcDbEntity
  8
F.Cu
  6
CONTINUOUS
100
AcDbLine
 10
6.1955118110236223
 20
-4.2552362204724412
 30
0
 11
6.1929921259842518
 21
-4.2647637795275593
 31
0
  0
LINE
  5
B96
330
22
100
AcDbEntity
  8
F.Cu
  6
CONTINUOUS
100
AcDbLine
 10
6.1929921259842518
 20
-4.2647637795275593
 30
0
 11
6.1929921259842518
 21
-4.2745669291338579
 31
0
  0
LINE
  5
B97
330
22
100
AcDbEntity
  8
F.Cu
  6
CONTINUOUS
100
AcDbLine
 10
5.2033858267716537
 20
-4.2241338582677166
 30
0
 11
5.203425196850394
 21
-4.2246850393700788
 31
0
  0
LINE
  5
B98
330
22
100
AcDbEntity
  8
F.Cu
  6
CONTINUOUS
100
AcDbLine
 10
5.203425196850394
 20
-4.2246850393700788
 30
0
 11
5.2037007874015746
 21
-4.2259055118110238
 31
0
  0
LINE
  5
B99
330
22
100
AcDbEntity
  8
F.Cu
  6
CONTINUOUS
100
AcDbLine
 10
5.2037007874015746
 20
-4.2259055118110238
 30
0
 11
5.2041732283464563
 21
-4.2274015748031495
 31
0
  0
LINE
  5
B9A
330
22
100
AcDbEntity
  8
F.Cu
  6
CONTINUOUS
100
AcDbLine
 10
5.2041732283464563
 20
-4.2274015748031495
 30
0
 11
5.2044881889763781
 21
-4.2281102362204726
 31
0
  0
LINE
  5
B9B
330
22
100
AcDbEntity
  8
F.Cu
  6
CONTINUOUS
100
AcDbLine
 10
5.2044881889763781
 20
-4.2281102362204726
 30
0
 11
5.2051181102362207
 21
-4.2289370078740154
 31
0
  0
LINE
  5
B9C
330
22
100
AcDbEntity
  8
F.Cu
  6
CONTINUOUS
100
AcDbLine
 10
5.2051181102362207
 20
-4.2289370078740154
 30
0
 11
5.2052362204724405
 21
-4.229055118110236
 31
0
  0
LINE
  5
B9D
330
22
100
AcDbEntity
  8
F.Cu
  6
CONTINUOUS
100
AcDbLine
 10
5.2052362204724405
 20
-4.229055118110236
 30
0
 11
5.2058661417322831
 21
-4.22992125984252
 31
0
  0
LINE
  5
B9E
330
22
100
AcDbEntity
  8
F.Cu
  6
CONTINUOUS
100
AcDbLine
 10
5.2058661417322831
 20
-4.22992125984252
 30
0
 11
5.2066929133858268
 21
-4.2307086614173226
 31
0
  0
LINE
  5
B9F
330
22
100
AcDbEntity
  8
F.Cu
  6
CONTINUOUS
100
AcDbLine
 10
5.2066929133858268
 20
-4.2307086614173226
 30
0
 11
5.2079921259842514
 21
-4.2315354330708663
 31
0
  0
LINE
  5
BA0
330
22
100
AcDbEntity
  8
F.Cu
  6
CONTINUOUS
100
AcDbLine
 10
5.2079921259842514
 20
-4.2315354330708663
 30
0
 11
5.2090157480314963
 21
-4.2320472440944883
 31
0
  0
LINE
  5
BA1
330
22
100
AcDbEntity
  8
F.Cu
  6
CONTINUOUS
100
AcDbLine
 10
5.2090157480314963
 20
-4.2320472440944883
 30
0
 11
5.2099606299212597
 21
-4.2323228346456689
 31
0
  0
LINE
  5
BA2
330
22
100
AcDbEntity
  8
F.Cu
  6
CONTINUOUS
100
AcDbLine
 10
5.2099606299212597
 20
-4.2323228346456689
 30
0
 11
5.2111023622047243
 21
-4.2325984251968505
 31
0
  0
LINE
  5
BA3
330
22
100
AcDbEntity
  8
F.Cu
  6
CONTINUOUS
100
AcDbLine
 10
5.2111023622047243
 20
-4.2325984251968505
 30
0
 11
5.2124015748031498
 21
-4.2327165354330711
 31
0
  0
LINE
  5
BA4
330
22
100
AcDbEntity
  8
F.Cu
  6
CONTINUOUS
100
AcDbLine
 10
5.2124015748031498
 20
-4.2327165354330711
 30
0
 11
5.2708661417322835
 21
-4.2327165354330711
 31
0
  0
LINE
  5
BA5
330
22
100
AcDbEntity
  8
F.Cu
  6
CONTINUOUS
100
AcDbLine
 10
5.2708661417322835
 20
-4.2327165354330711
 30
0
 11
5.272322834645669
 21
-4.2325984251968505
 31
0
  0
LINE
  5
BA6
330
22
100
AcDbEntity
  8
F.Cu
  6
CONTINUOUS
100
AcDbLine
 10
5.272322834645669
 20
-4.2325984251968505
 30
0
 11
5.2723622047244092
 21
-4.2325984251968505
 31
0
  0
LINE
  5
BA7
330
22
100
AcDbEntity
  8
F.Cu
  6
CONTINUOUS
100
AcDbLine
 10
5.2723622047244092
 20
-4.2325984251968505
 30
0
 11
5.2745275590551177
 21
-4.2320078740157481
 31
0
  0
LINE
  5
BA8
330
22
100
AcDbEntity
  8
F.Cu
  6
CONTINUOUS
100
AcDbLine
 10
5.2745275590551177
 20
-4.2320078740157481
 30
0
 11
5.2751181102362201
 21
-4.2316535433070861
 31
0
  0
LINE
  5
BA9
330
22
100
AcDbEntity
  8
F.Cu
  6
CONTINUOUS
100
AcDbLine
 10
5.2751181102362201
 20
-4.2316535433070861
 30
0
 11
5.275275590551181
 21
-4.2315748031496065
 31
0
  0
LINE
  5
BAA
330
22
100
AcDbEntity
  8
F.Cu
  6
CONTINUOUS
100
AcDbLine
 10
5.275275590551181
 20
-4.2315748031496065
 30
0
 11
5.2753543307086614
 21
-4.2314960629921261
 31
0
  0
LINE
  5
BAB
330
22
100
AcDbEntity
  8
F.Cu
  6
CONTINUOUS
100
AcDbLine
 10
5.2753543307086614
 20
-4.2314960629921261
 30
0
 11
5.2762598425196847
 21
-4.2309448818897639
 31
0
  0
LINE
  5
BAC
330
22
100
AcDbEntity
  8
F.Cu
  6
CONTINUOUS
100
AcDbLine
 10
5.2762598425196847
 20
-4.2309448818897639
 30
0
 11
5.2764173228346456
 21
-4.2308267716535433
 31
0
  0
LINE
  5
BAD
330
22
100
AcDbEntity
  8
F.Cu
  6
CONTINUOUS
100
AcDbLine
 10
5.2764173228346456
 20
-4.2308267716535433
 30
0
 11
5.2772047244094491
 21
-4.23007874015748
 31
0
  0
LINE
  5
BAE
330
22
100
AcDbEntity
  8
F.Cu
  6
CONTINUOUS
100
AcDbLine
 10
5.2772047244094491
 20
-4.23007874015748
 30
0
 11
5.2780314960629919
 21
-4.2292125984251969
 31
0
  0
LINE
  5
BAF
330
22
100
AcDbEntity
  8
F.Cu
  6
CONTINUOUS
100
AcDbLine
 10
5.2780314960629919
 20
-4.2292125984251969
 30
0
 11
5.2781889763779528
 21
-4.2290157480314958
 31
0
  0
LINE
  5
BB0
330
22
100
AcDbEntity
  8
F.Cu
  6
CONTINUOUS
100
AcDbLine
 10
5.2781889763779528
 20
-4.2290157480314958
 30
0
 11
5.2786220472440943
 21
-4.2283070866141728
 31
0
  0
LINE
  5
BB1
330
22
100
AcDbEntity
  8
F.Cu
  6
CONTINUOUS
100
AcDbLine
 10
5.2786220472440943
 20
-4.2283070866141728
 30
0
 11
5.279251968503937
 21
-4.2271259842519688
 31
0
  0
LINE
  5
BB2
330
22
100
AcDbEntity
  8
F.Cu
  6
CONTINUOUS
100
AcDbLine
 10
5.279251968503937
 20
-4.2271259842519688
 30
0
 11
5.2795669291338578
 21
-4.2261417322834642
 31
0
  0
LINE
  5
BB3
330
22
100
AcDbEntity
  8
F.Cu
  6
CONTINUOUS
100
AcDbLine
 10
5.2795669291338578
 20
-4.2261417322834642
 30
0
 11
5.2798031496062992
 21
-4.2251968503937007
 31
0
  0
LINE
  5
BB4
330
22
100
AcDbEntity
  8
F.Cu
  6
CONTINUOUS
100
AcDbLine
 10
5.2798031496062992
 20
-4.2251968503937007
 30
0
 11
5.2798425196850394
 21
-4.2249999999999996
 31
0
  0
LINE
  5
BB5
330
22
100
AcDbEntity
  8
F.Cu
  6
CONTINUOUS
100
AcDbLine
 10
5.2798425196850394
 20
-4.2249999999999996
 30
0
 11
5.2798818897637796
 21
-4.2239763779527557
 31
0
  0
LINE
  5
BB6
330
22
100
AcDbEntity
  8
F.Cu
  6
CONTINUOUS
100
AcDbLine
 10
5.2798818897637796
 20
-4.2239763779527557
 30
0
 11
5.2798818897637796
 21
-4.219015748031496
 31
0
  0
LINE
  5
BB7
330
22
100
AcDbEntity
  8
F.Cu
  6
CONTINUOUS
100
AcDbLine
 10
5.2798818897637796
 20
-4.219015748031496
 30
0
 11
5.2833464566929136
 21
-4.215551181102362
 31
0
  0
LINE
  5
BB8
330
22
100
AcDbEntity
  8
F.Cu
  6
CONTINUOUS
100
AcDbLine
 10
5.2833464566929136
 20
-4.215551181102362
 30
0
 11
5.2942125984251964
 21
-4.215551181102362
 31
0
  0
LINE
  5
BB9
330
22
100
AcDbEntity
  8
F.Cu
  6
CONTINUOUS
100
AcDbLine
 10
5.2942125984251964
 20
-4.215551181102362
 30
0
 11
5.2949606299212597
 21
-4.2153149606299207
 31
0
  0
LINE
  5
BBA
330
22
100
AcDbEntity
  8
F.Cu
  6
CONTINUOUS
100
AcDbLine
 10
5.2949606299212597
 20
-4.2153149606299207
 30
0
 11
5.2953937007874012
 21
-4.2152362204724412
 31
0
  0
LINE
  5
BBB
330
22
100
AcDbEntity
  8
F.Cu
  6
CONTINUOUS
100
AcDbLine
 10
5.2953937007874012
 20
-4.2152362204724412
 30
0
 11
5.2960236220472439
 21
-4.2151574803149607
 31
0
  0
LINE
  5
BBC
330
22
100
AcDbEntity
  8
F.Cu
  6
CONTINUOUS
100
AcDbLine
 10
5.2960236220472439
 20
-4.2151574803149607
 30
0
 11
5.2961417322834645
 21
-4.2151181102362205
 31
0
  0
LINE
  5
BBD
330
22
100
AcDbEntity
  8
F.Cu
  6
CONTINUOUS
100
AcDbLine
 10
5.2961417322834645
 20
-4.2151181102362205
 30
0
 11
5.296220472440945
 21
-4.2150787401574803
 31
0
  0
LINE
  5
BBE
330
22
100
AcDbEntity
  8
F.Cu
  6
CONTINUOUS
100
AcDbLine
 10
5.296220472440945
 20
-4.2150787401574803
 30
0
 11
5.2966141732283463
 21
-4.2149212598425194
 31
0
  0
LINE
  5
BBF
330
22
100
AcDbEntity
  8
F.Cu
  6
CONTINUOUS
100
AcDbLine
 10
5.2966141732283463
 20
-4.2149212598425194
 30
0
 11
5.2969685039370074
 21
-4.2148031496062988
 31
0
  0
LINE
  5
BC0
330
22
100
AcDbEntity
  8
F.Cu
  6
CONTINUOUS
100
AcDbLine
 10
5.2969685039370074
 20
-4.2148031496062988
 30
0
 11
5.2974803149606302
 21
-4.2144881889763779
 31
0
  0
LINE
  5
BC1
330
22
100
AcDbEntity
  8
F.Cu
  6
CONTINUOUS
100
AcDbLine
 10
5.2974803149606302
 20
-4.2144881889763779
 30
0
 11
5.2977559055118109
 21
-4.214330708661417
 31
0
  0
LINE
  5
BC2
330
22
100
AcDbEntity
  8
F.Cu
  6
CONTINUOUS
100
AcDbLine
 10
5.2977559055118109
 20
-4.214330708661417
 30
0
 11
5.2982677165354328
 21
-4.2140944881889766
 31
0
  0
LINE
  5
BC3
330
22
100
AcDbEntity
  8
F.Cu
  6
CONTINUOUS
100
AcDbLine
 10
5.2982677165354328
 20
-4.2140944881889766
 30
0
 11
5.2985433070866144
 21
-4.2138976377952755
 31
0
  0
LINE
  5
BC4
330
22
100
AcDbEntity
  8
F.Cu
  6
CONTINUOUS
100
AcDbLine
 10
5.2985433070866144
 20
-4.2138976377952755
 30
0
 11
5.2990944881889765
 21
-4.2133464566929133
 31
0
  0
LINE
  5
BC5
330
22
100
AcDbEntity
  8
F.Cu
  6
CONTINUOUS
100
AcDbLine
 10
5.2990944881889765
 20
-4.2133464566929133
 30
0
 11
5.2994488188976376
 21
-4.213110236220472
 31
0
  0
LINE
  5
BC6
330
22
100
AcDbEntity
  8
F.Cu
  6
CONTINUOUS
100
AcDbLine
 10
5.2994488188976376
 20
-4.213110236220472
 30
0
 11
5.6091338582677164
 21
-3.9034645669291339
 31
0
  0
LINE
  5
BC7
330
22
100
AcDbEntity
  8
F.Cu
  6
CONTINUOUS
100
AcDbLine
 10
5.6091338582677164
 20
-3.9034645669291339
 30
0
 11
5.6131496062992126
 21
-3.9029527559055119
 31
0
  0
LINE
  5
BC8
330
22
100
AcDbEntity
  8
F.Cu
  6
CONTINUOUS
100
AcDbLine
 10
5.6131496062992126
 20
-3.9029527559055119
 30
0
 11
5.6158661417322833
 21
-3.9045275590551181
 31
0
  0
LINE
  5
BC9
330
22
100
AcDbEntity
  8
F.Cu
  6
CONTINUOUS
100
AcDbLine
 10
5.6158661417322833
 20
-3.9045275590551181
 30
0
 11
5.6160236220472441
 21
-3.9046062992125985
 31
0
  0
LINE
  5
BCA
330
22
100
AcDbEntity
  8
F.Cu
  6
CONTINUOUS
100
AcDbLine
 10
5.6160236220472441
 20
-3.9046062992125985
 30
0
 11
5.625511811023622
 21
-3.9071259842519686
 31
0
  0
LINE
  5
BCB
330
22
100
AcDbEntity
  8
F.Cu
  6
CONTINUOUS
100
AcDbLine
 10
5.625511811023622
 20
-3.9071259842519686
 30
0
 11
5.6353149606299215
 21
-3.9071259842519686
 31
0
  0
LINE
  5
BCC
330
22
100
AcDbEntity
  8
F.Cu
  6
CONTINUOUS
100
AcDbLine
 10
5.6353149606299215
 20
-3.9071259842519686
 30
0
 11
5.6448425196850396
 21
-3.9046062992125985
 31
0
  0
LINE
  5
BCD
330
22
100
AcDbEntity
  8
F.Cu
  6
CONTINUOUS
100
AcDbLine
 10
5.6448425196850396
 20
-3.9046062992125985
 30
0
 11
5.6450393700787398
 21
-3.9045275590551181
 31
0
  0
LINE
  5
BCE
330
22
100
AcDbEntity
  8
F.Cu
  6
CONTINUOUS
100
AcDbLine
 10
5.6450393700787398
 20
-3.9045275590551181
 30
0
 11
5.653385826771653
 21
-3.8996850393700786
 31
0
  0
LINE
  5
BCF
330
22
100
AcDbEntity
  8
F.Cu
  6
CONTINUOUS
100
AcDbLine
 10
5.653385826771653
 20
-3.8996850393700786
 30
0
 11
5.6603543307086612
 21
-3.8927165354330708
 31
0
  0
LINE
  5
BD0
330
22
100
AcDbEntity
  8
F.Cu
  6
CONTINUOUS
100
AcDbLine
 10
5.6603543307086612
 20
-3.8927165354330708
 30
0
 11
5.6652755905511807
 21
-3.8842125984251967
 31
0
  0
LINE
  5
BD1
330
22
100
AcDbEntity
  8
F.Cu
  6
CONTINUOUS
100
AcDbLine
 10
5.6652755905511807
 20
-3.8842125984251967
 30
0
 11
5.6678740157480316
 21
-3.874566929133858
 31
0
  0
LINE
  5
BD2
330
22
100
AcDbEntity
  8
F.Cu
  6
CONTINUOUS
100
AcDbLine
 10
5.6678740157480316
 20
-3.874566929133858
 30
0
 11
5.6678740157480316
 21
-3.8648031496062991
 31
0
  0
LINE
  5
BD3
330
22
100
AcDbEntity
  8
F.Cu
  6
CONTINUOUS
100
AcDbLine
 10
5.6678740157480316
 20
-3.8648031496062991
 30
0
 11
5.6652755905511807
 21
-3.8551968503937006
 31
0
  0
LINE
  5
BD4
330
22
100
AcDbEntity
  8
F.Cu
  6
CONTINUOUS
100
AcDbLine
 10
5.6652755905511807
 20
-3.8551968503937006
 30
0
 11
5.6603543307086612
 21
-3.8466535433070863
 31
0
  0
LINE
  5
BD5
330
22
100
AcDbEntity
  8
F.Cu
  6
CONTINUOUS
100
AcDbLine
 10
5.6603543307086612
 20
-3.8466535433070863
 30
0
 11
5.653385826771653
 21
-3.8396850393700785
 31
0
  0
LINE
  5
BD6
330
22
100
AcDbEntity
  8
F.Cu
  6
CONTINUOUS
100
AcDbLine
 10
5.653385826771653
 20
-3.8396850393700785
 30
0
 11
5.6450393700787398
 21
-3.8348425196850391
 31
0
  0
LINE
  5
BD7
330
22
100
AcDbEntity
  8
F.Cu
  6
CONTINUOUS
100
AcDbLine
 10
5.6450393700787398
 20
-3.8348425196850391
 30
0
 11
5.6449212598425191
 21
-3.8348031496062993
 31
0
  0
LINE
  5
BD8
330
22
100
AcDbEntity
  8
F.Cu
  6
CONTINUOUS
100
AcDbLine
 10
5.6449212598425191
 20
-3.8348031496062993
 30
0
 11
5.6352362204724411
 21
-3.8322047244094488
 31
0
  0
LINE
  5
BD9
330
22
100
AcDbEntity
  8
F.Cu
  6
CONTINUOUS
100
AcDbLine
 10
5.6352362204724411
 20
-3.8322047244094488
 30
0
 11
5.6255511811023622
 21
-3.8322047244094488
 31
0
  0
LINE
  5
BDA
330
22
100
AcDbEntity
  8
F.Cu
  6
CONTINUOUS
100
AcDbLine
 10
5.6255511811023622
 20
-3.8322047244094488
 30
0
 11
5.6159055118110235
 21
-3.8348031496062993
 31
0
  0
LINE
  5
BDB
330
22
100
AcDbEntity
  8
F.Cu
  6
CONTINUOUS
100
AcDbLine
 10
5.6159055118110235
 20
-3.8348031496062993
 30
0
 11
5.6074803149606298
 21
-3.8396850393700785
 31
0
  0
LINE
  5
BDC
330
22
100
AcDbEntity
  8
F.Cu
  6
CONTINUOUS
100
AcDbLine
 10
5.6074803149606298
 20
-3.8396850393700785
 30
0
 11
5.6074409448818896
 21
-3.8397244094488188
 31
0
  0
LINE
  5
BDD
330
22
100
AcDbEntity
  8
F.Cu
  6
CONTINUOUS
100
AcDbLine
 10
5.6074409448818896
 20
-3.8397244094488188
 30
0
 11
5.6004330708661412
 21
-3.8466929133858265
 31
0
  0
LINE
  5
BDE
330
22
100
AcDbEntity
  8
F.Cu
  6
CONTINUOUS
100
AcDbLine
 10
5.6004330708661412
 20
-3.8466929133858265
 30
0
 11
5.6003937007874018
 21
-3.8467322834645667
 31
0
  0
LINE
  5
BDF
330
22
100
AcDbEntity
  8
F.Cu
  6
CONTINUOUS
100
AcDbLine
 10
5.6003937007874018
 20
-3.8467322834645667
 30
0
 11
5.5955511811023619
 21
-3.8551574803149604
 31
0
  0
LINE
  5
BE0
330
22
100
AcDbEntity
  8
F.Cu
  6
CONTINUOUS
100
AcDbLine
 10
5.5955511811023619
 20
-3.8551574803149604
 30
0
 11
5.5929133858267717
 21
-3.8648425196850393
 31
0
  0
LINE
  5
BE1
330
22
100
AcDbEntity
  8
F.Cu
  6
CONTINUOUS
100
AcDbLine
 10
5.5929133858267717
 20
-3.8648425196850393
 30
0
 11
5.5929133858267717
 21
-3.874566929133858
 31
0
  0
LINE
  5
BE2
330
22
100
AcDbEntity
  8
F.Cu
  6
CONTINUOUS
100
AcDbLine
 10
5.5929133858267717
 20
-3.874566929133858
 30
0
 11
5.5955511811023619
 21
-3.8842519685039369
 31
0
  0
LINE
  5
BE3
330
22
100
AcDbEntity
  8
F.Cu
  6
CONTINUOUS
100
AcDbLine
 10
5.5955511811023619
 20
-3.8842519685039369
 30
0
 11
5.5971653543307083
 21
-3.8870472440944881
 31
0
  0
LINE
  5
BE4
330
22
100
AcDbEntity
  8
F.Cu
  6
CONTINUOUS
100
AcDbLine
 10
5.5971653543307083
 20
-3.8870472440944881
 30
0
 11
5.5966535433070863
 21
-3.8910236220472441
 31
0
  0
LINE
  5
BE5
330
22
100
AcDbEntity
  8
F.Cu
  6
CONTINUOUS
100
AcDbLine
 10
5.5966535433070863
 20
-3.8910236220472441
 30
0
 11
5.2905905511811024
 21
-4.1970472440944881
 31
0
  0
LINE
  5
BE6
330
22
100
AcDbEntity
  8
F.Cu
  6
CONTINUOUS
100
AcDbLine
 10
5.2905905511811024
 20
-4.1970472440944881
 30
0
 11
5.2884251968503939
 21
-4.1979527559055114
 31
0
  0
LINE
  5
BE7
330
22
100
AcDbEntity
  8
F.Cu
  6
CONTINUOUS
100
AcDbLine
 10
5.2884251968503939
 20
-4.1979527559055114
 30
0
 11
5.2833464566929136
 21
-4.1979527559055114
 31
0
  0
LINE
  5
BE8
330
22
100
AcDbEntity
  8
F.Cu
  6
CONTINUOUS
100
AcDbLine
 10
5.2833464566929136
 20
-4.1979527559055114
 30
0
 11
5.2798818897637796
 21
-4.1944881889763774
 31
0
  0
LINE
  5
BE9
330
22
100
AcDbEntity
  8
F.Cu
  6
CONTINUOUS
100
AcDbLine
 10
5.2798818897637796
 20
-4.1944881889763774
 30
0
 11
5.2798818897637796
 21
-4.1896456692913384
 31
0
  0
LINE
  5
BEA
330
22
100
AcDbEntity
  8
F.Cu
  6
CONTINUOUS
100
AcDbLine
 10
5.2798818897637796
 20
-4.1896456692913384
 30
0
 11
5.2798425196850394
 21
-4.1886614173228347
 31
0
  0
LINE
  5
BEB
330
22
100
AcDbEntity
  8
F.Cu
  6
CONTINUOUS
100
AcDbLine
 10
5.2798425196850394
 20
-4.1886614173228347
 30
0
 11
5.2796062992125981
 21
-4.1876377952755908
 31
0
  0
LINE
  5
BEC
330
22
100
AcDbEntity
  8
F.Cu
  6
CONTINUOUS
100
AcDbLine
 10
5.2796062992125981
 20
-4.1876377952755908
 30
0
 11
5.2795669291338578
 21
-4.1875196850393701
 31
0
  0
LINE
  5
BED
330
22
100
AcDbEntity
  8
F.Cu
  6
CONTINUOUS
100
AcDbLine
 10
5.2795669291338578
 20
-4.1875196850393701
 30
0
 11
5.279251968503937
 21
-4.1864173228346457
 31
0
  0
LINE
  5
BEE
330
22
100
AcDbEntity
  8
F.Cu
  6
CONTINUOUS
100
AcDbLine
 10
5.279251968503937
 20
-4.1864173228346457
 30
0
 11
5.2787795275590552
 21
-4.1853937007874018
 31
0
  0
LINE
  5
BEF
330
22
100
AcDbEntity
  8
F.Cu
  6
CONTINUOUS
100
AcDbLine
 10
5.2787795275590552
 20
-4.1853937007874018
 30
0
 11
5.278740157480315
 21
-4.1853937007874018
 31
0
  0
LINE
  5
BF0
330
22
100
AcDbEntity
  8
F.Cu
  6
CONTINUOUS
100
AcDbLine
 10
5.278740157480315
 20
-4.1853937007874018
 30
0
 11
5.2779527559055115
 21
-4.1841338582677166
 31
0
  0
LINE
  5
BF1
330
22
100
AcDbEntity
  8
F.Cu
  6
CONTINUOUS
100
AcDbLine
 10
5.2779527559055115
 20
-4.1841338582677166
 30
0
 11
5.2772440944881884
 21
-4.1833858267716533
 31
0
  0
LINE
  5
BF2
330
22
100
AcDbEntity
  8
F.Cu
  6
CONTINUOUS
100
AcDbLine
 10
5.2772440944881884
 20
-4.1833858267716533
 30
0
 11
5.2772047244094491
 21
-4.1833464566929131
 31
0
  0
LINE
  5
BF3
330
22
100
AcDbEntity
  8
F.Cu
  6
CONTINUOUS
100
AcDbLine
 10
5.2772047244094491
 20
-4.1833464566929131
 30
0
 11
5.2762598425196847
 21
-4.1826377952755909
 31
0
  0
LINE
  5
BF4
330
22
100
AcDbEntity
  8
F.Cu
  6
CONTINUOUS
100
AcDbLine
 10
5.2762598425196847
 20
-4.1826377952755909
 30
0
 11
5.2761417322834641
 21
-4.1825196850393702
 31
0
  0
LINE
  5
BF5
330
22
100
AcDbEntity
  8
F.Cu
  6
CONTINUOUS
100
AcDbLine
 10
5.2761417322834641
 20
-4.1825196850393702
 30
0
 11
5.2753149606299212
 21
-4.1818897637795276
 31
0
  0
LINE
  5
BF6
330
22
100
AcDbEntity
  8
F.Cu
  6
CONTINUOUS
100
AcDbLine
 10
5.2753149606299212
 20
-4.1818897637795276
 30
0
 11
5.2744488188976373
 21
-4.1815354330708656
 31
0
  0
LINE
  5
BF7
330
22
100
AcDbEntity
  8
F.Cu
  6
CONTINUOUS
100
AcDbLine
 10
5.2744488188976373
 20
-4.1815354330708656
 30
0
 11
5.2731102362204725
 21
-4.1811023622047241
 31
0
  0
LINE
  5
BF8
330
22
100
AcDbEntity
  8
F.Cu
  6
CONTINUOUS
100
AcDbLine
 10
5.2731102362204725
 20
-4.1811023622047241
 30
0
 11
5.2731102362204725
 21
-4.1810629921259839
 31
0
  0
LINE
  5
BF9
330
22
100
AcDbEntity
  8
F.Cu
  6
CONTINUOUS
100
AcDbLine
 10
5.2731102362204725
 20
-4.1810629921259839
 30
0
 11
5.2720472440944883
 21
-4.1808661417322837
 31
0
  0
LINE
  5
BFA
330
22
100
AcDbEntity
  8
F.Cu
  6
CONTINUOUS
100
AcDbLine
 10
5.2720472440944883
 20
-4.1808661417322837
 30
0
 11
5.2719685039370079
 21
-4.1808661417322837
 31
0
  0
LINE
  5
BFB
330
22
100
AcDbEntity
  8
F.Cu
  6
CONTINUOUS
100
AcDbLine
 10
5.2719685039370079
 20
-4.1808661417322837
 30
0
 11
5.2710236220472444
 21
-4.1808267716535434
 31
0
  0
LINE
  5
BFC
330
22
100
AcDbEntity
  8
F.Cu
  6
CONTINUOUS
100
AcDbLine
 10
5.2710236220472444
 20
-4.1808267716535434
 30
0
 11
5.2122834645669291
 21
-4.1808267716535434
 31
0
  0
LINE
  5
BFD
330
22
100
AcDbEntity
  8
F.Cu
  6
CONTINUOUS
100
AcDbLine
 10
5.2122834645669291
 20
-4.1808267716535434
 30
0
 11
5.2115354330708659
 21
-4.1808661417322837
 31
0
  0
LINE
  5
BFE
330
22
100
AcDbEntity
  8
F.Cu
  6
CONTINUOUS
100
AcDbLine
 10
5.2115354330708659
 20
-4.1808661417322837
 30
0
 11
5.21
 21
-4.1811417322834643
 31
0
  0
LINE
  5
BFF
330
22
100
AcDbEntity
  8
F.Cu
  6
CONTINUOUS
100
AcDbLine
 10
5.21
 20
-4.1811417322834643
 30
0
 11
5.2088582677165354
 21
-4.1815748031496058
 31
0
  0
LINE
  5
C00
330
22
100
AcDbEntity
  8
F.Cu
  6
CONTINUOUS
100
AcDbLine
 10
5.2088582677165354
 20
-4.1815748031496058
 30
0
 11
5.2087401574803147
 21
-4.1816141732283461
 31
0
  0
LINE
  5
C01
330
22
100
AcDbEntity
  8
F.Cu
  6
CONTINUOUS
100
AcDbLine
 10
5.2087401574803147
 20
-4.1816141732283461
 30
0
 11
5.2086614173228343
 21
-4.1816141732283461
 31
0
  0
LINE
  5
C02
330
22
100
AcDbEntity
  8
F.Cu
  6
CONTINUOUS
100
AcDbLine
 10
5.2086614173228343
 20
-4.1816141732283461
 30
0
 11
5.2079133858267719
 21
-4.1819291338582678
 31
0
  0
LINE
  5
C03
330
22
100
AcDbEntity
  8
F.Cu
  6
CONTINUOUS
100
AcDbLine
 10
5.2079133858267719
 20
-4.1819291338582678
 30
0
 11
5.2067716535433073
 21
-4.1827559055118106
 31
0
  0
LINE
  5
C04
330
22
100
AcDbEntity
  8
F.Cu
  6
CONTINUOUS
100
AcDbLine
 10
5.2067716535433073
 20
-4.1827559055118106
 30
0
 11
5.2066929133858268
 21
-4.1828346456692911
 31
0
  0
LINE
  5
C05
330
22
100
AcDbEntity
  8
F.Cu
  6
CONTINUOUS
100
AcDbLine
 10
5.2066929133858268
 20
-4.1828346456692911
 30
0
 11
5.2059448818897636
 21
-4.1835039370078739
 31
0
  0
LINE
  5
C06
330
22
100
AcDbEntity
  8
F.Cu
  6
CONTINUOUS
100
AcDbLine
 10
5.2059448818897636
 20
-4.1835039370078739
 30
0
 11
5.2051968503937003
 21
-4.184370078740157
 31
0
  0
LINE
  5
C07
330
22
100
AcDbEntity
  8
F.Cu
  6
CONTINUOUS
100
AcDbLine
 10
5.2051968503937003
 20
-4.184370078740157
 30
0
 11
5.2044881889763781
 21
-4.1853937007874018
 31
0
  0
LINE
  5
C08
330
22
100
AcDbEntity
  8
F.Cu
  6
CONTINUOUS
100
AcDbLine
 10
5.2044881889763781
 20
-4.1853937007874018
 30
0
 11
5.2042125984251966
 21
-4.1861417322834642
 31
0
  0
LINE
  5
C09
330
22
100
AcDbEntity
  8
F.Cu
  6
CONTINUOUS
100
AcDbLine
 10
5.2042125984251966
 20
-4.1861417322834642
 30
0
 11
5.2041732283464563
 21
-4.1862598425196849
 31
0
  0
LINE
  5
C0A
330
22
100
AcDbEntity
  8
F.Cu
  6
CONTINUOUS
100
AcDbLine
 10
5.2041732283464563
 20
-4.1862598425196849
 30
0
 11
5.2036614173228344
 21
-4.1875590551181103
 31
0
  0
LINE
  5
C0B
330
22
100
AcDbEntity
  8
F.Cu
  6
CONTINUOUS
100
AcDbLine
 10
5.2036614173228344
 20
-4.1875590551181103
 30
0
 11
5.2035039370078735
 21
-4.1885039370078738
 31
0
  0
LINE
  5
C0C
330
22
100
AcDbEntity
  8
F.Cu
  6
CONTINUOUS
100
AcDbLine
 10
5.2035039370078735
 20
-4.1885039370078738
 30
0
 11
5.2034645669291342
 21
-4.1887795275590554
 31
0
  0
LINE
  5
C0D
330
22
100
AcDbEntity
  8
F.Cu
  6
CONTINUOUS
100
AcDbLine
 10
5.2034645669291342
 20
-4.1887795275590554
 30
0
 11
5.2033858267716537
 21
-4.1892913385826773
 31
0
  0
LINE
  5
C0E
330
22
100
AcDbEntity
  8
F.Cu
  6
CONTINUOUS
100
AcDbLine
 10
5.2033858267716537
 20
-4.1892913385826773
 30
0
 11
5.2033858267716537
 21
-4.2241338582677166
 31
0
  0
LINE
  5
C0F
330
22
100
AcDbEntity
  8
F.Cu
  6
CONTINUOUS
100
AcDbLine
 10
5.5929527559055119
 20
-4.1745669291338583
 30
0
 11
5.5955511811023619
 21
-4.1841732283464568
 31
0
  0
LINE
  5
C10
330
22
100
AcDbEntity
  8
F.Cu
  6
CONTINUOUS
100
AcDbLine
 10
5.5955511811023619
 20
-4.1841732283464568
 30
0
 11
5.6003937007874018
 21
-4.1926377952755907
 31
0
  0
LINE
  5
C11
330
22
100
AcDbEntity
  8
F.Cu
  6
CONTINUOUS
100
AcDbLine
 10
5.6003937007874018
 20
-4.1926377952755907
 30
0
 11
5.6004330708661412
 21
-4.1926771653543309
 31
0
  0
LINE
  5
C12
330
22
100
AcDbEntity
  8
F.Cu
  6
CONTINUOUS
100
AcDbLine
 10
5.6004330708661412
 20
-4.1926771653543309
 30
0
 11
5.6074409448818896
 21
-4.1996456692913382
 31
0
  0
LINE
  5
C13
330
22
100
AcDbEntity
  8
F.Cu
  6
CONTINUOUS
100
AcDbLine
 10
5.6074409448818896
 20
-4.1996456692913382
 30
0
 11
5.6074803149606298
 21
-4.1996850393700784
 31
0
  0
LINE
  5
C14
330
22
100
AcDbEntity
  8
F.Cu
  6
CONTINUOUS
100
AcDbLine
 10
5.6074803149606298
 20
-4.1996850393700784
 30
0
 11
5.6159055118110235
 21
-4.2045669291338585
 31
0
  0
LINE
  5
C15
330
22
100
AcDbEntity
  8
F.Cu
  6
CONTINUOUS
100
AcDbLine
 10
5.6159055118110235
 20
-4.2045669291338585
 30
0
 11
5.6255511811023622
 21
-4.2071653543307086
 31
0
  0
LINE
  5
C16
330
22
100
AcDbEntity
  8
F.Cu
  6
CONTINUOUS
100
AcDbLine
 10
5.6255511811023622
 20
-4.2071653543307086
 30
0
 11
5.6352362204724411
 21
-4.2071653543307086
 31
0
  0
LINE
  5
C17
330
22
100
AcDbEntity
  8
F.Cu
  6
CONTINUOUS
100
AcDbLine
 10
5.6352362204724411
 20
-4.2071653543307086
 30
0
 11
5.6449212598425191
 21
-4.2045669291338585
 31
0
  0
LINE
  5
C18
330
22
100
AcDbEntity
  8
F.Cu
  6
CONTINUOUS
100
AcDbLine
 10
5.6449212598425191
 20
-4.2045669291338585
 30
0
 11
5.6450393700787398
 21
-4.2045275590551183
 31
0
  0
LINE
  5
C19
330
22
100
AcDbEntity
  8
F.Cu
  6
CONTINUOUS
100
AcDbLine
 10
5.6450393700787398
 20
-4.2045275590551183
 30
0
 11
5.653385826771653
 21
-4.1996850393700784
 31
0
  0
LINE
  5
C1A
330
22
100
AcDbEntity
  8
F.Cu
  6
CONTINUOUS
100
AcDbLine
 10
5.653385826771653
 20
-4.1996850393700784
 30
0
 11
5.6603543307086612
 21
-4.1927165354330711
 31
0
  0
LINE
  5
C1B
330
22
100
AcDbEntity
  8
F.Cu
  6
CONTINUOUS
100
AcDbLine
 10
5.6603543307086612
 20
-4.1927165354330711
 30
0
 11
5.6652755905511807
 21
-4.1841732283464568
 31
0
  0
LINE
  5
C1C
330
22
100
AcDbEntity
  8
F.Cu
  6
CONTINUOUS
100
AcDbLine
 10
5.6652755905511807
 20
-4.1841732283464568
 30
0
 11
5.6678740157480316
 21
-4.1745669291338583
 31
0
  0
LINE
  5
C1D
330
22
100
AcDbEntity
  8
F.Cu
  6
CONTINUOUS
100
AcDbLine
 10
5.6678740157480316
 20
-4.1745669291338583
 30
0
 11
5.6678740157480316
 21
-4.1648031496062989
 31
0
  0
LINE
  5
C1E
330
22
100
AcDbEntity
  8
F.Cu
  6
CONTINUOUS
100
AcDbLine
 10
5.6678740157480316
 20
-4.1648031496062989
 30
0
 11
5.6652755905511807
 21
-4.1551968503937005
 31
0
  0
LINE
  5
C1F
330
22
100
AcDbEntity
  8
F.Cu
  6
CONTINUOUS
100
AcDbLine
 10
5.6652755905511807
 20
-4.1551968503937005
 30
0
 11
5.6603543307086612
 21
-4.1466535433070861
 31
0
  0
LINE
  5
C20
330
22
100
AcDbEntity
  8
F.Cu
  6
CONTINUOUS
100
AcDbLine
 10
5.6603543307086612
 20
-4.1466535433070861
 30
0
 11
5.6534251968503932
 21
-4.139724409448819
 31
0
  0
LINE
  5
C21
330
22
100
AcDbEntity
  8
F.Cu
  6
CONTINUOUS
100
AcDbLine
 10
5.6534251968503932
 20
-4.139724409448819
 30
0
 11
5.6450393700787398
 21
-4.1348425196850389
 31
0
  0
LINE
  5
C22
330
22
100
AcDbEntity
  8
F.Cu
  6
CONTINUOUS
100
AcDbLine
 10
5.6450393700787398
 20
-4.1348425196850389
 30
0
 11
5.6449212598425191
 21
-4.1348031496062987
 31
0
  0
LINE
  5
C23
330
22
100
AcDbEntity
  8
F.Cu
  6
CONTINUOUS
100
AcDbLine
 10
5.6449212598425191
 20
-4.1348031496062987
 30
0
 11
5.6352362204724411
 21
-4.1322047244094486
 31
0
  0
LINE
  5
C24
330
22
100
AcDbEntity
  8
F.Cu
  6
CONTINUOUS
100
AcDbLine
 10
5.6352362204724411
 20
-4.1322047244094486
 30
0
 11
5.6255511811023622
 21
-4.1322047244094486
 31
0
  0
LINE
  5
C25
330
22
100
AcDbEntity
  8
F.Cu
  6
CONTINUOUS
100
AcDbLine
 10
5.6255511811023622
 20
-4.1322047244094486
 30
0
 11
5.6159055118110235
 21
-4.1348031496062987
 31
0
  0
LINE
  5
C26
330
22
100
AcDbEntity
  8
F.Cu
  6
CONTINUOUS
100
AcDbLine
 10
5.6159055118110235
 20
-4.1348031496062987
 30
0
 11
5.6074409448818896
 21
-4.139724409448819
 31
0
  0
LINE
  5
C27
330
22
100
AcDbEntity
  8
F.Cu
  6
CONTINUOUS
100
AcDbLine
 10
5.6074409448818896
 20
-4.139724409448819
 30
0
 11
5.6004330708661412
 21
-4.1466929133858264
 31
0
  0
LINE
  5
C28
330
22
100
AcDbEntity
  8
F.Cu
  6
CONTINUOUS
100
AcDbLine
 10
5.6004330708661412
 20
-4.1466929133858264
 30
0
 11
5.6003937007874018
 21
-4.1467322834645666
 31
0
  0
LINE
  5
C29
330
22
100
AcDbEntity
  8
F.Cu
  6
CONTINUOUS
100
AcDbLine
 10
5.6003937007874018
 20
-4.1467322834645666
 30
0
 11
5.5955511811023619
 21
-4.1551968503937005
 31
0
  0
LINE
  5
C2A
330
22
100
AcDbEntity
  8
F.Cu
  6
CONTINUOUS
100
AcDbLine
 10
5.5955511811023619
 20
-4.1551968503937005
 30
0
 11
5.5929527559055119
 21
-4.1648031496062989
 31
0
  0
LINE
  5
C2B
330
22
100
AcDbEntity
  8
F.Cu
  6
CONTINUOUS
100
AcDbLine
 10
5.5929527559055119
 20
-4.1648031496062989
 30
0
 11
5.5929527559055119
 21
-4.1745669291338583
 31
0
  0
LINE
  5
C2C
330
22
100
AcDbEntity
  8
F.Cu
  6
CONTINUOUS
100
AcDbLine
 10
6.1929921259842518
 20
-4.1745669291338583
 30
0
 11
6.1955511811023625
 21
-4.1841732283464568
 31
0
  0
LINE
  5
C2D
330
22
100
AcDbEntity
  8
F.Cu
  6
CONTINUOUS
100
AcDbLine
 10
6.1955511811023625
 20
-4.1841732283464568
 30
0
 11
6.2003937007874015
 21
-4.1926377952755907
 31
0
  0
LINE
  5
C2E
330
22
100
AcDbEntity
  8
F.Cu
  6
CONTINUOUS
100
AcDbLine
 10
6.2003937007874015
 20
-4.1926377952755907
 30
0
 11
6.2004330708661417
 21
-4.1926771653543309
 31
0
  0
LINE
  5
C2F
330
22
100
AcDbEntity
  8
F.Cu
  6
CONTINUOUS
100
AcDbLine
 10
6.2004330708661417
 20
-4.1926771653543309
 30
0
 11
6.2074409448818892
 21
-4.1996456692913382
 31
0
  0
LINE
  5
C30
330
22
100
AcDbEntity
  8
F.Cu
  6
CONTINUOUS
100
AcDbLine
 10
6.2074409448818892
 20
-4.1996456692913382
 30
0
 11
6.2074803149606295
 21
-4.1996850393700784
 31
0
  0
LINE
  5
C31
330
22
100
AcDbEntity
  8
F.Cu
  6
CONTINUOUS
100
AcDbLine
 10
6.2074803149606295
 20
-4.1996850393700784
 30
0
 11
6.2159055118110231
 21
-4.2045669291338585
 31
0
  0
LINE
  5
C32
330
22
100
AcDbEntity
  8
F.Cu
  6
CONTINUOUS
100
AcDbLine
 10
6.2159055118110231
 20
-4.2045669291338585
 30
0
 11
6.2255511811023618
 21
-4.2071653543307086
 31
0
  0
LINE
  5
C33
330
22
100
AcDbEntity
  8
F.Cu
  6
CONTINUOUS
100
AcDbLine
 10
6.2255511811023618
 20
-4.2071653543307086
 30
0
 11
6.2352362204724407
 21
-4.2071653543307086
 31
0
  0
LINE
  5
C34
330
22
100
AcDbEntity
  8
F.Cu
  6
CONTINUOUS
100
AcDbLine
 10
6.2352362204724407
 20
-4.2071653543307086
 30
0
 11
6.2449212598425197
 21
-4.2045669291338585
 31
0
  0
LINE
  5
C35
330
22
100
AcDbEntity
  8
F.Cu
  6
CONTINUOUS
100
AcDbLine
 10
6.2449212598425197
 20
-4.2045669291338585
 30
0
 11
6.2450393700787403
 21
-4.2045275590551183
 31
0
  0
LINE
  5
C36
330
22
100
AcDbEntity
  8
F.Cu
  6
CONTINUOUS
100
AcDbLine
 10
6.2450393700787403
 20
-4.2045275590551183
 30
0
 11
6.2533858267716536
 21
-4.1996850393700784
 31
0
  0
LINE
  5
C37
330
22
100
AcDbEntity
  8
F.Cu
  6
CONTINUOUS
100
AcDbLine
 10
6.2533858267716536
 20
-4.1996850393700784
 30
0
 11
6.2603543307086609
 21
-4.1927165354330711
 31
0
  0
LINE
  5
C38
330
22
100
AcDbEntity
  8
F.Cu
  6
CONTINUOUS
100
AcDbLine
 10
6.2603543307086609
 20
-4.1927165354330711
 30
0
 11
6.2652755905511812
 21
-4.184212598425197
 31
0
  0
LINE
  5
C39
330
22
100
AcDbEntity
  8
F.Cu
  6
CONTINUOUS
100
AcDbLine
 10
6.2652755905511812
 20
-4.184212598425197
 30
0
 11
6.2679133858267715
 21
-4.1745275590551181
 31
0
  0
LINE
  5
C3A
330
22
100
AcDbEntity
  8
F.Cu
  6
CONTINUOUS
100
AcDbLine
 10
6.2679133858267715
 20
-4.1745275590551181
 30
0
 11
6.2679133858267715
 21
-4.1648425196850392
 31
0
  0
LINE
  5
C3B
330
22
100
AcDbEntity
  8
F.Cu
  6
CONTINUOUS
100
AcDbLine
 10
6.2679133858267715
 20
-4.1648425196850392
 30
0
 11
6.2652755905511812
 21
-4.15511811023622
 31
0
  0
LINE
  5
C3C
330
22
100
AcDbEntity
  8
F.Cu
  6
CONTINUOUS
100
AcDbLine
 10
6.2652755905511812
 20
-4.15511811023622
 30
0
 11
6.2603543307086609
 21
-4.1466535433070861
 31
0
  0
LINE
  5
C3D
330
22
100
AcDbEntity
  8
F.Cu
  6
CONTINUOUS
100
AcDbLine
 10
6.2603543307086609
 20
-4.1466535433070861
 30
0
 11
6.2534251968503938
 21
-4.139724409448819
 31
0
  0
LINE
  5
C3E
330
22
100
AcDbEntity
  8
F.Cu
  6
CONTINUOUS
100
AcDbLine
 10
6.2534251968503938
 20
-4.139724409448819
 30
0
 11
6.2450393700787403
 21
-4.1348425196850389
 31
0
  0
LINE
  5
C3F
330
22
100
AcDbEntity
  8
F.Cu
  6
CONTINUOUS
100
AcDbLine
 10
6.2450393700787403
 20
-4.1348425196850389
 30
0
 11
6.2449212598425197
 21
-4.1348031496062987
 31
0
  0
LINE
  5
C40
330
22
100
AcDbEntity
  8
F.Cu
  6
CONTINUOUS
100
AcDbLine
 10
6.2449212598425197
 20
-4.1348031496062987
 30
0
 11
6.2352362204724407
 21
-4.1322047244094486
 31
0
  0
LINE
  5
C41
330
22
100
AcDbEntity
  8
F.Cu
  6
CONTINUOUS
100
AcDbLine
 10
6.2352362204724407
 20
-4.1322047244094486
 30
0
 11
6.2255511811023618
 21
-4.1322047244094486
 31
0
  0
LINE
  5
C42
330
22
100
AcDbEntity
  8
F.Cu
  6
CONTINUOUS
100
AcDbLine
 10
6.2255511811023618
 20
-4.1322047244094486
 30
0
 11
6.2159055118110231
 21
-4.1348031496062987
 31
0
  0
LINE
  5
C43
330
22
100
AcDbEntity
  8
F.Cu
  6
CONTINUOUS
100
AcDbLine
 10
6.2159055118110231
 20
-4.1348031496062987
 30
0
 11
6.2074409448818892
 21
-4.139724409448819
 31
0
  0
LINE
  5
C44
330
22
100
AcDbEntity
  8
F.Cu
  6
CONTINUOUS
100
AcDbLine
 10
6.2074409448818892
 20
-4.139724409448819
 30
0
 11
6.2004330708661417
 21
-4.1466929133858264
 31
0
  0
LINE
  5
C45
330
22
100
AcDbEntity
  8
F.Cu
  6
CONTINUOUS
100
AcDbLine
 10
6.2004330708661417
 20
-4.1466929133858264
 30
0
 11
6.2003937007874015
 21
-4.1467322834645666
 31
0
  0
LINE
  5
C46
330
22
100
AcDbEntity
  8
F.Cu
  6
CONTINUOUS
100
AcDbLine
 10
6.2003937007874015
 20
-4.1467322834645666
 30
0
 11
6.1955511811023625
 21
-4.1551968503937005
 31
0
  0
LINE
  5
C47
330
22
100
AcDbEntity
  8
F.Cu
  6
CONTINUOUS
100
AcDbLine
 10
6.1955511811023625
 20
-4.1551968503937005
 30
0
 11
6.1955118110236223
 21
-4.1552362204724407
 31
0
  0
LINE
  5
C48
330
22
100
AcDbEntity
  8
F.Cu
  6
CONTINUOUS
100
AcDbLine
 10
6.1955118110236223
 20
-4.1552362204724407
 30
0
 11
6.1929921259842518
 21
-4.1647637795275587
 31
0
  0
LINE
  5
C49
330
22
100
AcDbEntity
  8
F.Cu
  6
CONTINUOUS
100
AcDbLine
 10
6.1929921259842518
 20
-4.1647637795275587
 30
0
 11
6.1929921259842518
 21
-4.1745669291338583
 31
0
  0
LINE
  5
C4A
330
22
100
AcDbEntity
  8
F.Cu
  6
CONTINUOUS
100
AcDbLine
 10
5.2033858267716537
 20
-4.1089763779527555
 30
0
 11
5.203425196850394
 21
-4.1095275590551177
 31
0
  0
LINE
  5
C4B
330
22
100
AcDbEntity
  8
F.Cu
  6
CONTINUOUS
100
AcDbLine
 10
5.203425196850394
 20
-4.1095275590551177
 30
0
 11
5.2037007874015746
 21
-4.1107480314960627
 31
0
  0
LINE
  5
C4C
330
22
100
AcDbEntity
  8
F.Cu
  6
CONTINUOUS
100
AcDbLine
 10
5.2037007874015746
 20
-4.1107480314960627
 30
0
 11
5.2041732283464563
 21
-4.1122440944881893
 31
0
  0
LINE
  5
C4D
330
22
100
AcDbEntity
  8
F.Cu
  6
CONTINUOUS
100
AcDbLine
 10
5.2041732283464563
 20
-4.1122440944881893
 30
0
 11
5.2044881889763781
 21
-4.1129527559055115
 31
0
  0
LINE
  5
C4E
330
22
100
AcDbEntity
  8
F.Cu
  6
CONTINUOUS
100
AcDbLine
 10
5.2044881889763781
 20
-4.1129527559055115
 30
0
 11
5.2051181102362207
 21
-4.1137795275590552
 31
0
  0
LINE
  5
C4F
330
22
100
AcDbEntity
  8
F.Cu
  6
CONTINUOUS
100
AcDbLine
 10
5.2051181102362207
 20
-4.1137795275590552
 30
0
 11
5.2052362204724405
 21
-4.1138976377952758
 31
0
  0
LINE
  5
C50
330
22
100
AcDbEntity
  8
F.Cu
  6
CONTINUOUS
100
AcDbLine
 10
5.2052362204724405
 20
-4.1138976377952758
 30
0
 11
5.2058661417322831
 21
-4.1147637795275589
 31
0
  0
LINE
  5
C51
330
22
100
AcDbEntity
  8
F.Cu
  6
CONTINUOUS
100
AcDbLine
 10
5.2058661417322831
 20
-4.1147637795275589
 30
0
 11
5.2066929133858268
 21
-4.1155511811023624
 31
0
  0
LINE
  5
C52
330
22
100
AcDbEntity
  8
F.Cu
  6
CONTINUOUS
100
AcDbLine
 10
5.2066929133858268
 20
-4.1155511811023624
 30
0
 11
5.2079921259842514
 21
-4.1163779527559052
 31
0
  0
LINE
  5
C53
330
22
100
AcDbEntity
  8
F.Cu
  6
CONTINUOUS
100
AcDbLine
 10
5.2079921259842514
 20
-4.1163779527559052
 30
0
 11
5.2090157480314963
 21
-4.1168897637795272
 31
0
  0
LINE
  5
C54
330
22
100
AcDbEntity
  8
F.Cu
  6
CONTINUOUS
100
AcDbLine
 10
5.2090157480314963
 20
-4.1168897637795272
 30
0
 11
5.2101181102362206
 21
-4.117204724409449
 31
0
  0
LINE
  5
C55
330
22
100
AcDbEntity
  8
F.Cu
  6
CONTINUOUS
100
AcDbLine
 10
5.2101181102362206
 20
-4.117204724409449
 30
0
 11
5.2102362204724404
 21
-4.1172440944881892
 31
0
  0
LINE
  5
C56
330
22
100
AcDbEntity
  8
F.Cu
  6
CONTINUOUS
100
AcDbLine
 10
5.2102362204724404
 20
-4.1172440944881892
 30
0
 11
5.2112598425196852
 21
-4.1174803149606296
 31
0
  0
LINE
  5
C57
330
22
100
AcDbEntity
  8
F.Cu
  6
CONTINUOUS
100
AcDbLine
 10
5.2112598425196852
 20
-4.1174803149606296
 30
0
 11
5.2122440944881889
 21
-4.1175196850393698
 31
0
  0
LINE
  5
C58
330
22
100
AcDbEntity
  8
F.Cu
  6
CONTINUOUS
100
AcDbLine
 10
5.2122440944881889
 20
-4.1175196850393698
 30
0
 11
5.2710236220472444
 21
-4.1175196850393698
 31
0
  0
LINE
  5
C59
330
22
100
AcDbEntity
  8
F.Cu
  6
CONTINUOUS
100
AcDbLine
 10
5.2710236220472444
 20
-4.1175196850393698
 30
0
 11
5.2721259842519688
 21
-4.1174803149606296
 31
0
  0
LINE
  5
C5A
330
22
100
AcDbEntity
  8
F.Cu
  6
CONTINUOUS
100
AcDbLine
 10
5.2721259842519688
 20
-4.1174803149606296
 30
0
 11
5.272322834645669
 21
-4.1174409448818894
 31
0
  0
LINE
  5
C5B
330
22
100
AcDbEntity
  8
F.Cu
  6
CONTINUOUS
100
AcDbLine
 10
5.272322834645669
 20
-4.1174409448818894
 30
0
 11
5.2731102362204725
 21
-4.1172440944881892
 31
0
  0
LINE
  5
C5C
330
22
100
AcDbEntity
  8
F.Cu
  6
CONTINUOUS
100
AcDbLine
 10
5.2731102362204725
 20
-4.1172440944881892
 30
0
 11
5.2745275590551177
 21
-4.116850393700787
 31
0
  0
LINE
  5
C5D
330
22
100
AcDbEntity
  8
F.Cu
  6
CONTINUOUS
100
AcDbLine
 10
5.2745275590551177
 20
-4.116850393700787
 30
0
 11
5.2751181102362201
 21
-4.1164960629921259
 31
0
  0
LINE
  5
C5E
330
22
100
AcDbEntity
  8
F.Cu
  6
CONTINUOUS
100
AcDbLine
 10
5.2751181102362201
 20
-4.1164960629921259
 30
0
 11
5.275275590551181
 21
-4.1164173228346455
 31
0
  0
LINE
  5
C5F
330
22
100
AcDbEntity
  8
F.Cu
  6
CONTINUOUS
100
AcDbLine
 10
5.275275590551181
 20
-4.1164173228346455
 30
0
 11
5.2753543307086614
 21
-4.116338582677165
 31
0
  0
LINE
  5
C60
330
22
100
AcDbEntity
  8
F.Cu
  6
CONTINUOUS
100
AcDbLine
 10
5.2753543307086614
 20
-4.116338582677165
 30
0
 11
5.2762598425196847
 21
-4.1157874015748028
 31
0
  0
LINE
  5
C61
330
22
100
AcDbEntity
  8
F.Cu
  6
CONTINUOUS
100
AcDbLine
 10
5.2762598425196847
 20
-4.1157874015748028
 30
0
 11
5.2764173228346456
 21
-4.1156692913385822
 31
0
  0
LINE
  5
C62
330
22
100
AcDbEntity
  8
F.Cu
  6
CONTINUOUS
100
AcDbLine
 10
5.2764173228346456
 20
-4.1156692913385822
 30
0
 11
5.2772047244094491
 21
-4.1149212598425198
 31
0
  0
LINE
  5
C63
330
22
100
AcDbEntity
  8
F.Cu
  6
CONTINUOUS
100
AcDbLine
 10
5.2772047244094491
 20
-4.1149212598425198
 30
0
 11
5.2780314960629919
 21
-4.1140551181102358
 31
0
  0
LINE
  5
C64
330
22
100
AcDbEntity
  8
F.Cu
  6
CONTINUOUS
100
AcDbLine
 10
5.2780314960629919
 20
-4.1140551181102358
 30
0
 11
5.2781889763779528
 21
-4.1138582677165356
 31
0
  0
LINE
  5
C65
330
22
100
AcDbEntity
  8
F.Cu
  6
CONTINUOUS
100
AcDbLine
 10
5.2781889763779528
 20
-4.1138582677165356
 30
0
 11
5.2787007874015748
 21
-4.1129921259842517
 31
0
  0
LINE
  5
C66
330
22
100
AcDbEntity
  8
F.Cu
  6
CONTINUOUS
100
AcDbLine
 10
5.2787007874015748
 20
-4.1129921259842517
 30
0
 11
5.279251968503937
 21
-4.1119685039370077
 31
0
  0
LINE
  5
C67
330
22
100
AcDbEntity
  8
F.Cu
  6
CONTINUOUS
100
AcDbLine
 10
5.279251968503937
 20
-4.1119685039370077
 30
0
 11
5.2795669291338578
 21
-4.110984251968504
 31
0
  0
LINE
  5
C68
330
22
100
AcDbEntity
  8
F.Cu
  6
CONTINUOUS
100
AcDbLine
 10
5.2795669291338578
 20
-4.110984251968504
 30
0
 11
5.2798031496062992
 21
-4.1100393700787397
 31
0
  0
LINE
  5
C69
330
22
100
AcDbEntity
  8
F.Cu
  6
CONTINUOUS
100
AcDbLine
 10
5.2798031496062992
 20
-4.1100393700787397
 30
0
 11
5.2798425196850394
 21
-4.1099212598425199
 31
0
  0
LINE
  5
C6A
330
22
100
AcDbEntity
  8
F.Cu
  6
CONTINUOUS
100
AcDbLine
 10
5.2798425196850394
 20
-4.1099212598425199
 30
0
 11
5.2798818897637796
 21
-4.1088188976377955
 31
0
  0
LINE
  5
C6B
330
22
100
AcDbEntity
  8
F.Cu
  6
CONTINUOUS
100
AcDbLine
 10
5.2798818897637796
 20
-4.1088188976377955
 30
0
 11
5.2798818897637796
 21
-4.0744881889763782
 31
0
  0
LINE
  5
C6C
330
22
100
AcDbEntity
  8
F.Cu
  6
CONTINUOUS
100
AcDbLine
 10
5.2798818897637796
 20
-4.0744881889763782
 30
0
 11
5.2798425196850394
 21
-4.0735039370078736
 31
0
  0
LINE
  5
C6D
330
22
100
AcDbEntity
  8
F.Cu
  6
CONTINUOUS
100
AcDbLine
 10
5.2798425196850394
 20
-4.0735039370078736
 30
0
 11
5.2796062992125981
 21
-4.0724803149606297
 31
0
  0
LINE
  5
C6E
330
22
100
AcDbEntity
  8
F.Cu
  6
CONTINUOUS
100
AcDbLine
 10
5.2796062992125981
 20
-4.0724803149606297
 30
0
 11
5.2795669291338578
 21
-4.072362204724409
 31
0
  0
LINE
  5
C6F
330
22
100
AcDbEntity
  8
F.Cu
  6
CONTINUOUS
100
AcDbLine
 10
5.2795669291338578
 20
-4.072362204724409
 30
0
 11
5.279251968503937
 21
-4.0712598425196846
 31
0
  0
LINE
  5
C70
330
22
100
AcDbEntity
  8
F.Cu
  6
CONTINUOUS
100
AcDbLine
 10
5.279251968503937
 20
-4.0712598425196846
 30
0
 11
5.2787795275590552
 21
-4.0702362204724407
 31
0
  0
LINE
  5
C71
330
22
100
AcDbEntity
  8
F.Cu
  6
CONTINUOUS
100
AcDbLine
 10
5.2787795275590552
 20
-4.0702362204724407
 30
0
 11
5.278740157480315
 21
-4.0702362204724407
 31
0
  0
LINE
  5
C72
330
22
100
AcDbEntity
  8
F.Cu
  6
CONTINUOUS
100
AcDbLine
 10
5.278740157480315
 20
-4.0702362204724407
 30
0
 11
5.2779527559055115
 21
-4.0689763779527555
 31
0
  0
LINE
  5
C73
330
22
100
AcDbEntity
  8
F.Cu
  6
CONTINUOUS
100
AcDbLine
 10
5.2779527559055115
 20
-4.0689763779527555
 30
0
 11
5.2772440944881884
 21
-4.0682283464566931
 31
0
  0
LINE
  5
C74
330
22
100
AcDbEntity
  8
F.Cu
  6
CONTINUOUS
100
AcDbLine
 10
5.2772440944881884
 20
-4.0682283464566931
 30
0
 11
5.2772047244094491
 21
-4.0681889763779528
 31
0
  0
LINE
  5
C75
330
22
100
AcDbEntity
  8
F.Cu
  6
CONTINUOUS
100
AcDbLine
 10
5.2772047244094491
 20
-4.0681889763779528
 30
0
 11
5.2762598425196847
 21
-4.0674803149606298
 31
0
  0
LINE
  5
C76
330
22
100
AcDbEntity
  8
F.Cu
  6
CONTINUOUS
100
AcDbLine
 10
5.2762598425196847
 20
-4.0674803149606298
 30
0
 11
5.2761417322834641
 21
-4.0673622047244091
 31
0
  0
LINE
  5
C77
330
22
100
AcDbEntity
  8
F.Cu
  6
CONTINUOUS
100
AcDbLine
 10
5.2761417322834641
 20
-4.0673622047244091
 30
0
 11
5.2753149606299212
 21
-4.0667322834645665
 31
0
  0
LINE
  5
C78
330
22
100
AcDbEntity
  8
F.Cu
  6
CONTINUOUS
100
AcDbLine
 10
5.2753149606299212
 20
-4.0667322834645665
 30
0
 11
5.2744488188976373
 21
-4.0663779527559054
 31
0
  0
LINE
  5
C79
330
22
100
AcDbEntity
  8
F.Cu
  6
CONTINUOUS
100
AcDbLine
 10
5.2744488188976373
 20
-4.0663779527559054
 30
0
 11
5.2731102362204725
 21
-4.0659448818897639
 31
0
  0
LINE
  5
C7A
330
22
100
AcDbEntity
  8
F.Cu
  6
CONTINUOUS
100
AcDbLine
 10
5.2731102362204725
 20
-4.0659448818897639
 30
0
 11
5.2720078740157481
 21
-4.0657086614173226
 31
0
  0
LINE
  5
C7B
330
22
100
AcDbEntity
  8
F.Cu
  6
CONTINUOUS
100
AcDbLine
 10
5.2720078740157481
 20
-4.0657086614173226
 30
0
 11
5.271299212598425
 21
-4.0656299212598421
 31
0
  0
LINE
  5
C7C
330
22
100
AcDbEntity
  8
F.Cu
  6
CONTINUOUS
100
AcDbLine
 10
5.271299212598425
 20
-4.0656299212598421
 30
0
 11
5.2538976377952755
 21
-4.0656299212598421
 31
0
  0
LINE
  5
C7D
330
22
100
AcDbEntity
  8
F.Cu
  6
CONTINUOUS
100
AcDbLine
 10
5.2538976377952755
 20
-4.0656299212598421
 30
0
 11
5.2504330708661415
 21
-4.0621653543307081
 31
0
  0
LINE
  5
C7E
330
22
100
AcDbEntity
  8
F.Cu
  6
CONTINUOUS
100
AcDbLine
 10
5.2504330708661415
 20
-4.0621653543307081
 30
0
 11
5.2504330708661415
 21
-4.0363385826771649
 31
0
  0
LINE
  5
C7F
330
22
100
AcDbEntity
  8
F.Cu
  6
CONTINUOUS
100
AcDbLine
 10
5.2504330708661415
 20
-4.0363385826771649
 30
0
 11
5.2538976377952755
 21
-4.0328740157480318
 31
0
  0
LINE
  5
C80
330
22
100
AcDbEntity
  8
F.Cu
  6
CONTINUOUS
100
AcDbLine
 10
5.2538976377952755
 20
-4.0328740157480318
 30
0
 11
5.2611811023622046
 21
-4.0328740157480318
 31
0
  0
LINE
  5
C81
330
22
100
AcDbEntity
  8
F.Cu
  6
CONTINUOUS
100
AcDbLine
 10
5.2611811023622046
 20
-4.0328740157480318
 30
0
 11
5.2611811023622046
 21
-3.9898425196850393
 31
0
  0
LINE
  5
C82
330
22
100
AcDbEntity
  8
F.Cu
  6
CONTINUOUS
100
AcDbLine
 10
5.2611811023622046
 20
-3.9898425196850393
 30
0
 11
5.2220866141732278
 21
-3.9898425196850393
 31
0
  0
LINE
  5
C83
330
22
100
AcDbEntity
  8
F.Cu
  6
CONTINUOUS
100
AcDbLine
 10
5.2220866141732278
 20
-3.9898425196850393
 30
0
 11
5.2220866141732278
 21
-4.0328740157480318
 31
0
  0
LINE
  5
C84
330
22
100
AcDbEntity
  8
F.Cu
  6
CONTINUOUS
100
AcDbLine
 10
5.2220866141732278
 20
-4.0328740157480318
 30
0
 11
5.2293700787401578
 21
-4.0328740157480318
 31
0
  0
LINE
  5
C85
330
22
100
AcDbEntity
  8
F.Cu
  6
CONTINUOUS
100
AcDbLine
 10
5.2293700787401578
 20
-4.0328740157480318
 30
0
 11
5.2328346456692909
 21
-4.0363385826771649
 31
0
  0
LINE
  5
C86
330
22
100
AcDbEntity
  8
F.Cu
  6
CONTINUOUS
100
AcDbLine
 10
5.2328346456692909
 20
-4.0363385826771649
 30
0
 11
5.2328346456692909
 21
-4.0621653543307081
 31
0
  0
LINE
  5
C87
330
22
100
AcDbEntity
  8
F.Cu
  6
CONTINUOUS
100
AcDbLine
 10
5.2328346456692909
 20
-4.0621653543307081
 30
0
 11
5.2293700787401578
 21
-4.0656299212598421
 31
0
  0
LINE
  5
C88
330
22
100
AcDbEntity
  8
F.Cu
  6
CONTINUOUS
100
AcDbLine
 10
5.2293700787401578
 20
-4.0656299212598421
 30
0
 11
5.2120078740157476
 21
-4.0656299212598421
 31
0
  0
LINE
  5
C89
330
22
100
AcDbEntity
  8
F.Cu
  6
CONTINUOUS
100
AcDbLine
 10
5.2120078740157476
 20
-4.0656299212598421
 30
0
 11
5.2110629921259841
 21
-4.0657480314960628
 31
0
  0
LINE
  5
C8A
330
22
100
AcDbEntity
  8
F.Cu
  6
CONTINUOUS
100
AcDbLine
 10
5.2110629921259841
 20
-4.0657480314960628
 30
0
 11
5.2101574803149608
 21
-4.0659055118110237
 31
0
  0
LINE
  5
C8B
330
22
100
AcDbEntity
  8
F.Cu
  6
CONTINUOUS
100
AcDbLine
 10
5.2101574803149608
 20
-4.0659055118110237
 30
0
 11
5.2088582677165354
 21
-4.0664173228346456
 31
0
  0
LINE
  5
C8C
330
22
100
AcDbEntity
  8
F.Cu
  6
CONTINUOUS
100
AcDbLine
 10
5.2088582677165354
 20
-4.0664173228346456
 30
0
 11
5.2087401574803147
 21
-4.0664566929133859
 31
0
  0
LINE
  5
C8D
330
22
100
AcDbEntity
  8
F.Cu
  6
CONTINUOUS
100
AcDbLine
 10
5.2087401574803147
 20
-4.0664566929133859
 30
0
 11
5.2086614173228343
 21
-4.0664566929133859
 31
0
  0
LINE
  5
C8E
330
22
100
AcDbEntity
  8
F.Cu
  6
CONTINUOUS
100
AcDbLine
 10
5.2086614173228343
 20
-4.0664566929133859
 30
0
 11
5.2079133858267719
 21
-4.0667716535433067
 31
0
  0
LINE
  5
C8F
330
22
100
AcDbEntity
  8
F.Cu
  6
CONTINUOUS
100
AcDbLine
 10
5.2079133858267719
 20
-4.0667716535433067
 30
0
 11
5.2067716535433073
 21
-4.0675984251968504
 31
0
  0
LINE
  5
C90
330
22
100
AcDbEntity
  8
F.Cu
  6
CONTINUOUS
100
AcDbLine
 10
5.2067716535433073
 20
-4.0675984251968504
 30
0
 11
5.2066929133858268
 21
-4.0676771653543309
 31
0
  0
LINE
  5
C91
330
22
100
AcDbEntity
  8
F.Cu
  6
CONTINUOUS
100
AcDbLine
 10
5.2066929133858268
 20
-4.0676771653543309
 30
0
 11
5.2059448818897636
 21
-4.0683464566929137
 31
0
  0
LINE
  5
C92
330
22
100
AcDbEntity
  8
F.Cu
  6
CONTINUOUS
100
AcDbLine
 10
5.2059448818897636
 20
-4.0683464566929137
 30
0
 11
5.2051968503937003
 21
-4.0692125984251968
 31
0
  0
LINE
  5
C93
330
22
100
AcDbEntity
  8
F.Cu
  6
CONTINUOUS
100
AcDbLine
 10
5.2051968503937003
 20
-4.0692125984251968
 30
0
 11
5.2044881889763781
 21
-4.0702362204724407
 31
0
  0
LINE
  5
C94
330
22
100
AcDbEntity
  8
F.Cu
  6
CONTINUOUS
100
AcDbLine
 10
5.2044881889763781
 20
-4.0702362204724407
 30
0
 11
5.2042125984251966
 21
-4.070984251968504
 31
0
  0
LINE
  5
C95
330
22
100
AcDbEntity
  8
F.Cu
  6
CONTINUOUS
100
AcDbLine
 10
5.2042125984251966
 20
-4.070984251968504
 30
0
 11
5.2041732283464563
 21
-4.0711023622047247
 31
0
  0
LINE
  5
C96
330
22
100
AcDbEntity
  8
F.Cu
  6
CONTINUOUS
100
AcDbLine
 10
5.2041732283464563
 20
-4.0711023622047247
 30
0
 11
5.2036614173228344
 21
-4.0724015748031492
 31
0
  0
LINE
  5
C97
330
22
100
AcDbEntity
  8
F.Cu
  6
CONTINUOUS
100
AcDbLine
 10
5.2036614173228344
 20
-4.0724015748031492
 30
0
 11
5.2035039370078735
 21
-4.0733464566929136
 31
0
  0
LINE
  5
C98
330
22
100
AcDbEntity
  8
F.Cu
  6
CONTINUOUS
100
AcDbLine
 10
5.2035039370078735
 20
-4.0733464566929136
 30
0
 11
5.2034645669291342
 21
-4.0736220472440943
 31
0
  0
LINE
  5
C99
330
22
100
AcDbEntity
  8
F.Cu
  6
CONTINUOUS
100
AcDbLine
 10
5.2034645669291342
 20
-4.0736220472440943
 30
0
 11
5.2033858267716537
 21
-4.0741338582677162
 31
0
  0
LINE
  5
C9A
330
22
100
AcDbEntity
  8
F.Cu
  6
CONTINUOUS
100
AcDbLine
 10
5.2033858267716537
 20
-4.0741338582677162
 30
0
 11
5.2033858267716537
 21
-4.1089763779527555
 31
0
  0
LINE
  5
C9B
330
22
100
AcDbEntity
  8
F.Cu
  6
CONTINUOUS
100
AcDbLine
 10
6.1929921259842518
 20
-4.0745669291338578
 30
0
 11
6.1955118110236223
 21
-4.084133858267716
 31
0
  0
LINE
  5
C9C
330
22
100
AcDbEntity
  8
F.Cu
  6
CONTINUOUS
100
AcDbLine
 10
6.1955118110236223
 20
-4.084133858267716
 30
0
 11
6.1955511811023625
 21
-4.0841732283464562
 31
0
  0
LINE
  5
C9D
330
22
100
AcDbEntity
  8
F.Cu
  6
CONTINUOUS
100
AcDbLine
 10
6.1955511811023625
 20
-4.0841732283464562
 30
0
 11
6.2003937007874015
 21
-4.0926377952755901
 31
0
  0
LINE
  5
C9E
330
22
100
AcDbEntity
  8
F.Cu
  6
CONTINUOUS
100
AcDbLine
 10
6.2003937007874015
 20
-4.0926377952755901
 30
0
 11
6.2004330708661417
 21
-4.0926771653543303
 31
0
  0
LINE
  5
C9F
330
22
100
AcDbEntity
  8
F.Cu
  6
CONTINUOUS
100
AcDbLine
 10
6.2004330708661417
 20
-4.0926771653543303
 30
0
 11
6.2074409448818892
 21
-4.0996456692913386
 31
0
  0
LINE
  5
CA0
330
22
100
AcDbEntity
  8
F.Cu
  6
CONTINUOUS
100
AcDbLine
 10
6.2074409448818892
 20
-4.0996456692913386
 30
0
 11
6.2074803149606295
 21
-4.0996850393700788
 31
0
  0
LINE
  5
CA1
330
22
100
AcDbEntity
  8
F.Cu
  6
CONTINUOUS
100
AcDbLine
 10
6.2074803149606295
 20
-4.0996850393700788
 30
0
 11
6.2158267716535436
 21
-4.1045275590551178
 31
0
  0
LINE
  5
CA2
330
22
100
AcDbEntity
  8
F.Cu
  6
CONTINUOUS
100
AcDbLine
 10
6.2158267716535436
 20
-4.1045275590551178
 30
0
 11
6.2160236220472438
 21
-4.1046062992125982
 31
0
  0
LINE
  5
CA3
330
22
100
AcDbEntity
  8
F.Cu
  6
CONTINUOUS
100
AcDbLine
 10
6.2160236220472438
 20
-4.1046062992125982
 30
0
 11
6.2255118110236216
 21
-4.1071259842519687
 31
0
  0
LINE
  5
CA4
330
22
100
AcDbEntity
  8
F.Cu
  6
CONTINUOUS
100
AcDbLine
 10
6.2255118110236216
 20
-4.1071259842519687
 30
0
 11
6.2353149606299212
 21
-4.1071259842519687
 31
0
  0
LINE
  5
CA5
330
22
100
AcDbEntity
  8
F.Cu
  6
CONTINUOUS
100
AcDbLine
 10
6.2353149606299212
 20
-4.1071259842519687
 30
0
 11
6.2448425196850392
 21
-4.1046062992125982
 31
0
  0
LINE
  5
CA6
330
22
100
AcDbEntity
  8
F.Cu
  6
CONTINUOUS
100
AcDbLine
 10
6.2448425196850392
 20
-4.1046062992125982
 30
0
 11
6.2450393700787403
 21
-4.1045275590551178
 31
0
  0
LINE
  5
CA7
330
22
100
AcDbEntity
  8
F.Cu
  6
CONTINUOUS
100
AcDbLine
 10
6.2450393700787403
 20
-4.1045275590551178
 30
0
 11
6.2533858267716536
 21
-4.0996850393700788
 31
0
  0
LINE
  5
CA8
330
22
100
AcDbEntity
  8
F.Cu
  6
CONTINUOUS
100
AcDbLine
 10
6.2533858267716536
 20
-4.0996850393700788
 30
0
 11
6.2603543307086609
 21
-4.0927165354330706
 31
0
  0
LINE
  5
CA9
330
22
100
AcDbEntity
  8
F.Cu
  6
CONTINUOUS
100
AcDbLine
 10
6.2603543307086609
 20
-4.0927165354330706
 30
0
 11
6.2652755905511812
 21
-4.0842125984251965
 31
0
  0
LINE
  5
CAA
330
22
100
AcDbEntity
  8
F.Cu
  6
CONTINUOUS
100
AcDbLine
 10
6.2652755905511812
 20
-4.0842125984251965
 30
0
 11
6.2679133858267715
 21
-4.0745275590551184
 31
0
  0
LINE
  5
CAB
330
22
100
AcDbEntity
  8
F.Cu
  6
CONTINUOUS
100
AcDbLine
 10
6.2679133858267715
 20
-4.0745275590551184
 30
0
 11
6.2679133858267715
 21
-4.0648425196850395
 31
0
  0
LINE
  5
CAC
330
22
100
AcDbEntity
  8
F.Cu
  6
CONTINUOUS
100
AcDbLine
 10
6.2679133858267715
 20
-4.0648425196850395
 30
0
 11
6.2652755905511812
 21
-4.0551181102362204
 31
0
  0
LINE
  5
CAD
330
22
100
AcDbEntity
  8
F.Cu
  6
CONTINUOUS
100
AcDbLine
 10
6.2652755905511812
 20
-4.0551181102362204
 30
0
 11
6.2603543307086609
 21
-4.0466535433070865
 31
0
  0
LINE
  5
CAE
330
22
100
AcDbEntity
  8
F.Cu
  6
CONTINUOUS
100
AcDbLine
 10
6.2603543307086609
 20
-4.0466535433070865
 30
0
 11
6.2533858267716536
 21
-4.0396850393700783
 31
0
  0
LINE
  5
CAF
330
22
100
AcDbEntity
  8
F.Cu
  6
CONTINUOUS
100
AcDbLine
 10
6.2533858267716536
 20
-4.0396850393700783
 30
0
 11
6.2450393700787403
 21
-4.0348425196850393
 31
0
  0
LINE
  5
CB0
330
22
100
AcDbEntity
  8
F.Cu
  6
CONTINUOUS
100
AcDbLine
 10
6.2450393700787403
 20
-4.0348425196850393
 30
0
 11
6.2449212598425197
 21
-4.034803149606299
 31
0
  0
LINE
  5
CB1
330
22
100
AcDbEntity
  8
F.Cu
  6
CONTINUOUS
100
AcDbLine
 10
6.2449212598425197
 20
-4.034803149606299
 30
0
 11
6.2352362204724407
 21
-4.032204724409449
 31
0
  0
LINE
  5
CB2
330
22
100
AcDbEntity
  8
F.Cu
  6
CONTINUOUS
100
AcDbLine
 10
6.2352362204724407
 20
-4.032204724409449
 30
0
 11
6.2255511811023618
 21
-4.032204724409449
 31
0
  0
LINE
  5
CB3
330
22
100
AcDbEntity
  8
F.Cu
  6
CONTINUOUS
100
AcDbLine
 10
6.2255511811023618
 20
-4.032204724409449
 30
0
 11
6.2159055118110231
 21
-4.034803149606299
 31
0
  0
LINE
  5
CB4
330
22
100
AcDbEntity
  8
F.Cu
  6
CONTINUOUS
100
AcDbLine
 10
6.2159055118110231
 20
-4.034803149606299
 30
0
 11
6.2074803149606295
 21
-4.0396850393700783
 31
0
  0
LINE
  5
CB5
330
22
100
AcDbEntity
  8
F.Cu
  6
CONTINUOUS
100
AcDbLine
 10
6.2074803149606295
 20
-4.0396850393700783
 30
0
 11
6.2074409448818892
 21
-4.0397244094488185
 31
0
  0
LINE
  5
CB6
330
22
100
AcDbEntity
  8
F.Cu
  6
CONTINUOUS
100
AcDbLine
 10
6.2074409448818892
 20
-4.0397244094488185
 30
0
 11
6.2004330708661417
 21
-4.0466929133858267
 31
0
  0
LINE
  5
CB7
330
22
100
AcDbEntity
  8
F.Cu
  6
CONTINUOUS
100
AcDbLine
 10
6.2004330708661417
 20
-4.0466929133858267
 30
0
 11
6.2003937007874015
 21
-4.0467322834645669
 31
0
  0
LINE
  5
CB8
330
22
100
AcDbEntity
  8
F.Cu
  6
CONTINUOUS
100
AcDbLine
 10
6.2003937007874015
 20
-4.0467322834645669
 30
0
 11
6.1955511811023625
 21
-4.0551968503937008
 31
0
  0
LINE
  5
CB9
330
22
100
AcDbEntity
  8
F.Cu
  6
CONTINUOUS
100
AcDbLine
 10
6.1955511811023625
 20
-4.0551968503937008
 30
0
 11
6.1955118110236223
 21
-4.055236220472441
 31
0
  0
LINE
  5
CBA
330
22
100
AcDbEntity
  8
F.Cu
  6
CONTINUOUS
100
AcDbLine
 10
6.1955118110236223
 20
-4.055236220472441
 30
0
 11
6.1929921259842518
 21
-4.0647637795275591
 31
0
  0
LINE
  5
CBB
330
22
100
AcDbEntity
  8
F.Cu
  6
CONTINUOUS
100
AcDbLine
 10
6.1929921259842518
 20
-4.0647637795275591
 30
0
 11
6.1929921259842518
 21
-4.0745669291338578
 31
0
  0
LINE
  5
CBC
330
22
100
AcDbEntity
  8
F.Cu
  6
CONTINUOUS
100
AcDbLine
 10
6.1929527559055115
 20
-3.9744881889763777
 30
0
 11
6.1955511811023625
 21
-3.9841732283464566
 31
0
  0
LINE
  5
CBD
330
22
100
AcDbEntity
  8
F.Cu
  6
CONTINUOUS
100
AcDbLine
 10
6.1955511811023625
 20
-3.9841732283464566
 30
0
 11
6.2003937007874015
 21
-3.9926377952755905
 31
0
  0
LINE
  5
CBE
330
22
100
AcDbEntity
  8
F.Cu
  6
CONTINUOUS
100
AcDbLine
 10
6.2003937007874015
 20
-3.9926377952755905
 30
0
 11
6.2004330708661417
 21
-3.9926771653543307
 31
0
  0
LINE
  5
CBF
330
22
100
AcDbEntity
  8
F.Cu
  6
CONTINUOUS
100
AcDbLine
 10
6.2004330708661417
 20
-3.9926771653543307
 30
0
 11
6.2074409448818892
 21
-3.9996456692913385
 31
0
  0
LINE
  5
CC0
330
22
100
AcDbEntity
  8
F.Cu
  6
CONTINUOUS
100
AcDbLine
 10
6.2074409448818892
 20
-3.9996456692913385
 30
0
 11
6.2074803149606295
 21
-3.9996850393700787
 31
0
  0
LINE
  5
CC1
330
22
100
AcDbEntity
  8
F.Cu
  6
CONTINUOUS
100
AcDbLine
 10
6.2074803149606295
 20
-3.9996850393700787
 30
0
 11
6.2158267716535436
 21
-4.0045275590551181
 31
0
  0
LINE
  5
CC2
330
22
100
AcDbEntity
  8
F.Cu
  6
CONTINUOUS
100
AcDbLine
 10
6.2158267716535436
 20
-4.0045275590551181
 30
0
 11
6.2160236220472438
 21
-4.0046062992125986
 31
0
  0
LINE
  5
CC3
330
22
100
AcDbEntity
  8
F.Cu
  6
CONTINUOUS
100
AcDbLine
 10
6.2160236220472438
 20
-4.0046062992125986
 30
0
 11
6.2255118110236216
 21
-4.0071259842519682
 31
0
  0
LINE
  5
CC4
330
22
100
AcDbEntity
  8
F.Cu
  6
CONTINUOUS
100
AcDbLine
 10
6.2255118110236216
 20
-4.0071259842519682
 30
0
 11
6.2353149606299212
 21
-4.0071259842519682
 31
0
  0
LINE
  5
CC5
330
22
100
AcDbEntity
  8
F.Cu
  6
CONTINUOUS
100
AcDbLine
 10
6.2353149606299212
 20
-4.0071259842519682
 30
0
 11
6.2448425196850392
 21
-4.0046062992125986
 31
0
  0
LINE
  5
CC6
330
22
100
AcDbEntity
  8
F.Cu
  6
CONTINUOUS
100
AcDbLine
 10
6.2448425196850392
 20
-4.0046062992125986
 30
0
 11
6.2450393700787403
 21
-4.0045275590551181
 31
0
  0
LINE
  5
CC7
330
22
100
AcDbEntity
  8
F.Cu
  6
CONTINUOUS
100
AcDbLine
 10
6.2450393700787403
 20
-4.0045275590551181
 30
0
 11
6.2533858267716536
 21
-3.9996850393700787
 31
0
  0
LINE
  5
CC8
330
22
100
AcDbEntity
  8
F.Cu
  6
CONTINUOUS
100
AcDbLine
 10
6.2533858267716536
 20
-3.9996850393700787
 30
0
 11
6.2603543307086609
 21
-3.9927165354330709
 31
0
  0
LINE
  5
CC9
330
22
100
AcDbEntity
  8
F.Cu
  6
CONTINUOUS
100
AcDbLine
 10
6.2603543307086609
 20
-3.9927165354330709
 30
0
 11
6.2652755905511812
 21
-3.9842125984251968
 31
0
  0
LINE
  5
CCA
330
22
100
AcDbEntity
  8
F.Cu
  6
CONTINUOUS
100
AcDbLine
 10
6.2652755905511812
 20
-3.9842125984251968
 30
0
 11
6.2679133858267715
 21
-3.9745275590551179
 31
0
  0
LINE
  5
CCB
330
22
100
AcDbEntity
  8
F.Cu
  6
CONTINUOUS
100
AcDbLine
 10
6.2679133858267715
 20
-3.9745275590551179
 30
0
 11
6.2679133858267715
 21
-3.9648425196850394
 31
0
  0
LINE
  5
CCC
330
22
100
AcDbEntity
  8
F.Cu
  6
CONTINUOUS
100
AcDbLine
 10
6.2679133858267715
 20
-3.9648425196850394
 30
0
 11
6.2652755905511812
 21
-3.9551574803149605
 31
0
  0
LINE
  5
CCD
330
22
100
AcDbEntity
  8
F.Cu
  6
CONTINUOUS
100
AcDbLine
 10
6.2652755905511812
 20
-3.9551574803149605
 30
0
 11
6.2603937007874011
 21
-3.9466929133858266
 31
0
  0
LINE
  5
CCE
330
22
100
AcDbEntity
  8
F.Cu
  6
CONTINUOUS
100
AcDbLine
 10
6.2603937007874011
 20
-3.9466929133858266
 30
0
 11
6.2533858267716536
 21
-3.9396850393700786
 31
0
  0
LINE
  5
CCF
330
22
100
AcDbEntity
  8
F.Cu
  6
CONTINUOUS
100
AcDbLine
 10
6.2533858267716536
 20
-3.9396850393700786
 30
0
 11
6.2450393700787403
 21
-3.9348425196850392
 31
0
  0
LINE
  5
CD0
330
22
100
AcDbEntity
  8
F.Cu
  6
CONTINUOUS
100
AcDbLine
 10
6.2450393700787403
 20
-3.9348425196850392
 30
0
 11
6.2449212598425197
 21
-3.934803149606299
 31
0
  0
LINE
  5
CD1
330
22
100
AcDbEntity
  8
F.Cu
  6
CONTINUOUS
100
AcDbLine
 10
6.2449212598425197
 20
-3.934803149606299
 30
0
 11
6.2352362204724407
 21
-3.9322047244094489
 31
0
  0
LINE
  5
CD2
330
22
100
AcDbEntity
  8
F.Cu
  6
CONTINUOUS
100
AcDbLine
 10
6.2352362204724407
 20
-3.9322047244094489
 30
0
 11
6.2255511811023618
 21
-3.9322047244094489
 31
0
  0
LINE
  5
CD3
330
22
100
AcDbEntity
  8
F.Cu
  6
CONTINUOUS
100
AcDbLine
 10
6.2255511811023618
 20
-3.9322047244094489
 30
0
 11
6.2159055118110231
 21
-3.934803149606299
 31
0
  0
LINE
  5
CD4
330
22
100
AcDbEntity
  8
F.Cu
  6
CONTINUOUS
100
AcDbLine
 10
6.2159055118110231
 20
-3.934803149606299
 30
0
 11
6.2074803149606295
 21
-3.9396850393700786
 31
0
  0
LINE
  5
CD5
330
22
100
AcDbEntity
  8
F.Cu
  6
CONTINUOUS
100
AcDbLine
 10
6.2074803149606295
 20
-3.9396850393700786
 30
0
 11
6.2074409448818892
 21
-3.9397244094488189
 31
0
  0
LINE
  5
CD6
330
22
100
AcDbEntity
  8
F.Cu
  6
CONTINUOUS
100
AcDbLine
 10
6.2074409448818892
 20
-3.9397244094488189
 30
0
 11
6.2004330708661417
 21
-3.9466929133858266
 31
0
  0
LINE
  5
CD7
330
22
100
AcDbEntity
  8
F.Cu
  6
CONTINUOUS
100
AcDbLine
 10
6.2004330708661417
 20
-3.9466929133858266
 30
0
 11
6.2003937007874015
 21
-3.9467322834645668
 31
0
  0
LINE
  5
CD8
330
22
100
AcDbEntity
  8
F.Cu
  6
CONTINUOUS
100
AcDbLine
 10
6.2003937007874015
 20
-3.9467322834645668
 30
0
 11
6.1955511811023625
 21
-3.9551968503937007
 31
0
  0
LINE
  5
CD9
330
22
100
AcDbEntity
  8
F.Cu
  6
CONTINUOUS
100
AcDbLine
 10
6.1955511811023625
 20
-3.9551968503937007
 30
0
 11
6.195472440944882
 21
-3.9553937007874014
 31
0
  0
LINE
  5
CDA
330
22
100
AcDbEntity
  8
F.Cu
  6
CONTINUOUS
100
AcDbLine
 10
6.195472440944882
 20
-3.9553937007874014
 30
0
 11
6.1929527559055115
 21
-3.9648031496062992
 31
0
  0
LINE
  5
CDB
330
22
100
AcDbEntity
  8
F.Cu
  6
CONTINUOUS
100
AcDbLine
 10
6.1929527559055115
 20
-3.9648031496062992
 30
0
 11
6.1929527559055115
 21
-3.9744881889763777
 31
0
  0
LINE
  5
CDC
330
22
100
AcDbEntity
  8
F.Cu
  6
CONTINUOUS
100
AcDbLine
 10
5.350944881889764
 20
-3.4571653543307086
 30
0
 11
5.3508267716535434
 21
-3.4568503937007873
 31
0
  0
LINE
  5
CDD
330
22
100
AcDbEntity
  8
F.Cu
  6
CONTINUOUS
100
AcDbLine
 10
5.3508267716535434
 20
-3.4568503937007873
 30
0
 11
5.3460629921259839
 21
-3.4486220472440943
 31
0
  0
LINE
  5
CDE
330
22
100
AcDbEntity
  8
F.Cu
  6
CONTINUOUS
100
AcDbLine
 10
5.3460629921259839
 20
-3.4486220472440943
 30
0
 11
5.3390944881889766
 21
-3.4416535433070865
 31
0
  0
LINE
  5
CDF
330
22
100
AcDbEntity
  8
F.Cu
  6
CONTINUOUS
100
AcDbLine
 10
5.3390944881889766
 20
-3.4416535433070865
 30
0
 11
5.3307874015748027
 21
-3.4368503937007873
 31
0
  0
LINE
  5
CE0
330
22
100
AcDbEntity
  8
F.Cu
  6
CONTINUOUS
100
AcDbLine
 10
5.3307874015748027
 20
-3.4368503937007873
 30
0
 11
5.3308267716535429
 21
-3.4368503937007873
 31
0
  0
LINE
  5
CE1
330
22
100
AcDbEntity
  8
F.Cu
  6
CONTINUOUS
100
AcDbLine
 10
5.3308267716535429
 20
-3.4368503937007873
 30
0
 11
5.3212598425196846
 21
-3.4342519685039368
 31
0
  0
LINE
  5
CE2
330
22
100
AcDbEntity
  8
F.Cu
  6
CONTINUOUS
100
AcDbLine
 10
5.3212598425196846
 20
-3.4342519685039368
 30
0
 11
5.3116535433070862
 21
-3.4342519685039368
 31
0
  0
LINE
  5
CE3
330
22
100
AcDbEntity
  8
F.Cu
  6
CONTINUOUS
100
AcDbLine
 10
5.3116535433070862
 20
-3.4342519685039368
 30
0
 11
5.3020866141732279
 21
-3.4368503937007873
 31
0
  0
LINE
  5
CE4
330
22
100
AcDbEntity
  8
F.Cu
  6
CONTINUOUS
100
AcDbLine
 10
5.3020866141732279
 20
-3.4368503937007873
 30
0
 11
5.2937795275590549
 21
-3.4416535433070865
 31
0
  0
LINE
  5
CE5
330
22
100
AcDbEntity
  8
F.Cu
  6
CONTINUOUS
100
AcDbLine
 10
5.2937795275590549
 20
-3.4416535433070865
 30
0
 11
5.2868110236220467
 21
-3.4486220472440943
 31
0
  0
LINE
  5
CE6
330
22
100
AcDbEntity
  8
F.Cu
  6
CONTINUOUS
100
AcDbLine
 10
5.2868110236220467
 20
-3.4486220472440943
 30
0
 11
5.2820472440944881
 21
-3.4568503937007873
 31
0
  0
LINE
  5
CE7
330
22
100
AcDbEntity
  8
F.Cu
  6
CONTINUOUS
100
AcDbLine
 10
5.2820472440944881
 20
-3.4568503937007873
 30
0
 11
5.2820078740157479
 21
-3.4569685039370079
 31
0
  0
LINE
  5
CE8
330
22
100
AcDbEntity
  8
F.Cu
  6
CONTINUOUS
100
AcDbLine
 10
5.2820078740157479
 20
-3.4569685039370079
 30
0
 11
5.2794488188976381
 21
-3.466496062992126
 31
0
  0
LINE
  5
CE9
330
22
100
AcDbEntity
  8
F.Cu
  6
CONTINUOUS
100
AcDbLine
 10
5.2794488188976381
 20
-3.466496062992126
 30
0
 11
5.2794488188976381
 21
-3.476023622047244
 31
0
  0
LINE
  5
CEA
330
22
100
AcDbEntity
  8
F.Cu
  6
CONTINUOUS
100
AcDbLine
 10
5.2794488188976381
 20
-3.476023622047244
 30
0
 11
5.2820078740157479
 21
-3.4855511811023621
 31
0
  0
LINE
  5
CEB
330
22
100
AcDbEntity
  8
F.Cu
  6
CONTINUOUS
100
AcDbLine
 10
5.2820078740157479
 20
-3.4855511811023621
 30
0
 11
5.2820472440944881
 21
-3.4856692913385827
 31
0
  0
LINE
  5
CEC
330
22
100
AcDbEntity
  8
F.Cu
  6
CONTINUOUS
100
AcDbLine
 10
5.2820472440944881
 20
-3.4856692913385827
 30
0
 11
5.2868110236220467
 21
-3.4938976377952753
 31
0
  0
LINE
  5
CED
330
22
100
AcDbEntity
  8
F.Cu
  6
CONTINUOUS
100
AcDbLine
 10
5.2868110236220467
 20
-3.4938976377952753
 30
0
 11
5.2937795275590549
 21
-3.5008661417322835
 31
0
  0
LINE
  5
CEE
330
22
100
AcDbEntity
  8
F.Cu
  6
CONTINUOUS
100
AcDbLine
 10
5.2937795275590549
 20
-3.5008661417322835
 30
0
 11
5.3020078740157475
 21
-3.5056299212598425
 31
0
  0
LINE
  5
CEF
330
22
100
AcDbEntity
  8
F.Cu
  6
CONTINUOUS
100
AcDbLine
 10
5.3020078740157475
 20
-3.5056299212598425
 30
0
 11
5.3021259842519681
 21
-3.5056692913385827
 31
0
  0
LINE
  5
CF0
330
22
100
AcDbEntity
  8
F.Cu
  6
CONTINUOUS
100
AcDbLine
 10
5.3021259842519681
 20
-3.5056692913385827
 30
0
 11
5.3116929133858264
 21
-3.508228346456693
 31
0
  0
LINE
  5
CF1
330
22
100
AcDbEntity
  8
F.Cu
  6
CONTINUOUS
100
AcDbLine
 10
5.3116929133858264
 20
-3.508228346456693
 30
0
 11
5.3212598425196846
 21
-3.508228346456693
 31
0
  0
LINE
  5
CF2
330
22
100
AcDbEntity
  8
F.Cu
  6
CONTINUOUS
100
AcDbLine
 10
5.3212598425196846
 20
-3.508228346456693
 30
0
 11
5.3233464566929136
 21
-3.5075984251968504
 31
0
  0
LINE
  5
CF3
330
22
100
AcDbEntity
  8
F.Cu
  6
CONTINUOUS
100
AcDbLine
 10
5.3233464566929136
 20
-3.5075984251968504
 30
0
 11
5.3264960629921259
 21
-3.5084251968503937
 31
0
  0
LINE
  5
CF4
330
22
100
AcDbEntity
  8
F.Cu
  6
CONTINUOUS
100
AcDbLine
 10
5.3264960629921259
 20
-3.5084251968503937
 30
0
 11
5.5086614173228341
 21
-3.6905905511811024
 31
0
  0
LINE
  5
CF5
330
22
100
AcDbEntity
  8
F.Cu
  6
CONTINUOUS
100
AcDbLine
 10
5.5086614173228341
 20
-3.6905905511811024
 30
0
 11
5.5095669291338583
 21
-3.6927559055118109
 31
0
  0
LINE
  5
CF6
330
22
100
AcDbEntity
  8
F.Cu
  6
CONTINUOUS
100
AcDbLine
 10
5.5095669291338583
 20
-3.6927559055118109
 30
0
 11
5.5095669291338583
 21
-3.8516141732283464
 31
0
  0
LINE
  5
CF7
330
22
100
AcDbEntity
  8
F.Cu
  6
CONTINUOUS
100
AcDbLine
 10
5.5095669291338583
 20
-3.8516141732283464
 30
0
 11
5.5086614173228341
 21
-3.853779527559055
 31
0
  0
LINE
  5
CF8
330
22
100
AcDbEntity
  8
F.Cu
  6
CONTINUOUS
100
AcDbLine
 10
5.5086614173228341
 20
-3.853779527559055
 30
0
 11
5.4500000000000002
 21
-3.9125196850393702
 31
0
  0
LINE
  5
CF9
330
22
100
AcDbEntity
  8
F.Cu
  6
CONTINUOUS
100
AcDbLine
 10
5.4500000000000002
 20
-3.9125196850393702
 30
0
 11
5.4478346456692917
 21
-3.9134251968503935
 31
0
  0
LINE
  5
CFA
330
22
100
AcDbEntity
  8
F.Cu
  6
CONTINUOUS
100
AcDbLine
 10
5.4478346456692917
 20
-3.9134251968503935
 30
0
 11
5.3021653543307083
 21
-3.9134251968503935
 31
0
  0
LINE
  5
CFB
330
22
100
AcDbEntity
  8
F.Cu
  6
CONTINUOUS
100
AcDbLine
 10
5.3021653543307083
 20
-3.9134251968503935
 30
0
 11
5.2999999999999998
 21
-3.9125196850393702
 31
0
  0
LINE
  5
CFC
330
22
100
AcDbEntity
  8
F.Cu
  6
CONTINUOUS
100
AcDbLine
 10
5.2999999999999998
 20
-3.9125196850393702
 30
0
 11
5.2985826771653546
 21
-3.9111023622047245
 31
0
  0
LINE
  5
CFD
330
22
100
AcDbEntity
  8
F.Cu
  6
CONTINUOUS
100
AcDbLine
 10
5.2985826771653546
 20
-3.9111023622047245
 30
0
 11
5.2594881889763778
 21
-3.9111023622047245
 31
0
  0
LINE
  5
CFE
330
22
100
AcDbEntity
  8
F.Cu
  6
CONTINUOUS
100
AcDbLine
 10
5.2594881889763778
 20
-3.9111023622047245
 30
0
 11
5.2594881889763778
 21
-3.9541338582677166
 31
0
  0
LINE
  5
CFF
330
22
100
AcDbEntity
  8
F.Cu
  6
CONTINUOUS
100
AcDbLine
 10
5.2594881889763778
 20
-3.9541338582677166
 30
0
 11
5.2985826771653546
 21
-3.9541338582677166
 31
0
  0
LINE
  5
D00
330
22
100
AcDbEntity
  8
F.Cu
  6
CONTINUOUS
100
AcDbLine
 10
5.2985826771653546
 20
-3.9541338582677166
 30
0
 11
5.2999999999999998
 21
-3.9527165354330709
 31
0
  0
LINE
  5
D01
330
22
100
AcDbEntity
  8
F.Cu
  6
CONTINUOUS
100
AcDbLine
 10
5.2999999999999998
 20
-3.9527165354330709
 30
0
 11
5.3021653543307083
 21
-3.9518110236220472
 31
0
  0
LINE
  5
D02
330
22
100
AcDbEntity
  8
F.Cu
  6
CONTINUOUS
100
AcDbLine
 10
5.3021653543307083
 20
-3.9518110236220472
 30
0
 11
5.4570866141732282
 21
-3.9518110236220472
 31
0
  0
LINE
  5
D03
330
22
100
AcDbEntity
  8
F.Cu
  6
CONTINUOUS
100
AcDbLine
 10
5.4570866141732282
 20
-3.9518110236220472
 30
0
 11
5.4577952755905512
 21
-3.951771653543307
 31
0
  0
LINE
  5
D04
330
22
100
AcDbEntity
  8
F.Cu
  6
CONTINUOUS
100
AcDbLine
 10
5.4577952755905512
 20
-3.951771653543307
 30
0
 11
5.4578740157480317
 21
-3.951771653543307
 31
0
  0
LINE
  5
D05
330
22
100
AcDbEntity
  8
F.Cu
  6
CONTINUOUS
100
AcDbLine
 10
5.4578740157480317
 20
-3.951771653543307
 30
0
 11
5.458976377952756
 21
-3.9517322834645667
 31
0
  0
LINE
  5
D06
330
22
100
AcDbEntity
  8
F.Cu
  6
CONTINUOUS
100
AcDbLine
 10
5.458976377952756
 20
-3.9517322834645667
 30
0
 11
5.4596062992125987
 21
-3.9516141732283465
 31
0
  0
LINE
  5
D07
330
22
100
AcDbEntity
  8
F.Cu
  6
CONTINUOUS
100
AcDbLine
 10
5.4596062992125987
 20
-3.9516141732283465
 30
0
 11
5.4599606299212597
 21
-3.9515748031496063
 31
0
  0
LINE
  5
D08
330
22
100
AcDbEntity
  8
F.Cu
  6
CONTINUOUS
100
AcDbLine
 10
5.4599606299212597
 20
-3.9515748031496063
 30
0
 11
5.4602362204724404
 21
-3.9515354330708661
 31
0
  0
LINE
  5
D09
330
22
100
AcDbEntity
  8
F.Cu
  6
CONTINUOUS
100
AcDbLine
 10
5.4602362204724404
 20
-3.9515354330708661
 30
0
 11
5.4614960629921256
 21
-3.9512204724409448
 31
0
  0
LINE
  5
D0A
330
22
100
AcDbEntity
  8
F.Cu
  6
CONTINUOUS
100
AcDbLine
 10
5.4614960629921256
 20
-3.9512204724409448
 30
0
 11
5.461732283464567
 21
-3.9511811023622045
 31
0
  0
LINE
  5
D0B
330
22
100
AcDbEntity
  8
F.Cu
  6
CONTINUOUS
100
AcDbLine
 10
5.461732283464567
 20
-3.9511811023622045
 30
0
 11
5.462086614173228
 21
-3.9511023622047241
 31
0
  0
LINE
  5
D0C
330
22
100
AcDbEntity
  8
F.Cu
  6
CONTINUOUS
100
AcDbLine
 10
5.462086614173228
 20
-3.9511023622047241
 30
0
 11
5.4622834645669291
 21
-3.9510236220472441
 31
0
  0
LINE
  5
D0D
330
22
100
AcDbEntity
  8
F.Cu
  6
CONTINUOUS
100
AcDbLine
 10
5.4622834645669291
 20
-3.9510236220472441
 30
0
 11
5.4628346456692913
 21
-3.9508661417322832
 31
0
  0
LINE
  5
D0E
330
22
100
AcDbEntity
  8
F.Cu
  6
CONTINUOUS
100
AcDbLine
 10
5.4628346456692913
 20
-3.9508661417322832
 30
0
 11
5.4635826771653546
 21
-3.9506692913385826
 31
0
  0
LINE
  5
D0F
330
22
100
AcDbEntity
  8
F.Cu
  6
CONTINUOUS
100
AcDbLine
 10
5.4635826771653546
 20
-3.9506692913385826
 30
0
 11
5.4642125984251964
 21
-3.9503543307086613
 31
0
  0
LINE
  5
D10
330
22
100
AcDbEntity
  8
F.Cu
  6
CONTINUOUS
100
AcDbLine
 10
5.4642125984251964
 20
-3.9503543307086613
 30
0
 11
5.4645669291338583
 21
-3.9501968503937008
 31
0
  0
LINE
  5
D11
330
22
100
AcDbEntity
  8
F.Cu
  6
CONTINUOUS
100
AcDbLine
 10
5.4645669291338583
 20
-3.9501968503937008
 30
0
 11
5.4653149606299207
 21
-3.9499212598425197
 31
0
  0
LINE
  5
D12
330
22
100
AcDbEntity
  8
F.Cu
  6
CONTINUOUS
100
AcDbLine
 10
5.4653149606299207
 20
-3.9499212598425197
 30
0
 11
5.4657480314960631
 21
-3.9496456692913386
 31
0
  0
LINE
  5
D13
330
22
100
AcDbEntity
  8
F.Cu
  6
CONTINUOUS
100
AcDbLine
 10
5.4657480314960631
 20
-3.9496456692913386
 30
0
 11
5.4661417322834644
 21
-3.9494488188976375
 31
0
  0
LINE
  5
D14
330
22
100
AcDbEntity
  8
F.Cu
  6
CONTINUOUS
100
AcDbLine
 10
5.4661417322834644
 20
-3.9494488188976375
 30
0
 11
5.4663385826771655
 21
-3.9493700787401576
 31
0
  0
LINE
  5
D15
330
22
100
AcDbEntity
  8
F.Cu
  6
CONTINUOUS
100
AcDbLine
 10
5.4663385826771655
 20
-3.9493700787401576
 30
0
 11
5.4668110236220473
 21
-3.9490944881889765
 31
0
  0
LINE
  5
D16
330
22
100
AcDbEntity
  8
F.Cu
  6
CONTINUOUS
100
AcDbLine
 10
5.4668110236220473
 20
-3.9490944881889765
 30
0
 11
5.467283464566929
 21
-3.9487795275590551
 31
0
  0
LINE
  5
D17
330
22
100
AcDbEntity
  8
F.Cu
  6
CONTINUOUS
100
AcDbLine
 10
5.467283464566929
 20
-3.9487795275590551
 30
0
 11
5.4673622047244095
 21
-3.9487401574803149
 31
0
  0
LINE
  5
D18
330
22
100
AcDbEntity
  8
F.Cu
  6
CONTINUOUS
100
AcDbLine
 10
5.4673622047244095
 20
-3.9487401574803149
 30
0
 11
5.4682283464566925
 21
-3.9481889763779527
 31
0
  0
LINE
  5
D19
330
22
100
AcDbEntity
  8
F.Cu
  6
CONTINUOUS
100
AcDbLine
 10
5.4682283464566925
 20
-3.9481889763779527
 30
0
 11
5.4686220472440947
 21
-3.9478740157480314
 31
0
  0
LINE
  5
D1A
330
22
100
AcDbEntity
  8
F.Cu
  6
CONTINUOUS
100
AcDbLine
 10
5.4686220472440947
 20
-3.9478740157480314
 30
0
 11
5.4688582677165352
 21
-3.947716535433071
 31
0
  0
LINE
  5
D1B
330
22
100
AcDbEntity
  8
F.Cu
  6
CONTINUOUS
100
AcDbLine
 10
5.4688582677165352
 20
-3.947716535433071
 30
0
 11
5.4692913385826767
 21
-3.9474015748031497
 31
0
  0
LINE
  5
D1C
330
22
100
AcDbEntity
  8
F.Cu
  6
CONTINUOUS
100
AcDbLine
 10
5.4692913385826767
 20
-3.9474015748031497
 30
0
 11
5.4699999999999998
 21
-3.9466929133858266
 31
0
  0
LINE
  5
D1D
330
22
100
AcDbEntity
  8
F.Cu
  6
CONTINUOUS
100
AcDbLine
 10
5.4699999999999998
 20
-3.9466929133858266
 30
0
 11
5.4705511811023619
 21
-3.9461811023622047
 31
0
  0
LINE
  5
D1E
330
22
100
AcDbEntity
  8
F.Cu
  6
CONTINUOUS
100
AcDbLine
 10
5.4705511811023619
 20
-3.9461811023622047
 30
0
 11
5.470748031496063
 21
-3.9460236220472442
 31
0
  0
LINE
  5
D1F
330
22
100
AcDbEntity
  8
F.Cu
  6
CONTINUOUS
100
AcDbLine
 10
5.470748031496063
 20
-3.9460236220472442
 30
0
 11
5.5424803149606294
 21
-3.8741732283464567
 31
0
  0
LINE
  5
D20
330
22
100
AcDbEntity
  8
F.Cu
  6
CONTINUOUS
100
AcDbLine
 10
5.5424803149606294
 20
-3.8741732283464567
 30
0
 11
5.5425590551181099
 21
-3.8740944881889763
 31
0
  0
LINE
  5
D21
330
22
100
AcDbEntity
  8
F.Cu
  6
CONTINUOUS
100
AcDbLine
 10
5.5425590551181099
 20
-3.8740944881889763
 30
0
 11
5.5428740157480316
 21
-3.8737007874015745
 31
0
  0
LINE
  5
D22
330
22
100
AcDbEntity
  8
F.Cu
  6
CONTINUOUS
100
AcDbLine
 10
5.5428740157480316
 20
-3.8737007874015745
 30
0
 11
5.5435433070866145
 21
-3.8730314960629921
 31
0
  0
LINE
  5
D23
330
22
100
AcDbEntity
  8
F.Cu
  6
CONTINUOUS
100
AcDbLine
 10
5.5435433070866145
 20
-3.8730314960629921
 30
0
 11
5.5440157480314962
 21
-3.8723622047244093
 31
0
  0
LINE
  5
D24
330
22
100
AcDbEntity
  8
F.Cu
  6
CONTINUOUS
100
AcDbLine
 10
5.5440157480314962
 20
-3.8723622047244093
 30
0
 11
5.5441732283464562
 21
-3.8721653543307086
 31
0
  0
LINE
  5
D25
330
22
100
AcDbEntity
  8
F.Cu
  6
CONTINUOUS
100
AcDbLine
 10
5.5441732283464562
 20
-3.8721653543307086
 30
0
 11
5.5446062992125986
 21
-3.8716535433070867
 31
0
  0
LINE
  5
D26
330
22
100
AcDbEntity
  8
F.Cu
  6
CONTINUOUS
100
AcDbLine
 10
5.5446062992125986
 20
-3.8716535433070867
 30
0
 11
5.5449606299212597
 21
-3.8709448818897636
 31
0
  0
LINE
  5
D27
330
22
100
AcDbEntity
  8
F.Cu
  6
CONTINUOUS
100
AcDbLine
 10
5.5449606299212597
 20
-3.8709448818897636
 30
0
 11
5.5453937007874012
 21
-3.870314960629921
 31
0
  0
LINE
  5
D28
330
22
100
AcDbEntity
  8
F.Cu
  6
CONTINUOUS
100
AcDbLine
 10
5.5453937007874012
 20
-3.870314960629921
 30
0
 11
5.5457480314960632
 21
-3.8696456692913386
 31
0
  0
LINE
  5
D29
330
22
100
AcDbEntity
  8
F.Cu
  6
CONTINUOUS
100
AcDbLine
 10
5.5457480314960632
 20
-3.8696456692913386
 30
0
 11
5.5460629921259841
 21
-3.8690944881889764
 31
0
  0
LINE
  5
D2A
330
22
100
AcDbEntity
  8
F.Cu
  6
CONTINUOUS
100
AcDbLine
 10
5.5460629921259841
 20
-3.8690944881889764
 30
0
 11
5.5462598425196852
 21
-3.8686614173228344
 31
0
  0
LINE
  5
D2B
330
22
100
AcDbEntity
  8
F.Cu
  6
CONTINUOUS
100
AcDbLine
 10
5.5462598425196852
 20
-3.8686614173228344
 30
0
 11
5.5463385826771656
 21
-3.8683858267716533
 31
0
  0
LINE
  5
D2C
330
22
100
AcDbEntity
  8
F.Cu
  6
CONTINUOUS
100
AcDbLine
 10
5.5463385826771656
 20
-3.8683858267716533
 30
0
 11
5.5464566929133854
 21
-3.868070866141732
 31
0
  0
LINE
  5
D2D
330
22
100
AcDbEntity
  8
F.Cu
  6
CONTINUOUS
100
AcDbLine
 10
5.5464566929133854
 20
-3.868070866141732
 30
0
 11
5.5468503937007876
 21
-3.867283464566929
 31
0
  0
LINE
  5
D2E
330
22
100
AcDbEntity
  8
F.Cu
  6
CONTINUOUS
100
AcDbLine
 10
5.5468503937007876
 20
-3.867283464566929
 30
0
 11
5.5468503937007876
 21
-3.8672047244094485
 31
0
  0
LINE
  5
D2F
330
22
100
AcDbEntity
  8
F.Cu
  6
CONTINUOUS
100
AcDbLine
 10
5.5468503937007876
 20
-3.8672047244094485
 30
0
 11
5.5470078740157476
 21
-3.8667322834645668
 31
0
  0
LINE
  5
D30
330
22
100
AcDbEntity
  8
F.Cu
  6
CONTINUOUS
100
AcDbLine
 10
5.5470078740157476
 20
-3.8667322834645668
 30
0
 11
5.5473228346456693
 21
-3.8659055118110235
 31
0
  0
LINE
  5
D31
330
22
100
AcDbEntity
  8
F.Cu
  6
CONTINUOUS
100
AcDbLine
 10
5.5473228346456693
 20
-3.8659055118110235
 30
0
 11
5.5474015748031498
 21
-3.8651968503937009
 31
0
  0
LINE
  5
D32
330
22
100
AcDbEntity
  8
F.Cu
  6
CONTINUOUS
100
AcDbLine
 10
5.5474015748031498
 20
-3.8651968503937009
 30
0
 11
5.5475196850393695
 21
-3.8645669291338582
 31
0
  0
LINE
  5
D33
330
22
100
AcDbEntity
  8
F.Cu
  6
CONTINUOUS
100
AcDbLine
 10
5.5475196850393695
 20
-3.8645669291338582
 30
0
 11
5.5477165354330706
 21
-3.8639763779527558
 31
0
  0
LINE
  5
D34
330
22
100
AcDbEntity
  8
F.Cu
  6
CONTINUOUS
100
AcDbLine
 10
5.5477165354330706
 20
-3.8639763779527558
 30
0
 11
5.547952755905512
 21
-3.8608267716535432
 31
0
  0
LINE
  5
D35
330
22
100
AcDbEntity
  8
F.Cu
  6
CONTINUOUS
100
AcDbLine
 10
5.547952755905512
 20
-3.8608267716535432
 30
0
 11
5.547952755905512
 21
-3.7666535433070867
 31
0
  0
LINE
  5
D36
330
22
100
AcDbEntity
  8
F.Cu
  6
CONTINUOUS
100
AcDbLine
 10
5.547952755905512
 20
-3.7666535433070867
 30
0
 11
5.547952755905512
 21
-3.6834645669291337
 31
0
  0
LINE
  5
D37
330
22
100
AcDbEntity
  8
F.Cu
  6
CONTINUOUS
100
AcDbLine
 10
5.547952755905512
 20
-3.6834645669291337
 30
0
 11
5.5479133858267717
 21
-3.6827952755905513
 31
0
  0
LINE
  5
D38
330
22
100
AcDbEntity
  8
F.Cu
  6
CONTINUOUS
100
AcDbLine
 10
5.5479133858267717
 20
-3.6827952755905513
 30
0
 11
5.5479133858267717
 21
-3.6827165354330709
 31
0
  0
LINE
  5
D39
330
22
100
AcDbEntity
  8
F.Cu
  6
CONTINUOUS
100
AcDbLine
 10
5.5479133858267717
 20
-3.6827165354330709
 30
0
 11
5.5478740157480315
 21
-3.6817716535433069
 31
0
  0
LINE
  5
D3A
330
22
100
AcDbEntity
  8
F.Cu
  6
CONTINUOUS
100
AcDbLine
 10
5.5478740157480315
 20
-3.6817716535433069
 30
0
 11
5.5477559055118109
 21
-3.6809448818897637
 31
0
  0
LINE
  5
D3B
330
22
100
AcDbEntity
  8
F.Cu
  6
CONTINUOUS
100
AcDbLine
 10
5.5477559055118109
 20
-3.6809448818897637
 30
0
 11
5.5477165354330706
 21
-3.6805905511811021
 31
0
  0
LINE
  5
D3C
330
22
100
AcDbEntity
  8
F.Cu
  6
CONTINUOUS
100
AcDbLine
 10
5.5477165354330706
 20
-3.6805905511811021
 30
0
 11
5.5477165354330706
 21
-3.6805118110236221
 31
0
  0
LINE
  5
D3D
330
22
100
AcDbEntity
  8
F.Cu
  6
CONTINUOUS
100
AcDbLine
 10
5.5477165354330706
 20
-3.6805118110236221
 30
0
 11
5.5475196850393695
 21
-3.6797244094488186
 31
0
  0
LINE
  5
D3E
330
22
100
AcDbEntity
  8
F.Cu
  6
CONTINUOUS
100
AcDbLine
 10
5.5475196850393695
 20
-3.6797244094488186
 30
0
 11
5.5474803149606302
 21
-3.679527559055118
 31
0
  0
LINE
  5
D3F
330
22
100
AcDbEntity
  8
F.Cu
  6
CONTINUOUS
100
AcDbLine
 10
5.5474803149606302
 20
-3.679527559055118
 30
0
 11
5.5472834645669291
 21
-3.6786220472440943
 31
0
  0
LINE
  5
D40
330
22
100
AcDbEntity
  8
F.Cu
  6
CONTINUOUS
100
AcDbLine
 10
5.5472834645669291
 20
-3.6786220472440943
 30
0
 11
5.5472047244094487
 21
-3.6783858267716534
 31
0
  0
LINE
  5
D41
330
22
100
AcDbEntity
  8
F.Cu
  6
CONTINUOUS
100
AcDbLine
 10
5.5472047244094487
 20
-3.6783858267716534
 30
0
 11
5.5472047244094487
 21
-3.6783464566929132
 31
0
  0
LINE
  5
D42
330
22
100
AcDbEntity
  8
F.Cu
  6
CONTINUOUS
100
AcDbLine
 10
5.5472047244094487
 20
-3.6783464566929132
 30
0
 11
5.5470472440944878
 21
-3.6779133858267716
 31
0
  0
LINE
  5
D43
330
22
100
AcDbEntity
  8
F.Cu
  6
CONTINUOUS
100
AcDbLine
 10
5.5470472440944878
 20
-3.6779133858267716
 30
0
 11
5.5468503937007876
 21
-3.6771259842519686
 31
0
  0
LINE
  5
D44
330
22
100
AcDbEntity
  8
F.Cu
  6
CONTINUOUS
100
AcDbLine
 10
5.5468503937007876
 20
-3.6771259842519686
 30
0
 11
5.5465354330708658
 21
-3.6764960629921259
 31
0
  0
LINE
  5
D45
330
22
100
AcDbEntity
  8
F.Cu
  6
CONTINUOUS
100
AcDbLine
 10
5.5465354330708658
 20
-3.6764960629921259
 30
0
 11
5.5463779527559049
 21
-3.6761417322834644
 31
0
  0
LINE
  5
D46
330
22
100
AcDbEntity
  8
F.Cu
  6
CONTINUOUS
100
AcDbLine
 10
5.5463779527559049
 20
-3.6761417322834644
 30
0
 11
5.5461023622047243
 21
-3.6753937007874016
 31
0
  0
LINE
  5
D47
330
22
100
AcDbEntity
  8
F.Cu
  6
CONTINUOUS
100
AcDbLine
 10
5.5461023622047243
 20
-3.6753937007874016
 30
0
 11
5.545866141732283
 21
-3.6749606299212596
 31
0
  0
LINE
  5
D48
330
22
100
AcDbEntity
  8
F.Cu
  6
CONTINUOUS
100
AcDbLine
 10
5.545866141732283
 20
-3.6749606299212596
 30
0
 11
5.545708661417323
 21
-3.6746850393700785
 31
0
  0
LINE
  5
D49
330
22
100
AcDbEntity
  8
F.Cu
  6
CONTINUOUS
100
AcDbLine
 10
5.545708661417323
 20
-3.6746850393700785
 30
0
 11
5.5455118110236219
 21
-3.674251968503937
 31
0
  0
LINE
  5
D4A
330
22
100
AcDbEntity
  8
F.Cu
  6
CONTINUOUS
100
AcDbLine
 10
5.5455118110236219
 20
-3.674251968503937
 30
0
 11
5.5452362204724412
 21
-3.6737795275590552
 31
0
  0
LINE
  5
D4B
330
22
100
AcDbEntity
  8
F.Cu
  6
CONTINUOUS
100
AcDbLine
 10
5.5452362204724412
 20
-3.6737795275590552
 30
0
 11
5.5449212598425195
 21
-3.673307086614173
 31
0
  0
LINE
  5
D4C
330
22
100
AcDbEntity
  8
F.Cu
  6
CONTINUOUS
100
AcDbLine
 10
5.5449212598425195
 20
-3.673307086614173
 30
0
 11
5.5448818897637793
 21
-3.673228346456693
 31
0
  0
LINE
  5
D4D
330
22
100
AcDbEntity
  8
F.Cu
  6
CONTINUOUS
100
AcDbLine
 10
5.5448818897637793
 20
-3.673228346456693
 30
0
 11
5.5444488188976377
 21
-3.67251968503937
 31
0
  0
LINE
  5
D4E
330
22
100
AcDbEntity
  8
F.Cu
  6
CONTINUOUS
100
AcDbLine
 10
5.5444488188976377
 20
-3.67251968503937
 30
0
 11
5.5443307086614171
 21
-3.6723228346456693
 31
0
  0
LINE
  5
D4F
330
22
100
AcDbEntity
  8
F.Cu
  6
CONTINUOUS
100
AcDbLine
 10
5.5443307086614171
 20
-3.6723228346456693
 30
0
 11
5.5440551181102364
 21
-3.672007874015748
 31
0
  0
LINE
  5
D50
330
22
100
AcDbEntity
  8
F.Cu
  6
CONTINUOUS
100
AcDbLine
 10
5.5440551181102364
 20
-3.672007874015748
 30
0
 11
5.5438976377952756
 21
-3.6718110236220474
 31
0
  0
LINE
  5
D51
330
22
100
AcDbEntity
  8
F.Cu
  6
CONTINUOUS
100
AcDbLine
 10
5.5438976377952756
 20
-3.6718110236220474
 30
0
 11
5.5435039370078742
 21
-3.6712598425196847
 31
0
  0
LINE
  5
D52
330
22
100
AcDbEntity
  8
F.Cu
  6
CONTINUOUS
100
AcDbLine
 10
5.5435039370078742
 20
-3.6712598425196847
 30
0
 11
5.5428346456692914
 21
-3.6705905511811023
 31
0
  0
LINE
  5
D53
330
22
100
AcDbEntity
  8
F.Cu
  6
CONTINUOUS
100
AcDbLine
 10
5.5428346456692914
 20
-3.6705905511811023
 30
0
 11
5.5423228346456694
 21
-3.6700393700787401
 31
0
  0
LINE
  5
D54
330
22
100
AcDbEntity
  8
F.Cu
  6
CONTINUOUS
100
AcDbLine
 10
5.5423228346456694
 20
-3.6700393700787401
 30
0
 11
5.5421653543307086
 21
-3.6698425196850395
 31
0
  0
LINE
  5
D55
330
22
100
AcDbEntity
  8
F.Cu
  6
CONTINUOUS
100
AcDbLine
 10
5.5421653543307086
 20
-3.6698425196850395
 30
0
 11
5.5371632677165357
 21
-3.6648425196850392
 31
0
  0
LINE
  5
D56
330
22
100
AcDbEntity
  8
F.Cu
  6
CONTINUOUS
100
AcDbLine
 10
5.5371632677165357
 20
-3.6648425196850392
 30
0
 11
5.4371214960629919
 21
-3.5648425196850391
 31
0
  0
LINE
  5
D57
330
22
100
AcDbEntity
  8
F.Cu
  6
CONTINUOUS
100
AcDbLine
 10
5.4371214960629919
 20
-3.5648425196850391
 30
0
 11
5.3535826771653543
 21
-3.4813385826771652
 31
0
  0
LINE
  5
D58
330
22
100
AcDbEntity
  8
F.Cu
  6
CONTINUOUS
100
AcDbLine
 10
5.3535826771653543
 20
-3.4813385826771652
 30
0
 11
5.3527952755905508
 21
-3.478267716535433
 31
0
  0
LINE
  5
D59
330
22
100
AcDbEntity
  8
F.Cu
  6
CONTINUOUS
100
AcDbLine
 10
5.3527952755905508
 20
-3.478267716535433
 30
0
 11
5.3533858267716532
 21
-3.4761811023622045
 31
0
  0
LINE
  5
D5A
330
22
100
AcDbEntity
  8
F.Cu
  6
CONTINUOUS
100
AcDbLine
 10
5.3533858267716532
 20
-3.4761811023622045
 30
0
 11
5.3533858267716532
 21
-3.4664173228346455
 31
0
  0
LINE
  5
D5B
330
22
100
AcDbEntity
  8
F.Cu
  6
CONTINUOUS
100
AcDbLine
 10
5.3533858267716532
 20
-3.4664173228346455
 30
0
 11
5.3529703543307088
 21
-3.4648425196850394
 31
0
  0
LINE
  5
D5C
330
22
100
AcDbEntity
  8
F.Cu
  6
CONTINUOUS
100
AcDbLine
 10
5.3529703543307088
 20
-3.4648425196850394
 30
0
 11
5.350944881889764
 21
-3.4571653543307086
 31
0
  0
LINE
  5
D5D
330
22
100
AcDbEntity
  8
F.Cu
  6
CONTINUOUS
100
AcDbLine
 10
6.1929527559055115
 20
-3.874566929133858
 30
0
 11
6.1955511811023625
 21
-3.8842125984251967
 31
0
  0
LINE
  5
D5E
330
22
100
AcDbEntity
  8
F.Cu
  6
CONTINUOUS
100
AcDbLine
 10
6.1955511811023625
 20
-3.8842125984251967
 30
0
 11
6.2003937007874015
 21
-3.8926377952755904
 31
0
  0
LINE
  5
D5F
330
22
100
AcDbEntity
  8
F.Cu
  6
CONTINUOUS
100
AcDbLine
 10
6.2003937007874015
 20
-3.8926377952755904
 30
0
 11
6.2004330708661417
 21
-3.8926771653543306
 31
0
  0
LINE
  5
D60
330
22
100
AcDbEntity
  8
F.Cu
  6
CONTINUOUS
100
AcDbLine
 10
6.2004330708661417
 20
-3.8926771653543306
 30
0
 11
6.2074409448818892
 21
-3.8996456692913384
 31
0
  0
LINE
  5
D61
330
22
100
AcDbEntity
  8
F.Cu
  6
CONTINUOUS
100
AcDbLine
 10
6.2074409448818892
 20
-3.8996456692913384
 30
0
 11
6.2074803149606295
 21
-3.8996850393700786
 31
0
  0
LINE
  5
D62
330
22
100
AcDbEntity
  8
F.Cu
  6
CONTINUOUS
100
AcDbLine
 10
6.2074803149606295
 20
-3.8996850393700786
 30
0
 11
6.2158267716535436
 21
-3.9045275590551181
 31
0
  0
LINE
  5
D63
330
22
100
AcDbEntity
  8
F.Cu
  6
CONTINUOUS
100
AcDbLine
 10
6.2158267716535436
 20
-3.9045275590551181
 30
0
 11
6.2160236220472438
 21
-3.9046062992125985
 31
0
  0
LINE
  5
D64
330
22
100
AcDbEntity
  8
F.Cu
  6
CONTINUOUS
100
AcDbLine
 10
6.2160236220472438
 20
-3.9046062992125985
 30
0
 11
6.2255118110236216
 21
-3.9071259842519686
 31
0
  0
LINE
  5
D65
330
22
100
AcDbEntity
  8
F.Cu
  6
CONTINUOUS
100
AcDbLine
 10
6.2255118110236216
 20
-3.9071259842519686
 30
0
 11
6.2353149606299212
 21
-3.9071259842519686
 31
0
  0
LINE
  5
D66
330
22
100
AcDbEntity
  8
F.Cu
  6
CONTINUOUS
100
AcDbLine
 10
6.2353149606299212
 20
-3.9071259842519686
 30
0
 11
6.2448425196850392
 21
-3.9046062992125985
 31
0
  0
LINE
  5
D67
330
22
100
AcDbEntity
  8
F.Cu
  6
CONTINUOUS
100
AcDbLine
 10
6.2448425196850392
 20
-3.9046062992125985
 30
0
 11
6.2450393700787403
 21
-3.9045275590551181
 31
0
  0
LINE
  5
D68
330
22
100
AcDbEntity
  8
F.Cu
  6
CONTINUOUS
100
AcDbLine
 10
6.2450393700787403
 20
-3.9045275590551181
 30
0
 11
6.2533858267716536
 21
-3.8996850393700786
 31
0
  0
LINE
  5
D69
330
22
100
AcDbEntity
  8
F.Cu
  6
CONTINUOUS
100
AcDbLine
 10
6.2533858267716536
 20
-3.8996850393700786
 30
0
 11
6.2603543307086609
 21
-3.8927165354330708
 31
0
  0
LINE
  5
D6A
330
22
100
AcDbEntity
  8
F.Cu
  6
CONTINUOUS
100
AcDbLine
 10
6.2603543307086609
 20
-3.8927165354330708
 30
0
 11
6.2652755905511812
 21
-3.8842125984251967
 31
0
  0
LINE
  5
D6B
330
22
100
AcDbEntity
  8
F.Cu
  6
CONTINUOUS
100
AcDbLine
 10
6.2652755905511812
 20
-3.8842125984251967
 30
0
 11
6.2679133858267715
 21
-3.874566929133858
 31
0
  0
LINE
  5
D6C
330
22
100
AcDbEntity
  8
F.Cu
  6
CONTINUOUS
100
AcDbLine
 10
6.2679133858267715
 20
-3.874566929133858
 30
0
 11
6.2679133858267715
 21
-3.8648425196850393
 31
0
  0
LINE
  5
D6D
330
22
100
AcDbEntity
  8
F.Cu
  6
CONTINUOUS
100
AcDbLine
 10
6.2679133858267715
 20
-3.8648425196850393
 30
0
 11
6.2652755905511812
 21
-3.8551574803149604
 31
0
  0
LINE
  5
D6E
330
22
100
AcDbEntity
  8
F.Cu
  6
CONTINUOUS
100
AcDbLine
 10
6.2652755905511812
 20
-3.8551574803149604
 30
0
 11
6.2603543307086609
 21
-3.8466535433070863
 31
0
  0
LINE
  5
D6F
330
22
100
AcDbEntity
  8
F.Cu
  6
CONTINUOUS
100
AcDbLine
 10
6.2603543307086609
 20
-3.8466535433070863
 30
0
 11
6.2533858267716536
 21
-3.8396850393700785
 31
0
  0
LINE
  5
D70
330
22
100
AcDbEntity
  8
F.Cu
  6
CONTINUOUS
100
AcDbLine
 10
6.2533858267716536
 20
-3.8396850393700785
 30
0
 11
6.2450393700787403
 21
-3.8348425196850391
 31
0
  0
LINE
  5
D71
330
22
100
AcDbEntity
  8
F.Cu
  6
CONTINUOUS
100
AcDbLine
 10
6.2450393700787403
 20
-3.8348425196850391
 30
0
 11
6.2449212598425197
 21
-3.8348031496062993
 31
0
  0
LINE
  5
D72
330
22
100
AcDbEntity
  8
F.Cu
  6
CONTINUOUS
100
AcDbLine
 10
6.2449212598425197
 20
-3.8348031496062993
 30
0
 11
6.2352362204724407
 21
-3.8322047244094488
 31
0
  0
LINE
  5
D73
330
22
100
AcDbEntity
  8
F.Cu
  6
CONTINUOUS
100
AcDbLine
 10
6.2352362204724407
 20
-3.8322047244094488
 30
0
 11
6.2255511811023618
 21
-3.8322047244094488
 31
0
  0
LINE
  5
D74
330
22
100
AcDbEntity
  8
F.Cu
  6
CONTINUOUS
100
AcDbLine
 10
6.2255511811023618
 20
-3.8322047244094488
 30
0
 11
6.2159055118110231
 21
-3.8348031496062993
 31
0
  0
LINE
  5
D75
330
22
100
AcDbEntity
  8
F.Cu
  6
CONTINUOUS
100
AcDbLine
 10
6.2159055118110231
 20
-3.8348031496062993
 30
0
 11
6.2074803149606295
 21
-3.8396850393700785
 31
0
  0
LINE
  5
D76
330
22
100
AcDbEntity
  8
F.Cu
  6
CONTINUOUS
100
AcDbLine
 10
6.2074803149606295
 20
-3.8396850393700785
 30
0
 11
6.2074409448818892
 21
-3.8397244094488188
 31
0
  0
LINE
  5
D77
330
22
100
AcDbEntity
  8
F.Cu
  6
CONTINUOUS
100
AcDbLine
 10
6.2074409448818892
 20
-3.8397244094488188
 30
0
 11
6.2004330708661417
 21
-3.8466929133858265
 31
0
  0
LINE
  5
D78
330
22
100
AcDbEntity
  8
F.Cu
  6
CONTINUOUS
100
AcDbLine
 10
6.2004330708661417
 20
-3.8466929133858265
 30
0
 11
6.2003937007874015
 21
-3.8467322834645667
 31
0
  0
LINE
  5
D79
330
22
100
AcDbEntity
  8
F.Cu
  6
CONTINUOUS
100
AcDbLine
 10
6.2003937007874015
 20
-3.8467322834645667
 30
0
 11
6.1955511811023625
 21
-3.8551968503937006
 31
0
  0
LINE
  5
D7A
330
22
100
AcDbEntity
  8
F.Cu
  6
CONTINUOUS
100
AcDbLine
 10
6.1955511811023625
 20
-3.8551968503937006
 30
0
 11
6.1929527559055115
 21
-3.8648031496062991
 31
0
  0
LINE
  5
D7B
330
22
100
AcDbEntity
  8
F.Cu
  6
CONTINUOUS
100
AcDbLine
 10
6.1929527559055115
 20
-3.8648031496062991
 30
0
 11
6.1929527559055115
 21
-3.874566929133858
 31
0
  0
LINE
  5
D7C
330
22
100
AcDbEntity
  8
F.Cu
  6
CONTINUOUS
100
AcDbLine
 10
6.2159055118110231
 20
-3.7348031496062992
 30
0
 11
6.2074803149606295
 21
-3.7396850393700785
 31
0
  0
LINE
  5
D7D
330
22
100
AcDbEntity
  8
F.Cu
  6
CONTINUOUS
100
AcDbLine
 10
6.2074803149606295
 20
-3.7396850393700785
 30
0
 11
6.2074409448818892
 21
-3.7397244094488187
 31
0
  0
LINE
  5
D7E
330
22
100
AcDbEntity
  8
F.Cu
  6
CONTINUOUS
100
AcDbLine
 10
6.2074409448818892
 20
-3.7397244094488187
 30
0
 11
6.2004330708661417
 21
-3.7466929133858269
 31
0
  0
LINE
  5
D7F
330
22
100
AcDbEntity
  8
F.Cu
  6
CONTINUOUS
100
AcDbLine
 10
6.2004330708661417
 20
-3.7466929133858269
 30
0
 11
6.2003543307086613
 21
-3.7468110236220471
 31
0
  0
LINE
  5
D80
330
22
100
AcDbEntity
  8
F.Cu
  6
CONTINUOUS
100
AcDbLine
 10
6.2003543307086613
 20
-3.7468110236220471
 30
0
 11
6.1955511811023625
 21
-3.7551968503937005
 31
0
  0
LINE
  5
D81
330
22
100
AcDbEntity
  8
F.Cu
  6
CONTINUOUS
100
AcDbLine
 10
6.1955511811023625
 20
-3.7551968503937005
 30
0
 11
6.1929527559055115
 21
-3.764803149606299
 31
0
  0
LINE
  5
D82
330
22
100
AcDbEntity
  8
F.Cu
  6
CONTINUOUS
100
AcDbLine
 10
6.1929527559055115
 20
-3.764803149606299
 30
0
 11
6.1929527559055115
 21
-3.7744881889763779
 31
0
  0
LINE
  5
D83
330
22
100
AcDbEntity
  8
F.Cu
  6
CONTINUOUS
100
AcDbLine
 10
6.1929527559055115
 20
-3.7744881889763779
 30
0
 11
6.1955511811023625
 21
-3.7841732283464564
 31
0
  0
LINE
  5
D84
330
22
100
AcDbEntity
  8
F.Cu
  6
CONTINUOUS
100
AcDbLine
 10
6.1955511811023625
 20
-3.7841732283464564
 30
0
 11
6.2003937007874015
 21
-3.7926377952755903
 31
0
  0
LINE
  5
D85
330
22
100
AcDbEntity
  8
F.Cu
  6
CONTINUOUS
100
AcDbLine
 10
6.2003937007874015
 20
-3.7926377952755903
 30
0
 11
6.2004330708661417
 21
-3.7926771653543305
 31
0
  0
LINE
  5
D86
330
22
100
AcDbEntity
  8
F.Cu
  6
CONTINUOUS
100
AcDbLine
 10
6.2004330708661417
 20
-3.7926771653543305
 30
0
 11
6.2074409448818892
 21
-3.7996456692913383
 31
0
  0
LINE
  5
D87
330
22
100
AcDbEntity
  8
F.Cu
  6
CONTINUOUS
100
AcDbLine
 10
6.2074409448818892
 20
-3.7996456692913383
 30
0
 11
6.2075590551181099
 21
-3.7997244094488187
 31
0
  0
LINE
  5
D88
330
22
100
AcDbEntity
  8
F.Cu
  6
CONTINUOUS
100
AcDbLine
 10
6.2075590551181099
 20
-3.7997244094488187
 30
0
 11
6.2158267716535436
 21
-3.804527559055118
 31
0
  0
LINE
  5
D89
330
22
100
AcDbEntity
  8
F.Cu
  6
CONTINUOUS
100
AcDbLine
 10
6.2158267716535436
 20
-3.804527559055118
 30
0
 11
6.2160236220472438
 21
-3.8046062992125984
 31
0
  0
LINE
  5
D8A
330
22
100
AcDbEntity
  8
F.Cu
  6
CONTINUOUS
100
AcDbLine
 10
6.2160236220472438
 20
-3.8046062992125984
 30
0
 11
6.2255118110236216
 21
-3.8071259842519685
 31
0
  0
LINE
  5
D8B
330
22
100
AcDbEntity
  8
F.Cu
  6
CONTINUOUS
100
AcDbLine
 10
6.2255118110236216
 20
-3.8071259842519685
 30
0
 11
6.2353149606299212
 21
-3.8071259842519685
 31
0
  0
LINE
  5
D8C
330
22
100
AcDbEntity
  8
F.Cu
  6
CONTINUOUS
100
AcDbLine
 10
6.2353149606299212
 20
-3.8071259842519685
 30
0
 11
6.2448425196850392
 21
-3.8046062992125984
 31
0
  0
LINE
  5
D8D
330
22
100
AcDbEntity
  8
F.Cu
  6
CONTINUOUS
100
AcDbLine
 10
6.2448425196850392
 20
-3.8046062992125984
 30
0
 11
6.2450393700787403
 21
-3.804527559055118
 31
0
  0
LINE
  5
D8E
330
22
100
AcDbEntity
  8
F.Cu
  6
CONTINUOUS
100
AcDbLine
 10
6.2450393700787403
 20
-3.804527559055118
 30
0
 11
6.2533070866141731
 21
-3.7997244094488187
 31
0
  0
LINE
  5
D8F
330
22
100
AcDbEntity
  8
F.Cu
  6
CONTINUOUS
100
AcDbLine
 10
6.2533070866141731
 20
-3.7997244094488187
 30
0
 11
6.2534251968503938
 21
-3.7996456692913383
 31
0
  0
LINE
  5
D90
330
22
100
AcDbEntity
  8
F.Cu
  6
CONTINUOUS
100
AcDbLine
 10
6.2534251968503938
 20
-3.7996456692913383
 30
0
 11
6.2603543307086609
 21
-3.7927165354330707
 31
0
  0
LINE
  5
D91
330
22
100
AcDbEntity
  8
F.Cu
  6
CONTINUOUS
100
AcDbLine
 10
6.2603543307086609
 20
-3.7927165354330707
 30
0
 11
6.2652755905511812
 21
-3.7842125984251966
 31
0
  0
LINE
  5
D92
330
22
100
AcDbEntity
  8
F.Cu
  6
CONTINUOUS
100
AcDbLine
 10
6.2652755905511812
 20
-3.7842125984251966
 30
0
 11
6.2679133858267715
 21
-3.7745275590551182
 31
0
  0
LINE
  5
D93
330
22
100
AcDbEntity
  8
F.Cu
  6
CONTINUOUS
100
AcDbLine
 10
6.2679133858267715
 20
-3.7745275590551182
 30
0
 11
6.2679133858267715
 21
-3.7648425196850392
 31
0
  0
LINE
  5
D94
330
22
100
AcDbEntity
  8
F.Cu
  6
CONTINUOUS
100
AcDbLine
 10
6.2679133858267715
 20
-3.7648425196850392
 30
0
 11
6.2652755905511812
 21
-3.7551181102362206
 31
0
  0
LINE
  5
D95
330
22
100
AcDbEntity
  8
F.Cu
  6
CONTINUOUS
100
AcDbLine
 10
6.2652755905511812
 20
-3.7551181102362206
 30
0
 11
6.2603543307086609
 21
-3.7466535433070867
 31
0
  0
LINE
  5
D96
330
22
100
AcDbEntity
  8
F.Cu
  6
CONTINUOUS
100
AcDbLine
 10
6.2603543307086609
 20
-3.7466535433070867
 30
0
 11
6.2533858267716536
 21
-3.7396850393700785
 31
0
  0
LINE
  5
D97
330
22
100
AcDbEntity
  8
F.Cu
  6
CONTINUOUS
100
AcDbLine
 10
6.2533858267716536
 20
-3.7396850393700785
 30
0
 11
6.2450393700787403
 21
-3.7348425196850394
 31
0
  0
LINE
  5
D98
330
22
100
AcDbEntity
  8
F.Cu
  6
CONTINUOUS
100
AcDbLine
 10
6.2450393700787403
 20
-3.7348425196850394
 30
0
 11
6.2449212598425197
 21
-3.7348031496062992
 31
0
  0
LINE
  5
D99
330
22
100
AcDbEntity
  8
F.Cu
  6
CONTINUOUS
100
AcDbLine
 10
6.2449212598425197
 20
-3.7348031496062992
 30
0
 11
6.2352362204724407
 21
-3.7322047244094487
 31
0
  0
LINE
  5
D9A
330
22
100
AcDbEntity
  8
F.Cu
  6
CONTINUOUS
100
AcDbLine
 10
6.2352362204724407
 20
-3.7322047244094487
 30
0
 11
6.2255511811023618
 21
-3.7322047244094487
 31
0
  0
LINE
  5
D9B
330
22
100
AcDbEntity
  8
F.Cu
  6
CONTINUOUS
100
AcDbLine
 10
6.2255511811023618
 20
-3.7322047244094487
 30
0
 11
6.2159055118110231
 21
-3.7348031496062992
 31
0
  0
LINE
  5
D9C
330
22
100
AcDbEntity
  8
F.Cu
  6
CONTINUOUS
100
AcDbLine
 10
5.5929133858267717
 20
-3.6745669291338583
 30
0
 11
5.5955511811023619
 21
-3.6842519685039368
 31
0
  0
LINE
  5
D9D
330
22
100
AcDbEntity
  8
F.Cu
  6
CONTINUOUS
100
AcDbLine
 10
5.5955511811023619
 20
-3.6842519685039368
 30
0
 11
5.6003937007874018
 21
-3.6926377952755907
 31
0
  0
LINE
  5
D9E
330
22
100
AcDbEntity
  8
F.Cu
  6
CONTINUOUS
100
AcDbLine
 10
5.6003937007874018
 20
-3.6926377952755907
 30
0
 11
5.6005118110236216
 21
-3.6927559055118109
 31
0
  0
LINE
  5
D9F
330
22
100
AcDbEntity
  8
F.Cu
  6
CONTINUOUS
100
AcDbLine
 10
5.6005118110236216
 20
-3.6927559055118109
 30
0
 11
5.6074409448818896
 21
-3.6996456692913386
 31
0
  0
LINE
  5
DA0
330
22
100
AcDbEntity
  8
F.Cu
  6
CONTINUOUS
100
AcDbLine
 10
5.6074409448818896
 20
-3.6996456692913386
 30
0
 11
5.6074803149606298
 21
-3.6996850393700789
 31
0
  0
LINE
  5
DA1
330
22
100
AcDbEntity
  8
F.Cu
  6
CONTINUOUS
100
AcDbLine
 10
5.6074803149606298
 20
-3.6996850393700789
 30
0
 11
5.615826771653543
 21
-3.7045275590551179
 31
0
  0
LINE
  5
DA2
330
22
100
AcDbEntity
  8
F.Cu
  6
CONTINUOUS
100
AcDbLine
 10
5.615826771653543
 20
-3.7045275590551179
 30
0
 11
5.6160236220472441
 21
-3.7046062992125983
 31
0
  0
LINE
  5
DA3
330
22
100
AcDbEntity
  8
F.Cu
  6
CONTINUOUS
100
AcDbLine
 10
5.6160236220472441
 20
-3.7046062992125983
 30
0
 11
5.625511811023622
 21
-3.7071259842519684
 31
0
  0
LINE
  5
DA4
330
22
100
AcDbEntity
  8
F.Cu
  6
CONTINUOUS
100
AcDbLine
 10
5.625511811023622
 20
-3.7071259842519684
 30
0
 11
5.6353149606299215
 21
-3.7071259842519684
 31
0
  0
LINE
  5
DA5
330
22
100
AcDbEntity
  8
F.Cu
  6
CONTINUOUS
100
AcDbLine
 10
5.6353149606299215
 20
-3.7071259842519684
 30
0
 11
5.6448425196850396
 21
-3.7046062992125983
 31
0
  0
LINE
  5
DA6
330
22
100
AcDbEntity
  8
F.Cu
  6
CONTINUOUS
100
AcDbLine
 10
5.6448425196850396
 20
-3.7046062992125983
 30
0
 11
5.6450393700787398
 21
-3.7045275590551179
 31
0
  0
LINE
  5
DA7
330
22
100
AcDbEntity
  8
F.Cu
  6
CONTINUOUS
100
AcDbLine
 10
5.6450393700787398
 20
-3.7045275590551179
 30
0
 11
5.653385826771653
 21
-3.6996850393700789
 31
0
  0
LINE
  5
DA8
330
22
100
AcDbEntity
  8
F.Cu
  6
CONTINUOUS
100
AcDbLine
 10
5.653385826771653
 20
-3.6996850393700789
 30
0
 11
5.660314960629921
 21
-3.6927559055118109
 31
0
  0
LINE
  5
DA9
330
22
100
AcDbEntity
  8
F.Cu
  6
CONTINUOUS
100
AcDbLine
 10
5.660314960629921
 20
-3.6927559055118109
 30
0
 11
5.6652362204724405
 21
-3.6842519685039368
 31
0
  0
LINE
  5
DAA
330
22
100
AcDbEntity
  8
F.Cu
  6
CONTINUOUS
100
AcDbLine
 10
5.6652362204724405
 20
-3.6842519685039368
 30
0
 11
5.6652755905511807
 21
-3.6842125984251965
 31
0
  0
LINE
  5
DAB
330
22
100
AcDbEntity
  8
F.Cu
  6
CONTINUOUS
100
AcDbLine
 10
5.6652755905511807
 20
-3.6842125984251965
 30
0
 11
5.6678740157480316
 21
-3.6745669291338583
 31
0
  0
LINE
  5
DAC
330
22
100
AcDbEntity
  8
F.Cu
  6
CONTINUOUS
100
AcDbLine
 10
5.6678740157480316
 20
-3.6745669291338583
 30
0
 11
5.6678740157480316
 21
-3.6648031496062989
 31
0
  0
LINE
  5
DAD
330
22
100
AcDbEntity
  8
F.Cu
  6
CONTINUOUS
100
AcDbLine
 10
5.6678740157480316
 20
-3.6648031496062989
 30
0
 11
5.6652755905511807
 21
-3.6551968503937009
 31
0
  0
LINE
  5
DAE
330
22
100
AcDbEntity
  8
F.Cu
  6
CONTINUOUS
100
AcDbLine
 10
5.6652755905511807
 20
-3.6551968503937009
 30
0
 11
5.6603543307086612
 21
-3.6466535433070866
 31
0
  0
LINE
  5
DAF
330
22
100
AcDbEntity
  8
F.Cu
  6
CONTINUOUS
100
AcDbLine
 10
5.6603543307086612
 20
-3.6466535433070866
 30
0
 11
5.653385826771653
 21
-3.6396850393700788
 31
0
  0
LINE
  5
DB0
330
22
100
AcDbEntity
  8
F.Cu
  6
CONTINUOUS
100
AcDbLine
 10
5.653385826771653
 20
-3.6396850393700788
 30
0
 11
5.6450393700787398
 21
-3.6348425196850394
 31
0
  0
LINE
  5
DB1
330
22
100
AcDbEntity
  8
F.Cu
  6
CONTINUOUS
100
AcDbLine
 10
5.6450393700787398
 20
-3.6348425196850394
 30
0
 11
5.6449212598425191
 21
-3.6348031496062991
 31
0
  0
LINE
  5
DB2
330
22
100
AcDbEntity
  8
F.Cu
  6
CONTINUOUS
100
AcDbLine
 10
5.6449212598425191
 20
-3.6348031496062991
 30
0
 11
5.6352362204724411
 21
-3.6322047244094486
 31
0
  0
LINE
  5
DB3
330
22
100
AcDbEntity
  8
F.Cu
  6
CONTINUOUS
100
AcDbLine
 10
5.6352362204724411
 20
-3.6322047244094486
 30
0
 11
5.6255511811023622
 21
-3.6322047244094486
 31
0
  0
LINE
  5
DB4
330
22
100
AcDbEntity
  8
F.Cu
  6
CONTINUOUS
100
AcDbLine
 10
5.6255511811023622
 20
-3.6322047244094486
 30
0
 11
5.6159055118110235
 21
-3.6348031496062991
 31
0
  0
LINE
  5
DB5
330
22
100
AcDbEntity
  8
F.Cu
  6
CONTINUOUS
100
AcDbLine
 10
5.6159055118110235
 20
-3.6348031496062991
 30
0
 11
5.6074803149606298
 21
-3.6396850393700788
 31
0
  0
LINE
  5
DB6
330
22
100
AcDbEntity
  8
F.Cu
  6
CONTINUOUS
100
AcDbLine
 10
5.6074803149606298
 20
-3.6396850393700788
 30
0
 11
5.6074409448818896
 21
-3.639724409448819
 31
0
  0
LINE
  5
DB7
330
22
100
AcDbEntity
  8
F.Cu
  6
CONTINUOUS
100
AcDbLine
 10
5.6074409448818896
 20
-3.639724409448819
 30
0
 11
5.6004330708661412
 21
-3.6466929133858268
 31
0
  0
LINE
  5
DB8
330
22
100
AcDbEntity
  8
F.Cu
  6
CONTINUOUS
100
AcDbLine
 10
5.6004330708661412
 20
-3.6466929133858268
 30
0
 11
5.6003937007874018
 21
-3.646732283464567
 31
0
  0
LINE
  5
DB9
330
22
100
AcDbEntity
  8
F.Cu
  6
CONTINUOUS
100
AcDbLine
 10
5.6003937007874018
 20
-3.646732283464567
 30
0
 11
5.5955511811023619
 21
-3.6551181102362205
 31
0
  0
LINE
  5
DBA
330
22
100
AcDbEntity
  8
F.Cu
  6
CONTINUOUS
100
AcDbLine
 10
5.5955511811023619
 20
-3.6551181102362205
 30
0
 11
5.5929133858267717
 21
-3.6648425196850392
 31
0
  0
LINE
  5
DBB
330
22
100
AcDbEntity
  8
F.Cu
  6
CONTINUOUS
100
AcDbLine
 10
5.5929133858267717
 20
-3.6648425196850392
 30
0
 11
5.5929133858267717
 21
-3.6745669291338583
 31
0
  0
LINE
  5
DBC
330
22
100
AcDbEntity
  8
F.Cu
  6
CONTINUOUS
100
AcDbLine
 10
6.1929527559055115
 20
-3.6745669291338583
 30
0
 11
6.1955511811023625
 21
-3.6842125984251965
 31
0
  0
LINE
  5
DBD
330
22
100
AcDbEntity
  8
F.Cu
  6
CONTINUOUS
100
AcDbLine
 10
6.1955511811023625
 20
-3.6842125984251965
 30
0
 11
6.1955905511811018
 21
-3.6842519685039368
 31
0
  0
LINE
  5
DBE
330
22
100
AcDbEntity
  8
F.Cu
  6
CONTINUOUS
100
AcDbLine
 10
6.1955905511811018
 20
-3.6842519685039368
 30
0
 11
6.2003937007874015
 21
-3.6926377952755907
 31
0
  0
LINE
  5
DBF
330
22
100
AcDbEntity
  8
F.Cu
  6
CONTINUOUS
100
AcDbLine
 10
6.2003937007874015
 20
-3.6926377952755907
 30
0
 11
6.2005118110236221
 21
-3.6927559055118109
 31
0
  0
LINE
  5
DC0
330
22
100
AcDbEntity
  8
F.Cu
  6
CONTINUOUS
100
AcDbLine
 10
6.2005118110236221
 20
-3.6927559055118109
 30
0
 11
6.2074409448818892
 21
-3.6996456692913386
 31
0
  0
LINE
  5
DC1
330
22
100
AcDbEntity
  8
F.Cu
  6
CONTINUOUS
100
AcDbLine
 10
6.2074409448818892
 20
-3.6996456692913386
 30
0
 11
6.2074803149606295
 21
-3.6996850393700789
 31
0
  0
LINE
  5
DC2
330
22
100
AcDbEntity
  8
F.Cu
  6
CONTINUOUS
100
AcDbLine
 10
6.2074803149606295
 20
-3.6996850393700789
 30
0
 11
6.2158267716535436
 21
-3.7045275590551179
 31
0
  0
LINE
  5
DC3
330
22
100
AcDbEntity
  8
F.Cu
  6
CONTINUOUS
100
AcDbLine
 10
6.2158267716535436
 20
-3.7045275590551179
 30
0
 11
6.2160236220472438
 21
-3.7046062992125983
 31
0
  0
LINE
  5
DC4
330
22
100
AcDbEntity
  8
F.Cu
  6
CONTINUOUS
100
AcDbLine
 10
6.2160236220472438
 20
-3.7046062992125983
 30
0
 11
6.2255118110236216
 21
-3.7071259842519684
 31
0
  0
LINE
  5
DC5
330
22
100
AcDbEntity
  8
F.Cu
  6
CONTINUOUS
100
AcDbLine
 10
6.2255118110236216
 20
-3.7071259842519684
 30
0
 11
6.2353149606299212
 21
-3.7071259842519684
 31
0
  0
LINE
  5
DC6
330
22
100
AcDbEntity
  8
F.Cu
  6
CONTINUOUS
100
AcDbLine
 10
6.2353149606299212
 20
-3.7071259842519684
 30
0
 11
6.2448425196850392
 21
-3.7046062992125983
 31
0
  0
LINE
  5
DC7
330
22
100
AcDbEntity
  8
F.Cu
  6
CONTINUOUS
100
AcDbLine
 10
6.2448425196850392
 20
-3.7046062992125983
 30
0
 11
6.2450393700787403
 21
-3.7045275590551179
 31
0
  0
LINE
  5
DC8
330
22
100
AcDbEntity
  8
F.Cu
  6
CONTINUOUS
100
AcDbLine
 10
6.2450393700787403
 20
-3.7045275590551179
 30
0
 11
6.2533858267716536
 21
-3.6996850393700789
 31
0
  0
LINE
  5
DC9
330
22
100
AcDbEntity
  8
F.Cu
  6
CONTINUOUS
100
AcDbLine
 10
6.2533858267716536
 20
-3.6996850393700789
 30
0
 11
6.2603149606299215
 21
-3.6927559055118109
 31
0
  0
LINE
  5
DCA
330
22
100
AcDbEntity
  8
F.Cu
  6
CONTINUOUS
100
AcDbLine
 10
6.2603149606299215
 20
-3.6927559055118109
 30
0
 11
6.2652755905511812
 21
-3.6842519685039368
 31
0
  0
LINE
  5
DCB
330
22
100
AcDbEntity
  8
F.Cu
  6
CONTINUOUS
100
AcDbLine
 10
6.2652755905511812
 20
-3.6842519685039368
 30
0
 11
6.2679133858267715
 21
-3.6745669291338583
 31
0
  0
LINE
  5
DCC
330
22
100
AcDbEntity
  8
F.Cu
  6
CONTINUOUS
100
AcDbLine
 10
6.2679133858267715
 20
-3.6745669291338583
 30
0
 11
6.2679133858267715
 21
-3.6648425196850392
 31
0
  0
LINE
  5
DCD
330
22
100
AcDbEntity
  8
F.Cu
  6
CONTINUOUS
100
AcDbLine
 10
6.2679133858267715
 20
-3.6648425196850392
 30
0
 11
6.2652755905511812
 21
-3.6551181102362205
 31
0
  0
LINE
  5
DCE
330
22
100
AcDbEntity
  8
F.Cu
  6
CONTINUOUS
100
AcDbLine
 10
6.2652755905511812
 20
-3.6551181102362205
 30
0
 11
6.2603543307086609
 21
-3.6466535433070866
 31
0
  0
LINE
  5
DCF
330
22
100
AcDbEntity
  8
F.Cu
  6
CONTINUOUS
100
AcDbLine
 10
6.2603543307086609
 20
-3.6466535433070866
 30
0
 11
6.2533858267716536
 21
-3.6396850393700788
 31
0
  0
LINE
  5
DD0
330
22
100
AcDbEntity
  8
F.Cu
  6
CONTINUOUS
100
AcDbLine
 10
6.2533858267716536
 20
-3.6396850393700788
 30
0
 11
6.2450393700787403
 21
-3.6348425196850394
 31
0
  0
LINE
  5
DD1
330
22
100
AcDbEntity
  8
F.Cu
  6
CONTINUOUS
100
AcDbLine
 10
6.2450393700787403
 20
-3.6348425196850394
 30
0
 11
6.2449212598425197
 21
-3.6348031496062991
 31
0
  0
LINE
  5
DD2
330
22
100
AcDbEntity
  8
F.Cu
  6
CONTINUOUS
100
AcDbLine
 10
6.2449212598425197
 20
-3.6348031496062991
 30
0
 11
6.2352362204724407
 21
-3.6322047244094486
 31
0
  0
LINE
  5
DD3
330
22
100
AcDbEntity
  8
F.Cu
  6
CONTINUOUS
100
AcDbLine
 10
6.2352362204724407
 20
-3.6322047244094486
 30
0
 11
6.2255511811023618
 21
-3.6322047244094486
 31
0
  0
LINE
  5
DD4
330
22
100
AcDbEntity
  8
F.Cu
  6
CONTINUOUS
100
AcDbLine
 10
6.2255511811023618
 20
-3.6322047244094486
 30
0
 11
6.2159055118110231
 21
-3.6348031496062991
 31
0
  0
LINE
  5
DD5
330
22
100
AcDbEntity
  8
F.Cu
  6
CONTINUOUS
100
AcDbLine
 10
6.2159055118110231
 20
-3.6348031496062991
 30
0
 11
6.2074803149606295
 21
-3.6396850393700788
 31
0
  0
LINE
  5
DD6
330
22
100
AcDbEntity
  8
F.Cu
  6
CONTINUOUS
100
AcDbLine
 10
6.2074803149606295
 20
-3.6396850393700788
 30
0
 11
6.2074409448818892
 21
-3.639724409448819
 31
0
  0
LINE
  5
DD7
330
22
100
AcDbEntity
  8
F.Cu
  6
CONTINUOUS
100
AcDbLine
 10
6.2074409448818892
 20
-3.639724409448819
 30
0
 11
6.2004330708661417
 21
-3.6466929133858268
 31
0
  0
LINE
  5
DD8
330
22
100
AcDbEntity
  8
F.Cu
  6
CONTINUOUS
100
AcDbLine
 10
6.2004330708661417
 20
-3.6466929133858268
 30
0
 11
6.2003937007874015
 21
-3.646732283464567
 31
0
  0
LINE
  5
DD9
330
22
100
AcDbEntity
  8
F.Cu
  6
CONTINUOUS
100
AcDbLine
 10
6.2003937007874015
 20
-3.646732283464567
 30
0
 11
6.1955511811023625
 21
-3.6551968503937009
 31
0
  0
LINE
  5
DDA
330
22
100
AcDbEntity
  8
F.Cu
  6
CONTINUOUS
100
AcDbLine
 10
6.1955511811023625
 20
-3.6551968503937009
 30
0
 11
6.1929527559055115
 21
-3.6648031496062989
 31
0
  0
LINE
  5
DDB
330
22
100
AcDbEntity
  8
F.Cu
  6
CONTINUOUS
100
AcDbLine
 10
6.1929527559055115
 20
-3.6648031496062989
 30
0
 11
6.1929527559055115
 21
-3.6745669291338583
 31
0
  0
LINE
  5
DDC
330
22
100
AcDbEntity
  8
F.Cu
  6
CONTINUOUS
100
AcDbLine
 10
5.5929133858267717
 20
-3.574527559055118
 30
0
 11
5.5955905511811022
 21
-3.5842913385826769
 31
0
  0
LINE
  5
DDD
330
22
100
AcDbEntity
  8
F.Cu
  6
CONTINUOUS
100
AcDbLine
 10
5.5955905511811022
 20
-3.5842913385826769
 30
0
 11
5.6003937007874018
 21
-3.5926377952755906
 31
0
  0
LINE
  5
DDE
330
22
100
AcDbEntity
  8
F.Cu
  6
CONTINUOUS
100
AcDbLine
 10
5.6003937007874018
 20
-3.5926377952755906
 30
0
 11
5.6004724409448814
 21
-3.5927165354330706
 31
0
  0
LINE
  5
DDF
330
22
100
AcDbEntity
  8
F.Cu
  6
CONTINUOUS
100
AcDbLine
 10
5.6004724409448814
 20
-3.5927165354330706
 30
0
 11
5.6074409448818896
 21
-3.5996456692913386
 31
0
  0
LINE
  5
DE0
330
22
100
AcDbEntity
  8
F.Cu
  6
CONTINUOUS
100
AcDbLine
 10
5.6074409448818896
 20
-3.5996456692913386
 30
0
 11
5.6074803149606298
 21
-3.5996850393700788
 31
0
  0
LINE
  5
DE1
330
22
100
AcDbEntity
  8
F.Cu
  6
CONTINUOUS
100
AcDbLine
 10
5.6074803149606298
 20
-3.5996850393700788
 30
0
 11
5.615826771653543
 21
-3.6045275590551182
 31
0
  0
LINE
  5
DE2
330
22
100
AcDbEntity
  8
F.Cu
  6
CONTINUOUS
100
AcDbLine
 10
5.615826771653543
 20
-3.6045275590551182
 30
0
 11
5.6160236220472441
 21
-3.6046062992125982
 31
0
  0
LINE
  5
DE3
330
22
100
AcDbEntity
  8
F.Cu
  6
CONTINUOUS
100
AcDbLine
 10
5.6160236220472441
 20
-3.6046062992125982
 30
0
 11
5.625511811023622
 21
-3.6071259842519683
 31
0
  0
LINE
  5
DE4
330
22
100
AcDbEntity
  8
F.Cu
  6
CONTINUOUS
100
AcDbLine
 10
5.625511811023622
 20
-3.6071259842519683
 30
0
 11
5.6353149606299215
 21
-3.6071259842519683
 31
0
  0
LINE
  5
DE5
330
22
100
AcDbEntity
  8
F.Cu
  6
CONTINUOUS
100
AcDbLine
 10
5.6353149606299215
 20
-3.6071259842519683
 30
0
 11
5.6448425196850396
 21
-3.6046062992125982
 31
0
  0
LINE
  5
DE6
330
22
100
AcDbEntity
  8
F.Cu
  6
CONTINUOUS
100
AcDbLine
 10
5.6448425196850396
 20
-3.6046062992125982
 30
0
 11
5.6450393700787398
 21
-3.6045275590551182
 31
0
  0
LINE
  5
DE7
330
22
100
AcDbEntity
  8
F.Cu
  6
CONTINUOUS
100
AcDbLine
 10
5.6450393700787398
 20
-3.6045275590551182
 30
0
 11
5.653385826771653
 21
-3.5996850393700788
 31
0
  0
LINE
  5
DE8
330
22
100
AcDbEntity
  8
F.Cu
  6
CONTINUOUS
100
AcDbLine
 10
5.653385826771653
 20
-3.5996850393700788
 30
0
 11
5.6603543307086612
 21
-3.5927165354330706
 31
0
  0
LINE
  5
DE9
330
22
100
AcDbEntity
  8
F.Cu
  6
CONTINUOUS
100
AcDbLine
 10
5.6603543307086612
 20
-3.5927165354330706
 30
0
 11
5.6652362204724405
 21
-3.5842913385826769
 31
0
  0
LINE
  5
DEA
330
22
100
AcDbEntity
  8
F.Cu
  6
CONTINUOUS
100
AcDbLine
 10
5.6652362204724405
 20
-3.5842913385826769
 30
0
 11
5.6678740157480316
 21
-3.5745669291338582
 31
0
  0
LINE
  5
DEB
330
22
100
AcDbEntity
  8
F.Cu
  6
CONTINUOUS
100
AcDbLine
 10
5.6678740157480316
 20
-3.5745669291338582
 30
0
 11
5.6678740157480316
 21
-3.5668503937007872
 31
0
  0
LINE
  5
DEC
330
22
100
AcDbEntity
  8
F.Cu
  6
CONTINUOUS
100
AcDbLine
 10
5.6678740157480316
 20
-3.5668503937007872
 30
0
 11
5.6678740157480316
 21
-3.5648031496062993
 31
0
  0
LINE
  5
DED
330
22
100
AcDbEntity
  8
F.Cu
  6
CONTINUOUS
100
AcDbLine
 10
5.6678740157480316
 20
-3.5648031496062993
 30
0
 11
5.6653543307086611
 21
-3.5553937007874015
 31
0
  0
LINE
  5
DEE
330
22
100
AcDbEntity
  8
F.Cu
  6
CONTINUOUS
100
AcDbLine
 10
5.6653543307086611
 20
-3.5553937007874015
 30
0
 11
5.6652755905511807
 21
-3.5551968503937008
 31
0
  0
LINE
  5
DEF
330
22
100
AcDbEntity
  8
F.Cu
  6
CONTINUOUS
100
AcDbLine
 10
5.6652755905511807
 20
-3.5551968503937008
 30
0
 11
5.6603543307086612
 21
-3.5466535433070865
 31
0
  0
LINE
  5
DF0
330
22
100
AcDbEntity
  8
F.Cu
  6
CONTINUOUS
100
AcDbLine
 10
5.6603543307086612
 20
-3.5466535433070865
 30
0
 11
5.653385826771653
 21
-3.5396850393700787
 31
0
  0
LINE
  5
DF1
330
22
100
AcDbEntity
  8
F.Cu
  6
CONTINUOUS
100
AcDbLine
 10
5.653385826771653
 20
-3.5396850393700787
 30
0
 11
5.6450393700787398
 21
-3.5348425196850393
 31
0
  0
LINE
  5
DF2
330
22
100
AcDbEntity
  8
F.Cu
  6
CONTINUOUS
100
AcDbLine
 10
5.6450393700787398
 20
-3.5348425196850393
 30
0
 11
5.6449212598425191
 21
-3.534803149606299
 31
0
  0
LINE
  5
DF3
330
22
100
AcDbEntity
  8
F.Cu
  6
CONTINUOUS
100
AcDbLine
 10
5.6449212598425191
 20
-3.534803149606299
 30
0
 11
5.6352362204724411
 21
-3.5322047244094485
 31
0
  0
LINE
  5
DF4
330
22
100
AcDbEntity
  8
F.Cu
  6
CONTINUOUS
100
AcDbLine
 10
5.6352362204724411
 20
-3.5322047244094485
 30
0
 11
5.6255511811023622
 21
-3.5322047244094485
 31
0
  0
LINE
  5
DF5
330
22
100
AcDbEntity
  8
F.Cu
  6
CONTINUOUS
100
AcDbLine
 10
5.6255511811023622
 20
-3.5322047244094485
 30
0
 11
5.6159055118110235
 21
-3.534803149606299
 31
0
  0
LINE
  5
DF6
330
22
100
AcDbEntity
  8
F.Cu
  6
CONTINUOUS
100
AcDbLine
 10
5.6159055118110235
 20
-3.534803149606299
 30
0
 11
5.6074803149606298
 21
-3.5396850393700787
 31
0
  0
LINE
  5
DF7
330
22
100
AcDbEntity
  8
F.Cu
  6
CONTINUOUS
100
AcDbLine
 10
5.6074803149606298
 20
-3.5396850393700787
 30
0
 11
5.6074409448818896
 21
-3.5397244094488189
 31
0
  0
LINE
  5
DF8
330
22
100
AcDbEntity
  8
F.Cu
  6
CONTINUOUS
100
AcDbLine
 10
5.6074409448818896
 20
-3.5397244094488189
 30
0
 11
5.6004330708661412
 21
-3.5466929133858267
 31
0
  0
LINE
  5
DF9
330
22
100
AcDbEntity
  8
F.Cu
  6
CONTINUOUS
100
AcDbLine
 10
5.6004330708661412
 20
-3.5466929133858267
 30
0
 11
5.6003543307086616
 21
-3.5468110236220474
 31
0
  0
LINE
  5
DFA
330
22
100
AcDbEntity
  8
F.Cu
  6
CONTINUOUS
100
AcDbLine
 10
5.6003543307086616
 20
-3.5468110236220474
 30
0
 11
5.5955511811023619
 21
-3.5551181102362204
 31
0
  0
LINE
  5
DFB
330
22
100
AcDbEntity
  8
F.Cu
  6
CONTINUOUS
100
AcDbLine
 10
5.5955511811023619
 20
-3.5551181102362204
 30
0
 11
5.5929133858267717
 21
-3.5648425196850391
 31
0
  0
LINE
  5
DFC
330
22
100
AcDbEntity
  8
F.Cu
  6
CONTINUOUS
100
AcDbLine
 10
5.5929133858267717
 20
-3.5648425196850391
 30
0
 11
5.5929133858267717
 21
-3.574527559055118
 31
0
  0
LINE
  5
DFD
330
22
100
AcDbEntity
  8
F.Cu
  6
CONTINUOUS
100
AcDbLine
 10
5.2794488188976381
 20
-3.3775984251968505
 30
0
 11
5.2820078740157479
 21
-3.3871259842519685
 31
0
  0
LINE
  5
DFE
330
22
100
AcDbEntity
  8
F.Cu
  6
CONTINUOUS
100
AcDbLine
 10
5.2820078740157479
 20
-3.3871259842519685
 30
0
 11
5.2820472440944881
 21
-3.3872440944881888
 31
0
  0
LINE
  5
DFF
330
22
100
AcDbEntity
  8
F.Cu
  6
CONTINUOUS
100
AcDbLine
 10
5.2820472440944881
 20
-3.3872440944881888
 30
0
 11
5.2868110236220467
 21
-3.3954724409448818
 31
0
  0
LINE
  5
E00
330
22
100
AcDbEntity
  8
F.Cu
  6
CONTINUOUS
100
AcDbLine
 10
5.2868110236220467
 20
-3.3954724409448818
 30
0
 11
5.2937795275590549
 21
-3.4024409448818895
 31
0
  0
LINE
  5
E01
330
22
100
AcDbEntity
  8
F.Cu
  6
CONTINUOUS
100
AcDbLine
 10
5.2937795275590549
 20
-3.4024409448818895
 30
0
 11
5.3020078740157475
 21
-3.4072047244094485
 31
0
  0
LINE
  5
E02
330
22
100
AcDbEntity
  8
F.Cu
  6
CONTINUOUS
100
AcDbLine
 10
5.3020078740157475
 20
-3.4072047244094485
 30
0
 11
5.3021259842519681
 21
-3.4072440944881888
 31
0
  0
LINE
  5
E03
330
22
100
AcDbEntity
  8
F.Cu
  6
CONTINUOUS
100
AcDbLine
 10
5.3021259842519681
 20
-3.4072440944881888
 30
0
 11
5.3116929133858264
 21
-3.409803149606299
 31
0
  0
LINE
  5
E04
330
22
100
AcDbEntity
  8
F.Cu
  6
CONTINUOUS
100
AcDbLine
 10
5.3116929133858264
 20
-3.409803149606299
 30
0
 11
5.3212204724409444
 21
-3.409803149606299
 31
0
  0
LINE
  5
E05
330
22
100
AcDbEntity
  8
F.Cu
  6
CONTINUOUS
100
AcDbLine
 10
5.3212204724409444
 20
-3.409803149606299
 30
0
 11
5.3307480314960625
 21
-3.4072440944881888
 31
0
  0
LINE
  5
E06
330
22
100
AcDbEntity
  8
F.Cu
  6
CONTINUOUS
100
AcDbLine
 10
5.3307480314960625
 20
-3.4072440944881888
 30
0
 11
5.3308661417322831
 21
-3.4072047244094485
 31
0
  0
LINE
  5
E07
330
22
100
AcDbEntity
  8
F.Cu
  6
CONTINUOUS
100
AcDbLine
 10
5.3308661417322831
 20
-3.4072047244094485
 30
0
 11
5.3390944881889766
 21
-3.4024409448818895
 31
0
  0
LINE
  5
E08
330
22
100
AcDbEntity
  8
F.Cu
  6
CONTINUOUS
100
AcDbLine
 10
5.3390944881889766
 20
-3.4024409448818895
 30
0
 11
5.3460629921259839
 21
-3.3954724409448818
 31
0
  0
LINE
  5
E09
330
22
100
AcDbEntity
  8
F.Cu
  6
CONTINUOUS
100
AcDbLine
 10
5.3460629921259839
 20
-3.3954724409448818
 30
0
 11
5.3508267716535434
 21
-3.3872440944881888
 31
0
  0
LINE
  5
E0A
330
22
100
AcDbEntity
  8
F.Cu
  6
CONTINUOUS
100
AcDbLine
 10
5.3508267716535434
 20
-3.3872440944881888
 30
0
 11
5.350944881889764
 21
-3.3869291338582674
 31
0
  0
LINE
  5
E0B
330
22
100
AcDbEntity
  8
F.Cu
  6
CONTINUOUS
100
AcDbLine
 10
5.350944881889764
 20
-3.3869291338582674
 30
0
 11
5.3533858267716532
 21
-3.3776771653543305
 31
0
  0
LINE
  5
E0C
330
22
100
AcDbEntity
  8
F.Cu
  6
CONTINUOUS
100
AcDbLine
 10
5.3533858267716532
 20
-3.3776771653543305
 30
0
 11
5.3533858267716532
 21
-3.3678346456692911
 31
0
  0
LINE
  5
E0D
330
22
100
AcDbEntity
  8
F.Cu
  6
CONTINUOUS
100
AcDbLine
 10
5.3533858267716532
 20
-3.3678346456692911
 30
0
 11
5.352834645669291
 21
-3.3658661417322833
 31
0
  0
LINE
  5
E0E
330
22
100
AcDbEntity
  8
F.Cu
  6
CONTINUOUS
100
AcDbLine
 10
5.352834645669291
 20
-3.3658661417322833
 30
0
 11
5.3536220472440945
 21
-3.362795275590551
 31
0
  0
LINE
  5
E0F
330
22
100
AcDbEntity
  8
F.Cu
  6
CONTINUOUS
100
AcDbLine
 10
5.3536220472440945
 20
-3.362795275590551
 30
0
 11
5.3939370078740154
 21
-3.3224409448818899
 31
0
  0
LINE
  5
E10
330
22
100
AcDbEntity
  8
F.Cu
  6
CONTINUOUS
100
AcDbLine
 10
5.3939370078740154
 20
-3.3224409448818899
 30
0
 11
5.3961023622047239
 21
-3.3215354330708662
 31
0
  0
LINE
  5
E11
330
22
100
AcDbEntity
  8
F.Cu
  6
CONTINUOUS
100
AcDbLine
 10
5.3961023622047239
 20
-3.3215354330708662
 30
0
 11
5.6161417322834648
 21
-3.3215354330708662
 31
0
  0
LINE
  5
E12
330
22
100
AcDbEntity
  8
F.Cu
  6
CONTINUOUS
100
AcDbLine
 10
5.6161417322834648
 20
-3.3215354330708662
 30
0
 11
5.6185039370078735
 21
-3.3303149606299214
 31
0
  0
LINE
  5
E13
330
22
100
AcDbEntity
  8
F.Cu
  6
CONTINUOUS
100
AcDbLine
 10
5.6185039370078735
 20
-3.3303149606299214
 30
0
 11
5.6057480314960628
 21
-3.3376377952755907
 31
0
  0
LINE
  5
E14
330
22
100
AcDbEntity
  8
F.Cu
  6
CONTINUOUS
100
AcDbLine
 10
5.6057480314960628
 20
-3.3376377952755907
 30
0
 11
5.5983464566929131
 21
-3.3450787401574802
 31
0
  0
LINE
  5
E15
330
22
100
AcDbEntity
  8
F.Cu
  6
CONTINUOUS
100
AcDbLine
 10
5.5983464566929131
 20
-3.3450787401574802
 30
0
 11
5.5983070866141729
 21
-3.3451181102362204
 31
0
  0
LINE
  5
E16
330
22
100
AcDbEntity
  8
F.Cu
  6
CONTINUOUS
100
AcDbLine
 10
5.5983070866141729
 20
-3.3451181102362204
 30
0
 11
5.5931102362204719
 21
-3.354055118110236
 31
0
  0
LINE
  5
E17
330
22
100
AcDbEntity
  8
F.Cu
  6
CONTINUOUS
100
AcDbLine
 10
5.5931102362204719
 20
-3.354055118110236
 30
0
 11
5.5930708661417325
 21
-3.3541732283464567
 31
0
  0
LINE
  5
E18
330
22
100
AcDbEntity
  8
F.Cu
  6
CONTINUOUS
100
AcDbLine
 10
5.5930708661417325
 20
-3.3541732283464567
 30
0
 11
5.5903149606299207
 21
-3.3644881889763778
 31
0
  0
LINE
  5
E19
330
22
100
AcDbEntity
  8
F.Cu
  6
CONTINUOUS
100
AcDbLine
 10
5.5903149606299207
 20
-3.3644881889763778
 30
0
 11
5.5903149606299207
 21
-3.3748818897637793
 31
0
  0
LINE
  5
E1A
330
22
100
AcDbEntity
  8
F.Cu
  6
CONTINUOUS
100
AcDbLine
 10
5.5903149606299207
 20
-3.3748818897637793
 30
0
 11
5.5930708661417325
 21
-3.3851968503937009
 31
0
  0
LINE
  5
E1B
330
22
100
AcDbEntity
  8
F.Cu
  6
CONTINUOUS
100
AcDbLine
 10
5.5930708661417325
 20
-3.3851968503937009
 30
0
 11
5.5931102362204719
 21
-3.3853149606299211
 31
0
  0
LINE
  5
E1C
330
22
100
AcDbEntity
  8
F.Cu
  6
CONTINUOUS
100
AcDbLine
 10
5.5931102362204719
 20
-3.3853149606299211
 30
0
 11
5.5983070866141729
 21
-3.3942519685039367
 31
0
  0
LINE
  5
E1D
330
22
100
AcDbEntity
  8
F.Cu
  6
CONTINUOUS
100
AcDbLine
 10
5.5983070866141729
 20
-3.3942519685039367
 30
0
 11
5.5983464566929131
 21
-3.394291338582677
 31
0
  0
LINE
  5
E1E
330
22
100
AcDbEntity
  8
F.Cu
  6
CONTINUOUS
100
AcDbLine
 10
5.5983464566929131
 20
-3.394291338582677
 30
0
 11
5.6057480314960628
 21
-3.4017322834645669
 31
0
  0
LINE
  5
E1F
330
22
100
AcDbEntity
  8
F.Cu
  6
CONTINUOUS
100
AcDbLine
 10
5.6057480314960628
 20
-3.4017322834645669
 30
0
 11
5.6149212598425198
 21
-3.4070078740157479
 31
0
  0
LINE
  5
E20
330
22
100
AcDbEntity
  8
F.Cu
  6
CONTINUOUS
100
AcDbLine
 10
5.6149212598425198
 20
-3.4070078740157479
 30
0
 11
5.6252362204724404
 21
-3.4097637795275588
 31
0
  0
LINE
  5
E21
330
22
100
AcDbEntity
  8
F.Cu
  6
CONTINUOUS
100
AcDbLine
 10
5.6252362204724404
 20
-3.4097637795275588
 30
0
 11
5.6355905511811022
 21
-3.4097637795275588
 31
0
  0
LINE
  5
E22
330
22
100
AcDbEntity
  8
F.Cu
  6
CONTINUOUS
100
AcDbLine
 10
5.6355905511811022
 20
-3.4097637795275588
 30
0
 11
5.645944881889764
 21
-3.4070078740157479
 31
0
  0
LINE
  5
E23
330
22
100
AcDbEntity
  8
F.Cu
  6
CONTINUOUS
100
AcDbLine
 10
5.645944881889764
 20
-3.4070078740157479
 30
0
 11
5.6459055118110237
 21
-3.4070078740157479
 31
0
  0
LINE
  5
E24
330
22
100
AcDbEntity
  8
F.Cu
  6
CONTINUOUS
100
AcDbLine
 10
5.6459055118110237
 20
-3.4070078740157479
 30
0
 11
5.6550787401574798
 21
-3.4017322834645669
 31
0
  0
LINE
  5
E25
330
22
100
AcDbEntity
  8
F.Cu
  6
CONTINUOUS
100
AcDbLine
 10
5.6550787401574798
 20
-3.4017322834645669
 30
0
 11
5.6624803149606295
 21
-3.394291338582677
 31
0
  0
LINE
  5
E26
330
22
100
AcDbEntity
  8
F.Cu
  6
CONTINUOUS
100
AcDbLine
 10
5.6624803149606295
 20
-3.394291338582677
 30
0
 11
5.6625196850393698
 21
-3.3942519685039367
 31
0
  0
LINE
  5
E27
330
22
100
AcDbEntity
  8
F.Cu
  6
CONTINUOUS
100
AcDbLine
 10
5.6625196850393698
 20
-3.3942519685039367
 30
0
 11
5.6677165354330707
 21
-3.3853149606299211
 31
0
  0
LINE
  5
E28
330
22
100
AcDbEntity
  8
F.Cu
  6
CONTINUOUS
100
AcDbLine
 10
5.6677165354330707
 20
-3.3853149606299211
 30
0
 11
5.667755905511811
 21
-3.3851968503937009
 31
0
  0
LINE
  5
E29
330
22
100
AcDbEntity
  8
F.Cu
  6
CONTINUOUS
100
AcDbLine
 10
5.667755905511811
 20
-3.3851968503937009
 30
0
 11
5.6705118110236219
 21
-3.3748818897637793
 31
0
  0
LINE
  5
E2A
330
22
100
AcDbEntity
  8
F.Cu
  6
CONTINUOUS
100
AcDbLine
 10
5.6705118110236219
 20
-3.3748818897637793
 30
0
 11
5.6705118110236219
 21
-3.3644881889763778
 31
0
  0
LINE
  5
E2B
330
22
100
AcDbEntity
  8
F.Cu
  6
CONTINUOUS
100
AcDbLine
 10
5.6705118110236219
 20
-3.3644881889763778
 30
0
 11
5.667755905511811
 21
-3.3541732283464567
 31
0
  0
LINE
  5
E2C
330
22
100
AcDbEntity
  8
F.Cu
  6
CONTINUOUS
100
AcDbLine
 10
5.667755905511811
 20
-3.3541732283464567
 30
0
 11
5.6677165354330707
 21
-3.354055118110236
 31
0
  0
LINE
  5
E2D
330
22
100
AcDbEntity
  8
F.Cu
  6
CONTINUOUS
100
AcDbLine
 10
5.6677165354330707
 20
-3.354055118110236
 30
0
 11
5.6625196850393698
 21
-3.3451181102362204
 31
0
  0
LINE
  5
E2E
330
22
100
AcDbEntity
  8
F.Cu
  6
CONTINUOUS
100
AcDbLine
 10
5.6625196850393698
 20
-3.3451181102362204
 30
0
 11
5.6624803149606295
 21
-3.3450787401574802
 31
0
  0
LINE
  5
E2F
330
22
100
AcDbEntity
  8
F.Cu
  6
CONTINUOUS
100
AcDbLine
 10
5.6624803149606295
 20
-3.3450787401574802
 30
0
 11
5.6550787401574798
 21
-3.3376377952755907
 31
0
  0
LINE
  5
E30
330
22
100
AcDbEntity
  8
F.Cu
  6
CONTINUOUS
100
AcDbLine
 10
5.6550787401574798
 20
-3.3376377952755907
 30
0
 11
5.6423228346456691
 21
-3.3303149606299214
 31
0
  0
LINE
  5
E31
330
22
100
AcDbEntity
  8
F.Cu
  6
CONTINUOUS
100
AcDbLine
 10
5.6423228346456691
 20
-3.3303149606299214
 30
0
 11
5.6446850393700787
 21
-3.3215354330708662
 31
0
  0
LINE
  5
E32
330
22
100
AcDbEntity
  8
F.Cu
  6
CONTINUOUS
100
AcDbLine
 10
5.6446850393700787
 20
-3.3215354330708662
 30
0
 11
6.0538976377952753
 21
-3.3215354330708662
 31
0
  0
LINE
  5
E33
330
22
100
AcDbEntity
  8
F.Cu
  6
CONTINUOUS
100
AcDbLine
 10
6.0538976377952753
 20
-3.3215354330708662
 30
0
 11
6.0560629921259839
 21
-3.3224409448818899
 31
0
  0
LINE
  5
E34
330
22
100
AcDbEntity
  8
F.Cu
  6
CONTINUOUS
100
AcDbLine
 10
6.0560629921259839
 20
-3.3224409448818899
 30
0
 11
6.1927952755905507
 21
-3.4591338582677165
 31
0
  0
LINE
  5
E35
330
22
100
AcDbEntity
  8
F.Cu
  6
CONTINUOUS
100
AcDbLine
 10
6.1927952755905507
 20
-3.4591338582677165
 30
0
 11
6.1936220472440944
 21
-3.4621653543307085
 31
0
  0
LINE
  5
E36
330
22
100
AcDbEntity
  8
F.Cu
  6
CONTINUOUS
100
AcDbLine
 10
6.1936220472440944
 20
-3.4621653543307085
 30
0
 11
6.1929527559055115
 21
-3.4647244094488188
 31
0
  0
LINE
  5
E37
330
22
100
AcDbEntity
  8
F.Cu
  6
CONTINUOUS
100
AcDbLine
 10
6.1929527559055115
 20
-3.4647244094488188
 30
0
 11
6.1929527559055115
 21
-3.4744881889763777
 31
0
  0
LINE
  5
E38
330
22
100
AcDbEntity
  8
F.Cu
  6
CONTINUOUS
100
AcDbLine
 10
6.1929527559055115
 20
-3.4744881889763777
 30
0
 11
6.1955511811023625
 21
-3.4841732283464566
 31
0
  0
LINE
  5
E39
330
22
100
AcDbEntity
  8
F.Cu
  6
CONTINUOUS
100
AcDbLine
 10
6.1955511811023625
 20
-3.4841732283464566
 30
0
 11
6.2003937007874015
 21
-3.4926377952755905
 31
0
  0
LINE
  5
E3A
330
22
100
AcDbEntity
  8
F.Cu
  6
CONTINUOUS
100
AcDbLine
 10
6.2003937007874015
 20
-3.4926377952755905
 30
0
 11
6.2004330708661417
 21
-3.4926771653543307
 31
0
  0
LINE
  5
E3B
330
22
100
AcDbEntity
  8
F.Cu
  6
CONTINUOUS
100
AcDbLine
 10
6.2004330708661417
 20
-3.4926771653543307
 30
0
 11
6.2074409448818892
 21
-3.4996456692913385
 31
0
  0
LINE
  5
E3C
330
22
100
AcDbEntity
  8
F.Cu
  6
CONTINUOUS
100
AcDbLine
 10
6.2074409448818892
 20
-3.4996456692913385
 30
0
 11
6.2074803149606295
 21
-3.4996850393700787
 31
0
  0
LINE
  5
E3D
330
22
100
AcDbEntity
  8
F.Cu
  6
CONTINUOUS
100
AcDbLine
 10
6.2074803149606295
 20
-3.4996850393700787
 30
0
 11
6.2158267716535436
 21
-3.5045275590551181
 31
0
  0
LINE
  5
E3E
330
22
100
AcDbEntity
  8
F.Cu
  6
CONTINUOUS
100
AcDbLine
 10
6.2158267716535436
 20
-3.5045275590551181
 30
0
 11
6.2160236220472438
 21
-3.5046062992125981
 31
0
  0
LINE
  5
E3F
330
22
100
AcDbEntity
  8
F.Cu
  6
CONTINUOUS
100
AcDbLine
 10
6.2160236220472438
 20
-3.5046062992125981
 30
0
 11
6.2255118110236216
 21
-3.5071259842519686
 31
0
  0
LINE
  5
E40
330
22
100
AcDbEntity
  8
F.Cu
  6
CONTINUOUS
100
AcDbLine
 10
6.2255118110236216
 20
-3.5071259842519686
 30
0
 11
6.2353149606299212
 21
-3.5071259842519686
 31
0
  0
LINE
  5
E41
330
22
100
AcDbEntity
  8
F.Cu
  6
CONTINUOUS
100
AcDbLine
 10
6.2353149606299212
 20
-3.5071259842519686
 30
0
 11
6.2448425196850392
 21
-3.5046062992125981
 31
0
  0
LINE
  5
E42
330
22
100
AcDbEntity
  8
F.Cu
  6
CONTINUOUS
100
AcDbLine
 10
6.2448425196850392
 20
-3.5046062992125981
 30
0
 11
6.2450393700787403
 21
-3.5045275590551181
 31
0
  0
LINE
  5
E43
330
22
100
AcDbEntity
  8
F.Cu
  6
CONTINUOUS
100
AcDbLine
 10
6.2450393700787403
 20
-3.5045275590551181
 30
0
 11
6.2533858267716536
 21
-3.4996850393700787
 31
0
  0
LINE
  5
E44
330
22
100
AcDbEntity
  8
F.Cu
  6
CONTINUOUS
100
AcDbLine
 10
6.2533858267716536
 20
-3.4996850393700787
 30
0
 11
6.2604330708661413
 21
-3.4926377952755905
 31
0
  0
LINE
  5
E45
330
22
100
AcDbEntity
  8
F.Cu
  6
CONTINUOUS
100
AcDbLine
 10
6.2604330708661413
 20
-3.4926377952755905
 30
0
 11
6.2616929133858266
 21
-3.4904330708661417
 31
0
  0
LINE
  5
E46
330
22
100
AcDbEntity
  8
F.Cu
  6
CONTINUOUS
100
AcDbLine
 10
6.2616929133858266
 20
-3.4904330708661417
 30
0
 11
6.2644488188976375
 21
-3.4888582677165352
 31
0
  0
LINE
  5
E47
330
22
100
AcDbEntity
  8
F.Cu
  6
CONTINUOUS
100
AcDbLine
 10
6.2644488188976375
 20
-3.4888582677165352
 30
0
 11
6.3631496062992126
 21
-3.4888582677165352
 31
0
  0
LINE
  5
E48
330
22
100
AcDbEntity
  8
F.Cu
  6
CONTINUOUS
100
AcDbLine
 10
6.3631496062992126
 20
-3.4888582677165352
 30
0
 11
6.3658661417322833
 21
-3.4904330708661417
 31
0
  0
LINE
  5
E49
330
22
100
AcDbEntity
  8
F.Cu
  6
CONTINUOUS
100
AcDbLine
 10
6.3658661417322833
 20
-3.4904330708661417
 30
0
 11
6.3678346456692916
 21
-3.4938188976377953
 31
0
  0
LINE
  5
E4A
330
22
100
AcDbEntity
  8
F.Cu
  6
CONTINUOUS
100
AcDbLine
 10
6.3678346456692916
 20
-3.4938188976377953
 30
0
 11
6.3748818897637793
 21
-3.5008661417322835
 31
0
  0
LINE
  5
E4B
330
22
100
AcDbEntity
  8
F.Cu
  6
CONTINUOUS
100
AcDbLine
 10
6.3748818897637793
 20
-3.5008661417322835
 30
0
 11
6.3831102362204719
 21
-3.5056299212598425
 31
0
  0
LINE
  5
E4C
330
22
100
AcDbEntity
  8
F.Cu
  6
CONTINUOUS
100
AcDbLine
 10
6.3831102362204719
 20
-3.5056299212598425
 30
0
 11
6.3832283464566926
 21
-3.5056692913385827
 31
0
  0
LINE
  5
E4D
330
22
100
AcDbEntity
  8
F.Cu
  6
CONTINUOUS
100
AcDbLine
 10
6.3832283464566926
 20
-3.5056692913385827
 30
0
 11
6.3927952755905508
 21
-3.508228346456693
 31
0
  0
LINE
  5
E4E
330
22
100
AcDbEntity
  8
F.Cu
  6
CONTINUOUS
100
AcDbLine
 10
6.3927952755905508
 20
-3.508228346456693
 30
0
 11
6.4022834645669287
 21
-3.508228346456693
 31
0
  0
LINE
  5
E4F
330
22
100
AcDbEntity
  8
F.Cu
  6
CONTINUOUS
100
AcDbLine
 10
6.4022834645669287
 20
-3.508228346456693
 30
0
 11
6.4118503937007869
 21
-3.5056692913385827
 31
0
  0
LINE
  5
E50
330
22
100
AcDbEntity
  8
F.Cu
  6
CONTINUOUS
100
AcDbLine
 10
6.4118503937007869
 20
-3.5056692913385827
 30
0
 11
6.4119685039370076
 21
-3.5056299212598425
 31
0
  0
LINE
  5
E51
330
22
100
AcDbEntity
  8
F.Cu
  6
CONTINUOUS
100
AcDbLine
 10
6.4119685039370076
 20
-3.5056299212598425
 30
0
 11
6.420196850393701
 21
-3.5008661417322835
 31
0
  0
LINE
  5
E52
330
22
100
AcDbEntity
  8
F.Cu
  6
CONTINUOUS
100
AcDbLine
 10
6.420196850393701
 20
-3.5008661417322835
 30
0
 11
6.4271653543307083
 21
-3.4938976377952753
 31
0
  0
LINE
  5
E53
330
22
100
AcDbEntity
  8
F.Cu
  6
CONTINUOUS
100
AcDbLine
 10
6.4271653543307083
 20
-3.4938976377952753
 30
0
 11
6.4319291338582678
 21
-3.4856692913385827
 31
0
  0
LINE
  5
E54
330
22
100
AcDbEntity
  8
F.Cu
  6
CONTINUOUS
100
AcDbLine
 10
6.4319291338582678
 20
-3.4856692913385827
 30
0
 11
6.431968503937008
 21
-3.4855511811023621
 31
0
  0
LINE
  5
E55
330
22
100
AcDbEntity
  8
F.Cu
  6
CONTINUOUS
100
AcDbLine
 10
6.431968503937008
 20
-3.4855511811023621
 30
0
 11
6.4345275590551179
 21
-3.476023622047244
 31
0
  0
LINE
  5
E56
330
22
100
AcDbEntity
  8
F.Cu
  6
CONTINUOUS
100
AcDbLine
 10
6.4345275590551179
 20
-3.476023622047244
 30
0
 11
6.4345275590551179
 21
-3.466496062992126
 31
0
  0
LINE
  5
E57
330
22
100
AcDbEntity
  8
F.Cu
  6
CONTINUOUS
100
AcDbLine
 10
6.4345275590551179
 20
-3.466496062992126
 30
0
 11
6.431968503937008
 21
-3.4569685039370079
 31
0
  0
LINE
  5
E58
330
22
100
AcDbEntity
  8
F.Cu
  6
CONTINUOUS
100
AcDbLine
 10
6.431968503937008
 20
-3.4569685039370079
 30
0
 11
6.4319291338582678
 21
-3.4568503937007873
 31
0
  0
LINE
  5
E59
330
22
100
AcDbEntity
  8
F.Cu
  6
CONTINUOUS
100
AcDbLine
 10
6.4319291338582678
 20
-3.4568503937007873
 30
0
 11
6.4271653543307083
 21
-3.4486220472440943
 31
0
  0
LINE
  5
E5A
330
22
100
AcDbEntity
  8
F.Cu
  6
CONTINUOUS
100
AcDbLine
 10
6.4271653543307083
 20
-3.4486220472440943
 30
0
 11
6.420196850393701
 21
-3.4416535433070865
 31
0
  0
LINE
  5
E5B
330
22
100
AcDbEntity
  8
F.Cu
  6
CONTINUOUS
100
AcDbLine
 10
6.420196850393701
 20
-3.4416535433070865
 30
0
 11
6.4118897637795271
 21
-3.4368503937007873
 31
0
  0
LINE
  5
E5C
330
22
100
AcDbEntity
  8
F.Cu
  6
CONTINUOUS
100
AcDbLine
 10
6.4118897637795271
 20
-3.4368503937007873
 30
0
 11
6.4119291338582673
 21
-3.4368503937007873
 31
0
  0
LINE
  5
E5D
330
22
100
AcDbEntity
  8
F.Cu
  6
CONTINUOUS
100
AcDbLine
 10
6.4119291338582673
 20
-3.4368503937007873
 30
0
 11
6.4023228346456689
 21
-3.4342519685039368
 31
0
  0
LINE
  5
E5E
330
22
100
AcDbEntity
  8
F.Cu
  6
CONTINUOUS
100
AcDbLine
 10
6.4023228346456689
 20
-3.4342519685039368
 30
0
 11
6.3927559055118106
 21
-3.4342519685039368
 31
0
  0
LINE
  5
E5F
330
22
100
AcDbEntity
  8
F.Cu
  6
CONTINUOUS
100
AcDbLine
 10
6.3927559055118106
 20
-3.4342519685039368
 30
0
 11
6.3831889763779524
 21
-3.4368503937007873
 31
0
  0
LINE
  5
E60
330
22
100
AcDbEntity
  8
F.Cu
  6
CONTINUOUS
100
AcDbLine
 10
6.3831889763779524
 20
-3.4368503937007873
 30
0
 11
6.3748818897637793
 21
-3.4416535433070865
 31
0
  0
LINE
  5
E61
330
22
100
AcDbEntity
  8
F.Cu
  6
CONTINUOUS
100
AcDbLine
 10
6.3748818897637793
 20
-3.4416535433070865
 30
0
 11
6.3669685039370076
 21
-3.4495669291338582
 31
0
  0
LINE
  5
E62
330
22
100
AcDbEntity
  8
F.Cu
  6
CONTINUOUS
100
AcDbLine
 10
6.3669685039370076
 20
-3.4495669291338582
 30
0
 11
6.3648031496062991
 21
-3.4504724409448819
 31
0
  0
LINE
  5
E63
330
22
100
AcDbEntity
  8
F.Cu
  6
CONTINUOUS
100
AcDbLine
 10
6.3648031496062991
 20
-3.4504724409448819
 30
0
 11
6.2644094488188973
 21
-3.4504724409448819
 31
0
  0
LINE
  5
E64
330
22
100
AcDbEntity
  8
F.Cu
  6
CONTINUOUS
100
AcDbLine
 10
6.2644094488188973
 20
-3.4504724409448819
 30
0
 11
6.2616929133858266
 21
-3.4488976377952754
 31
0
  0
LINE
  5
E65
330
22
100
AcDbEntity
  8
F.Cu
  6
CONTINUOUS
100
AcDbLine
 10
6.2616929133858266
 20
-3.4488976377952754
 30
0
 11
6.2604330708661413
 21
-3.4467716535433071
 31
0
  0
LINE
  5
E66
330
22
100
AcDbEntity
  8
F.Cu
  6
CONTINUOUS
100
AcDbLine
 10
6.2604330708661413
 20
-3.4467716535433071
 30
0
 11
6.2603543307086609
 21
-3.4466535433070864
 31
0
  0
LINE
  5
E67
330
22
100
AcDbEntity
  8
F.Cu
  6
CONTINUOUS
100
AcDbLine
 10
6.2603543307086609
 20
-3.4466535433070864
 30
0
 11
6.2533858267716536
 21
-3.4396850393700786
 31
0
  0
LINE
  5
E68
330
22
100
AcDbEntity
  8
F.Cu
  6
CONTINUOUS
100
AcDbLine
 10
6.2533858267716536
 20
-3.4396850393700786
 30
0
 11
6.2450393700787403
 21
-3.4348425196850392
 31
0
  0
LINE
  5
E69
330
22
100
AcDbEntity
  8
F.Cu
  6
CONTINUOUS
100
AcDbLine
 10
6.2450393700787403
 20
-3.4348425196850392
 30
0
 11
6.2449212598425197
 21
-3.434803149606299
 31
0
  0
LINE
  5
E6A
330
22
100
AcDbEntity
  8
F.Cu
  6
CONTINUOUS
100
AcDbLine
 10
6.2449212598425197
 20
-3.434803149606299
 30
0
 11
6.2352362204724407
 21
-3.4322047244094489
 31
0
  0
LINE
  5
E6B
330
22
100
AcDbEntity
  8
F.Cu
  6
CONTINUOUS
100
AcDbLine
 10
6.2352362204724407
 20
-3.4322047244094489
 30
0
 11
6.2255118110236216
 21
-3.4322047244094489
 31
0
  0
LINE
  5
E6C
330
22
100
AcDbEntity
  8
F.Cu
  6
CONTINUOUS
100
AcDbLine
 10
6.2255118110236216
 20
-3.4322047244094489
 30
0
 11
6.222992125984252
 21
-3.4328740157480313
 31
0
  0
LINE
  5
E6D
330
22
100
AcDbEntity
  8
F.Cu
  6
CONTINUOUS
100
AcDbLine
 10
6.222992125984252
 20
-3.4328740157480313
 30
0
 11
6.2199212598425193
 21
-3.432047244094488
 31
0
  0
LINE
  5
E6E
330
22
100
AcDbEntity
  8
F.Cu
  6
CONTINUOUS
100
AcDbLine
 10
6.2199212598425193
 20
-3.432047244094488
 30
0
 11
6.1955905511811018
 21
-3.407716535433071
 31
0
  0
LINE
  5
E6F
330
22
100
AcDbEntity
  8
F.Cu
  6
CONTINUOUS
100
AcDbLine
 10
6.1955905511811018
 20
-3.407716535433071
 30
0
 11
6.2018897637795272
 21
-3.3994881889763779
 31
0
  0
LINE
  5
E70
330
22
100
AcDbEntity
  8
F.Cu
  6
CONTINUOUS
100
AcDbLine
 10
6.2018897637795272
 20
-3.3994881889763779
 30
0
 11
6.2149212598425194
 21
-3.4070078740157479
 31
0
  0
LINE
  5
E71
330
22
100
AcDbEntity
  8
F.Cu
  6
CONTINUOUS
100
AcDbLine
 10
6.2149212598425194
 20
-3.4070078740157479
 30
0
 11
6.225236220472441
 21
-3.4097637795275588
 31
0
  0
LINE
  5
E72
330
22
100
AcDbEntity
  8
F.Cu
  6
CONTINUOUS
100
AcDbLine
 10
6.225236220472441
 20
-3.4097637795275588
 30
0
 11
6.2355905511811018
 21
-3.4097637795275588
 31
0
  0
LINE
  5
E73
330
22
100
AcDbEntity
  8
F.Cu
  6
CONTINUOUS
100
AcDbLine
 10
6.2355905511811018
 20
-3.4097637795275588
 30
0
 11
6.2459448818897636
 21
-3.4070078740157479
 31
0
  0
LINE
  5
E74
330
22
100
AcDbEntity
  8
F.Cu
  6
CONTINUOUS
100
AcDbLine
 10
6.2459448818897636
 20
-3.4070078740157479
 30
0
 11
6.2459055118110234
 21
-3.4070078740157479
 31
0
  0
LINE
  5
E75
330
22
100
AcDbEntity
  8
F.Cu
  6
CONTINUOUS
100
AcDbLine
 10
6.2459055118110234
 20
-3.4070078740157479
 30
0
 11
6.2550787401574803
 21
-3.4017322834645669
 31
0
  0
LINE
  5
E76
330
22
100
AcDbEntity
  8
F.Cu
  6
CONTINUOUS
100
AcDbLine
 10
6.2550787401574803
 20
-3.4017322834645669
 30
0
 11
6.2624803149606301
 21
-3.394291338582677
 31
0
  0
LINE
  5
E77
330
22
100
AcDbEntity
  8
F.Cu
  6
CONTINUOUS
100
AcDbLine
 10
6.2624803149606301
 20
-3.394291338582677
 30
0
 11
6.2625196850393703
 21
-3.3942519685039367
 31
0
  0
LINE
  5
E78
330
22
100
AcDbEntity
  8
F.Cu
  6
CONTINUOUS
100
AcDbLine
 10
6.2625196850393703
 20
-3.3942519685039367
 30
0
 11
6.2677559055118106
 21
-3.3852362204724407
 31
0
  0
LINE
  5
E79
330
22
100
AcDbEntity
  8
F.Cu
  6
CONTINUOUS
100
AcDbLine
 10
6.2677559055118106
 20
-3.3852362204724407
 30
0
 11
6.2705511811023618
 21
-3.3748818897637793
 31
0
  0
LINE
  5
E7A
330
22
100
AcDbEntity
  8
F.Cu
  6
CONTINUOUS
100
AcDbLine
 10
6.2705511811023618
 20
-3.3748818897637793
 30
0
 11
6.2705511811023618
 21
-3.3644881889763778
 31
0
  0
LINE
  5
E7B
330
22
100
AcDbEntity
  8
F.Cu
  6
CONTINUOUS
100
AcDbLine
 10
6.2705511811023618
 20
-3.3644881889763778
 30
0
 11
6.2677559055118106
 21
-3.3541338582677165
 31
0
  0
LINE
  5
E7C
330
22
100
AcDbEntity
  8
F.Cu
  6
CONTINUOUS
100
AcDbLine
 10
6.2677559055118106
 20
-3.3541338582677165
 30
0
 11
6.2625196850393703
 21
-3.3451181102362204
 31
0
  0
LINE
  5
E7D
330
22
100
AcDbEntity
  8
F.Cu
  6
CONTINUOUS
100
AcDbLine
 10
6.2625196850393703
 20
-3.3451181102362204
 30
0
 11
6.2624803149606301
 21
-3.3450787401574802
 31
0
  0
LINE
  5
E7E
330
22
100
AcDbEntity
  8
F.Cu
  6
CONTINUOUS
100
AcDbLine
 10
6.2624803149606301
 20
-3.3450787401574802
 30
0
 11
6.2550787401574803
 21
-3.3376377952755907
 31
0
  0
LINE
  5
E7F
330
22
100
AcDbEntity
  8
F.Cu
  6
CONTINUOUS
100
AcDbLine
 10
6.2550787401574803
 20
-3.3376377952755907
 30
0
 11
6.2459055118110234
 21
-3.3323622047244092
 31
0
  0
LINE
  5
E80
330
22
100
AcDbEntity
  8
F.Cu
  6
CONTINUOUS
100
AcDbLine
 10
6.2459055118110234
 20
-3.3323622047244092
 30
0
 11
6.2458661417322832
 21
-3.332322834645669
 31
0
  0
LINE
  5
E81
330
22
100
AcDbEntity
  8
F.Cu
  6
CONTINUOUS
100
AcDbLine
 10
6.2458661417322832
 20
-3.332322834645669
 30
0
 11
6.2356299212598421
 21
-3.3295669291338581
 31
0
  0
LINE
  5
E82
330
22
100
AcDbEntity
  8
F.Cu
  6
CONTINUOUS
100
AcDbLine
 10
6.2356299212598421
 20
-3.3295669291338581
 30
0
 11
6.2251968503937007
 21
-3.3295669291338581
 31
0
  0
LINE
  5
E83
330
22
100
AcDbEntity
  8
F.Cu
  6
CONTINUOUS
100
AcDbLine
 10
6.2251968503937007
 20
-3.3295669291338581
 30
0
 11
6.2149606299212596
 21
-3.332322834645669
 31
0
  0
LINE
  5
E84
330
22
100
AcDbEntity
  8
F.Cu
  6
CONTINUOUS
100
AcDbLine
 10
6.2149606299212596
 20
-3.332322834645669
 30
0
 11
6.2149212598425194
 21
-3.3323622047244092
 31
0
  0
LINE
  5
E85
330
22
100
AcDbEntity
  8
F.Cu
  6
CONTINUOUS
100
AcDbLine
 10
6.2149212598425194
 20
-3.3323622047244092
 30
0
 11
6.2057480314960625
 21
-3.3376377952755907
 31
0
  0
LINE
  5
E86
330
22
100
AcDbEntity
  8
F.Cu
  6
CONTINUOUS
100
AcDbLine
 10
6.2057480314960625
 20
-3.3376377952755907
 30
0
 11
6.1983464566929136
 21
-3.3450787401574802
 31
0
  0
LINE
  5
E87
330
22
100
AcDbEntity
  8
F.Cu
  6
CONTINUOUS
100
AcDbLine
 10
6.1983464566929136
 20
-3.3450787401574802
 30
0
 11
6.1983070866141734
 21
-3.3451181102362204
 31
0
  0
LINE
  5
E88
330
22
100
AcDbEntity
  8
F.Cu
  6
CONTINUOUS
100
AcDbLine
 10
6.1983070866141734
 20
-3.3451181102362204
 30
0
 11
6.1929527559055115
 21
-3.3543307086614171
 31
0
  0
LINE
  5
E89
330
22
100
AcDbEntity
  8
F.Cu
  6
CONTINUOUS
100
AcDbLine
 10
6.1929527559055115
 20
-3.3543307086614171
 30
0
 11
6.1929527559055115
 21
-3.3543700787401574
 31
0
  0
LINE
  5
E8A
330
22
100
AcDbEntity
  8
F.Cu
  6
CONTINUOUS
100
AcDbLine
 10
6.1929527559055115
 20
-3.3543700787401574
 30
0
 11
6.1903543307086615
 21
-3.3643307086614174
 31
0
  0
LINE
  5
E8B
330
22
100
AcDbEntity
  8
F.Cu
  6
CONTINUOUS
100
AcDbLine
 10
6.1903543307086615
 20
-3.3643307086614174
 30
0
 11
6.1903543307086615
 21
-3.3750393700787402
 31
0
  0
LINE
  5
E8C
330
22
100
AcDbEntity
  8
F.Cu
  6
CONTINUOUS
100
AcDbLine
 10
6.1903543307086615
 20
-3.3750393700787402
 30
0
 11
6.1929921259842518
 21
-3.3851181102362204
 31
0
  0
LINE
  5
E8D
330
22
100
AcDbEntity
  8
F.Cu
  6
CONTINUOUS
100
AcDbLine
 10
6.1929921259842518
 20
-3.3851181102362204
 30
0
 11
6.2005905511811026
 21
-3.3982283464566927
 31
0
  0
LINE
  5
E8E
330
22
100
AcDbEntity
  8
F.Cu
  6
CONTINUOUS
100
AcDbLine
 10
6.2005905511811026
 20
-3.3982283464566927
 30
0
 11
6.1923622047244091
 21
-3.4045275590551181
 31
0
  0
LINE
  5
E8F
330
22
100
AcDbEntity
  8
F.Cu
  6
CONTINUOUS
100
AcDbLine
 10
6.1923622047244091
 20
-3.4045275590551181
 30
0
 11
6.0763779527559052
 21
-3.2885433070866141
 31
0
  0
LINE
  5
E90
330
22
100
AcDbEntity
  8
F.Cu
  6
CONTINUOUS
100
AcDbLine
 10
6.0763779527559052
 20
-3.2885433070866141
 30
0
 11
6.0761417322834648
 21
-3.2883464566929135
 31
0
  0
LINE
  5
E91
330
22
100
AcDbEntity
  8
F.Cu
  6
CONTINUOUS
100
AcDbLine
 10
6.0761417322834648
 20
-3.2883464566929135
 30
0
 11
6.0760629921259843
 21
-3.288267716535433
 31
0
  0
LINE
  5
E92
330
22
100
AcDbEntity
  8
F.Cu
  6
CONTINUOUS
100
AcDbLine
 10
6.0760629921259843
 20
-3.288267716535433
 30
0
 11
6.0752755905511808
 21
-3.2875196850393702
 31
0
  0
LINE
  5
E93
330
22
100
AcDbEntity
  8
F.Cu
  6
CONTINUOUS
100
AcDbLine
 10
6.0752755905511808
 20
-3.2875196850393702
 30
0
 11
6.0748818897637795
 21
-3.2872440944881891
 31
0
  0
LINE
  5
E94
330
22
100
AcDbEntity
  8
F.Cu
  6
CONTINUOUS
100
AcDbLine
 10
6.0748818897637795
 20
-3.2872440944881891
 30
0
 11
6.074606299212598
 21
-3.287047244094488
 31
0
  0
LINE
  5
E95
330
22
100
AcDbEntity
  8
F.Cu
  6
CONTINUOUS
100
AcDbLine
 10
6.074606299212598
 20
-3.287047244094488
 30
0
 11
6.0740551181102358
 21
-3.2866141732283465
 31
0
  0
LINE
  5
E96
330
22
100
AcDbEntity
  8
F.Cu
  6
CONTINUOUS
100
AcDbLine
 10
6.0740551181102358
 20
-3.2866141732283465
 30
0
 11
6.0730708661417321
 21
-3.2859842519685039
 31
0
  0
LINE
  5
E97
330
22
100
AcDbEntity
  8
F.Cu
  6
CONTINUOUS
100
AcDbLine
 10
6.0730708661417321
 20
-3.2859842519685039
 30
0
 11
6.0729921259842516
 21
-3.2859448818897636
 31
0
  0
LINE
  5
E98
330
22
100
AcDbEntity
  8
F.Cu
  6
CONTINUOUS
100
AcDbLine
 10
6.0729921259842516
 20
-3.2859448818897636
 30
0
 11
6.0726377952755906
 21
-3.2857086614173228
 31
0
  0
LINE
  5
E99
330
22
100
AcDbEntity
  8
F.Cu
  6
CONTINUOUS
100
AcDbLine
 10
6.0726377952755906
 20
-3.2857086614173228
 30
0
 11
6.0725590551181101
 21
-3.2856692913385825
 31
0
  0
LINE
  5
E9A
330
22
100
AcDbEntity
  8
F.Cu
  6
CONTINUOUS
100
AcDbLine
 10
6.0725590551181101
 20
-3.2856692913385825
 30
0
 11
6.0722834645669286
 21
-3.2855511811023623
 31
0
  0
LINE
  5
E9B
330
22
100
AcDbEntity
  8
F.Cu
  6
CONTINUOUS
100
AcDbLine
 10
6.0722834645669286
 20
-3.2855511811023623
 30
0
 11
6.0720078740157479
 21
-3.2853937007874014
 31
0
  0
LINE
  5
E9C
330
22
100
AcDbEntity
  8
F.Cu
  6
CONTINUOUS
100
AcDbLine
 10
6.0720078740157479
 20
-3.2853937007874014
 30
0
 11
6.0715354330708662
 21
-3.2851181102362204
 31
0
  0
LINE
  5
E9D
330
22
100
AcDbEntity
  8
F.Cu
  6
CONTINUOUS
100
AcDbLine
 10
6.0715354330708662
 20
-3.2851181102362204
 30
0
 11
6.0712598425196846
 21
-3.2850000000000001
 31
0
  0
LINE
  5
E9E
330
22
100
AcDbEntity
  8
F.Cu
  6
CONTINUOUS
100
AcDbLine
 10
6.0712598425196846
 20
-3.2850000000000001
 30
0
 11
6.0700000000000003
 21
-3.284527559055118
 31
0
  0
LINE
  5
E9F
330
22
100
AcDbEntity
  8
F.Cu
  6
CONTINUOUS
100
AcDbLine
 10
6.0700000000000003
 20
-3.284527559055118
 30
0
 11
6.0698031496062992
 21
-3.2844094488188977
 31
0
  0
LINE
  5
EA0
330
22
100
AcDbEntity
  8
F.Cu
  6
CONTINUOUS
100
AcDbLine
 10
6.0698031496062992
 20
-3.2844094488188977
 30
0
 11
6.0693307086614174
 21
-3.2842125984251966
 31
0
  0
LINE
  5
EA1
330
22
100
AcDbEntity
  8
F.Cu
  6
CONTINUOUS
100
AcDbLine
 10
6.0693307086614174
 20
-3.2842125984251966
 30
0
 11
6.0689763779527555
 21
-3.2840944881889764
 31
0
  0
LINE
  5
EA2
330
22
100
AcDbEntity
  8
F.Cu
  6
CONTINUOUS
100
AcDbLine
 10
6.0689763779527555
 20
-3.2840944881889764
 30
0
 11
6.068897637795275
 21
-3.2840944881889764
 31
0
  0
LINE
  5
EA3
330
22
100
AcDbEntity
  8
F.Cu
  6
CONTINUOUS
100
AcDbLine
 10
6.068897637795275
 20
-3.2840944881889764
 30
0
 11
6.0682283464566931
 21
-3.2838188976377953
 31
0
  0
LINE
  5
EA4
330
22
100
AcDbEntity
  8
F.Cu
  6
CONTINUOUS
100
AcDbLine
 10
6.0682283464566931
 20
-3.2838188976377953
 30
0
 11
6.0678740157480311
 21
-3.2837401574803149
 31
0
  0
LINE
  5
EA5
330
22
100
AcDbEntity
  8
F.Cu
  6
CONTINUOUS
100
AcDbLine
 10
6.0678740157480311
 20
-3.2837401574803149
 30
0
 11
6.0670472440944883
 21
-3.2835826771653545
 31
0
  0
LINE
  5
EA6
330
22
100
AcDbEntity
  8
F.Cu
  6
CONTINUOUS
100
AcDbLine
 10
6.0670472440944883
 20
-3.2835826771653545
 30
0
 11
6.0668897637795274
 21
-3.2835433070866142
 31
0
  0
LINE
  5
EA7
330
22
100
AcDbEntity
  8
F.Cu
  6
CONTINUOUS
100
AcDbLine
 10
6.0668897637795274
 20
-3.2835433070866142
 30
0
 11
6.066299212598425
 21
-3.2834251968503936
 31
0
  0
LINE
  5
EA8
330
22
100
AcDbEntity
  8
F.Cu
  6
CONTINUOUS
100
AcDbLine
 10
6.066299212598425
 20
-3.2834251968503936
 30
0
 11
6.0653149606299213
 21
-3.2833070866141734
 31
0
  0
LINE
  5
EA9
330
22
100
AcDbEntity
  8
F.Cu
  6
CONTINUOUS
100
AcDbLine
 10
6.0653149606299213
 20
-3.2833070866141734
 30
0
 11
6.0650393700787397
 21
-3.2832677165354331
 31
0
  0
LINE
  5
EAA
330
22
100
AcDbEntity
  8
F.Cu
  6
CONTINUOUS
100
AcDbLine
 10
6.0650393700787397
 20
-3.2832677165354331
 30
0
 11
6.0645275590551178
 21
-3.2832283464566929
 31
0
  0
LINE
  5
EAB
330
22
100
AcDbEntity
  8
F.Cu
  6
CONTINUOUS
100
AcDbLine
 10
6.0645275590551178
 20
-3.2832283464566929
 30
0
 11
6.0644094488188971
 21
-3.2832283464566929
 31
0
  0
LINE
  5
EAC
330
22
100
AcDbEntity
  8
F.Cu
  6
CONTINUOUS
100
AcDbLine
 10
6.0644094488188971
 20
-3.2832283464566929
 30
0
 11
6.063188976377953
 21
-3.2831496062992125
 31
0
  0
LINE
  5
EAD
330
22
100
AcDbEntity
  8
F.Cu
  6
CONTINUOUS
100
AcDbLine
 10
6.063188976377953
 20
-3.2831496062992125
 30
0
 11
5.3866535433070863
 21
-3.2831496062992125
 31
0
  0
LINE
  5
EAE
330
22
100
AcDbEntity
  8
F.Cu
  6
CONTINUOUS
100
AcDbLine
 10
5.3866535433070863
 20
-3.2831496062992125
 30
0
 11
5.3859448818897633
 21
-3.2832283464566929
 31
0
  0
LINE
  5
EAF
330
22
100
AcDbEntity
  8
F.Cu
  6
CONTINUOUS
100
AcDbLine
 10
5.3859448818897633
 20
-3.2832283464566929
 30
0
 11
5.385551181102362
 21
-3.2832677165354331
 31
0
  0
LINE
  5
EB0
330
22
100
AcDbEntity
  8
F.Cu
  6
CONTINUOUS
100
AcDbLine
 10
5.385551181102362
 20
-3.2832677165354331
 30
0
 11
5.3849999999999998
 21
-3.2832677165354331
 31
0
  0
LINE
  5
EB1
330
22
100
AcDbEntity
  8
F.Cu
  6
CONTINUOUS
100
AcDbLine
 10
5.3849999999999998
 20
-3.2832677165354331
 30
0
 11
5.3846850393700789
 21
-3.2833464566929131
 31
0
  0
LINE
  5
EB2
330
22
100
AcDbEntity
  8
F.Cu
  6
CONTINUOUS
100
AcDbLine
 10
5.3846850393700789
 20
-3.2833464566929131
 30
0
 11
5.3841338582677167
 21
-3.2834251968503936
 31
0
  0
LINE
  5
EB3
330
22
100
AcDbEntity
  8
F.Cu
  6
CONTINUOUS
100
AcDbLine
 10
5.3841338582677167
 20
-3.2834251968503936
 30
0
 11
5.3834251968503937
 21
-3.2834645669291338
 31
0
  0
LINE
  5
EB4
330
22
100
AcDbEntity
  8
F.Cu
  6
CONTINUOUS
100
AcDbLine
 10
5.3834251968503937
 20
-3.2834645669291338
 30
0
 11
5.3824803149606302
 21
-3.2837401574803149
 31
0
  0
LINE
  5
EB5
330
22
100
AcDbEntity
  8
F.Cu
  6
CONTINUOUS
100
AcDbLine
 10
5.3824803149606302
 20
-3.2837401574803149
 30
0
 11
5.3822047244094486
 21
-3.2838188976377953
 31
0
  0
LINE
  5
EB6
330
22
100
AcDbEntity
  8
F.Cu
  6
CONTINUOUS
100
AcDbLine
 10
5.3822047244094486
 20
-3.2838188976377953
 30
0
 11
5.3817716535433071
 21
-3.2838976377952753
 31
0
  0
LINE
  5
EB7
330
22
100
AcDbEntity
  8
F.Cu
  6
CONTINUOUS
100
AcDbLine
 10
5.3817716535433071
 20
-3.2838976377952753
 30
0
 11
5.3816141732283462
 21
-3.2839763779527558
 31
0
  0
LINE
  5
EB8
330
22
100
AcDbEntity
  8
F.Cu
  6
CONTINUOUS
100
AcDbLine
 10
5.3816141732283462
 20
-3.2839763779527558
 30
0
 11
5.381062992125984
 21
-3.2841338582677166
 31
0
  0
LINE
  5
EB9
330
22
100
AcDbEntity
  8
F.Cu
  6
CONTINUOUS
100
AcDbLine
 10
5.381062992125984
 20
-3.2841338582677166
 30
0
 11
5.3803937007874012
 21
-3.2842913385826771
 31
0
  0
LINE
  5
EBA
330
22
100
AcDbEntity
  8
F.Cu
  6
CONTINUOUS
100
AcDbLine
 10
5.3803937007874012
 20
-3.2842913385826771
 30
0
 11
5.379685039370079
 21
-3.2846850393700788
 31
0
  0
LINE
  5
EBB
330
22
100
AcDbEntity
  8
F.Cu
  6
CONTINUOUS
100
AcDbLine
 10
5.379685039370079
 20
-3.2846850393700788
 30
0
 11
5.3792519685039366
 21
-3.2848425196850393
 31
0
  0
LINE
  5
EBC
330
22
100
AcDbEntity
  8
F.Cu
  6
CONTINUOUS
100
AcDbLine
 10
5.3792519685039366
 20
-3.2848425196850393
 30
0
 11
5.3787795275590549
 21
-3.2850000000000001
 31
0
  0
LINE
  5
EBD
330
22
100
AcDbEntity
  8
F.Cu
  6
CONTINUOUS
100
AcDbLine
 10
5.3787795275590549
 20
-3.2850000000000001
 30
0
 11
5.378622047244094
 21
-3.2850787401574801
 31
0
  0
LINE
  5
EBE
330
22
100
AcDbEntity
  8
F.Cu
  6
CONTINUOUS
100
AcDbLine
 10
5.378622047244094
 20
-3.2850787401574801
 30
0
 11
5.3778346456692914
 21
-3.2855118110236221
 31
0
  0
LINE
  5
EBF
330
22
100
AcDbEntity
  8
F.Cu
  6
CONTINUOUS
100
AcDbLine
 10
5.3778346456692914
 20
-3.2855118110236221
 30
0
 11
5.3777165354330707
 21
-3.2855511811023623
 31
0
  0
LINE
  5
EC0
330
22
100
AcDbEntity
  8
F.Cu
  6
CONTINUOUS
100
AcDbLine
 10
5.3777165354330707
 20
-3.2855511811023623
 30
0
 11
5.3775196850393696
 21
-3.2856692913385825
 31
0
  0
LINE
  5
EC1
330
22
100
AcDbEntity
  8
F.Cu
  6
CONTINUOUS
100
AcDbLine
 10
5.3775196850393696
 20
-3.2856692913385825
 30
0
 11
5.3773622047244096
 21
-3.285748031496063
 31
0
  0
LINE
  5
EC2
330
22
100
AcDbEntity
  8
F.Cu
  6
CONTINUOUS
100
AcDbLine
 10
5.3773622047244096
 20
-3.285748031496063
 30
0
 11
5.3765748031496061
 21
-3.2862598425196849
 31
0
  0
LINE
  5
EC3
330
22
100
AcDbEntity
  8
F.Cu
  6
CONTINUOUS
100
AcDbLine
 10
5.3765748031496061
 20
-3.2862598425196849
 30
0
 11
5.3764566929133855
 21
-3.2862992125984252
 31
0
  0
LINE
  5
EC4
330
22
100
AcDbEntity
  8
F.Cu
  6
CONTINUOUS
100
AcDbLine
 10
5.3764566929133855
 20
-3.2862992125984252
 30
0
 11
5.3757874015748026
 21
-3.2866929133858265
 31
0
  0
LINE
  5
EC5
330
22
100
AcDbEntity
  8
F.Cu
  6
CONTINUOUS
100
AcDbLine
 10
5.3757874015748026
 20
-3.2866929133858265
 30
0
 11
5.3749212598425196
 21
-3.2874015748031495
 31
0
  0
LINE
  5
EC6
330
22
100
AcDbEntity
  8
F.Cu
  6
CONTINUOUS
100
AcDbLine
 10
5.3749212598425196
 20
-3.2874015748031495
 30
0
 11
5.3747637795275587
 21
-3.2875196850393702
 31
0
  0
LINE
  5
EC7
330
22
100
AcDbEntity
  8
F.Cu
  6
CONTINUOUS
100
AcDbLine
 10
5.3747637795275587
 20
-3.2875196850393702
 30
0
 11
5.3745275590551183
 21
-3.2876771653543306
 31
0
  0
LINE
  5
EC8
330
22
100
AcDbEntity
  8
F.Cu
  6
CONTINUOUS
100
AcDbLine
 10
5.3745275590551183
 20
-3.2876771653543306
 30
0
 11
5.3735826771653539
 21
-3.2886220472440946
 31
0
  0
LINE
  5
EC9
330
22
100
AcDbEntity
  8
F.Cu
  6
CONTINUOUS
100
AcDbLine
 10
5.3735826771653539
 20
-3.2886220472440946
 30
0
 11
5.3733858267716537
 21
-3.288779527559055
 31
0
  0
LINE
  5
ECA
330
22
100
AcDbEntity
  8
F.Cu
  6
CONTINUOUS
100
AcDbLine
 10
5.3733858267716537
 20
-3.288779527559055
 30
0
 11
5.3265354330708661
 21
-3.3356299212598426
 31
0
  0
LINE
  5
ECB
330
22
100
AcDbEntity
  8
F.Cu
  6
CONTINUOUS
100
AcDbLine
 10
5.3265354330708661
 20
-3.3356299212598426
 30
0
 11
5.3234645669291334
 21
-3.3364173228346456
 31
0
  0
LINE
  5
ECC
330
22
100
AcDbEntity
  8
F.Cu
  6
CONTINUOUS
100
AcDbLine
 10
5.3234645669291334
 20
-3.3364173228346456
 30
0
 11
5.3213385826771651
 21
-3.3358267716535432
 31
0
  0
LINE
  5
ECD
330
22
100
AcDbEntity
  8
F.Cu
  6
CONTINUOUS
100
AcDbLine
 10
5.3213385826771651
 20
-3.3358267716535432
 30
0
 11
5.3116535433070862
 21
-3.3358267716535432
 31
0
  0
LINE
  5
ECE
330
22
100
AcDbEntity
  8
F.Cu
  6
CONTINUOUS
100
AcDbLine
 10
5.3116535433070862
 20
-3.3358267716535432
 30
0
 11
5.3020866141732279
 21
-3.3384251968503937
 31
0
  0
LINE
  5
ECF
330
22
100
AcDbEntity
  8
F.Cu
  6
CONTINUOUS
100
AcDbLine
 10
5.3020866141732279
 20
-3.3384251968503937
 30
0
 11
5.2937795275590549
 21
-3.343228346456693
 31
0
  0
LINE
  5
ED0
330
22
100
AcDbEntity
  8
F.Cu
  6
CONTINUOUS
100
AcDbLine
 10
5.2937795275590549
 20
-3.343228346456693
 30
0
 11
5.2868110236220467
 21
-3.3501968503937007
 31
0
  0
LINE
  5
ED1
330
22
100
AcDbEntity
  8
F.Cu
  6
CONTINUOUS
100
AcDbLine
 10
5.2868110236220467
 20
-3.3501968503937007
 30
0
 11
5.2820472440944881
 21
-3.3584251968503938
 31
0
  0
LINE
  5
ED2
330
22
100
AcDbEntity
  8
F.Cu
  6
CONTINUOUS
100
AcDbLine
 10
5.2820472440944881
 20
-3.3584251968503938
 30
0
 11
5.2820078740157479
 21
-3.358543307086614
 31
0
  0
LINE
  5
ED3
330
22
100
AcDbEntity
  8
F.Cu
  6
CONTINUOUS
100
AcDbLine
 10
5.2820078740157479
 20
-3.358543307086614
 30
0
 11
5.2794488188976381
 21
-3.368070866141732
 31
0
  0
LINE
  5
ED4
330
22
100
AcDbEntity
  8
F.Cu
  6
CONTINUOUS
100
AcDbLine
 10
5.2794488188976381
 20
-3.368070866141732
 30
0
 11
5.2794488188976381
 21
-3.3775984251968505
 31
0
  0
LINE
  5
ED5
330
22
100
AcDbEntity
  8
F.Cu
  6
CONTINUOUS
100
AcDbLine
 10
5.5929133858267717
 20
-3.4745275590551179
 30
0
 11
5.5955511811023619
 21
-3.484251968503937
 31
0
  0
LINE
  5
ED6
330
22
100
AcDbEntity
  8
F.Cu
  6
CONTINUOUS
100
AcDbLine
 10
5.5955511811023619
 20
-3.484251968503937
 30
0
 11
5.6003937007874018
 21
-3.4926377952755905
 31
0
  0
LINE
  5
ED7
330
22
100
AcDbEntity
  8
F.Cu
  6
CONTINUOUS
100
AcDbLine
 10
5.6003937007874018
 20
-3.4926377952755905
 30
0
 11
5.6004330708661412
 21
-3.4926771653543307
 31
0
  0
LINE
  5
ED8
330
22
100
AcDbEntity
  8
F.Cu
  6
CONTINUOUS
100
AcDbLine
 10
5.6004330708661412
 20
-3.4926771653543307
 30
0
 11
5.6074409448818896
 21
-3.4996456692913385
 31
0
  0
LINE
  5
ED9
330
22
100
AcDbEntity
  8
F.Cu
  6
CONTINUOUS
100
AcDbLine
 10
5.6074409448818896
 20
-3.4996456692913385
 30
0
 11
5.6074803149606298
 21
-3.4996850393700787
 31
0
  0
LINE
  5
EDA
330
22
100
AcDbEntity
  8
F.Cu
  6
CONTINUOUS
100
AcDbLine
 10
5.6074803149606298
 20
-3.4996850393700787
 30
0
 11
5.615826771653543
 21
-3.5045275590551181
 31
0
  0
LINE
  5
EDB
330
22
100
AcDbEntity
  8
F.Cu
  6
CONTINUOUS
100
AcDbLine
 10
5.615826771653543
 20
-3.5045275590551181
 30
0
 11
5.6160236220472441
 21
-3.5046062992125981
 31
0
  0
LINE
  5
EDC
330
22
100
AcDbEntity
  8
F.Cu
  6
CONTINUOUS
100
AcDbLine
 10
5.6160236220472441
 20
-3.5046062992125981
 30
0
 11
5.625511811023622
 21
-3.5071259842519686
 31
0
  0
LINE
  5
EDD
330
22
100
AcDbEntity
  8
F.Cu
  6
CONTINUOUS
100
AcDbLine
 10
5.625511811023622
 20
-3.5071259842519686
 30
0
 11
5.6353149606299215
 21
-3.5071259842519686
 31
0
  0
LINE
  5
EDE
330
22
100
AcDbEntity
  8
F.Cu
  6
CONTINUOUS
100
AcDbLine
 10
5.6353149606299215
 20
-3.5071259842519686
 30
0
 11
5.6448425196850396
 21
-3.5046062992125981
 31
0
  0
LINE
  5
EDF
330
22
100
AcDbEntity
  8
F.Cu
  6
CONTINUOUS
100
AcDbLine
 10
5.6448425196850396
 20
-3.5046062992125981
 30
0
 11
5.6450393700787398
 21
-3.5045275590551181
 31
0
  0
LINE
  5
EE0
330
22
100
AcDbEntity
  8
F.Cu
  6
CONTINUOUS
100
AcDbLine
 10
5.6450393700787398
 20
-3.5045275590551181
 30
0
 11
5.653385826771653
 21
-3.4996850393700787
 31
0
  0
LINE
  5
EE1
330
22
100
AcDbEntity
  8
F.Cu
  6
CONTINUOUS
100
AcDbLine
 10
5.653385826771653
 20
-3.4996850393700787
 30
0
 11
5.6603543307086612
 21
-3.4927165354330709
 31
0
  0
LINE
  5
EE2
330
22
100
AcDbEntity
  8
F.Cu
  6
CONTINUOUS
100
AcDbLine
 10
5.6603543307086612
 20
-3.4927165354330709
 30
0
 11
5.6652755905511807
 21
-3.4841732283464566
 31
0
  0
LINE
  5
EE3
330
22
100
AcDbEntity
  8
F.Cu
  6
CONTINUOUS
100
AcDbLine
 10
5.6652755905511807
 20
-3.4841732283464566
 30
0
 11
5.6678740157480316
 21
-3.4745669291338581
 31
0
  0
LINE
  5
EE4
330
22
100
AcDbEntity
  8
F.Cu
  6
CONTINUOUS
100
AcDbLine
 10
5.6678740157480316
 20
-3.4745669291338581
 30
0
 11
5.6678740157480316
 21
-3.4648031496062992
 31
0
  0
LINE
  5
EE5
330
22
100
AcDbEntity
  8
F.Cu
  6
CONTINUOUS
100
AcDbLine
 10
5.6678740157480316
 20
-3.4648031496062992
 30
0
 11
5.6652755905511807
 21
-3.4551968503937007
 31
0
  0
LINE
  5
EE6
330
22
100
AcDbEntity
  8
F.Cu
  6
CONTINUOUS
100
AcDbLine
 10
5.6652755905511807
 20
-3.4551968503937007
 30
0
 11
5.6603543307086612
 21
-3.4466535433070864
 31
0
  0
LINE
  5
EE7
330
22
100
AcDbEntity
  8
F.Cu
  6
CONTINUOUS
100
AcDbLine
 10
5.6603543307086612
 20
-3.4466535433070864
 30
0
 11
5.653385826771653
 21
-3.4396850393700786
 31
0
  0
LINE
  5
EE8
330
22
100
AcDbEntity
  8
F.Cu
  6
CONTINUOUS
100
AcDbLine
 10
5.653385826771653
 20
-3.4396850393700786
 30
0
 11
5.6450393700787398
 21
-3.4348425196850392
 31
0
  0
LINE
  5
EE9
330
22
100
AcDbEntity
  8
F.Cu
  6
CONTINUOUS
100
AcDbLine
 10
5.6450393700787398
 20
-3.4348425196850392
 30
0
 11
5.6449212598425191
 21
-3.434803149606299
 31
0
  0
LINE
  5
EEA
330
22
100
AcDbEntity
  8
F.Cu
  6
CONTINUOUS
100
AcDbLine
 10
5.6449212598425191
 20
-3.434803149606299
 30
0
 11
5.6352362204724411
 21
-3.4322047244094489
 31
0
  0
LINE
  5
EEB
330
22
100
AcDbEntity
  8
F.Cu
  6
CONTINUOUS
100
AcDbLine
 10
5.6352362204724411
 20
-3.4322047244094489
 30
0
 11
5.6255511811023622
 21
-3.4322047244094489
 31
0
  0
LINE
  5
EEC
330
22
100
AcDbEntity
  8
F.Cu
  6
CONTINUOUS
100
AcDbLine
 10
5.6255511811023622
 20
-3.4322047244094489
 30
0
 11
5.6159055118110235
 21
-3.434803149606299
 31
0
  0
LINE
  5
EED
330
22
100
AcDbEntity
  8
F.Cu
  6
CONTINUOUS
100
AcDbLine
 10
5.6159055118110235
 20
-3.434803149606299
 30
0
 11
5.6074803149606298
 21
-3.4396850393700786
 31
0
  0
LINE
  5
EEE
330
22
100
AcDbEntity
  8
F.Cu
  6
CONTINUOUS
100
AcDbLine
 10
5.6074803149606298
 20
-3.4396850393700786
 30
0
 11
5.6074409448818896
 21
-3.4397244094488189
 31
0
  0
LINE
  5
EEF
330
22
100
AcDbEntity
  8
F.Cu
  6
CONTINUOUS
100
AcDbLine
 10
5.6074409448818896
 20
-3.4397244094488189
 30
0
 11
5.6004330708661412
 21
-3.4466929133858266
 31
0
  0
LINE
  5
EF0
330
22
100
AcDbEntity
  8
F.Cu
  6
CONTINUOUS
100
AcDbLine
 10
5.6004330708661412
 20
-3.4466929133858266
 30
0
 11
5.6003937007874018
 21
-3.4467322834645668
 31
0
  0
LINE
  5
EF1
330
22
100
AcDbEntity
  8
F.Cu
  6
CONTINUOUS
100
AcDbLine
 10
5.6003937007874018
 20
-3.4467322834645668
 30
0
 11
5.5955511811023619
 21
-3.4551181102362203
 31
0
  0
LINE
  5
EF2
330
22
100
AcDbEntity
  8
F.Cu
  6
CONTINUOUS
100
AcDbLine
 10
5.5955511811023619
 20
-3.4551181102362203
 30
0
 11
5.5929133858267717
 21
-3.4648425196850394
 31
0
  0
LINE
  5
EF3
330
22
100
AcDbEntity
  8
F.Cu
  6
CONTINUOUS
100
AcDbLine
 10
5.5929133858267717
 20
-3.4648425196850394
 30
0
 11
5.5929133858267717
 21
-3.4745275590551179
 31
0
  0
CIRCLE
  5
EF4
330
22
100
AcDbEntity
  8
F.Cu
100
AcDbCircle
 10
6.2304102362204725
 20
-3.3696811023622049
 30
0
 40
0.0366141732283465
  0
CIRCLE
  5
EF5
330
22
100
AcDbEntity
  8
F.Cu
100
AcDbCircle
 10
5.630410236220472
 20
-3.3696855118110234
 30
0
 40
0.0366141732283465
  0
CIRCLE
  5
EF6
330
22
100
AcDbEntity
  8
F.Cu
100
AcDbCircle
 10
6.230422007874016
 20
-4.9696811023622045
 30
0
 40
0.0366141732283465
  0
CIRCLE
  5
EF7
330
22
100
AcDbEntity
  8
F.Cu
100
AcDbCircle
 10
5.6304220078740155
 20
-4.9696855118110239
 30
0
 40
0.0366141732283465
  0
CIRCLE
  5
EF8
330
22
100
AcDbEntity
  8
F.Cu
100
AcDbCircle
 10
6.2304205118110234
 20
-4.7696811023622043
 30
0
 40
0.0226377952755905
  0
CIRCLE
  5
EF9
330
22
100
AcDbEntity
  8
F.Cu
100
AcDbCircle
 10
6.2304190551181104
 20
-4.569681102362205
 30
0
 40
0.0226377952755905
  0
CIRCLE
  5
EFA
330
22
100
AcDbEntity
  8
F.Cu
100
AcDbCircle
 10
6.2304183070866141
 20
-4.4696811023622045
 30
0
 40
0.0226377952755905
  0
CIRCLE
  5
EFB
330
22
100
AcDbEntity
  8
F.Cu
100
AcDbCircle
 10
6.2304175984251966
 20
-4.3696811023622049
 30
0
 40
0.0226377952755905
  0
CIRCLE
  5
EFC
330
22
100
AcDbEntity
  8
F.Cu
100
AcDbCircle
 10
6.2304168503937003
 20
-4.2696811023622043
 30
0
 40
0.0226377952755905
  0
CIRCLE
  5
EFD
330
22
100
AcDbEntity
  8
F.Cu
100
AcDbCircle
 10
6.2304161023622049
 20
-4.1696811023622047
 30
0
 40
0.0226377952755905
  0
CIRCLE
  5
EFE
330
22
100
AcDbEntity
  8
F.Cu
100
AcDbCircle
 10
6.2304153937007873
 20
-4.069681102362205
 30
0
 40
0.0226377952755905
  0
CIRCLE
  5
EFF
330
22
100
AcDbEntity
  8
F.Cu
100
AcDbCircle
 10
6.230414645669291
 20
-3.9696811023622045
 30
0
 40
0.0226377952755905
  0
CIRCLE
  5
F00
330
22
100
AcDbEntity
  8
F.Cu
100
AcDbCircle
 10
6.2304138976377947
 20
-3.8696811023622044
 30
0
 40
0.0226377952755905
  0
CIRCLE
  5
F01
330
22
100
AcDbEntity
  8
F.Cu
100
AcDbCircle
 10
6.2304198031496059
 20
-4.6696811023622047
 30
0
 40
0.0226377952755905
  0
CIRCLE
  5
F02
330
22
100
AcDbEntity
  8
F.Cu
100
AcDbCircle
 10
6.2304124409448818
 20
-3.6696811023622047
 30
0
 40
0.0226377952755905
  0
CIRCLE
  5
F03
330
22
100
AcDbEntity
  8
F.Cu
100
AcDbCircle
 10
5.6304109842519683
 20
-3.4696855118110235
 30
0
 40
0.0226377952755905
  0
CIRCLE
  5
F04
330
22
100
AcDbEntity
  8
F.Cu
100
AcDbCircle
 10
5.6304116929133858
 20
-3.5696855118110236
 30
0
 40
0.0226377952755905
  0
CIRCLE
  5
F05
330
22
100
AcDbEntity
  8
F.Cu
100
AcDbCircle
 10
5.6304138976377951
 20
-3.8696855118110234
 30
0
 40
0.0226377952755905
  0
CIRCLE
  5
F06
330
22
100
AcDbEntity
  8
F.Cu
100
AcDbCircle
 10
5.6304146456692914
 20
-3.9696855118110235
 30
0
 40
0.0226377952755905
  0
CIRCLE
  5
F07
330
22
100
AcDbEntity
  8
F.Cu
100
AcDbCircle
 10
5.6304153937007877
 20
-4.0696855118110236
 30
0
 40
0.0226377952755905
  0
CIRCLE
  5
F08
330
22
100
AcDbEntity
  8
F.Cu
100
AcDbCircle
 10
5.6304161023622044
 20
-4.1696855118110232
 30
0
 40
0.0226377952755905
  0
CIRCLE
  5
F09
330
22
100
AcDbEntity
  8
F.Cu
100
AcDbCircle
 10
5.6304168503937007
 20
-4.2696855118110237
 30
0
 40
0.0226377952755905
  0
CIRCLE
  5
F0A
330
22
100
AcDbEntity
  8
F.Cu
100
AcDbCircle
 10
5.630417598425197
 20
-4.3696855118110234
 30
0
 40
0.0226377952755905
  0
CIRCLE
  5
F0B
330
22
100
AcDbEntity
  8
F.Cu
100
AcDbCircle
 10
5.6304183070866136
 20
-4.4696855118110239
 30
0
 40
0.0226377952755905
  0
CIRCLE
  5
F0C
330
22
100
AcDbEntity
  8
F.Cu
100
AcDbCircle
 10
5.6304190551181099
 20
-4.5696855118110236
 30
0
 40
0.0226377952755905
  0
CIRCLE
  5
F0D
330
22
100
AcDbEntity
  8
F.Cu
100
AcDbCircle
 10
5.6304198031496062
 20
-4.6696855118110232
 30
0
 40
0.0226377952755905
  0
CIRCLE
  5
F0E
330
22
100
AcDbEntity
  8
F.Cu
100
AcDbCircle
 10
5.6304205118110238
 20
-4.7696855118110237
 30
0
 40
0.0226377952755905
  0
CIRCLE
  5
F0F
330
22
100
AcDbEntity
  8
F.Cu
100
AcDbCircle
 10
5.6304212598425192
 20
-4.8696855118110234
 30
0
 40
0.0226377952755905
  0
CIRCLE
  5
F10
330
22
100
AcDbEntity
  8
F.Cu
100
AcDbCircle
 10
6.2304212598425197
 20
-4.8696811023622049
 30
0
 40
0.0226377952755905
  0
CIRCLE
  5
F11
330
22
100
AcDbEntity
  8
F.Cu
100
AcDbCircle
 10
6.2304116929133855
 20
-3.5696811023622046
 30
0
 40
0.0226377952755905
  0
CIRCLE
  5
F12
330
22
100
AcDbEntity
  8
F.Cu
100
AcDbCircle
 10
5.6304131889763775
 20
-3.7696855118110237
 30
0
 40
0.0226377952755905
  0
CIRCLE
  5
F13
330
22
100
AcDbEntity
  8
F.Cu
100
AcDbCircle
 10
5.6304124409448821
 20
-3.6696855118110236
 30
0
 40
0.0226377952755905
  0
CIRCLE
  5
F14
330
22
100
AcDbEntity
  8
F.Cu
100
AcDbCircle
 10
6.2304131889763781
 20
-3.7696811023622048
 30
0
 40
0.0226377952755905
  0
CIRCLE
  5
F15
330
22
100
AcDbEntity
  8
F.Cu
100
AcDbCircle
 10
6.2304109842519679
 20
-3.4696811023622045
 30
0
 40
0.0226377952755905
  0
CIRCLE
  5
F16
330
22
100
AcDbEntity
  8
F.Cu
100
AcDbCircle
 10
5.3164437795275585
 20
-3.3728346456692915
 30
0
 40
0.0196850393700787
  0
CIRCLE
  5
F17
330
22
100
AcDbEntity
  8
F.Cu
100
AcDbCircle
 10
5.3164445275590548
 20
-3.471259842519685
 30
0
 40
0.0196850393700787
  0
CIRCLE
  5
F18
330
22
100
AcDbEntity
  8
F.Cu
100
AcDbCircle
 10
5.3164452362204724
 20
-3.5696850393700785
 30
0
 40
0.0196850393700787
  0
CIRCLE
  5
F19
330
22
100
AcDbEntity
  8
F.Cu
100
AcDbCircle
 10
5.3164459842519687
 20
-3.6681102362204725
 30
0
 40
0.0196850393700787
  0
CIRCLE
  5
F1A
330
22
100
AcDbEntity
  8
F.Cu
100
AcDbCircle
 10
6.3975394881889764
 20
-3.5712598425196851
 30
0
 40
0.0196850393700787
  0
CIRCLE
  5
F1B
330
22
100
AcDbEntity
  8
F.Cu
100
AcDbCircle
 10
6.3975392519685039
 20
-3.471259842519685
 30
0
 40
0.0196850393700787
  0
CIRCLE
  5
F1C
330
22
100
AcDbEntity
  8
F.Cu
100
AcDbCircle
 10
5.931996062992126
 20
-3.619496062992126
 30
0
 40
0.0059055118110236
  0
CIRCLE
  5
F1D
330
22
100
AcDbEntity
  8
F.Cu
100
AcDbCircle
 10
5.931996062992126
 20
-3.619496062992126
 30
0
 40
0.0059055118110236
  0
CIRCLE
  5
F1E
330
22
100
AcDbEntity
  8
F.Cu
100
AcDbCircle
 10
6.2304102362204725
 20
-3.3696811023622049
 30
0
 40
0.0366141338582677
  0
CIRCLE
  5
F1F
330
22
100
AcDbEntity
  8
F.Cu
100
AcDbCircle
 10
5.630410236220472
 20
-3.3696855118110234
 30
0
 40
0.0366141338582677
  0
CIRCLE
  5
F20
330
22
100
AcDbEntity
  8
F.Cu
100
AcDbCircle
 10
6.230422007874016
 20
-4.9696811023622045
 30
0
 40
0.0366141338582677
  0
CIRCLE
  5
F21
330
22
100
AcDbEntity
  8
F.Cu
100
AcDbCircle
 10
5.6304220078740155
 20
-4.9696855118110239
 30
0
 40
0.0366141338582677
  0
CIRCLE
  5
F22
330
22
100
AcDbEntity
  8
F.Cu
100
AcDbCircle
 10
6.2304205118110234
 20
-4.7696811023622043
 30
0
 40
0.0226377952755905
  0
CIRCLE
  5
F23
330
22
100
AcDbEntity
  8
F.Cu
100
AcDbCircle
 10
6.2304190551181104
 20
-4.569681102362205
 30
0
 40
0.0226377952755905
  0
CIRCLE
  5
F24
330
22
100
AcDbEntity
  8
F.Cu
100
AcDbCircle
 10
6.2304183070866141
 20
-4.4696811023622045
 30
0
 40
0.0226377952755905
  0
CIRCLE
  5
F25
330
22
100
AcDbEntity
  8
F.Cu
100
AcDbCircle
 10
6.2304175984251966
 20
-4.3696811023622049
 30
0
 40
0.0226377952755905
  0
CIRCLE
  5
F26
330
22
100
AcDbEntity
  8
F.Cu
100
AcDbCircle
 10
6.2304168503937003
 20
-4.2696811023622043
 30
0
 40
0.0226377952755905
  0
CIRCLE
  5
F27
330
22
100
AcDbEntity
  8
F.Cu
100
AcDbCircle
 10
6.2304161023622049
 20
-4.1696811023622047
 30
0
 40
0.0226377952755905
  0
CIRCLE
  5
F28
330
22
100
AcDbEntity
  8
F.Cu
100
AcDbCircle
 10
6.2304153937007873
 20
-4.069681102362205
 30
0
 40
0.0226377952755905
  0
CIRCLE
  5
F29
330
22
100
AcDbEntity
  8
F.Cu
100
AcDbCircle
 10
6.230414645669291
 20
-3.9696811023622045
 30
0
 40
0.0226377952755905
  0
CIRCLE
  5
F2A
330
22
100
AcDbEntity
  8
F.Cu
100
AcDbCircle
 10
6.2304138976377947
 20
-3.8696811023622044
 30
0
 40
0.0226377952755905
  0
CIRCLE
  5
F2B
330
22
100
AcDbEntity
  8
F.Cu
100
AcDbCircle
 10
6.2304198031496059
 20
-4.6696811023622047
 30
0
 40
0.0226377952755905
  0
CIRCLE
  5
F2C
330
22
100
AcDbEntity
  8
F.Cu
100
AcDbCircle
 10
6.2304124409448818
 20
-3.6696811023622047
 30
0
 40
0.0226377952755905
  0
CIRCLE
  5
F2D
330
22
100
AcDbEntity
  8
F.Cu
100
AcDbCircle
 10
5.6304109842519683
 20
-3.4696855118110235
 30
0
 40
0.0226377952755905
  0
CIRCLE
  5
F2E
330
22
100
AcDbEntity
  8
F.Cu
100
AcDbCircle
 10
5.6304116929133858
 20
-3.5696855118110236
 30
0
 40
0.0226377952755905
  0
CIRCLE
  5
F2F
330
22
100
AcDbEntity
  8
F.Cu
100
AcDbCircle
 10
5.6304138976377951
 20
-3.8696855118110234
 30
0
 40
0.0226377952755905
  0
CIRCLE
  5
F30
330
22
100
AcDbEntity
  8
F.Cu
100
AcDbCircle
 10
5.6304146456692914
 20
-3.9696855118110235
 30
0
 40
0.0226377952755905
  0
CIRCLE
  5
F31
330
22
100
AcDbEntity
  8
F.Cu
100
AcDbCircle
 10
5.6304153937007877
 20
-4.0696855118110236
 30
0
 40
0.0226377952755905
  0
CIRCLE
  5
F32
330
22
100
AcDbEntity
  8
F.Cu
100
AcDbCircle
 10
5.6304161023622044
 20
-4.1696855118110232
 30
0
 40
0.0226377952755905
  0
CIRCLE
  5
F33
330
22
100
AcDbEntity
  8
F.Cu
100
AcDbCircle
 10
5.6304168503937007
 20
-4.2696855118110237
 30
0
 40
0.0226377952755905
  0
CIRCLE
  5
F34
330
22
100
AcDbEntity
  8
F.Cu
100
AcDbCircle
 10
5.630417598425197
 20
-4.3696855118110234
 30
0
 40
0.0226377952755905
  0
CIRCLE
  5
F35
330
22
100
AcDbEntity
  8
F.Cu
100
AcDbCircle
 10
5.6304183070866136
 20
-4.4696855118110239
 30
0
 40
0.0226377952755905
  0
CIRCLE
  5
F36
330
22
100
AcDbEntity
  8
F.Cu
100
AcDbCircle
 10
5.6304190551181099
 20
-4.5696855118110236
 30
0
 40
0.0226377952755905
  0
CIRCLE
  5
F37
330
22
100
AcDbEntity
  8
F.Cu
100
AcDbCircle
 10
5.6304198031496062
 20
-4.6696855118110232
 30
0
 40
0.0226377952755905
  0
CIRCLE
  5
F38
330
22
100
AcDbEntity
  8
F.Cu
100
AcDbCircle
 10
5.6304205118110238
 20
-4.7696855118110237
 30
0
 40
0.0226377952755905
  0
CIRCLE
  5
F39
330
22
100
AcDbEntity
  8
F.Cu
100
AcDbCircle
 10
5.6304212598425192
 20
-4.8696855118110234
 30
0
 40
0.0226377952755905
  0
CIRCLE
  5
F3A
330
22
100
AcDbEntity
  8
F.Cu
100
AcDbCircle
 10
6.2304212598425197
 20
-4.8696811023622049
 30
0
 40
0.0226377952755905
  0
CIRCLE
  5
F3B
330
22
100
AcDbEntity
  8
F.Cu
100
AcDbCircle
 10
6.2304116929133855
 20
-3.5696811023622046
 30
0
 40
0.0226377952755905
  0
CIRCLE
  5
F3C
330
22
100
AcDbEntity
  8
F.Cu
100
AcDbCircle
 10
5.6304131889763775
 20
-3.7696855118110237
 30
0
 40
0.0226377952755905
  0
CIRCLE
  5
F3D
330
22
100
AcDbEntity
  8
F.Cu
100
AcDbCircle
 10
5.6304124409448821
 20
-3.6696855118110236
 30
0
 40
0.0226377952755905
  0
CIRCLE
  5
F3E
330
22
100
AcDbEntity
  8
F.Cu
100
AcDbCircle
 10
6.2304131889763781
 20
-3.7696811023622048
 30
0
 40
0.0226377952755905
  0
CIRCLE
  5
F3F
330
22
100
AcDbEntity
  8
F.Cu
100
AcDbCircle
 10
6.2304109842519679
 20
-3.4696811023622045
 30
0
 40
0.0226377952755905
  0
CIRCLE
  5
F40
330
22
100
AcDbEntity
  8
F.Cu
100
AcDbCircle
 10
5.3164437795275585
 20
-3.3728346456692915
 30
0
 40
0.0196850393700787
  0
CIRCLE
  5
F41
330
22
100
AcDbEntity
  8
F.Cu
100
AcDbCircle
 10
5.3164445275590548
 20
-3.471259842519685
 30
0
 40
0.0196850393700787
  0
CIRCLE
  5
F42
330
22
100
AcDbEntity
  8
F.Cu
100
AcDbCircle
 10
5.3164452362204724
 20
-3.5696850393700785
 30
0
 40
0.0196850393700787
  0
CIRCLE
  5
F43
330
22
100
AcDbEntity
  8
F.Cu
100
AcDbCircle
 10
5.3164459842519687
 20
-3.6681102362204725
 30
0
 40
0.0196850393700787
  0
CIRCLE
  5
F44
330
22
100
AcDbEntity
  8
F.Cu
100
AcDbCircle
 10
6.3975394881889764
 20
-3.5712598425196851
 30
0
 40
0.0196850393700787
  0
CIRCLE
  5
F45
330
22
100
AcDbEntity
  8
F.Cu
100
AcDbCircle
 10
6.3975392519685039
 20
-3.471259842519685
 30
0
 40
0.0196850393700787
  0
ENDSEC
  0
SECTION
  2
OBJECTS
  0
DICTIONARY
  5
28
330
0
100
AcDbDictionary
281
1
  3
ACAD_GROUP
350
F46
  3
ACAD_LAYOUT
350
29
  3
ACAD_PLOTSTYLENAME
350
11
  0
DICTIONARY
  5
F46
330
28
100
AcDbDictionary
281
1
  0
ACDBDICTIONARYWDFLT
  5
11
330
28
100
AcDbDictionary
281
1
  3
Normal
350
10
100
AcDbDictionaryWithDefault
340
10
  0
ACDBPLACEHOLDER
  5
10
330
11
  0
DICTIONARY
  5
29
330
28
100
AcDbDictionary
281
1
  3
Model
350
25
  3
Layout1
350
26
  3
Layout2
350
27
  0
LAYOUT
  5
25
330
29
100
AcDbPlotSettings
  1

  2
none_device
  4
A3
  6

 40
0.0
 41
0.0
 42
0.0
 43
0.0
 44
420.0
 45
297.0
 46
0.0
 47
0.0
 48
0.0
 49
0.0
140
0.0
141
0.0
142
1.0
143
1.0
 70
1024
 72
1
 73
0
 74
5
  7

 75
16
 76
0
 77
2
 78
300
147
1.0
148
0.0
149
0.0
100
AcDbLayout
  1
Model
 70
1
 71
0
 10
0.0
 20
0.0
 11
420.0
 21
297.0
 12
0.0
 22
0.0
 32
0.0
 14
1e+20
 24
1e+20
 34
1e+20
 15
-1e+20
 25
-1e+20
 35
-1e+20
146
0.0
 13
0.0
 23
0.0
 33
0.0
 16
1.0
 26
0.0
 36
0.0
 17
0.0
 27
1.0
 37
0.0
 76
0
330
22
  0
LAYOUT
  5
26
330
29
100
AcDbPlotSettings
  1

  2
none_device
  4
A3
  6

 40
0.0
 41
0.0
 42
0.0
 43
0.0
 44
420.0
 45
297.0
 46
0.0
 47
0.0
 48
0.0
 49
0.0
140
0.0
141
0.0
142
1.0
143
1.0
 70
0
 72
1
 73
0
 74
5
  7

 75
16
 76
0
 77
2
 78
300
147
1.0
148
0.0
149
0.0
100
AcDbLayout
  1
Layout1
 70
1
 71
1
 10
0.0
 20
0.0
 11
420.0
 21
297.0
 12
0.0
 22
0.0
 32
0.0
 14
1e+20
 24
1e+20
 34
1e+20
 15
-1e+20
 25
-1e+20
 35
-1e+20
146
0.0
 13
0.0
 23
0.0
 33
0.0
 16
1.0
 26
0.0
 36
0.0
 17
0.0
 27
1.0
 37
0.0
 76
0
330
23
  0
LAYOUT
  5
27
330
29
100
AcDbPlotSettings
  1

  2
none_device
  4
A3
  6

 40
0.0
 41
0.0
 42
0.0
 43
0.0
 44
420.0
 45
297.0
 46
0.0
 47
0.0
 48
0.0
 49
0.0
140
0.0
141
0.0
142
1.0
143
1.0
 70
0
 72
1
 73
0
 74
5
  7

 75
16
 76
0
 77
2
 78
300
147
1.0
148
0.0
149
0.0
100
AcDbLayout
  1
Layout2
 70
1
 71
2
 10
0.0
 20
0.0
 11
420.0
 21
297.0
 12
0.0
 22
0.0
 32
0.0
 14
1e+20
 24
1e+20
 34
1e+20
 15
-1e+20
 25
-1e+20
 35
-1e+20
146
0.0
 13
0.0
 23
0.0
 33
0.0
 16
1.0
 26
0.0
 36
0.0
 17
0.0
 27
1.0
 37
0.0
 76
0
330
24
  0
ENDSEC
  0
EOF
