  0
SECTION
  2
HEADER
  9
$ACADVER
  1
AC1018
  9
$HANDSEED
  5
FFFFFFFF
  9
$ANGBASE
  50
0.0
  9
$ANGDIR
  70
1
  9
$MEASUREMENT
  70
0
  9
$INSUNITS
  70
1
  0
ENDSEC
  0
SECTION
  2
TABLES
  0
TABLE
  2
APPID
  5
1
330
0
100
AcDbSymbolTable
 70
1
  0
APPID
  5
2
330
1
100
AcDbSymbolTableRecord
100
AcDbRegAppTableRecord
  2
ACAD
 70
0
  0
ENDTAB
  0
TABLE
  2
LTYPE
  5
3
330
0
100
AcDbSymbolTable
 70
6
  0
LTYPE
  5
4
330
3
100
AcDbSymbolTableRecord
100
AcDbLinetypeTableRecord
  2
ByBlock
 70
0
  3

 72
65
 73
0
 40
0
  0
LTYPE
  5
5
330
3
100
AcDbSymbolTableRecord
100
AcDbLinetypeTableRecord
  2
ByLayer
 70
0
  3

 72
65
 73
0
 40
0
  0
LTYPE
  5
6
330
3
100
AcDbSymbolTableRecord
100
AcDbLinetypeTableRecord
  2
CONTINUOUS
 70
0
  3
Solid line
 72
65
 73
0
 40
0
  0
LTYPE
  5
7
330
3
100
AcDbSymbolTableRecord
100
AcDbLinetypeTableRecord
  2
DASHDOT
 70
0
  3
Dash Dot ____ _ ____ _
 72
65
 73
4
 40
2
 49
1.25
 74
0
 49
-0.25
 74
0
 49
0.25
 74
0
 49
-0.25
 74
0
  0
LTYPE
  5
8
330
3
100
AcDbSymbolTableRecord
100
AcDbLinetypeTableRecord
  2
DASHED
 70
0
  3
Dashed __ __ __ __ __
 72
65
 73
2
 40
0.75
 49
0.5
 74
0
 49
-0.25
 74
0
  0
LTYPE
  5
9
330
3
100
AcDbSymbolTableRecord
100
AcDbLinetypeTableRecord
  2
DOTTED
 70
0
  3
Dotted .  .  .  .
 72
65
 73
2
 40
0.2
 49
0.0
 74
0
 49
-0.2
 74
0
  0
ENDTAB
  0
TABLE
  2
STYLE
  5
A
330
0
100
AcDbSymbolTable
 70
4
  0
STYLE
  5
B
330
A
100
AcDbSymbolTableRecord
100
AcDbTextStyleTableRecord
  2
Flux
 70
0
 40
0
 41
1
 42
1
 50
0
 71
0
  3
isocp.shx
  0
STYLE
  5
C
330
A
100
AcDbSymbolTableRecord
100
AcDbTextStyleTableRecord
  2
FluxB
 70
0
 40
0
 41
1
 42
1
 50
0
 71
0
  3
isocp.shx
  0
STYLE
  5
D
330
A
100
AcDbSymbolTableRecord
100
AcDbTextStyleTableRecord
  2
FluxI
 70
0
 40
0
 41
1
 42
1
 50
15
 71
0
  3
isocp.shx
  0
STYLE
  5
E
330
A
100
AcDbSymbolTableRecord
100
AcDbTextStyleTableRecord
  2
FluxBI
 70
0
 40
0
 41
1
 42
1
 50
15
 71
0
  3
isocp.shx
  0
ENDTAB
  0
TABLE
  2
LAYER
  5
F
330
0
100
AcDbSymbolTable
 70
10
  0
LAYER
  5
12
330
F
100
AcDbSymbolTableRecord
100
AcDbLayerTableRecord
  2
0
 70
0
 62
7
  6
CONTINUOUS
390
10
  0
LAYER
  5
13
330
F
100
AcDbSymbolTableRecord
100
AcDbLayerTableRecord
  2
Edge.Cuts
 70
0
 62
254
420
13685453
  6
CONTINUOUS
390
10
  0
LAYER
  5
14
330
F
100
AcDbSymbolTableRecord
100
AcDbLayerTableRecord
  2
B.Cu
 70
0
 62
153
420
5078980
  6
CONTINUOUS
390
10
  0
LAYER
  5
15
330
F
100
AcDbSymbolTableRecord
100
AcDbLayerTableRecord
  2
B.Mask
 70
0
 62
4
420
196590
  6
CONTINUOUS
390
10
  0
LAYER
  5
16
330
F
100
AcDbSymbolTableRecord
100
AcDbLayerTableRecord
  2
B.Paste
 70
0
 62
132
420
49858
  6
CONTINUOUS
390
10
  0
LAYER
  5
17
330
F
100
AcDbSymbolTableRecord
100
AcDbLayerTableRecord
  2
B.Silkscreen
 70
0
 62
31
420
15250087
  6
CONTINUOUS
390
10
  0
LAYER
  5
18
330
F
100
AcDbSymbolTableRecord
100
AcDbLayerTableRecord
  2
F.Cu
 70
0
 62
13
420
13120564
  6
CONTINUOUS
390
10
  0
LAYER
  5
19
330
F
100
AcDbSymbolTableRecord
100
AcDbLayerTableRecord
  2
F.Mask
 70
0
 62
201
420
14181631
  6
CONTINUOUS
390
10
  0
LAYER
  5
1A
330
F
100
AcDbSymbolTableRecord
100
AcDbLayerTableRecord
  2
F.Paste
 70
0
 62
253
420
11837594
  6
CONTINUOUS
390
10
  0
LAYER
  5
1B
330
F
100
AcDbSymbolTableRecord
100
AcDbLayerTableRecord
  2
F.Silkscreen
 70
0
 62
41
420
15920545
  6
CONTINUOUS
390
10
  0
ENDTAB
  0
TABLE
  2
VPORT
  5
1C
330
0
100
AcDbSymbolTable
 70
0
  0
ENDTAB
  0
TABLE
  2
VIEW
  5
1D
330
0
100
AcDbSymbolTable
 70
0
  0
ENDTAB
  0
TABLE
  2
UCS
  5
1E
330
0
100
AcDbSymbolTable
 70
0
  0
ENDTAB
  0
TABLE
  2
DIMSTYLE
  5
1F
330
0
100
AcDbSymbolTable
 70
1
100
AcDbDimStyleTable
 71
0
  0
DIMSTYLE
105
20
330
1F
100
AcDbSymbolTableRecord
100
AcDbDimStyleTableRecord
  2
Standard
 70
0
  0
ENDTAB
  0
TABLE
  2
BLOCK_RECORD
  5
21
330
0
100
AcDbSymbolTable
 70
3
  0
BLOCK_RECORD
  5
22
330
21
100
AcDbSymbolTableRecord
100
AcDbBlockTableRecord
  2
*Model_Space
340
25
 70
0
280
1
281
0
  0
BLOCK_RECORD
  5
23
330
21
100
AcDbSymbolTableRecord
100
AcDbBlockTableRecord
  2
*Paper_Space
340
26
 70
0
280
1
281
0
  0
BLOCK_RECORD
  5
24
330
21
100
AcDbSymbolTableRecord
100
AcDbBlockTableRecord
  2
*Paper_Space0
340
27
 70
0
280
1
281
0
  0
ENDTAB
  0
ENDSEC
  0
SECTION
  2
BLOCKS
  0
BLOCK
  5
2B
330
22
100
AcDbEntity
  8
0
100
AcDbBlockBegin
  2
*Model_Space
 70
0
 10
0.0
 20
0.0
 30
0.0
  3
*Model_Space
  1

  0
ENDBLK
  5
2A
330
22
100
AcDbEntity
  8
0
100
AcDbBlockEnd
  0
BLOCK
  5
2D
330
23
100
AcDbEntity
 67
1
  8
0
100
AcDbBlockBegin
  2
*Paper_Space
 70
0
 10
0.0
 20
0.0
 30
0.0
  3
*Paper_Space
  1

  0
ENDBLK
  5
2C
330
23
100
AcDbEntity
 67
1
  8
0
100
AcDbBlockEnd
  0
BLOCK
  5
2F
330
24
100
AcDbEntity
 67
1
  8
0
100
AcDbBlockBegin
  2
*Paper_Space0
 70
0
 10
0.0
 20
0.0
 30
0.0
  3
*Paper_Space0
  1

  0
ENDBLK
  5
2E
330
24
100
AcDbEntity
 67
1
  8
0
100
AcDbBlockEnd
  0
ENDSEC
  0
SECTION
  2
ENTITIES
  0
LINE
  5
30
330
22
100
AcDbEntity
  8
B.Paste
  6
CONTINUOUS
100
AcDbLine
 10
6.2643779527559058
 20
-4.9036377952755901
 30
0
 11
6.1964645669291336
 21
-4.9036377952755901
 31
0
  0
LINE
  5
31
330
22
100
AcDbEntity
  8
B.Paste
  6
CONTINUOUS
100
AcDbLine
 10
6.1964645669291336
 20
-4.9036377952755901
 30
0
 11
6.1964645669291336
 21
-4.8357244094488188
 31
0
  0
LINE
  5
32
330
22
100
AcDbEntity
  8
B.Paste
  6
CONTINUOUS
100
AcDbLine
 10
6.1964645669291336
 20
-4.8357244094488188
 30
0
 11
6.2643779527559058
 21
-4.8357244094488188
 31
0
  0
LINE
  5
33
330
22
100
AcDbEntity
  8
B.Paste
  6
CONTINUOUS
100
AcDbLine
 10
6.2643779527559058
 20
-4.8357244094488188
 30
0
 11
6.2643779527559058
 21
-4.9036377952755901
 31
0
  0
LINE
  5
34
330
22
100
AcDbEntity
  8
B.Paste
  6
CONTINUOUS
100
AcDbLine
 10
5.6402783858267718
 20
-4.8371909842519685
 30
0
 11
5.6464283464566929
 21
-4.839738385826772
 31
0
  0
LINE
  5
35
330
22
100
AcDbEntity
  8
B.Paste
  6
CONTINUOUS
100
AcDbLine
 10
5.6464283464566929
 20
-4.839738385826772
 30
0
 11
5.6519631496062992
 21
-4.8434366141732283
 31
0
  0
LINE
  5
36
330
22
100
AcDbEntity
  8
B.Paste
  6
CONTINUOUS
100
AcDbLine
 10
5.6519631496062992
 20
-4.8434366141732283
 30
0
 11
5.6566701574803151
 21
-4.8481436220472442
 31
0
  0
LINE
  5
37
330
22
100
AcDbEntity
  8
B.Paste
  6
CONTINUOUS
100
AcDbLine
 10
5.6566701574803151
 20
-4.8481436220472442
 30
0
 11
5.6603683858267715
 21
-4.8536784251968506
 31
0
  0
LINE
  5
38
330
22
100
AcDbEntity
  8
B.Paste
  6
CONTINUOUS
100
AcDbLine
 10
5.6603683858267715
 20
-4.8536784251968506
 30
0
 11
5.662915787401575
 21
-4.8598283858267717
 31
0
  0
LINE
  5
39
330
22
100
AcDbEntity
  8
B.Paste
  6
CONTINUOUS
100
AcDbLine
 10
5.662915787401575
 20
-4.8598283858267717
 30
0
 11
5.6642144488188979
 21
-4.8663571653543309
 31
0
  0
LINE
  5
3A
330
22
100
AcDbEntity
  8
B.Paste
  6
CONTINUOUS
100
AcDbLine
 10
5.6642144488188979
 20
-4.8663571653543309
 30
0
 11
5.6642144488188979
 21
-4.8730138582677167
 31
0
  0
LINE
  5
3B
330
22
100
AcDbEntity
  8
B.Paste
  6
CONTINUOUS
100
AcDbLine
 10
5.6642144488188979
 20
-4.8730138582677167
 30
0
 11
5.662915787401575
 21
-4.8795426377952751
 31
0
  0
LINE
  5
3C
330
22
100
AcDbEntity
  8
B.Paste
  6
CONTINUOUS
100
AcDbLine
 10
5.662915787401575
 20
-4.8795426377952751
 30
0
 11
5.6603683858267715
 21
-4.8856925984251971
 31
0
  0
LINE
  5
3D
330
22
100
AcDbEntity
  8
B.Paste
  6
CONTINUOUS
100
AcDbLine
 10
5.6603683858267715
 20
-4.8856925984251971
 30
0
 11
5.6566701574803151
 21
-4.8912274015748034
 31
0
  0
LINE
  5
3E
330
22
100
AcDbEntity
  8
B.Paste
  6
CONTINUOUS
100
AcDbLine
 10
5.6566701574803151
 20
-4.8912274015748034
 30
0
 11
5.6519631496062992
 21
-4.8959344094488184
 31
0
  0
LINE
  5
3F
330
22
100
AcDbEntity
  8
B.Paste
  6
CONTINUOUS
100
AcDbLine
 10
5.6519631496062992
 20
-4.8959344094488184
 30
0
 11
5.6464283464566929
 21
-4.8996326377952757
 31
0
  0
LINE
  5
40
330
22
100
AcDbEntity
  8
B.Paste
  6
CONTINUOUS
100
AcDbLine
 10
5.6464283464566929
 20
-4.8996326377952757
 30
0
 11
5.6402783858267718
 21
-4.9021800393700783
 31
0
  0
LINE
  5
41
330
22
100
AcDbEntity
  8
B.Paste
  6
CONTINUOUS
100
AcDbLine
 10
5.6402783858267718
 20
-4.9021800393700783
 30
0
 11
5.6337496062992125
 21
-4.9034787007874012
 31
0
  0
LINE
  5
42
330
22
100
AcDbEntity
  8
B.Paste
  6
CONTINUOUS
100
AcDbLine
 10
5.6337496062992125
 20
-4.9034787007874012
 30
0
 11
5.6270929133858267
 21
-4.9034787007874012
 31
0
  0
LINE
  5
43
330
22
100
AcDbEntity
  8
B.Paste
  6
CONTINUOUS
100
AcDbLine
 10
5.6270929133858267
 20
-4.9034787007874012
 30
0
 11
5.6205641338582675
 21
-4.9021800393700783
 31
0
  0
LINE
  5
44
330
22
100
AcDbEntity
  8
B.Paste
  6
CONTINUOUS
100
AcDbLine
 10
5.6205641338582675
 20
-4.9021800393700783
 30
0
 11
5.6144141732283463
 21
-4.8996326377952757
 31
0
  0
LINE
  5
45
330
22
100
AcDbEntity
  8
B.Paste
  6
CONTINUOUS
100
AcDbLine
 10
5.6144141732283463
 20
-4.8996326377952757
 30
0
 11
5.60887937007874
 21
-4.8959344094488184
 31
0
  0
LINE
  5
46
330
22
100
AcDbEntity
  8
B.Paste
  6
CONTINUOUS
100
AcDbLine
 10
5.60887937007874
 20
-4.8959344094488184
 30
0
 11
5.6041723622047241
 21
-4.8912274015748034
 31
0
  0
LINE
  5
47
330
22
100
AcDbEntity
  8
B.Paste
  6
CONTINUOUS
100
AcDbLine
 10
5.6041723622047241
 20
-4.8912274015748034
 30
0
 11
5.6004741338582678
 21
-4.8856925984251971
 31
0
  0
LINE
  5
48
330
22
100
AcDbEntity
  8
B.Paste
  6
CONTINUOUS
100
AcDbLine
 10
5.6004741338582678
 20
-4.8856925984251971
 30
0
 11
5.5979267322834643
 21
-4.8795426377952751
 31
0
  0
LINE
  5
49
330
22
100
AcDbEntity
  8
B.Paste
  6
CONTINUOUS
100
AcDbLine
 10
5.5979267322834643
 20
-4.8795426377952751
 30
0
 11
5.5966280708661413
 21
-4.8730138582677167
 31
0
  0
LINE
  5
4A
330
22
100
AcDbEntity
  8
B.Paste
  6
CONTINUOUS
100
AcDbLine
 10
5.5966280708661413
 20
-4.8730138582677167
 30
0
 11
5.5966280708661413
 21
-4.8663571653543309
 31
0
  0
LINE
  5
4B
330
22
100
AcDbEntity
  8
B.Paste
  6
CONTINUOUS
100
AcDbLine
 10
5.5966280708661413
 20
-4.8663571653543309
 30
0
 11
5.5979267322834643
 21
-4.8598283858267717
 31
0
  0
LINE
  5
4C
330
22
100
AcDbEntity
  8
B.Paste
  6
CONTINUOUS
100
AcDbLine
 10
5.5979267322834643
 20
-4.8598283858267717
 30
0
 11
5.6004741338582678
 21
-4.8536784251968506
 31
0
  0
LINE
  5
4D
330
22
100
AcDbEntity
  8
B.Paste
  6
CONTINUOUS
100
AcDbLine
 10
5.6004741338582678
 20
-4.8536784251968506
 30
0
 11
5.6041723622047241
 21
-4.8481436220472442
 31
0
  0
LINE
  5
4E
330
22
100
AcDbEntity
  8
B.Paste
  6
CONTINUOUS
100
AcDbLine
 10
5.6041723622047241
 20
-4.8481436220472442
 30
0
 11
5.60887937007874
 21
-4.8434366141732283
 31
0
  0
LINE
  5
4F
330
22
100
AcDbEntity
  8
B.Paste
  6
CONTINUOUS
100
AcDbLine
 10
5.60887937007874
 20
-4.8434366141732283
 30
0
 11
5.6144141732283463
 21
-4.839738385826772
 31
0
  0
LINE
  5
50
330
22
100
AcDbEntity
  8
B.Paste
  6
CONTINUOUS
100
AcDbLine
 10
5.6144141732283463
 20
-4.839738385826772
 30
0
 11
5.6205641338582675
 21
-4.8371909842519685
 31
0
  0
LINE
  5
51
330
22
100
AcDbEntity
  8
B.Paste
  6
CONTINUOUS
100
AcDbLine
 10
5.6205641338582675
 20
-4.8371909842519685
 30
0
 11
5.6270929133858267
 21
-4.8358923228346455
 31
0
  0
LINE
  5
52
330
22
100
AcDbEntity
  8
B.Paste
  6
CONTINUOUS
100
AcDbLine
 10
5.6270929133858267
 20
-4.8358923228346455
 30
0
 11
5.6337496062992125
 21
-4.8358923228346455
 31
0
  0
LINE
  5
53
330
22
100
AcDbEntity
  8
B.Paste
  6
CONTINUOUS
100
AcDbLine
 10
5.6337496062992125
 20
-4.8358923228346455
 30
0
 11
5.6402783858267718
 21
-4.8371909842519685
 31
0
  0
LINE
  5
54
330
22
100
AcDbEntity
  8
B.Paste
  6
CONTINUOUS
100
AcDbLine
 10
5.6402776377952755
 20
-4.7371909842519688
 30
0
 11
5.6464275984251966
 21
-4.7397383858267714
 31
0
  0
LINE
  5
55
330
22
100
AcDbEntity
  8
B.Paste
  6
CONTINUOUS
100
AcDbLine
 10
5.6464275984251966
 20
-4.7397383858267714
 30
0
 11
5.6519624015748029
 21
-4.7434366141732278
 31
0
  0
LINE
  5
56
330
22
100
AcDbEntity
  8
B.Paste
  6
CONTINUOUS
100
AcDbLine
 10
5.6519624015748029
 20
-4.7434366141732278
 30
0
 11
5.6566694094488188
 21
-4.7481436220472437
 31
0
  0
LINE
  5
57
330
22
100
AcDbEntity
  8
B.Paste
  6
CONTINUOUS
100
AcDbLine
 10
5.6566694094488188
 20
-4.7481436220472437
 30
0
 11
5.6603676377952752
 21
-4.75367842519685
 31
0
  0
LINE
  5
58
330
22
100
AcDbEntity
  8
B.Paste
  6
CONTINUOUS
100
AcDbLine
 10
5.6603676377952752
 20
-4.75367842519685
 30
0
 11
5.6629150393700787
 21
-4.7598283858267711
 31
0
  0
LINE
  5
59
330
22
100
AcDbEntity
  8
B.Paste
  6
CONTINUOUS
100
AcDbLine
 10
5.6629150393700787
 20
-4.7598283858267711
 30
0
 11
5.6642137007874016
 21
-4.7663571653543304
 31
0
  0
LINE
  5
5A
330
22
100
AcDbEntity
  8
B.Paste
  6
CONTINUOUS
100
AcDbLine
 10
5.6642137007874016
 20
-4.7663571653543304
 30
0
 11
5.6642137007874016
 21
-4.7730138582677162
 31
0
  0
LINE
  5
5B
330
22
100
AcDbEntity
  8
B.Paste
  6
CONTINUOUS
100
AcDbLine
 10
5.6642137007874016
 20
-4.7730138582677162
 30
0
 11
5.6629150393700787
 21
-4.7795426377952754
 31
0
  0
LINE
  5
5C
330
22
100
AcDbEntity
  8
B.Paste
  6
CONTINUOUS
100
AcDbLine
 10
5.6629150393700787
 20
-4.7795426377952754
 30
0
 11
5.6603676377952752
 21
-4.7856925984251966
 31
0
  0
LINE
  5
5D
330
22
100
AcDbEntity
  8
B.Paste
  6
CONTINUOUS
100
AcDbLine
 10
5.6603676377952752
 20
-4.7856925984251966
 30
0
 11
5.6566694094488188
 21
-4.7912274015748029
 31
0
  0
LINE
  5
5E
330
22
100
AcDbEntity
  8
B.Paste
  6
CONTINUOUS
100
AcDbLine
 10
5.6566694094488188
 20
-4.7912274015748029
 30
0
 11
5.6519624015748029
 21
-4.7959344094488188
 31
0
  0
LINE
  5
5F
330
22
100
AcDbEntity
  8
B.Paste
  6
CONTINUOUS
100
AcDbLine
 10
5.6519624015748029
 20
-4.7959344094488188
 30
0
 11
5.6464275984251966
 21
-4.7996326377952752
 31
0
  0
LINE
  5
60
330
22
100
AcDbEntity
  8
B.Paste
  6
CONTINUOUS
100
AcDbLine
 10
5.6464275984251966
 20
-4.7996326377952752
 30
0
 11
5.6402776377952755
 21
-4.8021800393700786
 31
0
  0
LINE
  5
61
330
22
100
AcDbEntity
  8
B.Paste
  6
CONTINUOUS
100
AcDbLine
 10
5.6402776377952755
 20
-4.8021800393700786
 30
0
 11
5.6337488582677162
 21
-4.8034787007874016
 31
0
  0
LINE
  5
62
330
22
100
AcDbEntity
  8
B.Paste
  6
CONTINUOUS
100
AcDbLine
 10
5.6337488582677162
 20
-4.8034787007874016
 30
0
 11
5.6270921653543304
 21
-4.8034787007874016
 31
0
  0
LINE
  5
63
330
22
100
AcDbEntity
  8
B.Paste
  6
CONTINUOUS
100
AcDbLine
 10
5.6270921653543304
 20
-4.8034787007874016
 30
0
 11
5.6205633858267712
 21
-4.8021800393700786
 31
0
  0
LINE
  5
64
330
22
100
AcDbEntity
  8
B.Paste
  6
CONTINUOUS
100
AcDbLine
 10
5.6205633858267712
 20
-4.8021800393700786
 30
0
 11
5.61441342519685
 21
-4.7996326377952752
 31
0
  0
LINE
  5
65
330
22
100
AcDbEntity
  8
B.Paste
  6
CONTINUOUS
100
AcDbLine
 10
5.61441342519685
 20
-4.7996326377952752
 30
0
 11
5.6088786220472437
 21
-4.7959344094488188
 31
0
  0
LINE
  5
66
330
22
100
AcDbEntity
  8
B.Paste
  6
CONTINUOUS
100
AcDbLine
 10
5.6088786220472437
 20
-4.7959344094488188
 30
0
 11
5.6041716141732278
 21
-4.7912274015748029
 31
0
  0
LINE
  5
67
330
22
100
AcDbEntity
  8
B.Paste
  6
CONTINUOUS
100
AcDbLine
 10
5.6041716141732278
 20
-4.7912274015748029
 30
0
 11
5.6004733858267715
 21
-4.7856925984251966
 31
0
  0
LINE
  5
68
330
22
100
AcDbEntity
  8
B.Paste
  6
CONTINUOUS
100
AcDbLine
 10
5.6004733858267715
 20
-4.7856925984251966
 30
0
 11
5.597925984251968
 21
-4.7795426377952754
 31
0
  0
LINE
  5
69
330
22
100
AcDbEntity
  8
B.Paste
  6
CONTINUOUS
100
AcDbLine
 10
5.597925984251968
 20
-4.7795426377952754
 30
0
 11
5.5966273228346459
 21
-4.7730138582677162
 31
0
  0
LINE
  5
6A
330
22
100
AcDbEntity
  8
B.Paste
  6
CONTINUOUS
100
AcDbLine
 10
5.5966273228346459
 20
-4.7730138582677162
 30
0
 11
5.5966273228346459
 21
-4.7663571653543304
 31
0
  0
LINE
  5
6B
330
22
100
AcDbEntity
  8
B.Paste
  6
CONTINUOUS
100
AcDbLine
 10
5.5966273228346459
 20
-4.7663571653543304
 30
0
 11
5.597925984251968
 21
-4.7598283858267711
 31
0
  0
LINE
  5
6C
330
22
100
AcDbEntity
  8
B.Paste
  6
CONTINUOUS
100
AcDbLine
 10
5.597925984251968
 20
-4.7598283858267711
 30
0
 11
5.6004733858267715
 21
-4.75367842519685
 31
0
  0
LINE
  5
6D
330
22
100
AcDbEntity
  8
B.Paste
  6
CONTINUOUS
100
AcDbLine
 10
5.6004733858267715
 20
-4.75367842519685
 30
0
 11
5.6041716141732278
 21
-4.7481436220472437
 31
0
  0
LINE
  5
6E
330
22
100
AcDbEntity
  8
B.Paste
  6
CONTINUOUS
100
AcDbLine
 10
5.6041716141732278
 20
-4.7481436220472437
 30
0
 11
5.6088786220472437
 21
-4.7434366141732278
 31
0
  0
LINE
  5
6F
330
22
100
AcDbEntity
  8
B.Paste
  6
CONTINUOUS
100
AcDbLine
 10
5.6088786220472437
 20
-4.7434366141732278
 30
0
 11
5.61441342519685
 21
-4.7397383858267714
 31
0
  0
LINE
  5
70
330
22
100
AcDbEntity
  8
B.Paste
  6
CONTINUOUS
100
AcDbLine
 10
5.61441342519685
 20
-4.7397383858267714
 30
0
 11
5.6205633858267712
 21
-4.7371909842519688
 31
0
  0
LINE
  5
71
330
22
100
AcDbEntity
  8
B.Paste
  6
CONTINUOUS
100
AcDbLine
 10
5.6205633858267712
 20
-4.7371909842519688
 30
0
 11
5.6270921653543304
 21
-4.7358923228346459
 31
0
  0
LINE
  5
72
330
22
100
AcDbEntity
  8
B.Paste
  6
CONTINUOUS
100
AcDbLine
 10
5.6270921653543304
 20
-4.7358923228346459
 30
0
 11
5.6337488582677162
 21
-4.7358923228346459
 31
0
  0
LINE
  5
73
330
22
100
AcDbEntity
  8
B.Paste
  6
CONTINUOUS
100
AcDbLine
 10
5.6337488582677162
 20
-4.7358923228346459
 30
0
 11
5.6402776377952755
 21
-4.7371909842519688
 31
0
  0
LINE
  5
74
330
22
100
AcDbEntity
  8
B.Paste
  6
CONTINUOUS
100
AcDbLine
 10
6.2402776377952751
 20
-4.7371865748031494
 30
0
 11
6.2464275984251971
 21
-4.7397339763779529
 31
0
  0
LINE
  5
75
330
22
100
AcDbEntity
  8
B.Paste
  6
CONTINUOUS
100
AcDbLine
 10
6.2464275984251971
 20
-4.7397339763779529
 30
0
 11
6.2519624015748034
 21
-4.7434322047244093
 31
0
  0
LINE
  5
76
330
22
100
AcDbEntity
  8
B.Paste
  6
CONTINUOUS
100
AcDbLine
 10
6.2519624015748034
 20
-4.7434322047244093
 30
0
 11
6.2566694094488184
 21
-4.7481392125984252
 31
0
  0
LINE
  5
77
330
22
100
AcDbEntity
  8
B.Paste
  6
CONTINUOUS
100
AcDbLine
 10
6.2566694094488184
 20
-4.7481392125984252
 30
0
 11
6.2603676377952757
 21
-4.7536740157480315
 31
0
  0
LINE
  5
78
330
22
100
AcDbEntity
  8
B.Paste
  6
CONTINUOUS
100
AcDbLine
 10
6.2603676377952757
 20
-4.7536740157480315
 30
0
 11
6.2629150393700783
 21
-4.7598239763779526
 31
0
  0
LINE
  5
79
330
22
100
AcDbEntity
  8
B.Paste
  6
CONTINUOUS
100
AcDbLine
 10
6.2629150393700783
 20
-4.7598239763779526
 30
0
 11
6.2642137007874013
 21
-4.7663527559055119
 31
0
  0
LINE
  5
7A
330
22
100
AcDbEntity
  8
B.Paste
  6
CONTINUOUS
100
AcDbLine
 10
6.2642137007874013
 20
-4.7663527559055119
 30
0
 11
6.2642137007874013
 21
-4.7730094488188977
 31
0
  0
LINE
  5
7B
330
22
100
AcDbEntity
  8
B.Paste
  6
CONTINUOUS
100
AcDbLine
 10
6.2642137007874013
 20
-4.7730094488188977
 30
0
 11
6.2629150393700783
 21
-4.7795382283464569
 31
0
  0
LINE
  5
7C
330
22
100
AcDbEntity
  8
B.Paste
  6
CONTINUOUS
100
AcDbLine
 10
6.2629150393700783
 20
-4.7795382283464569
 30
0
 11
6.2603676377952757
 21
-4.785688188976378
 31
0
  0
LINE
  5
7D
330
22
100
AcDbEntity
  8
B.Paste
  6
CONTINUOUS
100
AcDbLine
 10
6.2603676377952757
 20
-4.785688188976378
 30
0
 11
6.2566694094488184
 21
-4.7912229921259843
 31
0
  0
LINE
  5
7E
330
22
100
AcDbEntity
  8
B.Paste
  6
CONTINUOUS
100
AcDbLine
 10
6.2566694094488184
 20
-4.7912229921259843
 30
0
 11
6.2519624015748034
 21
-4.7959300000000002
 31
0
  0
LINE
  5
7F
330
22
100
AcDbEntity
  8
B.Paste
  6
CONTINUOUS
100
AcDbLine
 10
6.2519624015748034
 20
-4.7959300000000002
 30
0
 11
6.2464275984251971
 21
-4.7996282283464566
 31
0
  0
LINE
  5
80
330
22
100
AcDbEntity
  8
B.Paste
  6
CONTINUOUS
100
AcDbLine
 10
6.2464275984251971
 20
-4.7996282283464566
 30
0
 11
6.2402776377952751
 21
-4.8021756299212601
 31
0
  0
LINE
  5
81
330
22
100
AcDbEntity
  8
B.Paste
  6
CONTINUOUS
100
AcDbLine
 10
6.2402776377952751
 20
-4.8021756299212601
 30
0
 11
6.2337488582677167
 21
-4.8034742913385822
 31
0
  0
LINE
  5
82
330
22
100
AcDbEntity
  8
B.Paste
  6
CONTINUOUS
100
AcDbLine
 10
6.2337488582677167
 20
-4.8034742913385822
 30
0
 11
6.227092165354331
 21
-4.8034742913385822
 31
0
  0
LINE
  5
83
330
22
100
AcDbEntity
  8
B.Paste
  6
CONTINUOUS
100
AcDbLine
 10
6.227092165354331
 20
-4.8034742913385822
 30
0
 11
6.2205633858267717
 21
-4.8021756299212601
 31
0
  0
LINE
  5
84
330
22
100
AcDbEntity
  8
B.Paste
  6
CONTINUOUS
100
AcDbLine
 10
6.2205633858267717
 20
-4.8021756299212601
 30
0
 11
6.2144134251968506
 21
-4.7996282283464566
 31
0
  0
LINE
  5
85
330
22
100
AcDbEntity
  8
B.Paste
  6
CONTINUOUS
100
AcDbLine
 10
6.2144134251968506
 20
-4.7996282283464566
 30
0
 11
6.2088786220472443
 21
-4.7959300000000002
 31
0
  0
LINE
  5
86
330
22
100
AcDbEntity
  8
B.Paste
  6
CONTINUOUS
100
AcDbLine
 10
6.2088786220472443
 20
-4.7959300000000002
 30
0
 11
6.2041716141732284
 21
-4.7912229921259843
 31
0
  0
LINE
  5
87
330
22
100
AcDbEntity
  8
B.Paste
  6
CONTINUOUS
100
AcDbLine
 10
6.2041716141732284
 20
-4.7912229921259843
 30
0
 11
6.2004733858267711
 21
-4.785688188976378
 31
0
  0
LINE
  5
88
330
22
100
AcDbEntity
  8
B.Paste
  6
CONTINUOUS
100
AcDbLine
 10
6.2004733858267711
 20
-4.785688188976378
 30
0
 11
6.1979259842519685
 21
-4.7795382283464569
 31
0
  0
LINE
  5
89
330
22
100
AcDbEntity
  8
B.Paste
  6
CONTINUOUS
100
AcDbLine
 10
6.1979259842519685
 20
-4.7795382283464569
 30
0
 11
6.1966273228346456
 21
-4.7730094488188977
 31
0
  0
LINE
  5
8A
330
22
100
AcDbEntity
  8
B.Paste
  6
CONTINUOUS
100
AcDbLine
 10
6.1966273228346456
 20
-4.7730094488188977
 30
0
 11
6.1966273228346456
 21
-4.7663527559055119
 31
0
  0
LINE
  5
8B
330
22
100
AcDbEntity
  8
B.Paste
  6
CONTINUOUS
100
AcDbLine
 10
6.1966273228346456
 20
-4.7663527559055119
 30
0
 11
6.1979259842519685
 21
-4.7598239763779526
 31
0
  0
LINE
  5
8C
330
22
100
AcDbEntity
  8
B.Paste
  6
CONTINUOUS
100
AcDbLine
 10
6.1979259842519685
 20
-4.7598239763779526
 30
0
 11
6.2004733858267711
 21
-4.7536740157480315
 31
0
  0
LINE
  5
8D
330
22
100
AcDbEntity
  8
B.Paste
  6
CONTINUOUS
100
AcDbLine
 10
6.2004733858267711
 20
-4.7536740157480315
 30
0
 11
6.2041716141732284
 21
-4.7481392125984252
 31
0
  0
LINE
  5
8E
330
22
100
AcDbEntity
  8
B.Paste
  6
CONTINUOUS
100
AcDbLine
 10
6.2041716141732284
 20
-4.7481392125984252
 30
0
 11
6.2088786220472443
 21
-4.7434322047244093
 31
0
  0
LINE
  5
8F
330
22
100
AcDbEntity
  8
B.Paste
  6
CONTINUOUS
100
AcDbLine
 10
6.2088786220472443
 20
-4.7434322047244093
 30
0
 11
6.2144134251968506
 21
-4.7397339763779529
 31
0
  0
LINE
  5
90
330
22
100
AcDbEntity
  8
B.Paste
  6
CONTINUOUS
100
AcDbLine
 10
6.2144134251968506
 20
-4.7397339763779529
 30
0
 11
6.2205633858267717
 21
-4.7371865748031494
 31
0
  0
LINE
  5
91
330
22
100
AcDbEntity
  8
B.Paste
  6
CONTINUOUS
100
AcDbLine
 10
6.2205633858267717
 20
-4.7371865748031494
 30
0
 11
6.227092165354331
 21
-4.7358879133858265
 31
0
  0
LINE
  5
92
330
22
100
AcDbEntity
  8
B.Paste
  6
CONTINUOUS
100
AcDbLine
 10
6.227092165354331
 20
-4.7358879133858265
 30
0
 11
6.2337488582677167
 21
-4.7358879133858265
 31
0
  0
LINE
  5
93
330
22
100
AcDbEntity
  8
B.Paste
  6
CONTINUOUS
100
AcDbLine
 10
6.2337488582677167
 20
-4.7358879133858265
 30
0
 11
6.2402776377952751
 21
-4.7371865748031494
 31
0
  0
LINE
  5
94
330
22
100
AcDbEntity
  8
B.Paste
  6
CONTINUOUS
100
AcDbLine
 10
5.6402769291338579
 20
-4.6371909842519683
 30
0
 11
5.646426889763779
 21
-4.6397383858267718
 31
0
  0
LINE
  5
95
330
22
100
AcDbEntity
  8
B.Paste
  6
CONTINUOUS
100
AcDbLine
 10
5.646426889763779
 20
-4.6397383858267718
 30
0
 11
5.6519616929133853
 21
-4.6434366141732282
 31
0
  0
LINE
  5
96
330
22
100
AcDbEntity
  8
B.Paste
  6
CONTINUOUS
100
AcDbLine
 10
5.6519616929133853
 20
-4.6434366141732282
 30
0
 11
5.6566687007874012
 21
-4.6481436220472441
 31
0
  0
LINE
  5
97
330
22
100
AcDbEntity
  8
B.Paste
  6
CONTINUOUS
100
AcDbLine
 10
5.6566687007874012
 20
-4.6481436220472441
 30
0
 11
5.6603669291338585
 21
-4.6536784251968504
 31
0
  0
LINE
  5
98
330
22
100
AcDbEntity
  8
B.Paste
  6
CONTINUOUS
100
AcDbLine
 10
5.6603669291338585
 20
-4.6536784251968504
 30
0
 11
5.6629143307086611
 21
-4.6598283858267715
 31
0
  0
LINE
  5
99
330
22
100
AcDbEntity
  8
B.Paste
  6
CONTINUOUS
100
AcDbLine
 10
5.6629143307086611
 20
-4.6598283858267715
 30
0
 11
5.6642129921259841
 21
-4.6663571653543308
 31
0
  0
LINE
  5
9A
330
22
100
AcDbEntity
  8
B.Paste
  6
CONTINUOUS
100
AcDbLine
 10
5.6642129921259841
 20
-4.6663571653543308
 30
0
 11
5.6642129921259841
 21
-4.6730138582677165
 31
0
  0
LINE
  5
9B
330
22
100
AcDbEntity
  8
B.Paste
  6
CONTINUOUS
100
AcDbLine
 10
5.6642129921259841
 20
-4.6730138582677165
 30
0
 11
5.6629143307086611
 21
-4.6795426377952758
 31
0
  0
LINE
  5
9C
330
22
100
AcDbEntity
  8
B.Paste
  6
CONTINUOUS
100
AcDbLine
 10
5.6629143307086611
 20
-4.6795426377952758
 30
0
 11
5.6603669291338585
 21
-4.6856925984251969
 31
0
  0
LINE
  5
9D
330
22
100
AcDbEntity
  8
B.Paste
  6
CONTINUOUS
100
AcDbLine
 10
5.6603669291338585
 20
-4.6856925984251969
 30
0
 11
5.6566687007874012
 21
-4.6912274015748032
 31
0
  0
LINE
  5
9E
330
22
100
AcDbEntity
  8
B.Paste
  6
CONTINUOUS
100
AcDbLine
 10
5.6566687007874012
 20
-4.6912274015748032
 30
0
 11
5.6519616929133853
 21
-4.6959344094488191
 31
0
  0
LINE
  5
9F
330
22
100
AcDbEntity
  8
B.Paste
  6
CONTINUOUS
100
AcDbLine
 10
5.6519616929133853
 20
-4.6959344094488191
 30
0
 11
5.646426889763779
 21
-4.6996326377952755
 31
0
  0
LINE
  5
A0
330
22
100
AcDbEntity
  8
B.Paste
  6
CONTINUOUS
100
AcDbLine
 10
5.646426889763779
 20
-4.6996326377952755
 30
0
 11
5.6402769291338579
 21
-4.702180039370079
 31
0
  0
LINE
  5
A1
330
22
100
AcDbEntity
  8
B.Paste
  6
CONTINUOUS
100
AcDbLine
 10
5.6402769291338579
 20
-4.702180039370079
 30
0
 11
5.6337481496062987
 21
-4.703478700787401
 31
0
  0
LINE
  5
A2
330
22
100
AcDbEntity
  8
B.Paste
  6
CONTINUOUS
100
AcDbLine
 10
5.6337481496062987
 20
-4.703478700787401
 30
0
 11
5.6270914566929129
 21
-4.703478700787401
 31
0
  0
LINE
  5
A3
330
22
100
AcDbEntity
  8
B.Paste
  6
CONTINUOUS
100
AcDbLine
 10
5.6270914566929129
 20
-4.703478700787401
 30
0
 11
5.6205626771653545
 21
-4.702180039370079
 31
0
  0
LINE
  5
A4
330
22
100
AcDbEntity
  8
B.Paste
  6
CONTINUOUS
100
AcDbLine
 10
5.6205626771653545
 20
-4.702180039370079
 30
0
 11
5.6144127165354325
 21
-4.6996326377952755
 31
0
  0
LINE
  5
A5
330
22
100
AcDbEntity
  8
B.Paste
  6
CONTINUOUS
100
AcDbLine
 10
5.6144127165354325
 20
-4.6996326377952755
 30
0
 11
5.6088779133858271
 21
-4.6959344094488191
 31
0
  0
LINE
  5
A6
330
22
100
AcDbEntity
  8
B.Paste
  6
CONTINUOUS
100
AcDbLine
 10
5.6088779133858271
 20
-4.6959344094488191
 30
0
 11
5.6041709055118112
 21
-4.6912274015748032
 31
0
  0
LINE
  5
A7
330
22
100
AcDbEntity
  8
B.Paste
  6
CONTINUOUS
100
AcDbLine
 10
5.6041709055118112
 20
-4.6912274015748032
 30
0
 11
5.6004726771653539
 21
-4.6856925984251969
 31
0
  0
LINE
  5
A8
330
22
100
AcDbEntity
  8
B.Paste
  6
CONTINUOUS
100
AcDbLine
 10
5.6004726771653539
 20
-4.6856925984251969
 30
0
 11
5.5979252755905513
 21
-4.6795426377952758
 31
0
  0
LINE
  5
A9
330
22
100
AcDbEntity
  8
B.Paste
  6
CONTINUOUS
100
AcDbLine
 10
5.5979252755905513
 20
-4.6795426377952758
 30
0
 11
5.5966266141732284
 21
-4.6730138582677165
 31
0
  0
LINE
  5
AA
330
22
100
AcDbEntity
  8
B.Paste
  6
CONTINUOUS
100
AcDbLine
 10
5.5966266141732284
 20
-4.6730138582677165
 30
0
 11
5.5966266141732284
 21
-4.6663571653543308
 31
0
  0
LINE
  5
AB
330
22
100
AcDbEntity
  8
B.Paste
  6
CONTINUOUS
100
AcDbLine
 10
5.5966266141732284
 20
-4.6663571653543308
 30
0
 11
5.5979252755905513
 21
-4.6598283858267715
 31
0
  0
LINE
  5
AC
330
22
100
AcDbEntity
  8
B.Paste
  6
CONTINUOUS
100
AcDbLine
 10
5.5979252755905513
 20
-4.6598283858267715
 30
0
 11
5.6004726771653539
 21
-4.6536784251968504
 31
0
  0
LINE
  5
AD
330
22
100
AcDbEntity
  8
B.Paste
  6
CONTINUOUS
100
AcDbLine
 10
5.6004726771653539
 20
-4.6536784251968504
 30
0
 11
5.6041709055118112
 21
-4.6481436220472441
 31
0
  0
LINE
  5
AE
330
22
100
AcDbEntity
  8
B.Paste
  6
CONTINUOUS
100
AcDbLine
 10
5.6041709055118112
 20
-4.6481436220472441
 30
0
 11
5.6088779133858271
 21
-4.6434366141732282
 31
0
  0
LINE
  5
AF
330
22
100
AcDbEntity
  8
B.Paste
  6
CONTINUOUS
100
AcDbLine
 10
5.6088779133858271
 20
-4.6434366141732282
 30
0
 11
5.6144127165354325
 21
-4.6397383858267718
 31
0
  0
LINE
  5
B0
330
22
100
AcDbEntity
  8
B.Paste
  6
CONTINUOUS
100
AcDbLine
 10
5.6144127165354325
 20
-4.6397383858267718
 30
0
 11
5.6205626771653545
 21
-4.6371909842519683
 31
0
  0
LINE
  5
B1
330
22
100
AcDbEntity
  8
B.Paste
  6
CONTINUOUS
100
AcDbLine
 10
5.6205626771653545
 20
-4.6371909842519683
 30
0
 11
5.6270914566929129
 21
-4.6358923228346454
 31
0
  0
LINE
  5
B2
330
22
100
AcDbEntity
  8
B.Paste
  6
CONTINUOUS
100
AcDbLine
 10
5.6270914566929129
 20
-4.6358923228346454
 30
0
 11
5.6337481496062987
 21
-4.6358923228346454
 31
0
  0
LINE
  5
B3
330
22
100
AcDbEntity
  8
B.Paste
  6
CONTINUOUS
100
AcDbLine
 10
5.6337481496062987
 20
-4.6358923228346454
 30
0
 11
5.6402769291338579
 21
-4.6371909842519683
 31
0
  0
LINE
  5
B4
330
22
100
AcDbEntity
  8
B.Paste
  6
CONTINUOUS
100
AcDbLine
 10
6.2402769291338585
 20
-4.6371865748031498
 30
0
 11
6.2464268897637796
 21
-4.6397339763779524
 31
0
  0
LINE
  5
B5
330
22
100
AcDbEntity
  8
B.Paste
  6
CONTINUOUS
100
AcDbLine
 10
6.2464268897637796
 20
-4.6397339763779524
 30
0
 11
6.2519616929133859
 21
-4.6434322047244097
 31
0
  0
LINE
  5
B6
330
22
100
AcDbEntity
  8
B.Paste
  6
CONTINUOUS
100
AcDbLine
 10
6.2519616929133859
 20
-4.6434322047244097
 30
0
 11
6.2566687007874018
 21
-4.6481392125984247
 31
0
  0
LINE
  5
B7
330
22
100
AcDbEntity
  8
B.Paste
  6
CONTINUOUS
100
AcDbLine
 10
6.2566687007874018
 20
-4.6481392125984247
 30
0
 11
6.2603669291338582
 21
-4.653674015748031
 31
0
  0
LINE
  5
B8
330
22
100
AcDbEntity
  8
B.Paste
  6
CONTINUOUS
100
AcDbLine
 10
6.2603669291338582
 20
-4.653674015748031
 30
0
 11
6.2629143307086617
 21
-4.659823976377953
 31
0
  0
LINE
  5
B9
330
22
100
AcDbEntity
  8
B.Paste
  6
CONTINUOUS
100
AcDbLine
 10
6.2629143307086617
 20
-4.659823976377953
 30
0
 11
6.2642129921259837
 21
-4.6663527559055114
 31
0
  0
LINE
  5
BA
330
22
100
AcDbEntity
  8
B.Paste
  6
CONTINUOUS
100
AcDbLine
 10
6.2642129921259837
 20
-4.6663527559055114
 30
0
 11
6.2642129921259837
 21
-4.6730094488188971
 31
0
  0
LINE
  5
BB
330
22
100
AcDbEntity
  8
B.Paste
  6
CONTINUOUS
100
AcDbLine
 10
6.2642129921259837
 20
-4.6730094488188971
 30
0
 11
6.2629143307086617
 21
-4.6795382283464564
 31
0
  0
LINE
  5
BC
330
22
100
AcDbEntity
  8
B.Paste
  6
CONTINUOUS
100
AcDbLine
 10
6.2629143307086617
 20
-4.6795382283464564
 30
0
 11
6.2603669291338582
 21
-4.6856881889763775
 31
0
  0
LINE
  5
BD
330
22
100
AcDbEntity
  8
B.Paste
  6
CONTINUOUS
100
AcDbLine
 10
6.2603669291338582
 20
-4.6856881889763775
 30
0
 11
6.2566687007874018
 21
-4.6912229921259838
 31
0
  0
LINE
  5
BE
330
22
100
AcDbEntity
  8
B.Paste
  6
CONTINUOUS
100
AcDbLine
 10
6.2566687007874018
 20
-4.6912229921259838
 30
0
 11
6.2519616929133859
 21
-4.6959299999999997
 31
0
  0
LINE
  5
BF
330
22
100
AcDbEntity
  8
B.Paste
  6
CONTINUOUS
100
AcDbLine
 10
6.2519616929133859
 20
-4.6959299999999997
 30
0
 11
6.2464268897637796
 21
-4.699628228346457
 31
0
  0
LINE
  5
C0
330
22
100
AcDbEntity
  8
B.Paste
  6
CONTINUOUS
100
AcDbLine
 10
6.2464268897637796
 20
-4.699628228346457
 30
0
 11
6.2402769291338585
 21
-4.7021756299212596
 31
0
  0
LINE
  5
C1
330
22
100
AcDbEntity
  8
B.Paste
  6
CONTINUOUS
100
AcDbLine
 10
6.2402769291338585
 20
-4.7021756299212596
 30
0
 11
6.2337481496062992
 21
-4.7034742913385825
 31
0
  0
LINE
  5
C2
330
22
100
AcDbEntity
  8
B.Paste
  6
CONTINUOUS
100
AcDbLine
 10
6.2337481496062992
 20
-4.7034742913385825
 30
0
 11
6.2270914566929134
 21
-4.7034742913385825
 31
0
  0
LINE
  5
C3
330
22
100
AcDbEntity
  8
B.Paste
  6
CONTINUOUS
100
AcDbLine
 10
6.2270914566929134
 20
-4.7034742913385825
 30
0
 11
6.2205626771653542
 21
-4.7021756299212596
 31
0
  0
LINE
  5
C4
330
22
100
AcDbEntity
  8
B.Paste
  6
CONTINUOUS
100
AcDbLine
 10
6.2205626771653542
 20
-4.7021756299212596
 30
0
 11
6.214412716535433
 21
-4.699628228346457
 31
0
  0
LINE
  5
C5
330
22
100
AcDbEntity
  8
B.Paste
  6
CONTINUOUS
100
AcDbLine
 10
6.214412716535433
 20
-4.699628228346457
 30
0
 11
6.2088779133858267
 21
-4.6959299999999997
 31
0
  0
LINE
  5
C6
330
22
100
AcDbEntity
  8
B.Paste
  6
CONTINUOUS
100
AcDbLine
 10
6.2088779133858267
 20
-4.6959299999999997
 30
0
 11
6.2041709055118108
 21
-4.6912229921259838
 31
0
  0
LINE
  5
C7
330
22
100
AcDbEntity
  8
B.Paste
  6
CONTINUOUS
100
AcDbLine
 10
6.2041709055118108
 20
-4.6912229921259838
 30
0
 11
6.2004726771653544
 21
-4.6856881889763775
 31
0
  0
LINE
  5
C8
330
22
100
AcDbEntity
  8
B.Paste
  6
CONTINUOUS
100
AcDbLine
 10
6.2004726771653544
 20
-4.6856881889763775
 30
0
 11
6.197925275590551
 21
-4.6795382283464564
 31
0
  0
LINE
  5
C9
330
22
100
AcDbEntity
  8
B.Paste
  6
CONTINUOUS
100
AcDbLine
 10
6.197925275590551
 20
-4.6795382283464564
 30
0
 11
6.196626614173228
 21
-4.6730094488188971
 31
0
  0
LINE
  5
CA
330
22
100
AcDbEntity
  8
B.Paste
  6
CONTINUOUS
100
AcDbLine
 10
6.196626614173228
 20
-4.6730094488188971
 30
0
 11
6.196626614173228
 21
-4.6663527559055114
 31
0
  0
LINE
  5
CB
330
22
100
AcDbEntity
  8
B.Paste
  6
CONTINUOUS
100
AcDbLine
 10
6.196626614173228
 20
-4.6663527559055114
 30
0
 11
6.197925275590551
 21
-4.659823976377953
 31
0
  0
LINE
  5
CC
330
22
100
AcDbEntity
  8
B.Paste
  6
CONTINUOUS
100
AcDbLine
 10
6.197925275590551
 20
-4.659823976377953
 30
0
 11
6.2004726771653544
 21
-4.653674015748031
 31
0
  0
LINE
  5
CD
330
22
100
AcDbEntity
  8
B.Paste
  6
CONTINUOUS
100
AcDbLine
 10
6.2004726771653544
 20
-4.653674015748031
 30
0
 11
6.2041709055118108
 21
-4.6481392125984247
 31
0
  0
LINE
  5
CE
330
22
100
AcDbEntity
  8
B.Paste
  6
CONTINUOUS
100
AcDbLine
 10
6.2041709055118108
 20
-4.6481392125984247
 30
0
 11
6.2088779133858267
 21
-4.6434322047244097
 31
0
  0
LINE
  5
CF
330
22
100
AcDbEntity
  8
B.Paste
  6
CONTINUOUS
100
AcDbLine
 10
6.2088779133858267
 20
-4.6434322047244097
 30
0
 11
6.214412716535433
 21
-4.6397339763779524
 31
0
  0
LINE
  5
D0
330
22
100
AcDbEntity
  8
B.Paste
  6
CONTINUOUS
100
AcDbLine
 10
6.214412716535433
 20
-4.6397339763779524
 30
0
 11
6.2205626771653542
 21
-4.6371865748031498
 31
0
  0
LINE
  5
D1
330
22
100
AcDbEntity
  8
B.Paste
  6
CONTINUOUS
100
AcDbLine
 10
6.2205626771653542
 20
-4.6371865748031498
 30
0
 11
6.2270914566929134
 21
-4.6358879133858268
 31
0
  0
LINE
  5
D2
330
22
100
AcDbEntity
  8
B.Paste
  6
CONTINUOUS
100
AcDbLine
 10
6.2270914566929134
 20
-4.6358879133858268
 30
0
 11
6.2337481496062992
 21
-4.6358879133858268
 31
0
  0
LINE
  5
D3
330
22
100
AcDbEntity
  8
B.Paste
  6
CONTINUOUS
100
AcDbLine
 10
6.2337481496062992
 20
-4.6358879133858268
 30
0
 11
6.2402769291338585
 21
-4.6371865748031498
 31
0
  0
LINE
  5
D4
330
22
100
AcDbEntity
  8
B.Paste
  6
CONTINUOUS
100
AcDbLine
 10
5.6402761811023625
 20
-4.5371909842519687
 30
0
 11
5.6464261417322836
 21
-4.5397383858267712
 31
0
  0
LINE
  5
D5
330
22
100
AcDbEntity
  8
B.Paste
  6
CONTINUOUS
100
AcDbLine
 10
5.6464261417322836
 20
-4.5397383858267712
 30
0
 11
5.6519609448818899
 21
-4.5434366141732285
 31
0
  0
LINE
  5
D6
330
22
100
AcDbEntity
  8
B.Paste
  6
CONTINUOUS
100
AcDbLine
 10
5.6519609448818899
 20
-4.5434366141732285
 30
0
 11
5.6566679527559049
 21
-4.5481436220472444
 31
0
  0
LINE
  5
D7
330
22
100
AcDbEntity
  8
B.Paste
  6
CONTINUOUS
100
AcDbLine
 10
5.6566679527559049
 20
-4.5481436220472444
 30
0
 11
5.6603661811023622
 21
-4.5536784251968507
 31
0
  0
LINE
  5
D8
330
22
100
AcDbEntity
  8
B.Paste
  6
CONTINUOUS
100
AcDbLine
 10
5.6603661811023622
 20
-4.5536784251968507
 30
0
 11
5.6629135826771648
 21
-4.5598283858267719
 31
0
  0
LINE
  5
D9
330
22
100
AcDbEntity
  8
B.Paste
  6
CONTINUOUS
100
AcDbLine
 10
5.6629135826771648
 20
-4.5598283858267719
 30
0
 11
5.6642122440944878
 21
-4.5663571653543302
 31
0
  0
LINE
  5
DA
330
22
100
AcDbEntity
  8
B.Paste
  6
CONTINUOUS
100
AcDbLine
 10
5.6642122440944878
 20
-4.5663571653543302
 30
0
 11
5.6642122440944878
 21
-4.573013858267716
 31
0
  0
LINE
  5
DB
330
22
100
AcDbEntity
  8
B.Paste
  6
CONTINUOUS
100
AcDbLine
 10
5.6642122440944878
 20
-4.573013858267716
 30
0
 11
5.6629135826771648
 21
-4.5795426377952753
 31
0
  0
LINE
  5
DC
330
22
100
AcDbEntity
  8
B.Paste
  6
CONTINUOUS
100
AcDbLine
 10
5.6629135826771648
 20
-4.5795426377952753
 30
0
 11
5.6603661811023622
 21
-4.5856925984251964
 31
0
  0
LINE
  5
DD
330
22
100
AcDbEntity
  8
B.Paste
  6
CONTINUOUS
100
AcDbLine
 10
5.6603661811023622
 20
-4.5856925984251964
 30
0
 11
5.6566679527559049
 21
-4.5912274015748027
 31
0
  0
LINE
  5
DE
330
22
100
AcDbEntity
  8
B.Paste
  6
CONTINUOUS
100
AcDbLine
 10
5.6566679527559049
 20
-4.5912274015748027
 30
0
 11
5.6519609448818899
 21
-4.5959344094488186
 31
0
  0
LINE
  5
DF
330
22
100
AcDbEntity
  8
B.Paste
  6
CONTINUOUS
100
AcDbLine
 10
5.6519609448818899
 20
-4.5959344094488186
 30
0
 11
5.6464261417322836
 21
-4.5996326377952759
 31
0
  0
LINE
  5
E0
330
22
100
AcDbEntity
  8
B.Paste
  6
CONTINUOUS
100
AcDbLine
 10
5.6464261417322836
 20
-4.5996326377952759
 30
0
 11
5.6402761811023625
 21
-4.6021800393700785
 31
0
  0
LINE
  5
E1
330
22
100
AcDbEntity
  8
B.Paste
  6
CONTINUOUS
100
AcDbLine
 10
5.6402761811023625
 20
-4.6021800393700785
 30
0
 11
5.6337474015748032
 21
-4.6034787007874014
 31
0
  0
LINE
  5
E2
330
22
100
AcDbEntity
  8
B.Paste
  6
CONTINUOUS
100
AcDbLine
 10
5.6337474015748032
 20
-4.6034787007874014
 30
0
 11
5.6270907086614175
 21
-4.6034787007874014
 31
0
  0
LINE
  5
E3
330
22
100
AcDbEntity
  8
B.Paste
  6
CONTINUOUS
100
AcDbLine
 10
5.6270907086614175
 20
-4.6034787007874014
 30
0
 11
5.6205619291338582
 21
-4.6021800393700785
 31
0
  0
LINE
  5
E4
330
22
100
AcDbEntity
  8
B.Paste
  6
CONTINUOUS
100
AcDbLine
 10
5.6205619291338582
 20
-4.6021800393700785
 30
0
 11
5.6144119685039371
 21
-4.5996326377952759
 31
0
  0
LINE
  5
E5
330
22
100
AcDbEntity
  8
B.Paste
  6
CONTINUOUS
100
AcDbLine
 10
5.6144119685039371
 20
-4.5996326377952759
 30
0
 11
5.6088771653543308
 21
-4.5959344094488186
 31
0
  0
LINE
  5
E6
330
22
100
AcDbEntity
  8
B.Paste
  6
CONTINUOUS
100
AcDbLine
 10
5.6088771653543308
 20
-4.5959344094488186
 30
0
 11
5.6041701574803149
 21
-4.5912274015748027
 31
0
  0
LINE
  5
E7
330
22
100
AcDbEntity
  8
B.Paste
  6
CONTINUOUS
100
AcDbLine
 10
5.6041701574803149
 20
-4.5912274015748027
 30
0
 11
5.6004719291338585
 21
-4.5856925984251964
 31
0
  0
LINE
  5
E8
330
22
100
AcDbEntity
  8
B.Paste
  6
CONTINUOUS
100
AcDbLine
 10
5.6004719291338585
 20
-4.5856925984251964
 30
0
 11
5.597924527559055
 21
-4.5795426377952753
 31
0
  0
LINE
  5
E9
330
22
100
AcDbEntity
  8
B.Paste
  6
CONTINUOUS
100
AcDbLine
 10
5.597924527559055
 20
-4.5795426377952753
 30
0
 11
5.5966258661417321
 21
-4.573013858267716
 31
0
  0
LINE
  5
EA
330
22
100
AcDbEntity
  8
B.Paste
  6
CONTINUOUS
100
AcDbLine
 10
5.5966258661417321
 20
-4.573013858267716
 30
0
 11
5.5966258661417321
 21
-4.5663571653543302
 31
0
  0
LINE
  5
EB
330
22
100
AcDbEntity
  8
B.Paste
  6
CONTINUOUS
100
AcDbLine
 10
5.5966258661417321
 20
-4.5663571653543302
 30
0
 11
5.597924527559055
 21
-4.5598283858267719
 31
0
  0
LINE
  5
EC
330
22
100
AcDbEntity
  8
B.Paste
  6
CONTINUOUS
100
AcDbLine
 10
5.597924527559055
 20
-4.5598283858267719
 30
0
 11
5.6004719291338585
 21
-4.5536784251968507
 31
0
  0
LINE
  5
ED
330
22
100
AcDbEntity
  8
B.Paste
  6
CONTINUOUS
100
AcDbLine
 10
5.6004719291338585
 20
-4.5536784251968507
 30
0
 11
5.6041701574803149
 21
-4.5481436220472444
 31
0
  0
LINE
  5
EE
330
22
100
AcDbEntity
  8
B.Paste
  6
CONTINUOUS
100
AcDbLine
 10
5.6041701574803149
 20
-4.5481436220472444
 30
0
 11
5.6088771653543308
 21
-4.5434366141732285
 31
0
  0
LINE
  5
EF
330
22
100
AcDbEntity
  8
B.Paste
  6
CONTINUOUS
100
AcDbLine
 10
5.6088771653543308
 20
-4.5434366141732285
 30
0
 11
5.6144119685039371
 21
-4.5397383858267712
 31
0
  0
LINE
  5
F0
330
22
100
AcDbEntity
  8
B.Paste
  6
CONTINUOUS
100
AcDbLine
 10
5.6144119685039371
 20
-4.5397383858267712
 30
0
 11
5.6205619291338582
 21
-4.5371909842519687
 31
0
  0
LINE
  5
F1
330
22
100
AcDbEntity
  8
B.Paste
  6
CONTINUOUS
100
AcDbLine
 10
5.6205619291338582
 20
-4.5371909842519687
 30
0
 11
5.6270907086614175
 21
-4.5358923228346457
 31
0
  0
LINE
  5
F2
330
22
100
AcDbEntity
  8
B.Paste
  6
CONTINUOUS
100
AcDbLine
 10
5.6270907086614175
 20
-4.5358923228346457
 30
0
 11
5.6337474015748032
 21
-4.5358923228346457
 31
0
  0
LINE
  5
F3
330
22
100
AcDbEntity
  8
B.Paste
  6
CONTINUOUS
100
AcDbLine
 10
5.6337474015748032
 20
-4.5358923228346457
 30
0
 11
5.6402761811023625
 21
-4.5371909842519687
 31
0
  0
LINE
  5
F4
330
22
100
AcDbEntity
  8
B.Paste
  6
CONTINUOUS
100
AcDbLine
 10
6.2402761811023622
 20
-4.5371865748031492
 30
0
 11
6.2464261417322833
 21
-4.5397339763779527
 31
0
  0
LINE
  5
F5
330
22
100
AcDbEntity
  8
B.Paste
  6
CONTINUOUS
100
AcDbLine
 10
6.2464261417322833
 20
-4.5397339763779527
 30
0
 11
6.2519609448818896
 21
-4.5434322047244091
 31
0
  0
LINE
  5
F6
330
22
100
AcDbEntity
  8
B.Paste
  6
CONTINUOUS
100
AcDbLine
 10
6.2519609448818896
 20
-4.5434322047244091
 30
0
 11
6.2566679527559055
 21
-4.548139212598425
 31
0
  0
LINE
  5
F7
330
22
100
AcDbEntity
  8
B.Paste
  6
CONTINUOUS
100
AcDbLine
 10
6.2566679527559055
 20
-4.548139212598425
 30
0
 11
6.2603661811023619
 21
-4.5536740157480313
 31
0
  0
LINE
  5
F8
330
22
100
AcDbEntity
  8
B.Paste
  6
CONTINUOUS
100
AcDbLine
 10
6.2603661811023619
 20
-4.5536740157480313
 30
0
 11
6.2629135826771654
 21
-4.5598239763779524
 31
0
  0
LINE
  5
F9
330
22
100
AcDbEntity
  8
B.Paste
  6
CONTINUOUS
100
AcDbLine
 10
6.2629135826771654
 20
-4.5598239763779524
 30
0
 11
6.2642122440944883
 21
-4.5663527559055117
 31
0
  0
LINE
  5
FA
330
22
100
AcDbEntity
  8
B.Paste
  6
CONTINUOUS
100
AcDbLine
 10
6.2642122440944883
 20
-4.5663527559055117
 30
0
 11
6.2642122440944883
 21
-4.5730094488188975
 31
0
  0
LINE
  5
FB
330
22
100
AcDbEntity
  8
B.Paste
  6
CONTINUOUS
100
AcDbLine
 10
6.2642122440944883
 20
-4.5730094488188975
 30
0
 11
6.2629135826771654
 21
-4.5795382283464567
 31
0
  0
LINE
  5
FC
330
22
100
AcDbEntity
  8
B.Paste
  6
CONTINUOUS
100
AcDbLine
 10
6.2629135826771654
 20
-4.5795382283464567
 30
0
 11
6.2603661811023619
 21
-4.5856881889763779
 31
0
  0
LINE
  5
FD
330
22
100
AcDbEntity
  8
B.Paste
  6
CONTINUOUS
100
AcDbLine
 10
6.2603661811023619
 20
-4.5856881889763779
 30
0
 11
6.2566679527559055
 21
-4.5912229921259842
 31
0
  0
LINE
  5
FE
330
22
100
AcDbEntity
  8
B.Paste
  6
CONTINUOUS
100
AcDbLine
 10
6.2566679527559055
 20
-4.5912229921259842
 30
0
 11
6.2519609448818896
 21
-4.5959300000000001
 31
0
  0
LINE
  5
FF
330
22
100
AcDbEntity
  8
B.Paste
  6
CONTINUOUS
100
AcDbLine
 10
6.2519609448818896
 20
-4.5959300000000001
 30
0
 11
6.2464261417322833
 21
-4.5996282283464565
 31
0
  0
LINE
  5
100
330
22
100
AcDbEntity
  8
B.Paste
  6
CONTINUOUS
100
AcDbLine
 10
6.2464261417322833
 20
-4.5996282283464565
 30
0
 11
6.2402761811023622
 21
-4.6021756299212599
 31
0
  0
LINE
  5
101
330
22
100
AcDbEntity
  8
B.Paste
  6
CONTINUOUS
100
AcDbLine
 10
6.2402761811023622
 20
-4.6021756299212599
 30
0
 11
6.2337474015748029
 21
-4.6034742913385829
 31
0
  0
LINE
  5
102
330
22
100
AcDbEntity
  8
B.Paste
  6
CONTINUOUS
100
AcDbLine
 10
6.2337474015748029
 20
-4.6034742913385829
 30
0
 11
6.2270907086614171
 21
-4.6034742913385829
 31
0
  0
LINE
  5
103
330
22
100
AcDbEntity
  8
B.Paste
  6
CONTINUOUS
100
AcDbLine
 10
6.2270907086614171
 20
-4.6034742913385829
 30
0
 11
6.2205619291338579
 21
-4.6021756299212599
 31
0
  0
LINE
  5
104
330
22
100
AcDbEntity
  8
B.Paste
  6
CONTINUOUS
100
AcDbLine
 10
6.2205619291338579
 20
-4.6021756299212599
 30
0
 11
6.2144119685039367
 21
-4.5996282283464565
 31
0
  0
LINE
  5
105
330
22
100
AcDbEntity
  8
B.Paste
  6
CONTINUOUS
100
AcDbLine
 10
6.2144119685039367
 20
-4.5996282283464565
 30
0
 11
6.2088771653543304
 21
-4.5959300000000001
 31
0
  0
LINE
  5
106
330
22
100
AcDbEntity
  8
B.Paste
  6
CONTINUOUS
100
AcDbLine
 10
6.2088771653543304
 20
-4.5959300000000001
 30
0
 11
6.2041701574803145
 21
-4.5912229921259842
 31
0
  0
LINE
  5
107
330
22
100
AcDbEntity
  8
B.Paste
  6
CONTINUOUS
100
AcDbLine
 10
6.2041701574803145
 20
-4.5912229921259842
 30
0
 11
6.2004719291338581
 21
-4.5856881889763779
 31
0
  0
LINE
  5
108
330
22
100
AcDbEntity
  8
B.Paste
  6
CONTINUOUS
100
AcDbLine
 10
6.2004719291338581
 20
-4.5856881889763779
 30
0
 11
6.1979245275590547
 21
-4.5795382283464567
 31
0
  0
LINE
  5
109
330
22
100
AcDbEntity
  8
B.Paste
  6
CONTINUOUS
100
AcDbLine
 10
6.1979245275590547
 20
-4.5795382283464567
 30
0
 11
6.1966258661417317
 21
-4.5730094488188975
 31
0
  0
LINE
  5
10A
330
22
100
AcDbEntity
  8
B.Paste
  6
CONTINUOUS
100
AcDbLine
 10
6.1966258661417317
 20
-4.5730094488188975
 30
0
 11
6.1966258661417317
 21
-4.5663527559055117
 31
0
  0
LINE
  5
10B
330
22
100
AcDbEntity
  8
B.Paste
  6
CONTINUOUS
100
AcDbLine
 10
6.1966258661417317
 20
-4.5663527559055117
 30
0
 11
6.1979245275590547
 21
-4.5598239763779524
 31
0
  0
LINE
  5
10C
330
22
100
AcDbEntity
  8
B.Paste
  6
CONTINUOUS
100
AcDbLine
 10
6.1979245275590547
 20
-4.5598239763779524
 30
0
 11
6.2004719291338581
 21
-4.5536740157480313
 31
0
  0
LINE
  5
10D
330
22
100
AcDbEntity
  8
B.Paste
  6
CONTINUOUS
100
AcDbLine
 10
6.2004719291338581
 20
-4.5536740157480313
 30
0
 11
6.2041701574803145
 21
-4.548139212598425
 31
0
  0
LINE
  5
10E
330
22
100
AcDbEntity
  8
B.Paste
  6
CONTINUOUS
100
AcDbLine
 10
6.2041701574803145
 20
-4.548139212598425
 30
0
 11
6.2088771653543304
 21
-4.5434322047244091
 31
0
  0
LINE
  5
10F
330
22
100
AcDbEntity
  8
B.Paste
  6
CONTINUOUS
100
AcDbLine
 10
6.2088771653543304
 20
-4.5434322047244091
 30
0
 11
6.2144119685039367
 21
-4.5397339763779527
 31
0
  0
LINE
  5
110
330
22
100
AcDbEntity
  8
B.Paste
  6
CONTINUOUS
100
AcDbLine
 10
6.2144119685039367
 20
-4.5397339763779527
 30
0
 11
6.2205619291338579
 21
-4.5371865748031492
 31
0
  0
LINE
  5
111
330
22
100
AcDbEntity
  8
B.Paste
  6
CONTINUOUS
100
AcDbLine
 10
6.2205619291338579
 20
-4.5371865748031492
 30
0
 11
6.2270907086614171
 21
-4.5358879133858263
 31
0
  0
LINE
  5
112
330
22
100
AcDbEntity
  8
B.Paste
  6
CONTINUOUS
100
AcDbLine
 10
6.2270907086614171
 20
-4.5358879133858263
 30
0
 11
6.2337474015748029
 21
-4.5358879133858263
 31
0
  0
LINE
  5
113
330
22
100
AcDbEntity
  8
B.Paste
  6
CONTINUOUS
100
AcDbLine
 10
6.2337474015748029
 20
-4.5358879133858263
 30
0
 11
6.2402761811023622
 21
-4.5371865748031492
 31
0
  0
LINE
  5
114
330
22
100
AcDbEntity
  8
B.Paste
  6
CONTINUOUS
100
AcDbLine
 10
5.6402754330708662
 20
-4.4371909842519681
 30
0
 11
5.6464253937007873
 21
-4.4397383858267716
 31
0
  0
LINE
  5
115
330
22
100
AcDbEntity
  8
B.Paste
  6
CONTINUOUS
100
AcDbLine
 10
5.6464253937007873
 20
-4.4397383858267716
 30
0
 11
5.6519601968503936
 21
-4.443436614173228
 31
0
  0
LINE
  5
116
330
22
100
AcDbEntity
  8
B.Paste
  6
CONTINUOUS
100
AcDbLine
 10
5.6519601968503936
 20
-4.443436614173228
 30
0
 11
5.6566672047244095
 21
-4.4481436220472439
 31
0
  0
LINE
  5
117
330
22
100
AcDbEntity
  8
B.Paste
  6
CONTINUOUS
100
AcDbLine
 10
5.6566672047244095
 20
-4.4481436220472439
 30
0
 11
5.6603654330708659
 21
-4.4536784251968502
 31
0
  0
LINE
  5
118
330
22
100
AcDbEntity
  8
B.Paste
  6
CONTINUOUS
100
AcDbLine
 10
5.6603654330708659
 20
-4.4536784251968502
 30
0
 11
5.6629128346456694
 21
-4.4598283858267713
 31
0
  0
LINE
  5
119
330
22
100
AcDbEntity
  8
B.Paste
  6
CONTINUOUS
100
AcDbLine
 10
5.6629128346456694
 20
-4.4598283858267713
 30
0
 11
5.6642114960629923
 21
-4.4663571653543306
 31
0
  0
LINE
  5
11A
330
22
100
AcDbEntity
  8
B.Paste
  6
CONTINUOUS
100
AcDbLine
 10
5.6642114960629923
 20
-4.4663571653543306
 30
0
 11
5.6642114960629923
 21
-4.4730138582677164
 31
0
  0
LINE
  5
11B
330
22
100
AcDbEntity
  8
B.Paste
  6
CONTINUOUS
100
AcDbLine
 10
5.6642114960629923
 20
-4.4730138582677164
 30
0
 11
5.6629128346456694
 21
-4.4795426377952756
 31
0
  0
LINE
  5
11C
330
22
100
AcDbEntity
  8
B.Paste
  6
CONTINUOUS
100
AcDbLine
 10
5.6629128346456694
 20
-4.4795426377952756
 30
0
 11
5.6603654330708659
 21
-4.4856925984251967
 31
0
  0
LINE
  5
11D
330
22
100
AcDbEntity
  8
B.Paste
  6
CONTINUOUS
100
AcDbLine
 10
5.6603654330708659
 20
-4.4856925984251967
 30
0
 11
5.6566672047244095
 21
-4.491227401574803
 31
0
  0
LINE
  5
11E
330
22
100
AcDbEntity
  8
B.Paste
  6
CONTINUOUS
100
AcDbLine
 10
5.6566672047244095
 20
-4.491227401574803
 30
0
 11
5.6519601968503936
 21
-4.4959344094488189
 31
0
  0
LINE
  5
11F
330
22
100
AcDbEntity
  8
B.Paste
  6
CONTINUOUS
100
AcDbLine
 10
5.6519601968503936
 20
-4.4959344094488189
 30
0
 11
5.6464253937007873
 21
-4.4996326377952753
 31
0
  0
LINE
  5
120
330
22
100
AcDbEntity
  8
B.Paste
  6
CONTINUOUS
100
AcDbLine
 10
5.6464253937007873
 20
-4.4996326377952753
 30
0
 11
5.6402754330708662
 21
-4.5021800393700788
 31
0
  0
LINE
  5
121
330
22
100
AcDbEntity
  8
B.Paste
  6
CONTINUOUS
100
AcDbLine
 10
5.6402754330708662
 20
-4.5021800393700788
 30
0
 11
5.6337466535433069
 21
-4.5034787007874018
 31
0
  0
LINE
  5
122
330
22
100
AcDbEntity
  8
B.Paste
  6
CONTINUOUS
100
AcDbLine
 10
5.6337466535433069
 20
-4.5034787007874018
 30
0
 11
5.6270899606299212
 21
-4.5034787007874018
 31
0
  0
LINE
  5
123
330
22
100
AcDbEntity
  8
B.Paste
  6
CONTINUOUS
100
AcDbLine
 10
5.6270899606299212
 20
-4.5034787007874018
 30
0
 11
5.6205611811023619
 21
-4.5021800393700788
 31
0
  0
LINE
  5
124
330
22
100
AcDbEntity
  8
B.Paste
  6
CONTINUOUS
100
AcDbLine
 10
5.6205611811023619
 20
-4.5021800393700788
 30
0
 11
5.6144112204724408
 21
-4.4996326377952753
 31
0
  0
LINE
  5
125
330
22
100
AcDbEntity
  8
B.Paste
  6
CONTINUOUS
100
AcDbLine
 10
5.6144112204724408
 20
-4.4996326377952753
 30
0
 11
5.6088764173228345
 21
-4.4959344094488189
 31
0
  0
LINE
  5
126
330
22
100
AcDbEntity
  8
B.Paste
  6
CONTINUOUS
100
AcDbLine
 10
5.6088764173228345
 20
-4.4959344094488189
 30
0
 11
5.6041694094488186
 21
-4.491227401574803
 31
0
  0
LINE
  5
127
330
22
100
AcDbEntity
  8
B.Paste
  6
CONTINUOUS
100
AcDbLine
 10
5.6041694094488186
 20
-4.491227401574803
 30
0
 11
5.6004711811023622
 21
-4.4856925984251967
 31
0
  0
LINE
  5
128
330
22
100
AcDbEntity
  8
B.Paste
  6
CONTINUOUS
100
AcDbLine
 10
5.6004711811023622
 20
-4.4856925984251967
 30
0
 11
5.5979237795275587
 21
-4.4795426377952756
 31
0
  0
LINE
  5
129
330
22
100
AcDbEntity
  8
B.Paste
  6
CONTINUOUS
100
AcDbLine
 10
5.5979237795275587
 20
-4.4795426377952756
 30
0
 11
5.5966251181102358
 21
-4.4730138582677164
 31
0
  0
LINE
  5
12A
330
22
100
AcDbEntity
  8
B.Paste
  6
CONTINUOUS
100
AcDbLine
 10
5.5966251181102358
 20
-4.4730138582677164
 30
0
 11
5.5966251181102358
 21
-4.4663571653543306
 31
0
  0
LINE
  5
12B
330
22
100
AcDbEntity
  8
B.Paste
  6
CONTINUOUS
100
AcDbLine
 10
5.5966251181102358
 20
-4.4663571653543306
 30
0
 11
5.5979237795275587
 21
-4.4598283858267713
 31
0
  0
LINE
  5
12C
330
22
100
AcDbEntity
  8
B.Paste
  6
CONTINUOUS
100
AcDbLine
 10
5.5979237795275587
 20
-4.4598283858267713
 30
0
 11
5.6004711811023622
 21
-4.4536784251968502
 31
0
  0
LINE
  5
12D
330
22
100
AcDbEntity
  8
B.Paste
  6
CONTINUOUS
100
AcDbLine
 10
5.6004711811023622
 20
-4.4536784251968502
 30
0
 11
5.6041694094488186
 21
-4.4481436220472439
 31
0
  0
LINE
  5
12E
330
22
100
AcDbEntity
  8
B.Paste
  6
CONTINUOUS
100
AcDbLine
 10
5.6041694094488186
 20
-4.4481436220472439
 30
0
 11
5.6088764173228345
 21
-4.443436614173228
 31
0
  0
LINE
  5
12F
330
22
100
AcDbEntity
  8
B.Paste
  6
CONTINUOUS
100
AcDbLine
 10
5.6088764173228345
 20
-4.443436614173228
 30
0
 11
5.6144112204724408
 21
-4.4397383858267716
 31
0
  0
LINE
  5
130
330
22
100
AcDbEntity
  8
B.Paste
  6
CONTINUOUS
100
AcDbLine
 10
5.6144112204724408
 20
-4.4397383858267716
 30
0
 11
5.6205611811023619
 21
-4.4371909842519681
 31
0
  0
LINE
  5
131
330
22
100
AcDbEntity
  8
B.Paste
  6
CONTINUOUS
100
AcDbLine
 10
5.6205611811023619
 20
-4.4371909842519681
 30
0
 11
5.6270899606299212
 21
-4.4358923228346452
 31
0
  0
LINE
  5
132
330
22
100
AcDbEntity
  8
B.Paste
  6
CONTINUOUS
100
AcDbLine
 10
5.6270899606299212
 20
-4.4358923228346452
 30
0
 11
5.6337466535433069
 21
-4.4358923228346452
 31
0
  0
LINE
  5
133
330
22
100
AcDbEntity
  8
B.Paste
  6
CONTINUOUS
100
AcDbLine
 10
5.6337466535433069
 20
-4.4358923228346452
 30
0
 11
5.6402754330708662
 21
-4.4371909842519681
 31
0
  0
LINE
  5
134
330
22
100
AcDbEntity
  8
B.Paste
  6
CONTINUOUS
100
AcDbLine
 10
6.2402754330708659
 20
-4.4371865748031496
 30
0
 11
6.246425393700787
 21
-4.4397339763779531
 31
0
  0
LINE
  5
135
330
22
100
AcDbEntity
  8
B.Paste
  6
CONTINUOUS
100
AcDbLine
 10
6.246425393700787
 20
-4.4397339763779531
 30
0
 11
6.2519601968503933
 21
-4.4434322047244095
 31
0
  0
LINE
  5
136
330
22
100
AcDbEntity
  8
B.Paste
  6
CONTINUOUS
100
AcDbLine
 10
6.2519601968503933
 20
-4.4434322047244095
 30
0
 11
6.2566672047244092
 21
-4.4481392125984254
 31
0
  0
LINE
  5
137
330
22
100
AcDbEntity
  8
B.Paste
  6
CONTINUOUS
100
AcDbLine
 10
6.2566672047244092
 20
-4.4481392125984254
 30
0
 11
6.2603654330708656
 21
-4.4536740157480317
 31
0
  0
LINE
  5
138
330
22
100
AcDbEntity
  8
B.Paste
  6
CONTINUOUS
100
AcDbLine
 10
6.2603654330708656
 20
-4.4536740157480317
 30
0
 11
6.2629128346456691
 21
-4.4598239763779528
 31
0
  0
LINE
  5
139
330
22
100
AcDbEntity
  8
B.Paste
  6
CONTINUOUS
100
AcDbLine
 10
6.2629128346456691
 20
-4.4598239763779528
 30
0
 11
6.264211496062992
 21
-4.4663527559055121
 31
0
  0
LINE
  5
13A
330
22
100
AcDbEntity
  8
B.Paste
  6
CONTINUOUS
100
AcDbLine
 10
6.264211496062992
 20
-4.4663527559055121
 30
0
 11
6.264211496062992
 21
-4.4730094488188978
 31
0
  0
LINE
  5
13B
330
22
100
AcDbEntity
  8
B.Paste
  6
CONTINUOUS
100
AcDbLine
 10
6.264211496062992
 20
-4.4730094488188978
 30
0
 11
6.2629128346456691
 21
-4.4795382283464562
 31
0
  0
LINE
  5
13C
330
22
100
AcDbEntity
  8
B.Paste
  6
CONTINUOUS
100
AcDbLine
 10
6.2629128346456691
 20
-4.4795382283464562
 30
0
 11
6.2603654330708656
 21
-4.4856881889763782
 31
0
  0
LINE
  5
13D
330
22
100
AcDbEntity
  8
B.Paste
  6
CONTINUOUS
100
AcDbLine
 10
6.2603654330708656
 20
-4.4856881889763782
 30
0
 11
6.2566672047244092
 21
-4.4912229921259845
 31
0
  0
LINE
  5
13E
330
22
100
AcDbEntity
  8
B.Paste
  6
CONTINUOUS
100
AcDbLine
 10
6.2566672047244092
 20
-4.4912229921259845
 30
0
 11
6.2519601968503933
 21
-4.4959299999999995
 31
0
  0
LINE
  5
13F
330
22
100
AcDbEntity
  8
B.Paste
  6
CONTINUOUS
100
AcDbLine
 10
6.2519601968503933
 20
-4.4959299999999995
 30
0
 11
6.246425393700787
 21
-4.4996282283464568
 31
0
  0
LINE
  5
140
330
22
100
AcDbEntity
  8
B.Paste
  6
CONTINUOUS
100
AcDbLine
 10
6.246425393700787
 20
-4.4996282283464568
 30
0
 11
6.2402754330708659
 21
-4.5021756299212594
 31
0
  0
LINE
  5
141
330
22
100
AcDbEntity
  8
B.Paste
  6
CONTINUOUS
100
AcDbLine
 10
6.2402754330708659
 20
-4.5021756299212594
 30
0
 11
6.2337466535433066
 21
-4.5034742913385823
 31
0
  0
LINE
  5
142
330
22
100
AcDbEntity
  8
B.Paste
  6
CONTINUOUS
100
AcDbLine
 10
6.2337466535433066
 20
-4.5034742913385823
 30
0
 11
6.2270899606299208
 21
-4.5034742913385823
 31
0
  0
LINE
  5
143
330
22
100
AcDbEntity
  8
B.Paste
  6
CONTINUOUS
100
AcDbLine
 10
6.2270899606299208
 20
-4.5034742913385823
 30
0
 11
6.2205611811023624
 21
-4.5021756299212594
 31
0
  0
LINE
  5
144
330
22
100
AcDbEntity
  8
B.Paste
  6
CONTINUOUS
100
AcDbLine
 10
6.2205611811023624
 20
-4.5021756299212594
 30
0
 11
6.2144112204724404
 21
-4.4996282283464568
 31
0
  0
LINE
  5
145
330
22
100
AcDbEntity
  8
B.Paste
  6
CONTINUOUS
100
AcDbLine
 10
6.2144112204724404
 20
-4.4996282283464568
 30
0
 11
6.2088764173228341
 21
-4.4959299999999995
 31
0
  0
LINE
  5
146
330
22
100
AcDbEntity
  8
B.Paste
  6
CONTINUOUS
100
AcDbLine
 10
6.2088764173228341
 20
-4.4959299999999995
 30
0
 11
6.2041694094488191
 21
-4.4912229921259845
 31
0
  0
LINE
  5
147
330
22
100
AcDbEntity
  8
B.Paste
  6
CONTINUOUS
100
AcDbLine
 10
6.2041694094488191
 20
-4.4912229921259845
 30
0
 11
6.2004711811023618
 21
-4.4856881889763782
 31
0
  0
LINE
  5
148
330
22
100
AcDbEntity
  8
B.Paste
  6
CONTINUOUS
100
AcDbLine
 10
6.2004711811023618
 20
-4.4856881889763782
 30
0
 11
6.1979237795275592
 21
-4.4795382283464562
 31
0
  0
LINE
  5
149
330
22
100
AcDbEntity
  8
B.Paste
  6
CONTINUOUS
100
AcDbLine
 10
6.1979237795275592
 20
-4.4795382283464562
 30
0
 11
6.1966251181102363
 21
-4.4730094488188978
 31
0
  0
LINE
  5
14A
330
22
100
AcDbEntity
  8
B.Paste
  6
CONTINUOUS
100
AcDbLine
 10
6.1966251181102363
 20
-4.4730094488188978
 30
0
 11
6.1966251181102363
 21
-4.4663527559055121
 31
0
  0
LINE
  5
14B
330
22
100
AcDbEntity
  8
B.Paste
  6
CONTINUOUS
100
AcDbLine
 10
6.1966251181102363
 20
-4.4663527559055121
 30
0
 11
6.1979237795275592
 21
-4.4598239763779528
 31
0
  0
LINE
  5
14C
330
22
100
AcDbEntity
  8
B.Paste
  6
CONTINUOUS
100
AcDbLine
 10
6.1979237795275592
 20
-4.4598239763779528
 30
0
 11
6.2004711811023618
 21
-4.4536740157480317
 31
0
  0
LINE
  5
14D
330
22
100
AcDbEntity
  8
B.Paste
  6
CONTINUOUS
100
AcDbLine
 10
6.2004711811023618
 20
-4.4536740157480317
 30
0
 11
6.2041694094488191
 21
-4.4481392125984254
 31
0
  0
LINE
  5
14E
330
22
100
AcDbEntity
  8
B.Paste
  6
CONTINUOUS
100
AcDbLine
 10
6.2041694094488191
 20
-4.4481392125984254
 30
0
 11
6.2088764173228341
 21
-4.4434322047244095
 31
0
  0
LINE
  5
14F
330
22
100
AcDbEntity
  8
B.Paste
  6
CONTINUOUS
100
AcDbLine
 10
6.2088764173228341
 20
-4.4434322047244095
 30
0
 11
6.2144112204724404
 21
-4.4397339763779531
 31
0
  0
LINE
  5
150
330
22
100
AcDbEntity
  8
B.Paste
  6
CONTINUOUS
100
AcDbLine
 10
6.2144112204724404
 20
-4.4397339763779531
 30
0
 11
6.2205611811023624
 21
-4.4371865748031496
 31
0
  0
LINE
  5
151
330
22
100
AcDbEntity
  8
B.Paste
  6
CONTINUOUS
100
AcDbLine
 10
6.2205611811023624
 20
-4.4371865748031496
 30
0
 11
6.2270899606299208
 21
-4.4358879133858267
 31
0
  0
LINE
  5
152
330
22
100
AcDbEntity
  8
B.Paste
  6
CONTINUOUS
100
AcDbLine
 10
6.2270899606299208
 20
-4.4358879133858267
 30
0
 11
6.2337466535433066
 21
-4.4358879133858267
 31
0
  0
LINE
  5
153
330
22
100
AcDbEntity
  8
B.Paste
  6
CONTINUOUS
100
AcDbLine
 10
6.2337466535433066
 20
-4.4358879133858267
 30
0
 11
6.2402754330708659
 21
-4.4371865748031496
 31
0
  0
LINE
  5
154
330
22
100
AcDbEntity
  8
B.Paste
  6
CONTINUOUS
100
AcDbLine
 10
5.6402747244094487
 20
-4.3371909842519685
 30
0
 11
5.6464246850393698
 21
-4.339738385826772
 31
0
  0
LINE
  5
155
330
22
100
AcDbEntity
  8
B.Paste
  6
CONTINUOUS
100
AcDbLine
 10
5.6464246850393698
 20
-4.339738385826772
 30
0
 11
5.6519594881889761
 21
-4.3434366141732283
 31
0
  0
LINE
  5
156
330
22
100
AcDbEntity
  8
B.Paste
  6
CONTINUOUS
100
AcDbLine
 10
5.6519594881889761
 20
-4.3434366141732283
 30
0
 11
5.656666496062992
 21
-4.3481436220472442
 31
0
  0
LINE
  5
157
330
22
100
AcDbEntity
  8
B.Paste
  6
CONTINUOUS
100
AcDbLine
 10
5.656666496062992
 20
-4.3481436220472442
 30
0
 11
5.6603647244094484
 21
-4.3536784251968506
 31
0
  0
LINE
  5
158
330
22
100
AcDbEntity
  8
B.Paste
  6
CONTINUOUS
100
AcDbLine
 10
5.6603647244094484
 20
-4.3536784251968506
 30
0
 11
5.6629121259842519
 21
-4.3598283858267717
 31
0
  0
LINE
  5
159
330
22
100
AcDbEntity
  8
B.Paste
  6
CONTINUOUS
100
AcDbLine
 10
5.6629121259842519
 20
-4.3598283858267717
 30
0
 11
5.6642107874015748
 21
-4.3663571653543309
 31
0
  0
LINE
  5
15A
330
22
100
AcDbEntity
  8
B.Paste
  6
CONTINUOUS
100
AcDbLine
 10
5.6642107874015748
 20
-4.3663571653543309
 30
0
 11
5.6642107874015748
 21
-4.3730138582677167
 31
0
  0
LINE
  5
15B
330
22
100
AcDbEntity
  8
B.Paste
  6
CONTINUOUS
100
AcDbLine
 10
5.6642107874015748
 20
-4.3730138582677167
 30
0
 11
5.6629121259842519
 21
-4.3795426377952751
 31
0
  0
LINE
  5
15C
330
22
100
AcDbEntity
  8
B.Paste
  6
CONTINUOUS
100
AcDbLine
 10
5.6629121259842519
 20
-4.3795426377952751
 30
0
 11
5.6603647244094484
 21
-4.3856925984251971
 31
0
  0
LINE
  5
15D
330
22
100
AcDbEntity
  8
B.Paste
  6
CONTINUOUS
100
AcDbLine
 10
5.6603647244094484
 20
-4.3856925984251971
 30
0
 11
5.656666496062992
 21
-4.3912274015748034
 31
0
  0
LINE
  5
15E
330
22
100
AcDbEntity
  8
B.Paste
  6
CONTINUOUS
100
AcDbLine
 10
5.656666496062992
 20
-4.3912274015748034
 30
0
 11
5.6519594881889761
 21
-4.3959344094488184
 31
0
  0
LINE
  5
15F
330
22
100
AcDbEntity
  8
B.Paste
  6
CONTINUOUS
100
AcDbLine
 10
5.6519594881889761
 20
-4.3959344094488184
 30
0
 11
5.6464246850393698
 21
-4.3996326377952757
 31
0
  0
LINE
  5
160
330
22
100
AcDbEntity
  8
B.Paste
  6
CONTINUOUS
100
AcDbLine
 10
5.6464246850393698
 20
-4.3996326377952757
 30
0
 11
5.6402747244094487
 21
-4.4021800393700783
 31
0
  0
LINE
  5
161
330
22
100
AcDbEntity
  8
B.Paste
  6
CONTINUOUS
100
AcDbLine
 10
5.6402747244094487
 20
-4.4021800393700783
 30
0
 11
5.6337459448818894
 21
-4.4034787007874012
 31
0
  0
LINE
  5
162
330
22
100
AcDbEntity
  8
B.Paste
  6
CONTINUOUS
100
AcDbLine
 10
5.6337459448818894
 20
-4.4034787007874012
 30
0
 11
5.6270892519685036
 21
-4.4034787007874012
 31
0
  0
LINE
  5
163
330
22
100
AcDbEntity
  8
B.Paste
  6
CONTINUOUS
100
AcDbLine
 10
5.6270892519685036
 20
-4.4034787007874012
 30
0
 11
5.6205604724409444
 21
-4.4021800393700783
 31
0
  0
LINE
  5
164
330
22
100
AcDbEntity
  8
B.Paste
  6
CONTINUOUS
100
AcDbLine
 10
5.6205604724409444
 20
-4.4021800393700783
 30
0
 11
5.6144105118110232
 21
-4.3996326377952757
 31
0
  0
LINE
  5
165
330
22
100
AcDbEntity
  8
B.Paste
  6
CONTINUOUS
100
AcDbLine
 10
5.6144105118110232
 20
-4.3996326377952757
 30
0
 11
5.6088757086614169
 21
-4.3959344094488184
 31
0
  0
LINE
  5
166
330
22
100
AcDbEntity
  8
B.Paste
  6
CONTINUOUS
100
AcDbLine
 10
5.6088757086614169
 20
-4.3959344094488184
 30
0
 11
5.604168700787401
 21
-4.3912274015748034
 31
0
  0
LINE
  5
167
330
22
100
AcDbEntity
  8
B.Paste
  6
CONTINUOUS
100
AcDbLine
 10
5.604168700787401
 20
-4.3912274015748034
 30
0
 11
5.6004704724409446
 21
-4.3856925984251971
 31
0
  0
LINE
  5
168
330
22
100
AcDbEntity
  8
B.Paste
  6
CONTINUOUS
100
AcDbLine
 10
5.6004704724409446
 20
-4.3856925984251971
 30
0
 11
5.597923070866142
 21
-4.3795426377952751
 31
0
  0
LINE
  5
169
330
22
100
AcDbEntity
  8
B.Paste
  6
CONTINUOUS
100
AcDbLine
 10
5.597923070866142
 20
-4.3795426377952751
 30
0
 11
5.5966244094488191
 21
-4.3730138582677167
 31
0
  0
LINE
  5
16A
330
22
100
AcDbEntity
  8
B.Paste
  6
CONTINUOUS
100
AcDbLine
 10
5.5966244094488191
 20
-4.3730138582677167
 30
0
 11
5.5966244094488191
 21
-4.3663571653543309
 31
0
  0
LINE
  5
16B
330
22
100
AcDbEntity
  8
B.Paste
  6
CONTINUOUS
100
AcDbLine
 10
5.5966244094488191
 20
-4.3663571653543309
 30
0
 11
5.597923070866142
 21
-4.3598283858267717
 31
0
  0
LINE
  5
16C
330
22
100
AcDbEntity
  8
B.Paste
  6
CONTINUOUS
100
AcDbLine
 10
5.597923070866142
 20
-4.3598283858267717
 30
0
 11
5.6004704724409446
 21
-4.3536784251968506
 31
0
  0
LINE
  5
16D
330
22
100
AcDbEntity
  8
B.Paste
  6
CONTINUOUS
100
AcDbLine
 10
5.6004704724409446
 20
-4.3536784251968506
 30
0
 11
5.604168700787401
 21
-4.3481436220472442
 31
0
  0
LINE
  5
16E
330
22
100
AcDbEntity
  8
B.Paste
  6
CONTINUOUS
100
AcDbLine
 10
5.604168700787401
 20
-4.3481436220472442
 30
0
 11
5.6088757086614169
 21
-4.3434366141732283
 31
0
  0
LINE
  5
16F
330
22
100
AcDbEntity
  8
B.Paste
  6
CONTINUOUS
100
AcDbLine
 10
5.6088757086614169
 20
-4.3434366141732283
 30
0
 11
5.6144105118110232
 21
-4.339738385826772
 31
0
  0
LINE
  5
170
330
22
100
AcDbEntity
  8
B.Paste
  6
CONTINUOUS
100
AcDbLine
 10
5.6144105118110232
 20
-4.339738385826772
 30
0
 11
5.6205604724409444
 21
-4.3371909842519685
 31
0
  0
LINE
  5
171
330
22
100
AcDbEntity
  8
B.Paste
  6
CONTINUOUS
100
AcDbLine
 10
5.6205604724409444
 20
-4.3371909842519685
 30
0
 11
5.6270892519685036
 21
-4.3358923228346455
 31
0
  0
LINE
  5
172
330
22
100
AcDbEntity
  8
B.Paste
  6
CONTINUOUS
100
AcDbLine
 10
5.6270892519685036
 20
-4.3358923228346455
 30
0
 11
5.6337459448818894
 21
-4.3358923228346455
 31
0
  0
LINE
  5
173
330
22
100
AcDbEntity
  8
B.Paste
  6
CONTINUOUS
100
AcDbLine
 10
5.6337459448818894
 20
-4.3358923228346455
 30
0
 11
5.6402747244094487
 21
-4.3371909842519685
 31
0
  0
LINE
  5
174
330
22
100
AcDbEntity
  8
B.Paste
  6
CONTINUOUS
100
AcDbLine
 10
6.2402747244094483
 20
-4.3371865748031491
 30
0
 11
6.2464246850393703
 21
-4.3397339763779526
 31
0
  0
LINE
  5
175
330
22
100
AcDbEntity
  8
B.Paste
  6
CONTINUOUS
100
AcDbLine
 10
6.2464246850393703
 20
-4.3397339763779526
 30
0
 11
6.2519594881889766
 21
-4.3434322047244089
 31
0
  0
LINE
  5
176
330
22
100
AcDbEntity
  8
B.Paste
  6
CONTINUOUS
100
AcDbLine
 10
6.2519594881889766
 20
-4.3434322047244089
 30
0
 11
6.2566664960629916
 21
-4.3481392125984248
 31
0
  0
LINE
  5
177
330
22
100
AcDbEntity
  8
B.Paste
  6
CONTINUOUS
100
AcDbLine
 10
6.2566664960629916
 20
-4.3481392125984248
 30
0
 11
6.2603647244094489
 21
-4.3536740157480311
 31
0
  0
LINE
  5
178
330
22
100
AcDbEntity
  8
B.Paste
  6
CONTINUOUS
100
AcDbLine
 10
6.2603647244094489
 20
-4.3536740157480311
 30
0
 11
6.2629121259842515
 21
-4.3598239763779523
 31
0
  0
LINE
  5
179
330
22
100
AcDbEntity
  8
B.Paste
  6
CONTINUOUS
100
AcDbLine
 10
6.2629121259842515
 20
-4.3598239763779523
 30
0
 11
6.2642107874015744
 21
-4.3663527559055115
 31
0
  0
LINE
  5
17A
330
22
100
AcDbEntity
  8
B.Paste
  6
CONTINUOUS
100
AcDbLine
 10
6.2642107874015744
 20
-4.3663527559055115
 30
0
 11
6.2642107874015744
 21
-4.3730094488188973
 31
0
  0
LINE
  5
17B
330
22
100
AcDbEntity
  8
B.Paste
  6
CONTINUOUS
100
AcDbLine
 10
6.2642107874015744
 20
-4.3730094488188973
 30
0
 11
6.2629121259842515
 21
-4.3795382283464566
 31
0
  0
LINE
  5
17C
330
22
100
AcDbEntity
  8
B.Paste
  6
CONTINUOUS
100
AcDbLine
 10
6.2629121259842515
 20
-4.3795382283464566
 30
0
 11
6.2603647244094489
 21
-4.3856881889763777
 31
0
  0
LINE
  5
17D
330
22
100
AcDbEntity
  8
B.Paste
  6
CONTINUOUS
100
AcDbLine
 10
6.2603647244094489
 20
-4.3856881889763777
 30
0
 11
6.2566664960629916
 21
-4.391222992125984
 31
0
  0
LINE
  5
17E
330
22
100
AcDbEntity
  8
B.Paste
  6
CONTINUOUS
100
AcDbLine
 10
6.2566664960629916
 20
-4.391222992125984
 30
0
 11
6.2519594881889766
 21
-4.3959299999999999
 31
0
  0
LINE
  5
17F
330
22
100
AcDbEntity
  8
B.Paste
  6
CONTINUOUS
100
AcDbLine
 10
6.2519594881889766
 20
-4.3959299999999999
 30
0
 11
6.2464246850393703
 21
-4.3996282283464563
 31
0
  0
LINE
  5
180
330
22
100
AcDbEntity
  8
B.Paste
  6
CONTINUOUS
100
AcDbLine
 10
6.2464246850393703
 20
-4.3996282283464563
 30
0
 11
6.2402747244094483
 21
-4.4021756299212598
 31
0
  0
LINE
  5
181
330
22
100
AcDbEntity
  8
B.Paste
  6
CONTINUOUS
100
AcDbLine
 10
6.2402747244094483
 20
-4.4021756299212598
 30
0
 11
6.2337459448818899
 21
-4.4034742913385827
 31
0
  0
LINE
  5
182
330
22
100
AcDbEntity
  8
B.Paste
  6
CONTINUOUS
100
AcDbLine
 10
6.2337459448818899
 20
-4.4034742913385827
 30
0
 11
6.2270892519685042
 21
-4.4034742913385827
 31
0
  0
LINE
  5
183
330
22
100
AcDbEntity
  8
B.Paste
  6
CONTINUOUS
100
AcDbLine
 10
6.2270892519685042
 20
-4.4034742913385827
 30
0
 11
6.2205604724409449
 21
-4.4021756299212598
 31
0
  0
LINE
  5
184
330
22
100
AcDbEntity
  8
B.Paste
  6
CONTINUOUS
100
AcDbLine
 10
6.2205604724409449
 20
-4.4021756299212598
 30
0
 11
6.2144105118110238
 21
-4.3996282283464563
 31
0
  0
LINE
  5
185
330
22
100
AcDbEntity
  8
B.Paste
  6
CONTINUOUS
100
AcDbLine
 10
6.2144105118110238
 20
-4.3996282283464563
 30
0
 11
6.2088757086614175
 21
-4.3959299999999999
 31
0
  0
LINE
  5
186
330
22
100
AcDbEntity
  8
B.Paste
  6
CONTINUOUS
100
AcDbLine
 10
6.2088757086614175
 20
-4.3959299999999999
 30
0
 11
6.2041687007874016
 21
-4.391222992125984
 31
0
  0
LINE
  5
187
330
22
100
AcDbEntity
  8
B.Paste
  6
CONTINUOUS
100
AcDbLine
 10
6.2041687007874016
 20
-4.391222992125984
 30
0
 11
6.2004704724409452
 21
-4.3856881889763777
 31
0
  0
LINE
  5
188
330
22
100
AcDbEntity
  8
B.Paste
  6
CONTINUOUS
100
AcDbLine
 10
6.2004704724409452
 20
-4.3856881889763777
 30
0
 11
6.1979230708661417
 21
-4.3795382283464566
 31
0
  0
LINE
  5
189
330
22
100
AcDbEntity
  8
B.Paste
  6
CONTINUOUS
100
AcDbLine
 10
6.1979230708661417
 20
-4.3795382283464566
 30
0
 11
6.1966244094488188
 21
-4.3730094488188973
 31
0
  0
LINE
  5
18A
330
22
100
AcDbEntity
  8
B.Paste
  6
CONTINUOUS
100
AcDbLine
 10
6.1966244094488188
 20
-4.3730094488188973
 30
0
 11
6.1966244094488188
 21
-4.3663527559055115
 31
0
  0
LINE
  5
18B
330
22
100
AcDbEntity
  8
B.Paste
  6
CONTINUOUS
100
AcDbLine
 10
6.1966244094488188
 20
-4.3663527559055115
 30
0
 11
6.1979230708661417
 21
-4.3598239763779523
 31
0
  0
LINE
  5
18C
330
22
100
AcDbEntity
  8
B.Paste
  6
CONTINUOUS
100
AcDbLine
 10
6.1979230708661417
 20
-4.3598239763779523
 30
0
 11
6.2004704724409452
 21
-4.3536740157480311
 31
0
  0
LINE
  5
18D
330
22
100
AcDbEntity
  8
B.Paste
  6
CONTINUOUS
100
AcDbLine
 10
6.2004704724409452
 20
-4.3536740157480311
 30
0
 11
6.2041687007874016
 21
-4.3481392125984248
 31
0
  0
LINE
  5
18E
330
22
100
AcDbEntity
  8
B.Paste
  6
CONTINUOUS
100
AcDbLine
 10
6.2041687007874016
 20
-4.3481392125984248
 30
0
 11
6.2088757086614175
 21
-4.3434322047244089
 31
0
  0
LINE
  5
18F
330
22
100
AcDbEntity
  8
B.Paste
  6
CONTINUOUS
100
AcDbLine
 10
6.2088757086614175
 20
-4.3434322047244089
 30
0
 11
6.2144105118110238
 21
-4.3397339763779526
 31
0
  0
LINE
  5
190
330
22
100
AcDbEntity
  8
B.Paste
  6
CONTINUOUS
100
AcDbLine
 10
6.2144105118110238
 20
-4.3397339763779526
 30
0
 11
6.2205604724409449
 21
-4.3371865748031491
 31
0
  0
LINE
  5
191
330
22
100
AcDbEntity
  8
B.Paste
  6
CONTINUOUS
100
AcDbLine
 10
6.2205604724409449
 20
-4.3371865748031491
 30
0
 11
6.2270892519685042
 21
-4.335887913385827
 31
0
  0
LINE
  5
192
330
22
100
AcDbEntity
  8
B.Paste
  6
CONTINUOUS
100
AcDbLine
 10
6.2270892519685042
 20
-4.335887913385827
 30
0
 11
6.2337459448818899
 21
-4.335887913385827
 31
0
  0
LINE
  5
193
330
22
100
AcDbEntity
  8
B.Paste
  6
CONTINUOUS
100
AcDbLine
 10
6.2337459448818899
 20
-4.335887913385827
 30
0
 11
6.2402747244094483
 21
-4.3371865748031491
 31
0
  0
LINE
  5
194
330
22
100
AcDbEntity
  8
B.Paste
  6
CONTINUOUS
100
AcDbLine
 10
5.6402739763779524
 20
-4.2371909842519688
 30
0
 11
5.6464239370078735
 21
-4.2397383858267714
 31
0
  0
LINE
  5
195
330
22
100
AcDbEntity
  8
B.Paste
  6
CONTINUOUS
100
AcDbLine
 10
5.6464239370078735
 20
-4.2397383858267714
 30
0
 11
5.6519587401574798
 21
-4.2434366141732278
 31
0
  0
LINE
  5
196
330
22
100
AcDbEntity
  8
B.Paste
  6
CONTINUOUS
100
AcDbLine
 10
5.6519587401574798
 20
-4.2434366141732278
 30
0
 11
5.6566657480314957
 21
-4.2481436220472437
 31
0
  0
LINE
  5
197
330
22
100
AcDbEntity
  8
B.Paste
  6
CONTINUOUS
100
AcDbLine
 10
5.6566657480314957
 20
-4.2481436220472437
 30
0
 11
5.660363976377953
 21
-4.25367842519685
 31
0
  0
LINE
  5
198
330
22
100
AcDbEntity
  8
B.Paste
  6
CONTINUOUS
100
AcDbLine
 10
5.660363976377953
 20
-4.25367842519685
 30
0
 11
5.6629113779527556
 21
-4.2598283858267711
 31
0
  0
LINE
  5
199
330
22
100
AcDbEntity
  8
B.Paste
  6
CONTINUOUS
100
AcDbLine
 10
5.6629113779527556
 20
-4.2598283858267711
 30
0
 11
5.6642100393700785
 21
-4.2663571653543304
 31
0
  0
LINE
  5
19A
330
22
100
AcDbEntity
  8
B.Paste
  6
CONTINUOUS
100
AcDbLine
 10
5.6642100393700785
 20
-4.2663571653543304
 30
0
 11
5.6642100393700785
 21
-4.2730138582677162
 31
0
  0
LINE
  5
19B
330
22
100
AcDbEntity
  8
B.Paste
  6
CONTINUOUS
100
AcDbLine
 10
5.6642100393700785
 20
-4.2730138582677162
 30
0
 11
5.6629113779527556
 21
-4.2795426377952754
 31
0
  0
LINE
  5
19C
330
22
100
AcDbEntity
  8
B.Paste
  6
CONTINUOUS
100
AcDbLine
 10
5.6629113779527556
 20
-4.2795426377952754
 30
0
 11
5.660363976377953
 21
-4.2856925984251966
 31
0
  0
LINE
  5
19D
330
22
100
AcDbEntity
  8
B.Paste
  6
CONTINUOUS
100
AcDbLine
 10
5.660363976377953
 20
-4.2856925984251966
 30
0
 11
5.6566657480314957
 21
-4.2912274015748029
 31
0
  0
LINE
  5
19E
330
22
100
AcDbEntity
  8
B.Paste
  6
CONTINUOUS
100
AcDbLine
 10
5.6566657480314957
 20
-4.2912274015748029
 30
0
 11
5.6519587401574798
 21
-4.2959344094488188
 31
0
  0
LINE
  5
19F
330
22
100
AcDbEntity
  8
B.Paste
  6
CONTINUOUS
100
AcDbLine
 10
5.6519587401574798
 20
-4.2959344094488188
 30
0
 11
5.6464239370078735
 21
-4.2996326377952752
 31
0
  0
LINE
  5
1A0
330
22
100
AcDbEntity
  8
B.Paste
  6
CONTINUOUS
100
AcDbLine
 10
5.6464239370078735
 20
-4.2996326377952752
 30
0
 11
5.6402739763779524
 21
-4.3021800393700786
 31
0
  0
LINE
  5
1A1
330
22
100
AcDbEntity
  8
B.Paste
  6
CONTINUOUS
100
AcDbLine
 10
5.6402739763779524
 20
-4.3021800393700786
 30
0
 11
5.633745196850394
 21
-4.3034787007874016
 31
0
  0
LINE
  5
1A2
330
22
100
AcDbEntity
  8
B.Paste
  6
CONTINUOUS
100
AcDbLine
 10
5.633745196850394
 20
-4.3034787007874016
 30
0
 11
5.6270885039370073
 21
-4.3034787007874016
 31
0
  0
LINE
  5
1A3
330
22
100
AcDbEntity
  8
B.Paste
  6
CONTINUOUS
100
AcDbLine
 10
5.6270885039370073
 20
-4.3034787007874016
 30
0
 11
5.620559724409449
 21
-4.3021800393700786
 31
0
  0
LINE
  5
1A4
330
22
100
AcDbEntity
  8
B.Paste
  6
CONTINUOUS
100
AcDbLine
 10
5.620559724409449
 20
-4.3021800393700786
 30
0
 11
5.6144097637795278
 21
-4.2996326377952752
 31
0
  0
LINE
  5
1A5
330
22
100
AcDbEntity
  8
B.Paste
  6
CONTINUOUS
100
AcDbLine
 10
5.6144097637795278
 20
-4.2996326377952752
 30
0
 11
5.6088749606299215
 21
-4.2959344094488188
 31
0
  0
LINE
  5
1A6
330
22
100
AcDbEntity
  8
B.Paste
  6
CONTINUOUS
100
AcDbLine
 10
5.6088749606299215
 20
-4.2959344094488188
 30
0
 11
5.6041679527559056
 21
-4.2912274015748029
 31
0
  0
LINE
  5
1A7
330
22
100
AcDbEntity
  8
B.Paste
  6
CONTINUOUS
100
AcDbLine
 10
5.6041679527559056
 20
-4.2912274015748029
 30
0
 11
5.6004697244094483
 21
-4.2856925984251966
 31
0
  0
LINE
  5
1A8
330
22
100
AcDbEntity
  8
B.Paste
  6
CONTINUOUS
100
AcDbLine
 10
5.6004697244094483
 20
-4.2856925984251966
 30
0
 11
5.5979223228346457
 21
-4.2795426377952754
 31
0
  0
LINE
  5
1A9
330
22
100
AcDbEntity
  8
B.Paste
  6
CONTINUOUS
100
AcDbLine
 10
5.5979223228346457
 20
-4.2795426377952754
 30
0
 11
5.5966236614173228
 21
-4.2730138582677162
 31
0
  0
LINE
  5
1AA
330
22
100
AcDbEntity
  8
B.Paste
  6
CONTINUOUS
100
AcDbLine
 10
5.5966236614173228
 20
-4.2730138582677162
 30
0
 11
5.5966236614173228
 21
-4.2663571653543304
 31
0
  0
LINE
  5
1AB
330
22
100
AcDbEntity
  8
B.Paste
  6
CONTINUOUS
100
AcDbLine
 10
5.5966236614173228
 20
-4.2663571653543304
 30
0
 11
5.5979223228346457
 21
-4.2598283858267711
 31
0
  0
LINE
  5
1AC
330
22
100
AcDbEntity
  8
B.Paste
  6
CONTINUOUS
100
AcDbLine
 10
5.5979223228346457
 20
-4.2598283858267711
 30
0
 11
5.6004697244094483
 21
-4.25367842519685
 31
0
  0
LINE
  5
1AD
330
22
100
AcDbEntity
  8
B.Paste
  6
CONTINUOUS
100
AcDbLine
 10
5.6004697244094483
 20
-4.25367842519685
 30
0
 11
5.6041679527559056
 21
-4.2481436220472437
 31
0
  0
LINE
  5
1AE
330
22
100
AcDbEntity
  8
B.Paste
  6
CONTINUOUS
100
AcDbLine
 10
5.6041679527559056
 20
-4.2481436220472437
 30
0
 11
5.6088749606299215
 21
-4.2434366141732278
 31
0
  0
LINE
  5
1AF
330
22
100
AcDbEntity
  8
B.Paste
  6
CONTINUOUS
100
AcDbLine
 10
5.6088749606299215
 20
-4.2434366141732278
 30
0
 11
5.6144097637795278
 21
-4.2397383858267714
 31
0
  0
LINE
  5
1B0
330
22
100
AcDbEntity
  8
B.Paste
  6
CONTINUOUS
100
AcDbLine
 10
5.6144097637795278
 20
-4.2397383858267714
 30
0
 11
5.620559724409449
 21
-4.2371909842519688
 31
0
  0
LINE
  5
1B1
330
22
100
AcDbEntity
  8
B.Paste
  6
CONTINUOUS
100
AcDbLine
 10
5.620559724409449
 20
-4.2371909842519688
 30
0
 11
5.6270885039370073
 21
-4.2358923228346459
 31
0
  0
LINE
  5
1B2
330
22
100
AcDbEntity
  8
B.Paste
  6
CONTINUOUS
100
AcDbLine
 10
5.6270885039370073
 20
-4.2358923228346459
 30
0
 11
5.633745196850394
 21
-4.2358923228346459
 31
0
  0
LINE
  5
1B3
330
22
100
AcDbEntity
  8
B.Paste
  6
CONTINUOUS
100
AcDbLine
 10
5.633745196850394
 20
-4.2358923228346459
 30
0
 11
5.6402739763779524
 21
-4.2371909842519688
 31
0
  0
LINE
  5
1B4
330
22
100
AcDbEntity
  8
B.Paste
  6
CONTINUOUS
100
AcDbLine
 10
6.2402739763779529
 20
-4.2371865748031494
 30
0
 11
6.246423937007874
 21
-4.2397339763779529
 31
0
  0
LINE
  5
1B5
330
22
100
AcDbEntity
  8
B.Paste
  6
CONTINUOUS
100
AcDbLine
 10
6.246423937007874
 20
-4.2397339763779529
 30
0
 11
6.2519587401574803
 21
-4.2434322047244093
 31
0
  0
LINE
  5
1B6
330
22
100
AcDbEntity
  8
B.Paste
  6
CONTINUOUS
100
AcDbLine
 10
6.2519587401574803
 20
-4.2434322047244093
 30
0
 11
6.2566657480314962
 21
-4.2481392125984252
 31
0
  0
LINE
  5
1B7
330
22
100
AcDbEntity
  8
B.Paste
  6
CONTINUOUS
100
AcDbLine
 10
6.2566657480314962
 20
-4.2481392125984252
 30
0
 11
6.2603639763779526
 21
-4.2536740157480315
 31
0
  0
LINE
  5
1B8
330
22
100
AcDbEntity
  8
B.Paste
  6
CONTINUOUS
100
AcDbLine
 10
6.2603639763779526
 20
-4.2536740157480315
 30
0
 11
6.2629113779527561
 21
-4.2598239763779526
 31
0
  0
LINE
  5
1B9
330
22
100
AcDbEntity
  8
B.Paste
  6
CONTINUOUS
100
AcDbLine
 10
6.2629113779527561
 20
-4.2598239763779526
 30
0
 11
6.264210039370079
 21
-4.2663527559055119
 31
0
  0
LINE
  5
1BA
330
22
100
AcDbEntity
  8
B.Paste
  6
CONTINUOUS
100
AcDbLine
 10
6.264210039370079
 20
-4.2663527559055119
 30
0
 11
6.264210039370079
 21
-4.2730094488188977
 31
0
  0
LINE
  5
1BB
330
22
100
AcDbEntity
  8
B.Paste
  6
CONTINUOUS
100
AcDbLine
 10
6.264210039370079
 20
-4.2730094488188977
 30
0
 11
6.2629113779527561
 21
-4.2795382283464569
 31
0
  0
LINE
  5
1BC
330
22
100
AcDbEntity
  8
B.Paste
  6
CONTINUOUS
100
AcDbLine
 10
6.2629113779527561
 20
-4.2795382283464569
 30
0
 11
6.2603639763779526
 21
-4.285688188976378
 31
0
  0
LINE
  5
1BD
330
22
100
AcDbEntity
  8
B.Paste
  6
CONTINUOUS
100
AcDbLine
 10
6.2603639763779526
 20
-4.285688188976378
 30
0
 11
6.2566657480314962
 21
-4.2912229921259843
 31
0
  0
LINE
  5
1BE
330
22
100
AcDbEntity
  8
B.Paste
  6
CONTINUOUS
100
AcDbLine
 10
6.2566657480314962
 20
-4.2912229921259843
 30
0
 11
6.2519587401574803
 21
-4.2959300000000002
 31
0
  0
LINE
  5
1BF
330
22
100
AcDbEntity
  8
B.Paste
  6
CONTINUOUS
100
AcDbLine
 10
6.2519587401574803
 20
-4.2959300000000002
 30
0
 11
6.246423937007874
 21
-4.2996282283464566
 31
0
  0
LINE
  5
1C0
330
22
100
AcDbEntity
  8
B.Paste
  6
CONTINUOUS
100
AcDbLine
 10
6.246423937007874
 20
-4.2996282283464566
 30
0
 11
6.2402739763779529
 21
-4.3021756299212601
 31
0
  0
LINE
  5
1C1
330
22
100
AcDbEntity
  8
B.Paste
  6
CONTINUOUS
100
AcDbLine
 10
6.2402739763779529
 20
-4.3021756299212601
 30
0
 11
6.2337451968503936
 21
-4.3034742913385822
 31
0
  0
LINE
  5
1C2
330
22
100
AcDbEntity
  8
B.Paste
  6
CONTINUOUS
100
AcDbLine
 10
6.2337451968503936
 20
-4.3034742913385822
 30
0
 11
6.2270885039370079
 21
-4.3034742913385822
 31
0
  0
LINE
  5
1C3
330
22
100
AcDbEntity
  8
B.Paste
  6
CONTINUOUS
100
AcDbLine
 10
6.2270885039370079
 20
-4.3034742913385822
 30
0
 11
6.2205597244094486
 21
-4.3021756299212601
 31
0
  0
LINE
  5
1C4
330
22
100
AcDbEntity
  8
B.Paste
  6
CONTINUOUS
100
AcDbLine
 10
6.2205597244094486
 20
-4.3021756299212601
 30
0
 11
6.2144097637795275
 21
-4.2996282283464566
 31
0
  0
LINE
  5
1C5
330
22
100
AcDbEntity
  8
B.Paste
  6
CONTINUOUS
100
AcDbLine
 10
6.2144097637795275
 20
-4.2996282283464566
 30
0
 11
6.2088749606299212
 21
-4.2959300000000002
 31
0
  0
LINE
  5
1C6
330
22
100
AcDbEntity
  8
B.Paste
  6
CONTINUOUS
100
AcDbLine
 10
6.2088749606299212
 20
-4.2959300000000002
 30
0
 11
6.2041679527559053
 21
-4.2912229921259843
 31
0
  0
LINE
  5
1C7
330
22
100
AcDbEntity
  8
B.Paste
  6
CONTINUOUS
100
AcDbLine
 10
6.2041679527559053
 20
-4.2912229921259843
 30
0
 11
6.2004697244094489
 21
-4.285688188976378
 31
0
  0
LINE
  5
1C8
330
22
100
AcDbEntity
  8
B.Paste
  6
CONTINUOUS
100
AcDbLine
 10
6.2004697244094489
 20
-4.285688188976378
 30
0
 11
6.1979223228346454
 21
-4.2795382283464569
 31
0
  0
LINE
  5
1C9
330
22
100
AcDbEntity
  8
B.Paste
  6
CONTINUOUS
100
AcDbLine
 10
6.1979223228346454
 20
-4.2795382283464569
 30
0
 11
6.1966236614173225
 21
-4.2730094488188977
 31
0
  0
LINE
  5
1CA
330
22
100
AcDbEntity
  8
B.Paste
  6
CONTINUOUS
100
AcDbLine
 10
6.1966236614173225
 20
-4.2730094488188977
 30
0
 11
6.1966236614173225
 21
-4.2663527559055119
 31
0
  0
LINE
  5
1CB
330
22
100
AcDbEntity
  8
B.Paste
  6
CONTINUOUS
100
AcDbLine
 10
6.1966236614173225
 20
-4.2663527559055119
 30
0
 11
6.1979223228346454
 21
-4.2598239763779526
 31
0
  0
LINE
  5
1CC
330
22
100
AcDbEntity
  8
B.Paste
  6
CONTINUOUS
100
AcDbLine
 10
6.1979223228346454
 20
-4.2598239763779526
 30
0
 11
6.2004697244094489
 21
-4.2536740157480315
 31
0
  0
LINE
  5
1CD
330
22
100
AcDbEntity
  8
B.Paste
  6
CONTINUOUS
100
AcDbLine
 10
6.2004697244094489
 20
-4.2536740157480315
 30
0
 11
6.2041679527559053
 21
-4.2481392125984252
 31
0
  0
LINE
  5
1CE
330
22
100
AcDbEntity
  8
B.Paste
  6
CONTINUOUS
100
AcDbLine
 10
6.2041679527559053
 20
-4.2481392125984252
 30
0
 11
6.2088749606299212
 21
-4.2434322047244093
 31
0
  0
LINE
  5
1CF
330
22
100
AcDbEntity
  8
B.Paste
  6
CONTINUOUS
100
AcDbLine
 10
6.2088749606299212
 20
-4.2434322047244093
 30
0
 11
6.2144097637795275
 21
-4.2397339763779529
 31
0
  0
LINE
  5
1D0
330
22
100
AcDbEntity
  8
B.Paste
  6
CONTINUOUS
100
AcDbLine
 10
6.2144097637795275
 20
-4.2397339763779529
 30
0
 11
6.2205597244094486
 21
-4.2371865748031494
 31
0
  0
LINE
  5
1D1
330
22
100
AcDbEntity
  8
B.Paste
  6
CONTINUOUS
100
AcDbLine
 10
6.2205597244094486
 20
-4.2371865748031494
 30
0
 11
6.2270885039370079
 21
-4.2358879133858265
 31
0
  0
LINE
  5
1D2
330
22
100
AcDbEntity
  8
B.Paste
  6
CONTINUOUS
100
AcDbLine
 10
6.2270885039370079
 20
-4.2358879133858265
 30
0
 11
6.2337451968503936
 21
-4.2358879133858265
 31
0
  0
LINE
  5
1D3
330
22
100
AcDbEntity
  8
B.Paste
  6
CONTINUOUS
100
AcDbLine
 10
6.2337451968503936
 20
-4.2358879133858265
 30
0
 11
6.2402739763779529
 21
-4.2371865748031494
 31
0
  0
LINE
  5
1D4
330
22
100
AcDbEntity
  8
B.Paste
  6
CONTINUOUS
100
AcDbLine
 10
5.6402732283464569
 20
-4.1371909842519683
 30
0
 11
5.6464231889763781
 21
-4.1397383858267718
 31
0
  0
LINE
  5
1D5
330
22
100
AcDbEntity
  8
B.Paste
  6
CONTINUOUS
100
AcDbLine
 10
5.6464231889763781
 20
-4.1397383858267718
 30
0
 11
5.6519579921259844
 21
-4.1434366141732282
 31
0
  0
LINE
  5
1D6
330
22
100
AcDbEntity
  8
B.Paste
  6
CONTINUOUS
100
AcDbLine
 10
5.6519579921259844
 20
-4.1434366141732282
 30
0
 11
5.6566650000000003
 21
-4.1481436220472441
 31
0
  0
LINE
  5
1D7
330
22
100
AcDbEntity
  8
B.Paste
  6
CONTINUOUS
100
AcDbLine
 10
5.6566650000000003
 20
-4.1481436220472441
 30
0
 11
5.6603632283464567
 21
-4.1536784251968504
 31
0
  0
LINE
  5
1D8
330
22
100
AcDbEntity
  8
B.Paste
  6
CONTINUOUS
100
AcDbLine
 10
5.6603632283464567
 20
-4.1536784251968504
 30
0
 11
5.6629106299212602
 21
-4.1598283858267715
 31
0
  0
LINE
  5
1D9
330
22
100
AcDbEntity
  8
B.Paste
  6
CONTINUOUS
100
AcDbLine
 10
5.6629106299212602
 20
-4.1598283858267715
 30
0
 11
5.6642092913385822
 21
-4.1663571653543308
 31
0
  0
LINE
  5
1DA
330
22
100
AcDbEntity
  8
B.Paste
  6
CONTINUOUS
100
AcDbLine
 10
5.6642092913385822
 20
-4.1663571653543308
 30
0
 11
5.6642092913385822
 21
-4.1730138582677165
 31
0
  0
LINE
  5
1DB
330
22
100
AcDbEntity
  8
B.Paste
  6
CONTINUOUS
100
AcDbLine
 10
5.6642092913385822
 20
-4.1730138582677165
 30
0
 11
5.6629106299212602
 21
-4.1795426377952758
 31
0
  0
LINE
  5
1DC
330
22
100
AcDbEntity
  8
B.Paste
  6
CONTINUOUS
100
AcDbLine
 10
5.6629106299212602
 20
-4.1795426377952758
 30
0
 11
5.6603632283464567
 21
-4.1856925984251969
 31
0
  0
LINE
  5
1DD
330
22
100
AcDbEntity
  8
B.Paste
  6
CONTINUOUS
100
AcDbLine
 10
5.6603632283464567
 20
-4.1856925984251969
 30
0
 11
5.6566650000000003
 21
-4.1912274015748032
 31
0
  0
LINE
  5
1DE
330
22
100
AcDbEntity
  8
B.Paste
  6
CONTINUOUS
100
AcDbLine
 10
5.6566650000000003
 20
-4.1912274015748032
 30
0
 11
5.6519579921259844
 21
-4.1959344094488191
 31
0
  0
LINE
  5
1DF
330
22
100
AcDbEntity
  8
B.Paste
  6
CONTINUOUS
100
AcDbLine
 10
5.6519579921259844
 20
-4.1959344094488191
 30
0
 11
5.6464231889763781
 21
-4.1996326377952755
 31
0
  0
LINE
  5
1E0
330
22
100
AcDbEntity
  8
B.Paste
  6
CONTINUOUS
100
AcDbLine
 10
5.6464231889763781
 20
-4.1996326377952755
 30
0
 11
5.6402732283464569
 21
-4.202180039370079
 31
0
  0
LINE
  5
1E1
330
22
100
AcDbEntity
  8
B.Paste
  6
CONTINUOUS
100
AcDbLine
 10
5.6402732283464569
 20
-4.202180039370079
 30
0
 11
5.6337444488188977
 21
-4.203478700787401
 31
0
  0
LINE
  5
1E2
330
22
100
AcDbEntity
  8
B.Paste
  6
CONTINUOUS
100
AcDbLine
 10
5.6337444488188977
 20
-4.203478700787401
 30
0
 11
5.6270877559055119
 21
-4.203478700787401
 31
0
  0
LINE
  5
1E3
330
22
100
AcDbEntity
  8
B.Paste
  6
CONTINUOUS
100
AcDbLine
 10
5.6270877559055119
 20
-4.203478700787401
 30
0
 11
5.6205589763779527
 21
-4.202180039370079
 31
0
  0
LINE
  5
1E4
330
22
100
AcDbEntity
  8
B.Paste
  6
CONTINUOUS
100
AcDbLine
 10
5.6205589763779527
 20
-4.202180039370079
 30
0
 11
5.6144090157480315
 21
-4.1996326377952755
 31
0
  0
LINE
  5
1E5
330
22
100
AcDbEntity
  8
B.Paste
  6
CONTINUOUS
100
AcDbLine
 10
5.6144090157480315
 20
-4.1996326377952755
 30
0
 11
5.6088742125984252
 21
-4.1959344094488191
 31
0
  0
LINE
  5
1E6
330
22
100
AcDbEntity
  8
B.Paste
  6
CONTINUOUS
100
AcDbLine
 10
5.6088742125984252
 20
-4.1959344094488191
 30
0
 11
5.6041672047244093
 21
-4.1912274015748032
 31
0
  0
LINE
  5
1E7
330
22
100
AcDbEntity
  8
B.Paste
  6
CONTINUOUS
100
AcDbLine
 10
5.6041672047244093
 20
-4.1912274015748032
 30
0
 11
5.6004689763779529
 21
-4.1856925984251969
 31
0
  0
LINE
  5
1E8
330
22
100
AcDbEntity
  8
B.Paste
  6
CONTINUOUS
100
AcDbLine
 10
5.6004689763779529
 20
-4.1856925984251969
 30
0
 11
5.5979215748031494
 21
-4.1795426377952758
 31
0
  0
LINE
  5
1E9
330
22
100
AcDbEntity
  8
B.Paste
  6
CONTINUOUS
100
AcDbLine
 10
5.5979215748031494
 20
-4.1795426377952758
 30
0
 11
5.5966229133858265
 21
-4.1730138582677165
 31
0
  0
LINE
  5
1EA
330
22
100
AcDbEntity
  8
B.Paste
  6
CONTINUOUS
100
AcDbLine
 10
5.5966229133858265
 20
-4.1730138582677165
 30
0
 11
5.5966229133858265
 21
-4.1663571653543308
 31
0
  0
LINE
  5
1EB
330
22
100
AcDbEntity
  8
B.Paste
  6
CONTINUOUS
100
AcDbLine
 10
5.5966229133858265
 20
-4.1663571653543308
 30
0
 11
5.5979215748031494
 21
-4.1598283858267715
 31
0
  0
LINE
  5
1EC
330
22
100
AcDbEntity
  8
B.Paste
  6
CONTINUOUS
100
AcDbLine
 10
5.5979215748031494
 20
-4.1598283858267715
 30
0
 11
5.6004689763779529
 21
-4.1536784251968504
 31
0
  0
LINE
  5
1ED
330
22
100
AcDbEntity
  8
B.Paste
  6
CONTINUOUS
100
AcDbLine
 10
5.6004689763779529
 20
-4.1536784251968504
 30
0
 11
5.6041672047244093
 21
-4.1481436220472441
 31
0
  0
LINE
  5
1EE
330
22
100
AcDbEntity
  8
B.Paste
  6
CONTINUOUS
100
AcDbLine
 10
5.6041672047244093
 20
-4.1481436220472441
 30
0
 11
5.6088742125984252
 21
-4.1434366141732282
 31
0
  0
LINE
  5
1EF
330
22
100
AcDbEntity
  8
B.Paste
  6
CONTINUOUS
100
AcDbLine
 10
5.6088742125984252
 20
-4.1434366141732282
 30
0
 11
5.6144090157480315
 21
-4.1397383858267718
 31
0
  0
LINE
  5
1F0
330
22
100
AcDbEntity
  8
B.Paste
  6
CONTINUOUS
100
AcDbLine
 10
5.6144090157480315
 20
-4.1397383858267718
 30
0
 11
5.6205589763779527
 21
-4.1371909842519683
 31
0
  0
LINE
  5
1F1
330
22
100
AcDbEntity
  8
B.Paste
  6
CONTINUOUS
100
AcDbLine
 10
5.6205589763779527
 20
-4.1371909842519683
 30
0
 11
5.6270877559055119
 21
-4.1358923228346454
 31
0
  0
LINE
  5
1F2
330
22
100
AcDbEntity
  8
B.Paste
  6
CONTINUOUS
100
AcDbLine
 10
5.6270877559055119
 20
-4.1358923228346454
 30
0
 11
5.6337444488188977
 21
-4.1358923228346454
 31
0
  0
LINE
  5
1F3
330
22
100
AcDbEntity
  8
B.Paste
  6
CONTINUOUS
100
AcDbLine
 10
5.6337444488188977
 20
-4.1358923228346454
 30
0
 11
5.6402732283464569
 21
-4.1371909842519683
 31
0
  0
LINE
  5
1F4
330
22
100
AcDbEntity
  8
B.Paste
  6
CONTINUOUS
100
AcDbLine
 10
6.2402732283464566
 20
-4.1371865748031498
 30
0
 11
6.2464231889763777
 21
-4.1397339763779524
 31
0
  0
LINE
  5
1F5
330
22
100
AcDbEntity
  8
B.Paste
  6
CONTINUOUS
100
AcDbLine
 10
6.2464231889763777
 20
-4.1397339763779524
 30
0
 11
6.251957992125984
 21
-4.1434322047244097
 31
0
  0
LINE
  5
1F6
330
22
100
AcDbEntity
  8
B.Paste
  6
CONTINUOUS
100
AcDbLine
 10
6.251957992125984
 20
-4.1434322047244097
 30
0
 11
6.2566649999999999
 21
-4.1481392125984247
 31
0
  0
LINE
  5
1F7
330
22
100
AcDbEntity
  8
B.Paste
  6
CONTINUOUS
100
AcDbLine
 10
6.2566649999999999
 20
-4.1481392125984247
 30
0
 11
6.2603632283464563
 21
-4.153674015748031
 31
0
  0
LINE
  5
1F8
330
22
100
AcDbEntity
  8
B.Paste
  6
CONTINUOUS
100
AcDbLine
 10
6.2603632283464563
 20
-4.153674015748031
 30
0
 11
6.2629106299212598
 21
-4.159823976377953
 31
0
  0
LINE
  5
1F9
330
22
100
AcDbEntity
  8
B.Paste
  6
CONTINUOUS
100
AcDbLine
 10
6.2629106299212598
 20
-4.159823976377953
 30
0
 11
6.2642092913385827
 21
-4.1663527559055114
 31
0
  0
LINE
  5
1FA
330
22
100
AcDbEntity
  8
B.Paste
  6
CONTINUOUS
100
AcDbLine
 10
6.2642092913385827
 20
-4.1663527559055114
 30
0
 11
6.2642092913385827
 21
-4.1730094488188971
 31
0
  0
LINE
  5
1FB
330
22
100
AcDbEntity
  8
B.Paste
  6
CONTINUOUS
100
AcDbLine
 10
6.2642092913385827
 20
-4.1730094488188971
 30
0
 11
6.2629106299212598
 21
-4.1795382283464564
 31
0
  0
LINE
  5
1FC
330
22
100
AcDbEntity
  8
B.Paste
  6
CONTINUOUS
100
AcDbLine
 10
6.2629106299212598
 20
-4.1795382283464564
 30
0
 11
6.2603632283464563
 21
-4.1856881889763775
 31
0
  0
LINE
  5
1FD
330
22
100
AcDbEntity
  8
B.Paste
  6
CONTINUOUS
100
AcDbLine
 10
6.2603632283464563
 20
-4.1856881889763775
 30
0
 11
6.2566649999999999
 21
-4.1912229921259838
 31
0
  0
LINE
  5
1FE
330
22
100
AcDbEntity
  8
B.Paste
  6
CONTINUOUS
100
AcDbLine
 10
6.2566649999999999
 20
-4.1912229921259838
 30
0
 11
6.251957992125984
 21
-4.1959299999999997
 31
0
  0
LINE
  5
1FF
330
22
100
AcDbEntity
  8
B.Paste
  6
CONTINUOUS
100
AcDbLine
 10
6.251957992125984
 20
-4.1959299999999997
 30
0
 11
6.2464231889763777
 21
-4.199628228346457
 31
0
  0
LINE
  5
200
330
22
100
AcDbEntity
  8
B.Paste
  6
CONTINUOUS
100
AcDbLine
 10
6.2464231889763777
 20
-4.199628228346457
 30
0
 11
6.2402732283464566
 21
-4.2021756299212596
 31
0
  0
LINE
  5
201
330
22
100
AcDbEntity
  8
B.Paste
  6
CONTINUOUS
100
AcDbLine
 10
6.2402732283464566
 20
-4.2021756299212596
 30
0
 11
6.2337444488188973
 21
-4.2034742913385825
 31
0
  0
LINE
  5
202
330
22
100
AcDbEntity
  8
B.Paste
  6
CONTINUOUS
100
AcDbLine
 10
6.2337444488188973
 20
-4.2034742913385825
 30
0
 11
6.2270877559055116
 21
-4.2034742913385825
 31
0
  0
LINE
  5
203
330
22
100
AcDbEntity
  8
B.Paste
  6
CONTINUOUS
100
AcDbLine
 10
6.2270877559055116
 20
-4.2034742913385825
 30
0
 11
6.2205589763779523
 21
-4.2021756299212596
 31
0
  0
LINE
  5
204
330
22
100
AcDbEntity
  8
B.Paste
  6
CONTINUOUS
100
AcDbLine
 10
6.2205589763779523
 20
-4.2021756299212596
 30
0
 11
6.2144090157480312
 21
-4.199628228346457
 31
0
  0
LINE
  5
205
330
22
100
AcDbEntity
  8
B.Paste
  6
CONTINUOUS
100
AcDbLine
 10
6.2144090157480312
 20
-4.199628228346457
 30
0
 11
6.2088742125984249
 21
-4.1959299999999997
 31
0
  0
LINE
  5
206
330
22
100
AcDbEntity
  8
B.Paste
  6
CONTINUOUS
100
AcDbLine
 10
6.2088742125984249
 20
-4.1959299999999997
 30
0
 11
6.204167204724409
 21
-4.1912229921259838
 31
0
  0
LINE
  5
207
330
22
100
AcDbEntity
  8
B.Paste
  6
CONTINUOUS
100
AcDbLine
 10
6.204167204724409
 20
-4.1912229921259838
 30
0
 11
6.2004689763779526
 21
-4.1856881889763775
 31
0
  0
LINE
  5
208
330
22
100
AcDbEntity
  8
B.Paste
  6
CONTINUOUS
100
AcDbLine
 10
6.2004689763779526
 20
-4.1856881889763775
 30
0
 11
6.1979215748031491
 21
-4.1795382283464564
 31
0
  0
LINE
  5
209
330
22
100
AcDbEntity
  8
B.Paste
  6
CONTINUOUS
100
AcDbLine
 10
6.1979215748031491
 20
-4.1795382283464564
 30
0
 11
6.196622913385827
 21
-4.1730094488188971
 31
0
  0
LINE
  5
20A
330
22
100
AcDbEntity
  8
B.Paste
  6
CONTINUOUS
100
AcDbLine
 10
6.196622913385827
 20
-4.1730094488188971
 30
0
 11
6.196622913385827
 21
-4.1663527559055114
 31
0
  0
LINE
  5
20B
330
22
100
AcDbEntity
  8
B.Paste
  6
CONTINUOUS
100
AcDbLine
 10
6.196622913385827
 20
-4.1663527559055114
 30
0
 11
6.1979215748031491
 21
-4.159823976377953
 31
0
  0
LINE
  5
20C
330
22
100
AcDbEntity
  8
B.Paste
  6
CONTINUOUS
100
AcDbLine
 10
6.1979215748031491
 20
-4.159823976377953
 30
0
 11
6.2004689763779526
 21
-4.153674015748031
 31
0
  0
LINE
  5
20D
330
22
100
AcDbEntity
  8
B.Paste
  6
CONTINUOUS
100
AcDbLine
 10
6.2004689763779526
 20
-4.153674015748031
 30
0
 11
6.204167204724409
 21
-4.1481392125984247
 31
0
  0
LINE
  5
20E
330
22
100
AcDbEntity
  8
B.Paste
  6
CONTINUOUS
100
AcDbLine
 10
6.204167204724409
 20
-4.1481392125984247
 30
0
 11
6.2088742125984249
 21
-4.1434322047244097
 31
0
  0
LINE
  5
20F
330
22
100
AcDbEntity
  8
B.Paste
  6
CONTINUOUS
100
AcDbLine
 10
6.2088742125984249
 20
-4.1434322047244097
 30
0
 11
6.2144090157480312
 21
-4.1397339763779524
 31
0
  0
LINE
  5
210
330
22
100
AcDbEntity
  8
B.Paste
  6
CONTINUOUS
100
AcDbLine
 10
6.2144090157480312
 20
-4.1397339763779524
 30
0
 11
6.2205589763779523
 21
-4.1371865748031498
 31
0
  0
LINE
  5
211
330
22
100
AcDbEntity
  8
B.Paste
  6
CONTINUOUS
100
AcDbLine
 10
6.2205589763779523
 20
-4.1371865748031498
 30
0
 11
6.2270877559055116
 21
-4.1358879133858268
 31
0
  0
LINE
  5
212
330
22
100
AcDbEntity
  8
B.Paste
  6
CONTINUOUS
100
AcDbLine
 10
6.2270877559055116
 20
-4.1358879133858268
 30
0
 11
6.2337444488188973
 21
-4.1358879133858268
 31
0
  0
LINE
  5
213
330
22
100
AcDbEntity
  8
B.Paste
  6
CONTINUOUS
100
AcDbLine
 10
6.2337444488188973
 20
-4.1358879133858268
 30
0
 11
6.2402732283464566
 21
-4.1371865748031498
 31
0
  0
LINE
  5
214
330
22
100
AcDbEntity
  8
B.Paste
  6
CONTINUOUS
100
AcDbLine
 10
5.6402725196850394
 20
-4.0371909842519687
 30
0
 11
5.6464224803149605
 21
-4.0397383858267712
 31
0
  0
LINE
  5
215
330
22
100
AcDbEntity
  8
B.Paste
  6
CONTINUOUS
100
AcDbLine
 10
5.6464224803149605
 20
-4.0397383858267712
 30
0
 11
5.6519572834645668
 21
-4.0434366141732285
 31
0
  0
LINE
  5
216
330
22
100
AcDbEntity
  8
B.Paste
  6
CONTINUOUS
100
AcDbLine
 10
5.6519572834645668
 20
-4.0434366141732285
 30
0
 11
5.6566642913385827
 21
-4.0481436220472444
 31
0
  0
LINE
  5
217
330
22
100
AcDbEntity
  8
B.Paste
  6
CONTINUOUS
100
AcDbLine
 10
5.6566642913385827
 20
-4.0481436220472444
 30
0
 11
5.6603625196850391
 21
-4.0536784251968507
 31
0
  0
LINE
  5
218
330
22
100
AcDbEntity
  8
B.Paste
  6
CONTINUOUS
100
AcDbLine
 10
5.6603625196850391
 20
-4.0536784251968507
 30
0
 11
5.6629099212598426
 21
-4.0598283858267719
 31
0
  0
LINE
  5
219
330
22
100
AcDbEntity
  8
B.Paste
  6
CONTINUOUS
100
AcDbLine
 10
5.6629099212598426
 20
-4.0598283858267719
 30
0
 11
5.6642085826771655
 21
-4.0663571653543302
 31
0
  0
LINE
  5
21A
330
22
100
AcDbEntity
  8
B.Paste
  6
CONTINUOUS
100
AcDbLine
 10
5.6642085826771655
 20
-4.0663571653543302
 30
0
 11
5.6642085826771655
 21
-4.073013858267716
 31
0
  0
LINE
  5
21B
330
22
100
AcDbEntity
  8
B.Paste
  6
CONTINUOUS
100
AcDbLine
 10
5.6642085826771655
 20
-4.073013858267716
 30
0
 11
5.6629099212598426
 21
-4.0795426377952753
 31
0
  0
LINE
  5
21C
330
22
100
AcDbEntity
  8
B.Paste
  6
CONTINUOUS
100
AcDbLine
 10
5.6629099212598426
 20
-4.0795426377952753
 30
0
 11
5.6603625196850391
 21
-4.0856925984251964
 31
0
  0
LINE
  5
21D
330
22
100
AcDbEntity
  8
B.Paste
  6
CONTINUOUS
100
AcDbLine
 10
5.6603625196850391
 20
-4.0856925984251964
 30
0
 11
5.6566642913385827
 21
-4.0912274015748027
 31
0
  0
LINE
  5
21E
330
22
100
AcDbEntity
  8
B.Paste
  6
CONTINUOUS
100
AcDbLine
 10
5.6566642913385827
 20
-4.0912274015748027
 30
0
 11
5.6519572834645668
 21
-4.0959344094488186
 31
0
  0
LINE
  5
21F
330
22
100
AcDbEntity
  8
B.Paste
  6
CONTINUOUS
100
AcDbLine
 10
5.6519572834645668
 20
-4.0959344094488186
 30
0
 11
5.6464224803149605
 21
-4.0996326377952759
 31
0
  0
LINE
  5
220
330
22
100
AcDbEntity
  8
B.Paste
  6
CONTINUOUS
100
AcDbLine
 10
5.6464224803149605
 20
-4.0996326377952759
 30
0
 11
5.6402725196850394
 21
-4.1021800393700785
 31
0
  0
LINE
  5
221
330
22
100
AcDbEntity
  8
B.Paste
  6
CONTINUOUS
100
AcDbLine
 10
5.6402725196850394
 20
-4.1021800393700785
 30
0
 11
5.6337437401574801
 21
-4.1034787007874014
 31
0
  0
LINE
  5
222
330
22
100
AcDbEntity
  8
B.Paste
  6
CONTINUOUS
100
AcDbLine
 10
5.6337437401574801
 20
-4.1034787007874014
 30
0
 11
5.6270870472440944
 21
-4.1034787007874014
 31
0
  0
LINE
  5
223
330
22
100
AcDbEntity
  8
B.Paste
  6
CONTINUOUS
100
AcDbLine
 10
5.6270870472440944
 20
-4.1034787007874014
 30
0
 11
5.6205582677165351
 21
-4.1021800393700785
 31
0
  0
LINE
  5
224
330
22
100
AcDbEntity
  8
B.Paste
  6
CONTINUOUS
100
AcDbLine
 10
5.6205582677165351
 20
-4.1021800393700785
 30
0
 11
5.614408307086614
 21
-4.0996326377952759
 31
0
  0
LINE
  5
225
330
22
100
AcDbEntity
  8
B.Paste
  6
CONTINUOUS
100
AcDbLine
 10
5.614408307086614
 20
-4.0996326377952759
 30
0
 11
5.6088735039370077
 21
-4.0959344094488186
 31
0
  0
LINE
  5
226
330
22
100
AcDbEntity
  8
B.Paste
  6
CONTINUOUS
100
AcDbLine
 10
5.6088735039370077
 20
-4.0959344094488186
 30
0
 11
5.6041664960629918
 21
-4.0912274015748027
 31
0
  0
LINE
  5
227
330
22
100
AcDbEntity
  8
B.Paste
  6
CONTINUOUS
100
AcDbLine
 10
5.6041664960629918
 20
-4.0912274015748027
 30
0
 11
5.6004682677165354
 21
-4.0856925984251964
 31
0
  0
LINE
  5
228
330
22
100
AcDbEntity
  8
B.Paste
  6
CONTINUOUS
100
AcDbLine
 10
5.6004682677165354
 20
-4.0856925984251964
 30
0
 11
5.5979208661417319
 21
-4.0795426377952753
 31
0
  0
LINE
  5
229
330
22
100
AcDbEntity
  8
B.Paste
  6
CONTINUOUS
100
AcDbLine
 10
5.5979208661417319
 20
-4.0795426377952753
 30
0
 11
5.596622204724409
 21
-4.073013858267716
 31
0
  0
LINE
  5
22A
330
22
100
AcDbEntity
  8
B.Paste
  6
CONTINUOUS
100
AcDbLine
 10
5.596622204724409
 20
-4.073013858267716
 30
0
 11
5.596622204724409
 21
-4.0663571653543302
 31
0
  0
LINE
  5
22B
330
22
100
AcDbEntity
  8
B.Paste
  6
CONTINUOUS
100
AcDbLine
 10
5.596622204724409
 20
-4.0663571653543302
 30
0
 11
5.5979208661417319
 21
-4.0598283858267719
 31
0
  0
LINE
  5
22C
330
22
100
AcDbEntity
  8
B.Paste
  6
CONTINUOUS
100
AcDbLine
 10
5.5979208661417319
 20
-4.0598283858267719
 30
0
 11
5.6004682677165354
 21
-4.0536784251968507
 31
0
  0
LINE
  5
22D
330
22
100
AcDbEntity
  8
B.Paste
  6
CONTINUOUS
100
AcDbLine
 10
5.6004682677165354
 20
-4.0536784251968507
 30
0
 11
5.6041664960629918
 21
-4.0481436220472444
 31
0
  0
LINE
  5
22E
330
22
100
AcDbEntity
  8
B.Paste
  6
CONTINUOUS
100
AcDbLine
 10
5.6041664960629918
 20
-4.0481436220472444
 30
0
 11
5.6088735039370077
 21
-4.0434366141732285
 31
0
  0
LINE
  5
22F
330
22
100
AcDbEntity
  8
B.Paste
  6
CONTINUOUS
100
AcDbLine
 10
5.6088735039370077
 20
-4.0434366141732285
 30
0
 11
5.614408307086614
 21
-4.0397383858267712
 31
0
  0
LINE
  5
230
330
22
100
AcDbEntity
  8
B.Paste
  6
CONTINUOUS
100
AcDbLine
 10
5.614408307086614
 20
-4.0397383858267712
 30
0
 11
5.6205582677165351
 21
-4.0371909842519687
 31
0
  0
LINE
  5
231
330
22
100
AcDbEntity
  8
B.Paste
  6
CONTINUOUS
100
AcDbLine
 10
5.6205582677165351
 20
-4.0371909842519687
 30
0
 11
5.6270870472440944
 21
-4.0358923228346457
 31
0
  0
LINE
  5
232
330
22
100
AcDbEntity
  8
B.Paste
  6
CONTINUOUS
100
AcDbLine
 10
5.6270870472440944
 20
-4.0358923228346457
 30
0
 11
5.6337437401574801
 21
-4.0358923228346457
 31
0
  0
LINE
  5
233
330
22
100
AcDbEntity
  8
B.Paste
  6
CONTINUOUS
100
AcDbLine
 10
5.6337437401574801
 20
-4.0358923228346457
 30
0
 11
5.6402725196850394
 21
-4.0371909842519687
 31
0
  0
LINE
  5
234
330
22
100
AcDbEntity
  8
B.Paste
  6
CONTINUOUS
100
AcDbLine
 10
6.240272519685039
 20
-4.0371865748031492
 30
0
 11
6.2464224803149602
 21
-4.0397339763779527
 31
0
  0
LINE
  5
235
330
22
100
AcDbEntity
  8
B.Paste
  6
CONTINUOUS
100
AcDbLine
 10
6.2464224803149602
 20
-4.0397339763779527
 30
0
 11
6.2519572834645665
 21
-4.0434322047244091
 31
0
  0
LINE
  5
236
330
22
100
AcDbEntity
  8
B.Paste
  6
CONTINUOUS
100
AcDbLine
 10
6.2519572834645665
 20
-4.0434322047244091
 30
0
 11
6.2566642913385824
 21
-4.048139212598425
 31
0
  0
LINE
  5
237
330
22
100
AcDbEntity
  8
B.Paste
  6
CONTINUOUS
100
AcDbLine
 10
6.2566642913385824
 20
-4.048139212598425
 30
0
 11
6.2603625196850397
 21
-4.0536740157480313
 31
0
  0
LINE
  5
238
330
22
100
AcDbEntity
  8
B.Paste
  6
CONTINUOUS
100
AcDbLine
 10
6.2603625196850397
 20
-4.0536740157480313
 30
0
 11
6.2629099212598422
 21
-4.0598239763779524
 31
0
  0
LINE
  5
239
330
22
100
AcDbEntity
  8
B.Paste
  6
CONTINUOUS
100
AcDbLine
 10
6.2629099212598422
 20
-4.0598239763779524
 30
0
 11
6.2642085826771652
 21
-4.0663527559055117
 31
0
  0
LINE
  5
23A
330
22
100
AcDbEntity
  8
B.Paste
  6
CONTINUOUS
100
AcDbLine
 10
6.2642085826771652
 20
-4.0663527559055117
 30
0
 11
6.2642085826771652
 21
-4.0730094488188975
 31
0
  0
LINE
  5
23B
330
22
100
AcDbEntity
  8
B.Paste
  6
CONTINUOUS
100
AcDbLine
 10
6.2642085826771652
 20
-4.0730094488188975
 30
0
 11
6.2629099212598422
 21
-4.0795382283464567
 31
0
  0
LINE
  5
23C
330
22
100
AcDbEntity
  8
B.Paste
  6
CONTINUOUS
100
AcDbLine
 10
6.2629099212598422
 20
-4.0795382283464567
 30
0
 11
6.2603625196850397
 21
-4.0856881889763779
 31
0
  0
LINE
  5
23D
330
22
100
AcDbEntity
  8
B.Paste
  6
CONTINUOUS
100
AcDbLine
 10
6.2603625196850397
 20
-4.0856881889763779
 30
0
 11
6.2566642913385824
 21
-4.0912229921259842
 31
0
  0
LINE
  5
23E
330
22
100
AcDbEntity
  8
B.Paste
  6
CONTINUOUS
100
AcDbLine
 10
6.2566642913385824
 20
-4.0912229921259842
 30
0
 11
6.2519572834645665
 21
-4.0959300000000001
 31
0
  0
LINE
  5
23F
330
22
100
AcDbEntity
  8
B.Paste
  6
CONTINUOUS
100
AcDbLine
 10
6.2519572834645665
 20
-4.0959300000000001
 30
0
 11
6.2464224803149602
 21
-4.0996282283464565
 31
0
  0
LINE
  5
240
330
22
100
AcDbEntity
  8
B.Paste
  6
CONTINUOUS
100
AcDbLine
 10
6.2464224803149602
 20
-4.0996282283464565
 30
0
 11
6.240272519685039
 21
-4.1021756299212599
 31
0
  0
LINE
  5
241
330
22
100
AcDbEntity
  8
B.Paste
  6
CONTINUOUS
100
AcDbLine
 10
6.240272519685039
 20
-4.1021756299212599
 30
0
 11
6.2337437401574798
 21
-4.1034742913385829
 31
0
  0
LINE
  5
242
330
22
100
AcDbEntity
  8
B.Paste
  6
CONTINUOUS
100
AcDbLine
 10
6.2337437401574798
 20
-4.1034742913385829
 30
0
 11
6.227087047244094
 21
-4.1034742913385829
 31
0
  0
LINE
  5
243
330
22
100
AcDbEntity
  8
B.Paste
  6
CONTINUOUS
100
AcDbLine
 10
6.227087047244094
 20
-4.1034742913385829
 30
0
 11
6.2205582677165356
 21
-4.1021756299212599
 31
0
  0
LINE
  5
244
330
22
100
AcDbEntity
  8
B.Paste
  6
CONTINUOUS
100
AcDbLine
 10
6.2205582677165356
 20
-4.1021756299212599
 30
0
 11
6.2144083070866136
 21
-4.0996282283464565
 31
0
  0
LINE
  5
245
330
22
100
AcDbEntity
  8
B.Paste
  6
CONTINUOUS
100
AcDbLine
 10
6.2144083070866136
 20
-4.0996282283464565
 30
0
 11
6.2088735039370073
 21
-4.0959300000000001
 31
0
  0
LINE
  5
246
330
22
100
AcDbEntity
  8
B.Paste
  6
CONTINUOUS
100
AcDbLine
 10
6.2088735039370073
 20
-4.0959300000000001
 30
0
 11
6.2041664960629923
 21
-4.0912229921259842
 31
0
  0
LINE
  5
247
330
22
100
AcDbEntity
  8
B.Paste
  6
CONTINUOUS
100
AcDbLine
 10
6.2041664960629923
 20
-4.0912229921259842
 30
0
 11
6.200468267716535
 21
-4.0856881889763779
 31
0
  0
LINE
  5
248
330
22
100
AcDbEntity
  8
B.Paste
  6
CONTINUOUS
100
AcDbLine
 10
6.200468267716535
 20
-4.0856881889763779
 30
0
 11
6.1979208661417324
 21
-4.0795382283464567
 31
0
  0
LINE
  5
249
330
22
100
AcDbEntity
  8
B.Paste
  6
CONTINUOUS
100
AcDbLine
 10
6.1979208661417324
 20
-4.0795382283464567
 30
0
 11
6.1966222047244095
 21
-4.0730094488188975
 31
0
  0
LINE
  5
24A
330
22
100
AcDbEntity
  8
B.Paste
  6
CONTINUOUS
100
AcDbLine
 10
6.1966222047244095
 20
-4.0730094488188975
 30
0
 11
6.1966222047244095
 21
-4.0663527559055117
 31
0
  0
LINE
  5
24B
330
22
100
AcDbEntity
  8
B.Paste
  6
CONTINUOUS
100
AcDbLine
 10
6.1966222047244095
 20
-4.0663527559055117
 30
0
 11
6.1979208661417324
 21
-4.0598239763779524
 31
0
  0
LINE
  5
24C
330
22
100
AcDbEntity
  8
B.Paste
  6
CONTINUOUS
100
AcDbLine
 10
6.1979208661417324
 20
-4.0598239763779524
 30
0
 11
6.200468267716535
 21
-4.0536740157480313
 31
0
  0
LINE
  5
24D
330
22
100
AcDbEntity
  8
B.Paste
  6
CONTINUOUS
100
AcDbLine
 10
6.200468267716535
 20
-4.0536740157480313
 30
0
 11
6.2041664960629923
 21
-4.048139212598425
 31
0
  0
LINE
  5
24E
330
22
100
AcDbEntity
  8
B.Paste
  6
CONTINUOUS
100
AcDbLine
 10
6.2041664960629923
 20
-4.048139212598425
 30
0
 11
6.2088735039370073
 21
-4.0434322047244091
 31
0
  0
LINE
  5
24F
330
22
100
AcDbEntity
  8
B.Paste
  6
CONTINUOUS
100
AcDbLine
 10
6.2088735039370073
 20
-4.0434322047244091
 30
0
 11
6.2144083070866136
 21
-4.0397339763779527
 31
0
  0
LINE
  5
250
330
22
100
AcDbEntity
  8
B.Paste
  6
CONTINUOUS
100
AcDbLine
 10
6.2144083070866136
 20
-4.0397339763779527
 30
0
 11
6.2205582677165356
 21
-4.0371865748031492
 31
0
  0
LINE
  5
251
330
22
100
AcDbEntity
  8
B.Paste
  6
CONTINUOUS
100
AcDbLine
 10
6.2205582677165356
 20
-4.0371865748031492
 30
0
 11
6.227087047244094
 21
-4.0358879133858263
 31
0
  0
LINE
  5
252
330
22
100
AcDbEntity
  8
B.Paste
  6
CONTINUOUS
100
AcDbLine
 10
6.227087047244094
 20
-4.0358879133858263
 30
0
 11
6.2337437401574798
 21
-4.0358879133858263
 31
0
  0
LINE
  5
253
330
22
100
AcDbEntity
  8
B.Paste
  6
CONTINUOUS
100
AcDbLine
 10
6.2337437401574798
 20
-4.0358879133858263
 30
0
 11
6.240272519685039
 21
-4.0371865748031492
 31
0
  0
LINE
  5
254
330
22
100
AcDbEntity
  8
B.Paste
  6
CONTINUOUS
100
AcDbLine
 10
5.6402717716535431
 20
-3.9371909842519686
 30
0
 11
5.6464217322834642
 21
-3.9397383858267716
 31
0
  0
LINE
  5
255
330
22
100
AcDbEntity
  8
B.Paste
  6
CONTINUOUS
100
AcDbLine
 10
5.6464217322834642
 20
-3.9397383858267716
 30
0
 11
5.6519565354330705
 21
-3.9434366141732284
 31
0
  0
LINE
  5
256
330
22
100
AcDbEntity
  8
B.Paste
  6
CONTINUOUS
100
AcDbLine
 10
5.6519565354330705
 20
-3.9434366141732284
 30
0
 11
5.6566635433070864
 21
-3.9481436220472439
 31
0
  0
LINE
  5
257
330
22
100
AcDbEntity
  8
B.Paste
  6
CONTINUOUS
100
AcDbLine
 10
5.6566635433070864
 20
-3.9481436220472439
 30
0
 11
5.6603617716535428
 21
-3.9536784251968502
 31
0
  0
LINE
  5
258
330
22
100
AcDbEntity
  8
B.Paste
  6
CONTINUOUS
100
AcDbLine
 10
5.6603617716535428
 20
-3.9536784251968502
 30
0
 11
5.6629091732283463
 21
-3.9598283858267718
 31
0
  0
LINE
  5
259
330
22
100
AcDbEntity
  8
B.Paste
  6
CONTINUOUS
100
AcDbLine
 10
5.6629091732283463
 20
-3.9598283858267718
 30
0
 11
5.6642078346456692
 21
-3.9663571653543306
 31
0
  0
LINE
  5
25A
330
22
100
AcDbEntity
  8
B.Paste
  6
CONTINUOUS
100
AcDbLine
 10
5.6642078346456692
 20
-3.9663571653543306
 30
0
 11
5.6642078346456692
 21
-3.9730138582677164
 31
0
  0
LINE
  5
25B
330
22
100
AcDbEntity
  8
B.Paste
  6
CONTINUOUS
100
AcDbLine
 10
5.6642078346456692
 20
-3.9730138582677164
 30
0
 11
5.6629091732283463
 21
-3.9795426377952756
 31
0
  0
LINE
  5
25C
330
22
100
AcDbEntity
  8
B.Paste
  6
CONTINUOUS
100
AcDbLine
 10
5.6629091732283463
 20
-3.9795426377952756
 30
0
 11
5.6603617716535428
 21
-3.9856925984251967
 31
0
  0
LINE
  5
25D
330
22
100
AcDbEntity
  8
B.Paste
  6
CONTINUOUS
100
AcDbLine
 10
5.6603617716535428
 20
-3.9856925984251967
 30
0
 11
5.6566635433070864
 21
-3.991227401574803
 31
0
  0
LINE
  5
25E
330
22
100
AcDbEntity
  8
B.Paste
  6
CONTINUOUS
100
AcDbLine
 10
5.6566635433070864
 20
-3.991227401574803
 30
0
 11
5.6519565354330705
 21
-3.9959344094488189
 31
0
  0
LINE
  5
25F
330
22
100
AcDbEntity
  8
B.Paste
  6
CONTINUOUS
100
AcDbLine
 10
5.6519565354330705
 20
-3.9959344094488189
 30
0
 11
5.6464217322834642
 21
-3.9996326377952753
 31
0
  0
LINE
  5
260
330
22
100
AcDbEntity
  8
B.Paste
  6
CONTINUOUS
100
AcDbLine
 10
5.6464217322834642
 20
-3.9996326377952753
 30
0
 11
5.6402717716535431
 21
-4.0021800393700788
 31
0
  0
LINE
  5
261
330
22
100
AcDbEntity
  8
B.Paste
  6
CONTINUOUS
100
AcDbLine
 10
5.6402717716535431
 20
-4.0021800393700788
 30
0
 11
5.6337429921259838
 21
-4.0034787007874018
 31
0
  0
LINE
  5
262
330
22
100
AcDbEntity
  8
B.Paste
  6
CONTINUOUS
100
AcDbLine
 10
5.6337429921259838
 20
-4.0034787007874018
 30
0
 11
5.6270862992125981
 21
-4.0034787007874018
 31
0
  0
LINE
  5
263
330
22
100
AcDbEntity
  8
B.Paste
  6
CONTINUOUS
100
AcDbLine
 10
5.6270862992125981
 20
-4.0034787007874018
 30
0
 11
5.6205575196850388
 21
-4.0021800393700788
 31
0
  0
LINE
  5
264
330
22
100
AcDbEntity
  8
B.Paste
  6
CONTINUOUS
100
AcDbLine
 10
5.6205575196850388
 20
-4.0021800393700788
 30
0
 11
5.6144075590551177
 21
-3.9996326377952753
 31
0
  0
LINE
  5
265
330
22
100
AcDbEntity
  8
B.Paste
  6
CONTINUOUS
100
AcDbLine
 10
5.6144075590551177
 20
-3.9996326377952753
 30
0
 11
5.6088727559055114
 21
-3.9959344094488189
 31
0
  0
LINE
  5
266
330
22
100
AcDbEntity
  8
B.Paste
  6
CONTINUOUS
100
AcDbLine
 10
5.6088727559055114
 20
-3.9959344094488189
 30
0
 11
5.6041657480314964
 21
-3.991227401574803
 31
0
  0
LINE
  5
267
330
22
100
AcDbEntity
  8
B.Paste
  6
CONTINUOUS
100
AcDbLine
 10
5.6041657480314964
 20
-3.991227401574803
 30
0
 11
5.6004675196850391
 21
-3.9856925984251967
 31
0
  0
LINE
  5
268
330
22
100
AcDbEntity
  8
B.Paste
  6
CONTINUOUS
100
AcDbLine
 10
5.6004675196850391
 20
-3.9856925984251967
 30
0
 11
5.5979201181102365
 21
-3.9795426377952756
 31
0
  0
LINE
  5
269
330
22
100
AcDbEntity
  8
B.Paste
  6
CONTINUOUS
100
AcDbLine
 10
5.5979201181102365
 20
-3.9795426377952756
 30
0
 11
5.5966214566929136
 21
-3.9730138582677164
 31
0
  0
LINE
  5
26A
330
22
100
AcDbEntity
  8
B.Paste
  6
CONTINUOUS
100
AcDbLine
 10
5.5966214566929136
 20
-3.9730138582677164
 30
0
 11
5.5966214566929136
 21
-3.9663571653543306
 31
0
  0
LINE
  5
26B
330
22
100
AcDbEntity
  8
B.Paste
  6
CONTINUOUS
100
AcDbLine
 10
5.5966214566929136
 20
-3.9663571653543306
 30
0
 11
5.5979201181102365
 21
-3.9598283858267718
 31
0
  0
LINE
  5
26C
330
22
100
AcDbEntity
  8
B.Paste
  6
CONTINUOUS
100
AcDbLine
 10
5.5979201181102365
 20
-3.9598283858267718
 30
0
 11
5.6004675196850391
 21
-3.9536784251968502
 31
0
  0
LINE
  5
26D
330
22
100
AcDbEntity
  8
B.Paste
  6
CONTINUOUS
100
AcDbLine
 10
5.6004675196850391
 20
-3.9536784251968502
 30
0
 11
5.6041657480314964
 21
-3.9481436220472439
 31
0
  0
LINE
  5
26E
330
22
100
AcDbEntity
  8
B.Paste
  6
CONTINUOUS
100
AcDbLine
 10
5.6041657480314964
 20
-3.9481436220472439
 30
0
 11
5.6088727559055114
 21
-3.9434366141732284
 31
0
  0
LINE
  5
26F
330
22
100
AcDbEntity
  8
B.Paste
  6
CONTINUOUS
100
AcDbLine
 10
5.6088727559055114
 20
-3.9434366141732284
 30
0
 11
5.6144075590551177
 21
-3.9397383858267716
 31
0
  0
LINE
  5
270
330
22
100
AcDbEntity
  8
B.Paste
  6
CONTINUOUS
100
AcDbLine
 10
5.6144075590551177
 20
-3.9397383858267716
 30
0
 11
5.6205575196850388
 21
-3.9371909842519686
 31
0
  0
LINE
  5
271
330
22
100
AcDbEntity
  8
B.Paste
  6
CONTINUOUS
100
AcDbLine
 10
5.6205575196850388
 20
-3.9371909842519686
 30
0
 11
5.6270862992125981
 21
-3.9358923228346456
 31
0
  0
LINE
  5
272
330
22
100
AcDbEntity
  8
B.Paste
  6
CONTINUOUS
100
AcDbLine
 10
5.6270862992125981
 20
-3.9358923228346456
 30
0
 11
5.6337429921259838
 21
-3.9358923228346456
 31
0
  0
LINE
  5
273
330
22
100
AcDbEntity
  8
B.Paste
  6
CONTINUOUS
100
AcDbLine
 10
5.6337429921259838
 20
-3.9358923228346456
 30
0
 11
5.6402717716535431
 21
-3.9371909842519686
 31
0
  0
LINE
  5
274
330
22
100
AcDbEntity
  8
B.Paste
  6
CONTINUOUS
100
AcDbLine
 10
6.2402717716535427
 20
-3.9371865748031496
 30
0
 11
6.2464217322834648
 21
-3.9397339763779526
 31
0
  0
LINE
  5
275
330
22
100
AcDbEntity
  8
B.Paste
  6
CONTINUOUS
100
AcDbLine
 10
6.2464217322834648
 20
-3.9397339763779526
 30
0
 11
6.2519565354330711
 21
-3.9434322047244095
 31
0
  0
LINE
  5
276
330
22
100
AcDbEntity
  8
B.Paste
  6
CONTINUOUS
100
AcDbLine
 10
6.2519565354330711
 20
-3.9434322047244095
 30
0
 11
6.2566635433070861
 21
-3.9481392125984249
 31
0
  0
LINE
  5
277
330
22
100
AcDbEntity
  8
B.Paste
  6
CONTINUOUS
100
AcDbLine
 10
6.2566635433070861
 20
-3.9481392125984249
 30
0
 11
6.2603617716535434
 21
-3.9536740157480312
 31
0
  0
LINE
  5
278
330
22
100
AcDbEntity
  8
B.Paste
  6
CONTINUOUS
100
AcDbLine
 10
6.2603617716535434
 20
-3.9536740157480312
 30
0
 11
6.2629091732283459
 21
-3.9598239763779528
 31
0
  0
LINE
  5
279
330
22
100
AcDbEntity
  8
B.Paste
  6
CONTINUOUS
100
AcDbLine
 10
6.2629091732283459
 20
-3.9598239763779528
 30
0
 11
6.2642078346456689
 21
-3.9663527559055116
 31
0
  0
LINE
  5
27A
330
22
100
AcDbEntity
  8
B.Paste
  6
CONTINUOUS
100
AcDbLine
 10
6.2642078346456689
 20
-3.9663527559055116
 30
0
 11
6.2642078346456689
 21
-3.9730094488188974
 31
0
  0
LINE
  5
27B
330
22
100
AcDbEntity
  8
B.Paste
  6
CONTINUOUS
100
AcDbLine
 10
6.2642078346456689
 20
-3.9730094488188974
 30
0
 11
6.2629091732283459
 21
-3.9795382283464567
 31
0
  0
LINE
  5
27C
330
22
100
AcDbEntity
  8
B.Paste
  6
CONTINUOUS
100
AcDbLine
 10
6.2629091732283459
 20
-3.9795382283464567
 30
0
 11
6.2603617716535434
 21
-3.9856881889763778
 31
0
  0
LINE
  5
27D
330
22
100
AcDbEntity
  8
B.Paste
  6
CONTINUOUS
100
AcDbLine
 10
6.2603617716535434
 20
-3.9856881889763778
 30
0
 11
6.2566635433070861
 21
-3.9912229921259841
 31
0
  0
LINE
  5
27E
330
22
100
AcDbEntity
  8
B.Paste
  6
CONTINUOUS
100
AcDbLine
 10
6.2566635433070861
 20
-3.9912229921259841
 30
0
 11
6.2519565354330711
 21
-3.99593
 31
0
  0
LINE
  5
27F
330
22
100
AcDbEntity
  8
B.Paste
  6
CONTINUOUS
100
AcDbLine
 10
6.2519565354330711
 20
-3.99593
 30
0
 11
6.2464217322834648
 21
-3.9996282283464568
 31
0
  0
LINE
  5
280
330
22
100
AcDbEntity
  8
B.Paste
  6
CONTINUOUS
100
AcDbLine
 10
6.2464217322834648
 20
-3.9996282283464568
 30
0
 11
6.2402717716535427
 21
-4.0021756299212594
 31
0
  0
LINE
  5
281
330
22
100
AcDbEntity
  8
B.Paste
  6
CONTINUOUS
100
AcDbLine
 10
6.2402717716535427
 20
-4.0021756299212594
 30
0
 11
6.2337429921259844
 21
-4.0034742913385823
 31
0
  0
LINE
  5
282
330
22
100
AcDbEntity
  8
B.Paste
  6
CONTINUOUS
100
AcDbLine
 10
6.2337429921259844
 20
-4.0034742913385823
 30
0
 11
6.2270862992125986
 21
-4.0034742913385823
 31
0
  0
LINE
  5
283
330
22
100
AcDbEntity
  8
B.Paste
  6
CONTINUOUS
100
AcDbLine
 10
6.2270862992125986
 20
-4.0034742913385823
 30
0
 11
6.2205575196850393
 21
-4.0021756299212594
 31
0
  0
LINE
  5
284
330
22
100
AcDbEntity
  8
B.Paste
  6
CONTINUOUS
100
AcDbLine
 10
6.2205575196850393
 20
-4.0021756299212594
 30
0
 11
6.2144075590551182
 21
-3.9996282283464568
 31
0
  0
LINE
  5
285
330
22
100
AcDbEntity
  8
B.Paste
  6
CONTINUOUS
100
AcDbLine
 10
6.2144075590551182
 20
-3.9996282283464568
 30
0
 11
6.2088727559055119
 21
-3.99593
 31
0
  0
LINE
  5
286
330
22
100
AcDbEntity
  8
B.Paste
  6
CONTINUOUS
100
AcDbLine
 10
6.2088727559055119
 20
-3.99593
 30
0
 11
6.204165748031496
 21
-3.9912229921259841
 31
0
  0
LINE
  5
287
330
22
100
AcDbEntity
  8
B.Paste
  6
CONTINUOUS
100
AcDbLine
 10
6.204165748031496
 20
-3.9912229921259841
 30
0
 11
6.2004675196850396
 21
-3.9856881889763778
 31
0
  0
LINE
  5
288
330
22
100
AcDbEntity
  8
B.Paste
  6
CONTINUOUS
100
AcDbLine
 10
6.2004675196850396
 20
-3.9856881889763778
 30
0
 11
6.1979201181102361
 21
-3.9795382283464567
 31
0
  0
LINE
  5
289
330
22
100
AcDbEntity
  8
B.Paste
  6
CONTINUOUS
100
AcDbLine
 10
6.1979201181102361
 20
-3.9795382283464567
 30
0
 11
6.1966214566929132
 21
-3.9730094488188974
 31
0
  0
LINE
  5
28A
330
22
100
AcDbEntity
  8
B.Paste
  6
CONTINUOUS
100
AcDbLine
 10
6.1966214566929132
 20
-3.9730094488188974
 30
0
 11
6.1966214566929132
 21
-3.9663527559055116
 31
0
  0
LINE
  5
28B
330
22
100
AcDbEntity
  8
B.Paste
  6
CONTINUOUS
100
AcDbLine
 10
6.1966214566929132
 20
-3.9663527559055116
 30
0
 11
6.1979201181102361
 21
-3.9598239763779528
 31
0
  0
LINE
  5
28C
330
22
100
AcDbEntity
  8
B.Paste
  6
CONTINUOUS
100
AcDbLine
 10
6.1979201181102361
 20
-3.9598239763779528
 30
0
 11
6.2004675196850396
 21
-3.9536740157480312
 31
0
  0
LINE
  5
28D
330
22
100
AcDbEntity
  8
B.Paste
  6
CONTINUOUS
100
AcDbLine
 10
6.2004675196850396
 20
-3.9536740157480312
 30
0
 11
6.204165748031496
 21
-3.9481392125984249
 31
0
  0
LINE
  5
28E
330
22
100
AcDbEntity
  8
B.Paste
  6
CONTINUOUS
100
AcDbLine
 10
6.204165748031496
 20
-3.9481392125984249
 30
0
 11
6.2088727559055119
 21
-3.9434322047244095
 31
0
  0
LINE
  5
28F
330
22
100
AcDbEntity
  8
B.Paste
  6
CONTINUOUS
100
AcDbLine
 10
6.2088727559055119
 20
-3.9434322047244095
 30
0
 11
6.2144075590551182
 21
-3.9397339763779526
 31
0
  0
LINE
  5
290
330
22
100
AcDbEntity
  8
B.Paste
  6
CONTINUOUS
100
AcDbLine
 10
6.2144075590551182
 20
-3.9397339763779526
 30
0
 11
6.2205575196850393
 21
-3.9371865748031496
 31
0
  0
LINE
  5
291
330
22
100
AcDbEntity
  8
B.Paste
  6
CONTINUOUS
100
AcDbLine
 10
6.2205575196850393
 20
-3.9371865748031496
 30
0
 11
6.2270862992125986
 21
-3.9358879133858267
 31
0
  0
LINE
  5
292
330
22
100
AcDbEntity
  8
B.Paste
  6
CONTINUOUS
100
AcDbLine
 10
6.2270862992125986
 20
-3.9358879133858267
 30
0
 11
6.2337429921259844
 21
-3.9358879133858267
 31
0
  0
LINE
  5
293
330
22
100
AcDbEntity
  8
B.Paste
  6
CONTINUOUS
100
AcDbLine
 10
6.2337429921259844
 20
-3.9358879133858267
 30
0
 11
6.2402717716535427
 21
-3.9371865748031496
 31
0
  0
LINE
  5
294
330
22
100
AcDbEntity
  8
B.Paste
  6
CONTINUOUS
100
AcDbLine
 10
5.6402710236220468
 20
-3.8371909842519685
 30
0
 11
5.6464209842519688
 21
-3.8397383858267715
 31
0
  0
LINE
  5
295
330
22
100
AcDbEntity
  8
B.Paste
  6
CONTINUOUS
100
AcDbLine
 10
5.6464209842519688
 20
-3.8397383858267715
 30
0
 11
5.6519557874015751
 21
-3.8434366141732283
 31
0
  0
LINE
  5
296
330
22
100
AcDbEntity
  8
B.Paste
  6
CONTINUOUS
100
AcDbLine
 10
5.6519557874015751
 20
-3.8434366141732283
 30
0
 11
5.6566627952755901
 21
-3.8481436220472438
 31
0
  0
LINE
  5
297
330
22
100
AcDbEntity
  8
B.Paste
  6
CONTINUOUS
100
AcDbLine
 10
5.6566627952755901
 20
-3.8481436220472438
 30
0
 11
5.6603610236220474
 21
-3.8536784251968501
 31
0
  0
LINE
  5
298
330
22
100
AcDbEntity
  8
B.Paste
  6
CONTINUOUS
100
AcDbLine
 10
5.6603610236220474
 20
-3.8536784251968501
 30
0
 11
5.66290842519685
 21
-3.8598283858267717
 31
0
  0
LINE
  5
299
330
22
100
AcDbEntity
  8
B.Paste
  6
CONTINUOUS
100
AcDbLine
 10
5.66290842519685
 20
-3.8598283858267717
 30
0
 11
5.6642070866141729
 21
-3.8663571653543305
 31
0
  0
LINE
  5
29A
330
22
100
AcDbEntity
  8
B.Paste
  6
CONTINUOUS
100
AcDbLine
 10
5.6642070866141729
 20
-3.8663571653543305
 30
0
 11
5.6642070866141729
 21
-3.8730138582677163
 31
0
  0
LINE
  5
29B
330
22
100
AcDbEntity
  8
B.Paste
  6
CONTINUOUS
100
AcDbLine
 10
5.6642070866141729
 20
-3.8730138582677163
 30
0
 11
5.66290842519685
 21
-3.8795426377952755
 31
0
  0
LINE
  5
29C
330
22
100
AcDbEntity
  8
B.Paste
  6
CONTINUOUS
100
AcDbLine
 10
5.66290842519685
 20
-3.8795426377952755
 30
0
 11
5.6603610236220474
 21
-3.8856925984251967
 31
0
  0
LINE
  5
29D
330
22
100
AcDbEntity
  8
B.Paste
  6
CONTINUOUS
100
AcDbLine
 10
5.6603610236220474
 20
-3.8856925984251967
 30
0
 11
5.6566627952755901
 21
-3.891227401574803
 31
0
  0
LINE
  5
29E
330
22
100
AcDbEntity
  8
B.Paste
  6
CONTINUOUS
100
AcDbLine
 10
5.6566627952755901
 20
-3.891227401574803
 30
0
 11
5.6519557874015751
 21
-3.8959344094488189
 31
0
  0
LINE
  5
29F
330
22
100
AcDbEntity
  8
B.Paste
  6
CONTINUOUS
100
AcDbLine
 10
5.6519557874015751
 20
-3.8959344094488189
 30
0
 11
5.6464209842519688
 21
-3.8996326377952757
 31
0
  0
LINE
  5
2A0
330
22
100
AcDbEntity
  8
B.Paste
  6
CONTINUOUS
100
AcDbLine
 10
5.6464209842519688
 20
-3.8996326377952757
 30
0
 11
5.6402710236220468
 21
-3.9021800393700787
 31
0
  0
LINE
  5
2A1
330
22
100
AcDbEntity
  8
B.Paste
  6
CONTINUOUS
100
AcDbLine
 10
5.6402710236220468
 20
-3.9021800393700787
 30
0
 11
5.6337422440944884
 21
-3.9034787007874017
 31
0
  0
LINE
  5
2A2
330
22
100
AcDbEntity
  8
B.Paste
  6
CONTINUOUS
100
AcDbLine
 10
5.6337422440944884
 20
-3.9034787007874017
 30
0
 11
5.6270855511811027
 21
-3.9034787007874017
 31
0
  0
LINE
  5
2A3
330
22
100
AcDbEntity
  8
B.Paste
  6
CONTINUOUS
100
AcDbLine
 10
5.6270855511811027
 20
-3.9034787007874017
 30
0
 11
5.6205567716535434
 21
-3.9021800393700787
 31
0
  0
LINE
  5
2A4
330
22
100
AcDbEntity
  8
B.Paste
  6
CONTINUOUS
100
AcDbLine
 10
5.6205567716535434
 20
-3.9021800393700787
 30
0
 11
5.6144068110236223
 21
-3.8996326377952757
 31
0
  0
LINE
  5
2A5
330
22
100
AcDbEntity
  8
B.Paste
  6
CONTINUOUS
100
AcDbLine
 10
5.6144068110236223
 20
-3.8996326377952757
 30
0
 11
5.608872007874016
 21
-3.8959344094488189
 31
0
  0
LINE
  5
2A6
330
22
100
AcDbEntity
  8
B.Paste
  6
CONTINUOUS
100
AcDbLine
 10
5.608872007874016
 20
-3.8959344094488189
 30
0
 11
5.6041650000000001
 21
-3.891227401574803
 31
0
  0
LINE
  5
2A7
330
22
100
AcDbEntity
  8
B.Paste
  6
CONTINUOUS
100
AcDbLine
 10
5.6041650000000001
 20
-3.891227401574803
 30
0
 11
5.6004667716535428
 21
-3.8856925984251967
 31
0
  0
LINE
  5
2A8
330
22
100
AcDbEntity
  8
B.Paste
  6
CONTINUOUS
100
AcDbLine
 10
5.6004667716535428
 20
-3.8856925984251967
 30
0
 11
5.5979193700787402
 21
-3.8795426377952755
 31
0
  0
LINE
  5
2A9
330
22
100
AcDbEntity
  8
B.Paste
  6
CONTINUOUS
100
AcDbLine
 10
5.5979193700787402
 20
-3.8795426377952755
 30
0
 11
5.5966207086614173
 21
-3.8730138582677163
 31
0
  0
LINE
  5
2AA
330
22
100
AcDbEntity
  8
B.Paste
  6
CONTINUOUS
100
AcDbLine
 10
5.5966207086614173
 20
-3.8730138582677163
 30
0
 11
5.5966207086614173
 21
-3.8663571653543305
 31
0
  0
LINE
  5
2AB
330
22
100
AcDbEntity
  8
B.Paste
  6
CONTINUOUS
100
AcDbLine
 10
5.5966207086614173
 20
-3.8663571653543305
 30
0
 11
5.5979193700787402
 21
-3.8598283858267717
 31
0
  0
LINE
  5
2AC
330
22
100
AcDbEntity
  8
B.Paste
  6
CONTINUOUS
100
AcDbLine
 10
5.5979193700787402
 20
-3.8598283858267717
 30
0
 11
5.6004667716535428
 21
-3.8536784251968501
 31
0
  0
LINE
  5
2AD
330
22
100
AcDbEntity
  8
B.Paste
  6
CONTINUOUS
100
AcDbLine
 10
5.6004667716535428
 20
-3.8536784251968501
 30
0
 11
5.6041650000000001
 21
-3.8481436220472438
 31
0
  0
LINE
  5
2AE
330
22
100
AcDbEntity
  8
B.Paste
  6
CONTINUOUS
100
AcDbLine
 10
5.6041650000000001
 20
-3.8481436220472438
 30
0
 11
5.608872007874016
 21
-3.8434366141732283
 31
0
  0
LINE
  5
2AF
330
22
100
AcDbEntity
  8
B.Paste
  6
CONTINUOUS
100
AcDbLine
 10
5.608872007874016
 20
-3.8434366141732283
 30
0
 11
5.6144068110236223
 21
-3.8397383858267715
 31
0
  0
LINE
  5
2B0
330
22
100
AcDbEntity
  8
B.Paste
  6
CONTINUOUS
100
AcDbLine
 10
5.6144068110236223
 20
-3.8397383858267715
 30
0
 11
5.6205567716535434
 21
-3.8371909842519685
 31
0
  0
LINE
  5
2B1
330
22
100
AcDbEntity
  8
B.Paste
  6
CONTINUOUS
100
AcDbLine
 10
5.6205567716535434
 20
-3.8371909842519685
 30
0
 11
5.6270855511811027
 21
-3.8358923228346455
 31
0
  0
LINE
  5
2B2
330
22
100
AcDbEntity
  8
B.Paste
  6
CONTINUOUS
100
AcDbLine
 10
5.6270855511811027
 20
-3.8358923228346455
 30
0
 11
5.6337422440944884
 21
-3.8358923228346455
 31
0
  0
LINE
  5
2B3
330
22
100
AcDbEntity
  8
B.Paste
  6
CONTINUOUS
100
AcDbLine
 10
5.6337422440944884
 20
-3.8358923228346455
 30
0
 11
5.6402710236220468
 21
-3.8371909842519685
 31
0
  0
LINE
  5
2B4
330
22
100
AcDbEntity
  8
B.Paste
  6
CONTINUOUS
100
AcDbLine
 10
6.2402710236220473
 20
-3.8371865748031495
 30
0
 11
6.2464209842519685
 21
-3.8397339763779526
 31
0
  0
LINE
  5
2B5
330
22
100
AcDbEntity
  8
B.Paste
  6
CONTINUOUS
100
AcDbLine
 10
6.2464209842519685
 20
-3.8397339763779526
 30
0
 11
6.2519557874015748
 21
-3.8434322047244094
 31
0
  0
LINE
  5
2B6
330
22
100
AcDbEntity
  8
B.Paste
  6
CONTINUOUS
100
AcDbLine
 10
6.2519557874015748
 20
-3.8434322047244094
 30
0
 11
6.2566627952755907
 21
-3.8481392125984253
 31
0
  0
LINE
  5
2B7
330
22
100
AcDbEntity
  8
B.Paste
  6
CONTINUOUS
100
AcDbLine
 10
6.2566627952755907
 20
-3.8481392125984253
 30
0
 11
6.260361023622047
 21
-3.8536740157480316
 31
0
  0
LINE
  5
2B8
330
22
100
AcDbEntity
  8
B.Paste
  6
CONTINUOUS
100
AcDbLine
 10
6.260361023622047
 20
-3.8536740157480316
 30
0
 11
6.2629084251968505
 21
-3.8598239763779527
 31
0
  0
LINE
  5
2B9
330
22
100
AcDbEntity
  8
B.Paste
  6
CONTINUOUS
100
AcDbLine
 10
6.2629084251968505
 20
-3.8598239763779527
 30
0
 11
6.2642070866141735
 21
-3.8663527559055115
 31
0
  0
LINE
  5
2BA
330
22
100
AcDbEntity
  8
B.Paste
  6
CONTINUOUS
100
AcDbLine
 10
6.2642070866141735
 20
-3.8663527559055115
 30
0
 11
6.2642070866141735
 21
-3.8730094488188977
 31
0
  0
LINE
  5
2BB
330
22
100
AcDbEntity
  8
B.Paste
  6
CONTINUOUS
100
AcDbLine
 10
6.2642070866141735
 20
-3.8730094488188977
 30
0
 11
6.2629084251968505
 21
-3.8795382283464566
 31
0
  0
LINE
  5
2BC
330
22
100
AcDbEntity
  8
B.Paste
  6
CONTINUOUS
100
AcDbLine
 10
6.2629084251968505
 20
-3.8795382283464566
 30
0
 11
6.260361023622047
 21
-3.8856881889763777
 31
0
  0
LINE
  5
2BD
330
22
100
AcDbEntity
  8
B.Paste
  6
CONTINUOUS
100
AcDbLine
 10
6.260361023622047
 20
-3.8856881889763777
 30
0
 11
6.2566627952755907
 21
-3.891222992125984
 31
0
  0
LINE
  5
2BE
330
22
100
AcDbEntity
  8
B.Paste
  6
CONTINUOUS
100
AcDbLine
 10
6.2566627952755907
 20
-3.891222992125984
 30
0
 11
6.2519557874015748
 21
-3.8959299999999999
 31
0
  0
LINE
  5
2BF
330
22
100
AcDbEntity
  8
B.Paste
  6
CONTINUOUS
100
AcDbLine
 10
6.2519557874015748
 20
-3.8959299999999999
 30
0
 11
6.2464209842519685
 21
-3.8996282283464567
 31
0
  0
LINE
  5
2C0
330
22
100
AcDbEntity
  8
B.Paste
  6
CONTINUOUS
100
AcDbLine
 10
6.2464209842519685
 20
-3.8996282283464567
 30
0
 11
6.2402710236220473
 21
-3.9021756299212598
 31
0
  0
LINE
  5
2C1
330
22
100
AcDbEntity
  8
B.Paste
  6
CONTINUOUS
100
AcDbLine
 10
6.2402710236220473
 20
-3.9021756299212598
 30
0
 11
6.2337422440944881
 21
-3.9034742913385827
 31
0
  0
LINE
  5
2C2
330
22
100
AcDbEntity
  8
B.Paste
  6
CONTINUOUS
100
AcDbLine
 10
6.2337422440944881
 20
-3.9034742913385827
 30
0
 11
6.2270855511811023
 21
-3.9034742913385827
 31
0
  0
LINE
  5
2C3
330
22
100
AcDbEntity
  8
B.Paste
  6
CONTINUOUS
100
AcDbLine
 10
6.2270855511811023
 20
-3.9034742913385827
 30
0
 11
6.220556771653543
 21
-3.9021756299212598
 31
0
  0
LINE
  5
2C4
330
22
100
AcDbEntity
  8
B.Paste
  6
CONTINUOUS
100
AcDbLine
 10
6.220556771653543
 20
-3.9021756299212598
 30
0
 11
6.2144068110236219
 21
-3.8996282283464567
 31
0
  0
LINE
  5
2C5
330
22
100
AcDbEntity
  8
B.Paste
  6
CONTINUOUS
100
AcDbLine
 10
6.2144068110236219
 20
-3.8996282283464567
 30
0
 11
6.2088720078740156
 21
-3.8959299999999999
 31
0
  0
LINE
  5
2C6
330
22
100
AcDbEntity
  8
B.Paste
  6
CONTINUOUS
100
AcDbLine
 10
6.2088720078740156
 20
-3.8959299999999999
 30
0
 11
6.2041649999999997
 21
-3.891222992125984
 31
0
  0
LINE
  5
2C7
330
22
100
AcDbEntity
  8
B.Paste
  6
CONTINUOUS
100
AcDbLine
 10
6.2041649999999997
 20
-3.891222992125984
 30
0
 11
6.2004667716535433
 21
-3.8856881889763777
 31
0
  0
LINE
  5
2C8
330
22
100
AcDbEntity
  8
B.Paste
  6
CONTINUOUS
100
AcDbLine
 10
6.2004667716535433
 20
-3.8856881889763777
 30
0
 11
6.1979193700787398
 21
-3.8795382283464566
 31
0
  0
LINE
  5
2C9
330
22
100
AcDbEntity
  8
B.Paste
  6
CONTINUOUS
100
AcDbLine
 10
6.1979193700787398
 20
-3.8795382283464566
 30
0
 11
6.1966207086614169
 21
-3.8730094488188977
 31
0
  0
LINE
  5
2CA
330
22
100
AcDbEntity
  8
B.Paste
  6
CONTINUOUS
100
AcDbLine
 10
6.1966207086614169
 20
-3.8730094488188977
 30
0
 11
6.1966207086614169
 21
-3.8663527559055115
 31
0
  0
LINE
  5
2CB
330
22
100
AcDbEntity
  8
B.Paste
  6
CONTINUOUS
100
AcDbLine
 10
6.1966207086614169
 20
-3.8663527559055115
 30
0
 11
6.1979193700787398
 21
-3.8598239763779527
 31
0
  0
LINE
  5
2CC
330
22
100
AcDbEntity
  8
B.Paste
  6
CONTINUOUS
100
AcDbLine
 10
6.1979193700787398
 20
-3.8598239763779527
 30
0
 11
6.2004667716535433
 21
-3.8536740157480316
 31
0
  0
LINE
  5
2CD
330
22
100
AcDbEntity
  8
B.Paste
  6
CONTINUOUS
100
AcDbLine
 10
6.2004667716535433
 20
-3.8536740157480316
 30
0
 11
6.2041649999999997
 21
-3.8481392125984253
 31
0
  0
LINE
  5
2CE
330
22
100
AcDbEntity
  8
B.Paste
  6
CONTINUOUS
100
AcDbLine
 10
6.2041649999999997
 20
-3.8481392125984253
 30
0
 11
6.2088720078740156
 21
-3.8434322047244094
 31
0
  0
LINE
  5
2CF
330
22
100
AcDbEntity
  8
B.Paste
  6
CONTINUOUS
100
AcDbLine
 10
6.2088720078740156
 20
-3.8434322047244094
 30
0
 11
6.2144068110236219
 21
-3.8397339763779526
 31
0
  0
LINE
  5
2D0
330
22
100
AcDbEntity
  8
B.Paste
  6
CONTINUOUS
100
AcDbLine
 10
6.2144068110236219
 20
-3.8397339763779526
 30
0
 11
6.220556771653543
 21
-3.8371865748031495
 31
0
  0
LINE
  5
2D1
330
22
100
AcDbEntity
  8
B.Paste
  6
CONTINUOUS
100
AcDbLine
 10
6.220556771653543
 20
-3.8371865748031495
 30
0
 11
6.2270855511811023
 21
-3.8358879133858266
 31
0
  0
LINE
  5
2D2
330
22
100
AcDbEntity
  8
B.Paste
  6
CONTINUOUS
100
AcDbLine
 10
6.2270855511811023
 20
-3.8358879133858266
 30
0
 11
6.2337422440944881
 21
-3.8358879133858266
 31
0
  0
LINE
  5
2D3
330
22
100
AcDbEntity
  8
B.Paste
  6
CONTINUOUS
100
AcDbLine
 10
6.2337422440944881
 20
-3.8358879133858266
 30
0
 11
6.2402710236220473
 21
-3.8371865748031495
 31
0
  0
LINE
  5
2D4
330
22
100
AcDbEntity
  8
B.Paste
  6
CONTINUOUS
100
AcDbLine
 10
5.6402703149606301
 20
-3.7371909842519684
 30
0
 11
5.6464202755905513
 21
-3.7397383858267714
 31
0
  0
LINE
  5
2D5
330
22
100
AcDbEntity
  8
B.Paste
  6
CONTINUOUS
100
AcDbLine
 10
5.6464202755905513
 20
-3.7397383858267714
 30
0
 11
5.6519550787401576
 21
-3.7434366141732283
 31
0
  0
LINE
  5
2D6
330
22
100
AcDbEntity
  8
B.Paste
  6
CONTINUOUS
100
AcDbLine
 10
5.6519550787401576
 20
-3.7434366141732283
 30
0
 11
5.6566620866141735
 21
-3.7481436220472442
 31
0
  0
LINE
  5
2D7
330
22
100
AcDbEntity
  8
B.Paste
  6
CONTINUOUS
100
AcDbLine
 10
5.6566620866141735
 20
-3.7481436220472442
 30
0
 11
5.6603603149606299
 21
-3.7536784251968505
 31
0
  0
LINE
  5
2D8
330
22
100
AcDbEntity
  8
B.Paste
  6
CONTINUOUS
100
AcDbLine
 10
5.6603603149606299
 20
-3.7536784251968505
 30
0
 11
5.6629077165354333
 21
-3.7598283858267716
 31
0
  0
LINE
  5
2D9
330
22
100
AcDbEntity
  8
B.Paste
  6
CONTINUOUS
100
AcDbLine
 10
5.6629077165354333
 20
-3.7598283858267716
 30
0
 11
5.6642063779527554
 21
-3.7663571653543304
 31
0
  0
LINE
  5
2DA
330
22
100
AcDbEntity
  8
B.Paste
  6
CONTINUOUS
100
AcDbLine
 10
5.6642063779527554
 20
-3.7663571653543304
 30
0
 11
5.6642063779527554
 21
-3.7730138582677166
 31
0
  0
LINE
  5
2DB
330
22
100
AcDbEntity
  8
B.Paste
  6
CONTINUOUS
100
AcDbLine
 10
5.6642063779527554
 20
-3.7730138582677166
 30
0
 11
5.6629077165354333
 21
-3.7795426377952754
 31
0
  0
LINE
  5
2DC
330
22
100
AcDbEntity
  8
B.Paste
  6
CONTINUOUS
100
AcDbLine
 10
5.6629077165354333
 20
-3.7795426377952754
 30
0
 11
5.6603603149606299
 21
-3.7856925984251966
 31
0
  0
LINE
  5
2DD
330
22
100
AcDbEntity
  8
B.Paste
  6
CONTINUOUS
100
AcDbLine
 10
5.6603603149606299
 20
-3.7856925984251966
 30
0
 11
5.6566620866141735
 21
-3.7912274015748029
 31
0
  0
LINE
  5
2DE
330
22
100
AcDbEntity
  8
B.Paste
  6
CONTINUOUS
100
AcDbLine
 10
5.6566620866141735
 20
-3.7912274015748029
 30
0
 11
5.6519550787401576
 21
-3.7959344094488188
 31
0
  0
LINE
  5
2DF
330
22
100
AcDbEntity
  8
B.Paste
  6
CONTINUOUS
100
AcDbLine
 10
5.6519550787401576
 20
-3.7959344094488188
 30
0
 11
5.6464202755905513
 21
-3.7996326377952756
 31
0
  0
LINE
  5
2E0
330
22
100
AcDbEntity
  8
B.Paste
  6
CONTINUOUS
100
AcDbLine
 10
5.6464202755905513
 20
-3.7996326377952756
 30
0
 11
5.6402703149606301
 21
-3.8021800393700786
 31
0
  0
LINE
  5
2E1
330
22
100
AcDbEntity
  8
B.Paste
  6
CONTINUOUS
100
AcDbLine
 10
5.6402703149606301
 20
-3.8021800393700786
 30
0
 11
5.6337415354330709
 21
-3.8034787007874016
 31
0
  0
LINE
  5
2E2
330
22
100
AcDbEntity
  8
B.Paste
  6
CONTINUOUS
100
AcDbLine
 10
5.6337415354330709
 20
-3.8034787007874016
 30
0
 11
5.6270848425196851
 21
-3.8034787007874016
 31
0
  0
LINE
  5
2E3
330
22
100
AcDbEntity
  8
B.Paste
  6
CONTINUOUS
100
AcDbLine
 10
5.6270848425196851
 20
-3.8034787007874016
 30
0
 11
5.6205560629921258
 21
-3.8021800393700786
 31
0
  0
LINE
  5
2E4
330
22
100
AcDbEntity
  8
B.Paste
  6
CONTINUOUS
100
AcDbLine
 10
5.6205560629921258
 20
-3.8021800393700786
 30
0
 11
5.6144061023622047
 21
-3.7996326377952756
 31
0
  0
LINE
  5
2E5
330
22
100
AcDbEntity
  8
B.Paste
  6
CONTINUOUS
100
AcDbLine
 10
5.6144061023622047
 20
-3.7996326377952756
 30
0
 11
5.6088712992125984
 21
-3.7959344094488188
 31
0
  0
LINE
  5
2E6
330
22
100
AcDbEntity
  8
B.Paste
  6
CONTINUOUS
100
AcDbLine
 10
5.6088712992125984
 20
-3.7959344094488188
 30
0
 11
5.6041642913385825
 21
-3.7912274015748029
 31
0
  0
LINE
  5
2E7
330
22
100
AcDbEntity
  8
B.Paste
  6
CONTINUOUS
100
AcDbLine
 10
5.6041642913385825
 20
-3.7912274015748029
 30
0
 11
5.6004660629921261
 21
-3.7856925984251966
 31
0
  0
LINE
  5
2E8
330
22
100
AcDbEntity
  8
B.Paste
  6
CONTINUOUS
100
AcDbLine
 10
5.6004660629921261
 20
-3.7856925984251966
 30
0
 11
5.5979186614173226
 21
-3.7795426377952754
 31
0
  0
LINE
  5
2E9
330
22
100
AcDbEntity
  8
B.Paste
  6
CONTINUOUS
100
AcDbLine
 10
5.5979186614173226
 20
-3.7795426377952754
 30
0
 11
5.5966199999999997
 21
-3.7730138582677166
 31
0
  0
LINE
  5
2EA
330
22
100
AcDbEntity
  8
B.Paste
  6
CONTINUOUS
100
AcDbLine
 10
5.5966199999999997
 20
-3.7730138582677166
 30
0
 11
5.5966199999999997
 21
-3.7663571653543304
 31
0
  0
LINE
  5
2EB
330
22
100
AcDbEntity
  8
B.Paste
  6
CONTINUOUS
100
AcDbLine
 10
5.5966199999999997
 20
-3.7663571653543304
 30
0
 11
5.5979186614173226
 21
-3.7598283858267716
 31
0
  0
LINE
  5
2EC
330
22
100
AcDbEntity
  8
B.Paste
  6
CONTINUOUS
100
AcDbLine
 10
5.5979186614173226
 20
-3.7598283858267716
 30
0
 11
5.6004660629921261
 21
-3.7536784251968505
 31
0
  0
LINE
  5
2ED
330
22
100
AcDbEntity
  8
B.Paste
  6
CONTINUOUS
100
AcDbLine
 10
5.6004660629921261
 20
-3.7536784251968505
 30
0
 11
5.6041642913385825
 21
-3.7481436220472442
 31
0
  0
LINE
  5
2EE
330
22
100
AcDbEntity
  8
B.Paste
  6
CONTINUOUS
100
AcDbLine
 10
5.6041642913385825
 20
-3.7481436220472442
 30
0
 11
5.6088712992125984
 21
-3.7434366141732283
 31
0
  0
LINE
  5
2EF
330
22
100
AcDbEntity
  8
B.Paste
  6
CONTINUOUS
100
AcDbLine
 10
5.6088712992125984
 20
-3.7434366141732283
 30
0
 11
5.6144061023622047
 21
-3.7397383858267714
 31
0
  0
LINE
  5
2F0
330
22
100
AcDbEntity
  8
B.Paste
  6
CONTINUOUS
100
AcDbLine
 10
5.6144061023622047
 20
-3.7397383858267714
 30
0
 11
5.6205560629921258
 21
-3.7371909842519684
 31
0
  0
LINE
  5
2F1
330
22
100
AcDbEntity
  8
B.Paste
  6
CONTINUOUS
100
AcDbLine
 10
5.6205560629921258
 20
-3.7371909842519684
 30
0
 11
5.6270848425196851
 21
-3.7358923228346455
 31
0
  0
LINE
  5
2F2
330
22
100
AcDbEntity
  8
B.Paste
  6
CONTINUOUS
100
AcDbLine
 10
5.6270848425196851
 20
-3.7358923228346455
 30
0
 11
5.6337415354330709
 21
-3.7358923228346455
 31
0
  0
LINE
  5
2F3
330
22
100
AcDbEntity
  8
B.Paste
  6
CONTINUOUS
100
AcDbLine
 10
5.6337415354330709
 20
-3.7358923228346455
 30
0
 11
5.6402703149606301
 21
-3.7371909842519684
 31
0
  0
LINE
  5
2F4
330
22
100
AcDbEntity
  8
B.Paste
  6
CONTINUOUS
100
AcDbLine
 10
6.2402703149606298
 20
-3.7371865748031494
 30
0
 11
6.2464202755905509
 21
-3.7397339763779525
 31
0
  0
LINE
  5
2F5
330
22
100
AcDbEntity
  8
B.Paste
  6
CONTINUOUS
100
AcDbLine
 10
6.2464202755905509
 20
-3.7397339763779525
 30
0
 11
6.2519550787401572
 21
-3.7434322047244093
 31
0
  0
LINE
  5
2F6
330
22
100
AcDbEntity
  8
B.Paste
  6
CONTINUOUS
100
AcDbLine
 10
6.2519550787401572
 20
-3.7434322047244093
 30
0
 11
6.2566620866141731
 21
-3.7481392125984252
 31
0
  0
LINE
  5
2F7
330
22
100
AcDbEntity
  8
B.Paste
  6
CONTINUOUS
100
AcDbLine
 10
6.2566620866141731
 20
-3.7481392125984252
 30
0
 11
6.2603603149606295
 21
-3.7536740157480315
 31
0
  0
LINE
  5
2F8
330
22
100
AcDbEntity
  8
B.Paste
  6
CONTINUOUS
100
AcDbLine
 10
6.2603603149606295
 20
-3.7536740157480315
 30
0
 11
6.262907716535433
 21
-3.7598239763779526
 31
0
  0
LINE
  5
2F9
330
22
100
AcDbEntity
  8
B.Paste
  6
CONTINUOUS
100
AcDbLine
 10
6.262907716535433
 20
-3.7598239763779526
 30
0
 11
6.2642063779527559
 21
-3.7663527559055119
 31
0
  0
LINE
  5
2FA
330
22
100
AcDbEntity
  8
B.Paste
  6
CONTINUOUS
100
AcDbLine
 10
6.2642063779527559
 20
-3.7663527559055119
 30
0
 11
6.2642063779527559
 21
-3.7730094488188977
 31
0
  0
LINE
  5
2FB
330
22
100
AcDbEntity
  8
B.Paste
  6
CONTINUOUS
100
AcDbLine
 10
6.2642063779527559
 20
-3.7730094488188977
 30
0
 11
6.262907716535433
 21
-3.7795382283464565
 31
0
  0
LINE
  5
2FC
330
22
100
AcDbEntity
  8
B.Paste
  6
CONTINUOUS
100
AcDbLine
 10
6.262907716535433
 20
-3.7795382283464565
 30
0
 11
6.2603603149606295
 21
-3.785688188976378
 31
0
  0
LINE
  5
2FD
330
22
100
AcDbEntity
  8
B.Paste
  6
CONTINUOUS
100
AcDbLine
 10
6.2603603149606295
 20
-3.785688188976378
 30
0
 11
6.2566620866141731
 21
-3.7912229921259843
 31
0
  0
LINE
  5
2FE
330
22
100
AcDbEntity
  8
B.Paste
  6
CONTINUOUS
100
AcDbLine
 10
6.2566620866141731
 20
-3.7912229921259843
 30
0
 11
6.2519550787401572
 21
-3.7959299999999998
 31
0
  0
LINE
  5
2FF
330
22
100
AcDbEntity
  8
B.Paste
  6
CONTINUOUS
100
AcDbLine
 10
6.2519550787401572
 20
-3.7959299999999998
 30
0
 11
6.2464202755905509
 21
-3.7996282283464566
 31
0
  0
LINE
  5
300
330
22
100
AcDbEntity
  8
B.Paste
  6
CONTINUOUS
100
AcDbLine
 10
6.2464202755905509
 20
-3.7996282283464566
 30
0
 11
6.2402703149606298
 21
-3.8021756299212597
 31
0
  0
LINE
  5
301
330
22
100
AcDbEntity
  8
B.Paste
  6
CONTINUOUS
100
AcDbLine
 10
6.2402703149606298
 20
-3.8021756299212597
 30
0
 11
6.2337415354330705
 21
-3.8034742913385826
 31
0
  0
LINE
  5
302
330
22
100
AcDbEntity
  8
B.Paste
  6
CONTINUOUS
100
AcDbLine
 10
6.2337415354330705
 20
-3.8034742913385826
 30
0
 11
6.2270848425196847
 21
-3.8034742913385826
 31
0
  0
LINE
  5
303
330
22
100
AcDbEntity
  8
B.Paste
  6
CONTINUOUS
100
AcDbLine
 10
6.2270848425196847
 20
-3.8034742913385826
 30
0
 11
6.2205560629921255
 21
-3.8021756299212597
 31
0
  0
LINE
  5
304
330
22
100
AcDbEntity
  8
B.Paste
  6
CONTINUOUS
100
AcDbLine
 10
6.2205560629921255
 20
-3.8021756299212597
 30
0
 11
6.2144061023622044
 21
-3.7996282283464566
 31
0
  0
LINE
  5
305
330
22
100
AcDbEntity
  8
B.Paste
  6
CONTINUOUS
100
AcDbLine
 10
6.2144061023622044
 20
-3.7996282283464566
 30
0
 11
6.2088712992125981
 21
-3.7959299999999998
 31
0
  0
LINE
  5
306
330
22
100
AcDbEntity
  8
B.Paste
  6
CONTINUOUS
100
AcDbLine
 10
6.2088712992125981
 20
-3.7959299999999998
 30
0
 11
6.2041642913385822
 21
-3.7912229921259843
 31
0
  0
LINE
  5
307
330
22
100
AcDbEntity
  8
B.Paste
  6
CONTINUOUS
100
AcDbLine
 10
6.2041642913385822
 20
-3.7912229921259843
 30
0
 11
6.2004660629921258
 21
-3.785688188976378
 31
0
  0
LINE
  5
308
330
22
100
AcDbEntity
  8
B.Paste
  6
CONTINUOUS
100
AcDbLine
 10
6.2004660629921258
 20
-3.785688188976378
 30
0
 11
6.1979186614173223
 21
-3.7795382283464565
 31
0
  0
LINE
  5
309
330
22
100
AcDbEntity
  8
B.Paste
  6
CONTINUOUS
100
AcDbLine
 10
6.1979186614173223
 20
-3.7795382283464565
 30
0
 11
6.1966200000000002
 21
-3.7730094488188977
 31
0
  0
LINE
  5
30A
330
22
100
AcDbEntity
  8
B.Paste
  6
CONTINUOUS
100
AcDbLine
 10
6.1966200000000002
 20
-3.7730094488188977
 30
0
 11
6.1966200000000002
 21
-3.7663527559055119
 31
0
  0
LINE
  5
30B
330
22
100
AcDbEntity
  8
B.Paste
  6
CONTINUOUS
100
AcDbLine
 10
6.1966200000000002
 20
-3.7663527559055119
 30
0
 11
6.1979186614173223
 21
-3.7598239763779526
 31
0
  0
LINE
  5
30C
330
22
100
AcDbEntity
  8
B.Paste
  6
CONTINUOUS
100
AcDbLine
 10
6.1979186614173223
 20
-3.7598239763779526
 30
0
 11
6.2004660629921258
 21
-3.7536740157480315
 31
0
  0
LINE
  5
30D
330
22
100
AcDbEntity
  8
B.Paste
  6
CONTINUOUS
100
AcDbLine
 10
6.2004660629921258
 20
-3.7536740157480315
 30
0
 11
6.2041642913385822
 21
-3.7481392125984252
 31
0
  0
LINE
  5
30E
330
22
100
AcDbEntity
  8
B.Paste
  6
CONTINUOUS
100
AcDbLine
 10
6.2041642913385822
 20
-3.7481392125984252
 30
0
 11
6.2088712992125981
 21
-3.7434322047244093
 31
0
  0
LINE
  5
30F
330
22
100
AcDbEntity
  8
B.Paste
  6
CONTINUOUS
100
AcDbLine
 10
6.2088712992125981
 20
-3.7434322047244093
 30
0
 11
6.2144061023622044
 21
-3.7397339763779525
 31
0
  0
LINE
  5
310
330
22
100
AcDbEntity
  8
B.Paste
  6
CONTINUOUS
100
AcDbLine
 10
6.2144061023622044
 20
-3.7397339763779525
 30
0
 11
6.2205560629921255
 21
-3.7371865748031494
 31
0
  0
LINE
  5
311
330
22
100
AcDbEntity
  8
B.Paste
  6
CONTINUOUS
100
AcDbLine
 10
6.2205560629921255
 20
-3.7371865748031494
 30
0
 11
6.2270848425196847
 21
-3.7358879133858265
 31
0
  0
LINE
  5
312
330
22
100
AcDbEntity
  8
B.Paste
  6
CONTINUOUS
100
AcDbLine
 10
6.2270848425196847
 20
-3.7358879133858265
 30
0
 11
6.2337415354330705
 21
-3.7358879133858265
 31
0
  0
LINE
  5
313
330
22
100
AcDbEntity
  8
B.Paste
  6
CONTINUOUS
100
AcDbLine
 10
6.2337415354330705
 20
-3.7358879133858265
 30
0
 11
6.2402703149606298
 21
-3.7371865748031494
 31
0
  0
LINE
  5
314
330
22
100
AcDbEntity
  8
B.Paste
  6
CONTINUOUS
100
AcDbLine
 10
5.6402695669291338
 20
-3.6371909842519683
 30
0
 11
5.646419527559055
 21
-3.6397383858267718
 31
0
  0
LINE
  5
315
330
22
100
AcDbEntity
  8
B.Paste
  6
CONTINUOUS
100
AcDbLine
 10
5.646419527559055
 20
-3.6397383858267718
 30
0
 11
5.6519543307086613
 21
-3.6434366141732282
 31
0
  0
LINE
  5
316
330
22
100
AcDbEntity
  8
B.Paste
  6
CONTINUOUS
100
AcDbLine
 10
5.6519543307086613
 20
-3.6434366141732282
 30
0
 11
5.6566613385826772
 21
-3.6481436220472441
 31
0
  0
LINE
  5
317
330
22
100
AcDbEntity
  8
B.Paste
  6
CONTINUOUS
100
AcDbLine
 10
5.6566613385826772
 20
-3.6481436220472441
 30
0
 11
5.6603595669291336
 21
-3.6536784251968504
 31
0
  0
LINE
  5
318
330
22
100
AcDbEntity
  8
B.Paste
  6
CONTINUOUS
100
AcDbLine
 10
5.6603595669291336
 20
-3.6536784251968504
 30
0
 11
5.662906968503937
 21
-3.6598283858267715
 31
0
  0
LINE
  5
319
330
22
100
AcDbEntity
  8
B.Paste
  6
CONTINUOUS
100
AcDbLine
 10
5.662906968503937
 20
-3.6598283858267715
 30
0
 11
5.66420562992126
 21
-3.6663571653543308
 31
0
  0
LINE
  5
31A
330
22
100
AcDbEntity
  8
B.Paste
  6
CONTINUOUS
100
AcDbLine
 10
5.66420562992126
 20
-3.6663571653543308
 30
0
 11
5.66420562992126
 21
-3.6730138582677165
 31
0
  0
LINE
  5
31B
330
22
100
AcDbEntity
  8
B.Paste
  6
CONTINUOUS
100
AcDbLine
 10
5.66420562992126
 20
-3.6730138582677165
 30
0
 11
5.662906968503937
 21
-3.6795426377952754
 31
0
  0
LINE
  5
31C
330
22
100
AcDbEntity
  8
B.Paste
  6
CONTINUOUS
100
AcDbLine
 10
5.662906968503937
 20
-3.6795426377952754
 30
0
 11
5.6603595669291336
 21
-3.6856925984251969
 31
0
  0
LINE
  5
31D
330
22
100
AcDbEntity
  8
B.Paste
  6
CONTINUOUS
100
AcDbLine
 10
5.6603595669291336
 20
-3.6856925984251969
 30
0
 11
5.6566613385826772
 21
-3.6912274015748032
 31
0
  0
LINE
  5
31E
330
22
100
AcDbEntity
  8
B.Paste
  6
CONTINUOUS
100
AcDbLine
 10
5.6566613385826772
 20
-3.6912274015748032
 30
0
 11
5.6519543307086613
 21
-3.6959344094488187
 31
0
  0
LINE
  5
31F
330
22
100
AcDbEntity
  8
B.Paste
  6
CONTINUOUS
100
AcDbLine
 10
5.6519543307086613
 20
-3.6959344094488187
 30
0
 11
5.646419527559055
 21
-3.6996326377952755
 31
0
  0
LINE
  5
320
330
22
100
AcDbEntity
  8
B.Paste
  6
CONTINUOUS
100
AcDbLine
 10
5.646419527559055
 20
-3.6996326377952755
 30
0
 11
5.6402695669291338
 21
-3.7021800393700786
 31
0
  0
LINE
  5
321
330
22
100
AcDbEntity
  8
B.Paste
  6
CONTINUOUS
100
AcDbLine
 10
5.6402695669291338
 20
-3.7021800393700786
 30
0
 11
5.6337407874015746
 21
-3.7034787007874015
 31
0
  0
LINE
  5
322
330
22
100
AcDbEntity
  8
B.Paste
  6
CONTINUOUS
100
AcDbLine
 10
5.6337407874015746
 20
-3.7034787007874015
 30
0
 11
5.6270840944881888
 21
-3.7034787007874015
 31
0
  0
LINE
  5
323
330
22
100
AcDbEntity
  8
B.Paste
  6
CONTINUOUS
100
AcDbLine
 10
5.6270840944881888
 20
-3.7034787007874015
 30
0
 11
5.6205553149606295
 21
-3.7021800393700786
 31
0
  0
LINE
  5
324
330
22
100
AcDbEntity
  8
B.Paste
  6
CONTINUOUS
100
AcDbLine
 10
5.6205553149606295
 20
-3.7021800393700786
 30
0
 11
5.6144053543307084
 21
-3.6996326377952755
 31
0
  0
LINE
  5
325
330
22
100
AcDbEntity
  8
B.Paste
  6
CONTINUOUS
100
AcDbLine
 10
5.6144053543307084
 20
-3.6996326377952755
 30
0
 11
5.6088705511811021
 21
-3.6959344094488187
 31
0
  0
LINE
  5
326
330
22
100
AcDbEntity
  8
B.Paste
  6
CONTINUOUS
100
AcDbLine
 10
5.6088705511811021
 20
-3.6959344094488187
 30
0
 11
5.6041635433070862
 21
-3.6912274015748032
 31
0
  0
LINE
  5
327
330
22
100
AcDbEntity
  8
B.Paste
  6
CONTINUOUS
100
AcDbLine
 10
5.6041635433070862
 20
-3.6912274015748032
 30
0
 11
5.6004653149606298
 21
-3.6856925984251969
 31
0
  0
LINE
  5
328
330
22
100
AcDbEntity
  8
B.Paste
  6
CONTINUOUS
100
AcDbLine
 10
5.6004653149606298
 20
-3.6856925984251969
 30
0
 11
5.5979179133858263
 21
-3.6795426377952754
 31
0
  0
LINE
  5
329
330
22
100
AcDbEntity
  8
B.Paste
  6
CONTINUOUS
100
AcDbLine
 10
5.5979179133858263
 20
-3.6795426377952754
 30
0
 11
5.5966192519685034
 21
-3.6730138582677165
 31
0
  0
LINE
  5
32A
330
22
100
AcDbEntity
  8
B.Paste
  6
CONTINUOUS
100
AcDbLine
 10
5.5966192519685034
 20
-3.6730138582677165
 30
0
 11
5.5966192519685034
 21
-3.6663571653543308
 31
0
  0
LINE
  5
32B
330
22
100
AcDbEntity
  8
B.Paste
  6
CONTINUOUS
100
AcDbLine
 10
5.5966192519685034
 20
-3.6663571653543308
 30
0
 11
5.5979179133858263
 21
-3.6598283858267715
 31
0
  0
LINE
  5
32C
330
22
100
AcDbEntity
  8
B.Paste
  6
CONTINUOUS
100
AcDbLine
 10
5.5979179133858263
 20
-3.6598283858267715
 30
0
 11
5.6004653149606298
 21
-3.6536784251968504
 31
0
  0
LINE
  5
32D
330
22
100
AcDbEntity
  8
B.Paste
  6
CONTINUOUS
100
AcDbLine
 10
5.6004653149606298
 20
-3.6536784251968504
 30
0
 11
5.6041635433070862
 21
-3.6481436220472441
 31
0
  0
LINE
  5
32E
330
22
100
AcDbEntity
  8
B.Paste
  6
CONTINUOUS
100
AcDbLine
 10
5.6041635433070862
 20
-3.6481436220472441
 30
0
 11
5.6088705511811021
 21
-3.6434366141732282
 31
0
  0
LINE
  5
32F
330
22
100
AcDbEntity
  8
B.Paste
  6
CONTINUOUS
100
AcDbLine
 10
5.6088705511811021
 20
-3.6434366141732282
 30
0
 11
5.6144053543307084
 21
-3.6397383858267718
 31
0
  0
LINE
  5
330
330
22
100
AcDbEntity
  8
B.Paste
  6
CONTINUOUS
100
AcDbLine
 10
5.6144053543307084
 20
-3.6397383858267718
 30
0
 11
5.6205553149606295
 21
-3.6371909842519683
 31
0
  0
LINE
  5
331
330
22
100
AcDbEntity
  8
B.Paste
  6
CONTINUOUS
100
AcDbLine
 10
5.6205553149606295
 20
-3.6371909842519683
 30
0
 11
5.6270840944881888
 21
-3.6358923228346458
 31
0
  0
LINE
  5
332
330
22
100
AcDbEntity
  8
B.Paste
  6
CONTINUOUS
100
AcDbLine
 10
5.6270840944881888
 20
-3.6358923228346458
 30
0
 11
5.6337407874015746
 21
-3.6358923228346458
 31
0
  0
LINE
  5
333
330
22
100
AcDbEntity
  8
B.Paste
  6
CONTINUOUS
100
AcDbLine
 10
5.6337407874015746
 20
-3.6358923228346458
 30
0
 11
5.6402695669291338
 21
-3.6371909842519683
 31
0
  0
LINE
  5
334
330
22
100
AcDbEntity
  8
B.Paste
  6
CONTINUOUS
100
AcDbLine
 10
6.2402695669291335
 20
-3.6371865748031493
 30
0
 11
6.2464195275590546
 21
-3.6397339763779528
 31
0
  0
LINE
  5
335
330
22
100
AcDbEntity
  8
B.Paste
  6
CONTINUOUS
100
AcDbLine
 10
6.2464195275590546
 20
-3.6397339763779528
 30
0
 11
6.2519543307086609
 21
-3.6434322047244092
 31
0
  0
LINE
  5
336
330
22
100
AcDbEntity
  8
B.Paste
  6
CONTINUOUS
100
AcDbLine
 10
6.2519543307086609
 20
-3.6434322047244092
 30
0
 11
6.2566613385826768
 21
-3.6481392125984251
 31
0
  0
LINE
  5
337
330
22
100
AcDbEntity
  8
B.Paste
  6
CONTINUOUS
100
AcDbLine
 10
6.2566613385826768
 20
-3.6481392125984251
 30
0
 11
6.2603595669291341
 21
-3.6536740157480314
 31
0
  0
LINE
  5
338
330
22
100
AcDbEntity
  8
B.Paste
  6
CONTINUOUS
100
AcDbLine
 10
6.2603595669291341
 20
-3.6536740157480314
 30
0
 11
6.2629069685039367
 21
-3.6598239763779525
 31
0
  0
LINE
  5
339
330
22
100
AcDbEntity
  8
B.Paste
  6
CONTINUOUS
100
AcDbLine
 10
6.2629069685039367
 20
-3.6598239763779525
 30
0
 11
6.2642056299212596
 21
-3.6663527559055118
 31
0
  0
LINE
  5
33A
330
22
100
AcDbEntity
  8
B.Paste
  6
CONTINUOUS
100
AcDbLine
 10
6.2642056299212596
 20
-3.6663527559055118
 30
0
 11
6.2642056299212596
 21
-3.6730094488188976
 31
0
  0
LINE
  5
33B
330
22
100
AcDbEntity
  8
B.Paste
  6
CONTINUOUS
100
AcDbLine
 10
6.2642056299212596
 20
-3.6730094488188976
 30
0
 11
6.2629069685039367
 21
-3.6795382283464568
 31
0
  0
LINE
  5
33C
330
22
100
AcDbEntity
  8
B.Paste
  6
CONTINUOUS
100
AcDbLine
 10
6.2629069685039367
 20
-3.6795382283464568
 30
0
 11
6.2603595669291341
 21
-3.685688188976378
 31
0
  0
LINE
  5
33D
330
22
100
AcDbEntity
  8
B.Paste
  6
CONTINUOUS
100
AcDbLine
 10
6.2603595669291341
 20
-3.685688188976378
 30
0
 11
6.2566613385826768
 21
-3.6912229921259843
 31
0
  0
LINE
  5
33E
330
22
100
AcDbEntity
  8
B.Paste
  6
CONTINUOUS
100
AcDbLine
 10
6.2566613385826768
 20
-3.6912229921259843
 30
0
 11
6.2519543307086609
 21
-3.6959299999999997
 31
0
  0
LINE
  5
33F
330
22
100
AcDbEntity
  8
B.Paste
  6
CONTINUOUS
100
AcDbLine
 10
6.2519543307086609
 20
-3.6959299999999997
 30
0
 11
6.2464195275590546
 21
-3.6996282283464565
 31
0
  0
LINE
  5
340
330
22
100
AcDbEntity
  8
B.Paste
  6
CONTINUOUS
100
AcDbLine
 10
6.2464195275590546
 20
-3.6996282283464565
 30
0
 11
6.2402695669291335
 21
-3.7021756299212596
 31
0
  0
LINE
  5
341
330
22
100
AcDbEntity
  8
B.Paste
  6
CONTINUOUS
100
AcDbLine
 10
6.2402695669291335
 20
-3.7021756299212596
 30
0
 11
6.2337407874015742
 21
-3.7034742913385825
 31
0
  0
LINE
  5
342
330
22
100
AcDbEntity
  8
B.Paste
  6
CONTINUOUS
100
AcDbLine
 10
6.2337407874015742
 20
-3.7034742913385825
 30
0
 11
6.2270840944881884
 21
-3.7034742913385825
 31
0
  0
LINE
  5
343
330
22
100
AcDbEntity
  8
B.Paste
  6
CONTINUOUS
100
AcDbLine
 10
6.2270840944881884
 20
-3.7034742913385825
 30
0
 11
6.2205553149606301
 21
-3.7021756299212596
 31
0
  0
LINE
  5
344
330
22
100
AcDbEntity
  8
B.Paste
  6
CONTINUOUS
100
AcDbLine
 10
6.2205553149606301
 20
-3.7021756299212596
 30
0
 11
6.214405354330709
 21
-3.6996282283464565
 31
0
  0
LINE
  5
345
330
22
100
AcDbEntity
  8
B.Paste
  6
CONTINUOUS
100
AcDbLine
 10
6.214405354330709
 20
-3.6996282283464565
 30
0
 11
6.2088705511811026
 21
-3.6959299999999997
 31
0
  0
LINE
  5
346
330
22
100
AcDbEntity
  8
B.Paste
  6
CONTINUOUS
100
AcDbLine
 10
6.2088705511811026
 20
-3.6959299999999997
 30
0
 11
6.2041635433070867
 21
-3.6912229921259843
 31
0
  0
LINE
  5
347
330
22
100
AcDbEntity
  8
B.Paste
  6
CONTINUOUS
100
AcDbLine
 10
6.2041635433070867
 20
-3.6912229921259843
 30
0
 11
6.2004653149606295
 21
-3.685688188976378
 31
0
  0
LINE
  5
348
330
22
100
AcDbEntity
  8
B.Paste
  6
CONTINUOUS
100
AcDbLine
 10
6.2004653149606295
 20
-3.685688188976378
 30
0
 11
6.1979179133858269
 21
-3.6795382283464568
 31
0
  0
LINE
  5
349
330
22
100
AcDbEntity
  8
B.Paste
  6
CONTINUOUS
100
AcDbLine
 10
6.1979179133858269
 20
-3.6795382283464568
 30
0
 11
6.1966192519685039
 21
-3.6730094488188976
 31
0
  0
LINE
  5
34A
330
22
100
AcDbEntity
  8
B.Paste
  6
CONTINUOUS
100
AcDbLine
 10
6.1966192519685039
 20
-3.6730094488188976
 30
0
 11
6.1966192519685039
 21
-3.6663527559055118
 31
0
  0
LINE
  5
34B
330
22
100
AcDbEntity
  8
B.Paste
  6
CONTINUOUS
100
AcDbLine
 10
6.1966192519685039
 20
-3.6663527559055118
 30
0
 11
6.1979179133858269
 21
-3.6598239763779525
 31
0
  0
LINE
  5
34C
330
22
100
AcDbEntity
  8
B.Paste
  6
CONTINUOUS
100
AcDbLine
 10
6.1979179133858269
 20
-3.6598239763779525
 30
0
 11
6.2004653149606295
 21
-3.6536740157480314
 31
0
  0
LINE
  5
34D
330
22
100
AcDbEntity
  8
B.Paste
  6
CONTINUOUS
100
AcDbLine
 10
6.2004653149606295
 20
-3.6536740157480314
 30
0
 11
6.2041635433070867
 21
-3.6481392125984251
 31
0
  0
LINE
  5
34E
330
22
100
AcDbEntity
  8
B.Paste
  6
CONTINUOUS
100
AcDbLine
 10
6.2041635433070867
 20
-3.6481392125984251
 30
0
 11
6.2088705511811026
 21
-3.6434322047244092
 31
0
  0
LINE
  5
34F
330
22
100
AcDbEntity
  8
B.Paste
  6
CONTINUOUS
100
AcDbLine
 10
6.2088705511811026
 20
-3.6434322047244092
 30
0
 11
6.214405354330709
 21
-3.6397339763779528
 31
0
  0
LINE
  5
350
330
22
100
AcDbEntity
  8
B.Paste
  6
CONTINUOUS
100
AcDbLine
 10
6.214405354330709
 20
-3.6397339763779528
 30
0
 11
6.2205553149606301
 21
-3.6371865748031493
 31
0
  0
LINE
  5
351
330
22
100
AcDbEntity
  8
B.Paste
  6
CONTINUOUS
100
AcDbLine
 10
6.2205553149606301
 20
-3.6371865748031493
 30
0
 11
6.2270840944881884
 21
-3.6358879133858268
 31
0
  0
LINE
  5
352
330
22
100
AcDbEntity
  8
B.Paste
  6
CONTINUOUS
100
AcDbLine
 10
6.2270840944881884
 20
-3.6358879133858268
 30
0
 11
6.2337407874015742
 21
-3.6358879133858268
 31
0
  0
LINE
  5
353
330
22
100
AcDbEntity
  8
B.Paste
  6
CONTINUOUS
100
AcDbLine
 10
6.2337407874015742
 20
-3.6358879133858268
 30
0
 11
6.2402695669291335
 21
-3.6371865748031493
 31
0
  0
LINE
  5
354
330
22
100
AcDbEntity
  8
B.Paste
  6
CONTINUOUS
100
AcDbLine
 10
5.3261602362204723
 20
-3.6360866535433072
 30
0
 11
5.3322210629921258
 21
-3.6385971259842518
 31
0
  0
LINE
  5
355
330
22
100
AcDbEntity
  8
B.Paste
  6
CONTINUOUS
100
AcDbLine
 10
5.3322210629921258
 20
-3.6385971259842518
 30
0
 11
5.3376756692913387
 21
-3.6422417716535431
 31
0
  0
LINE
  5
356
330
22
100
AcDbEntity
  8
B.Paste
  6
CONTINUOUS
100
AcDbLine
 10
5.3376756692913387
 20
-3.6422417716535431
 30
0
 11
5.3423144488188976
 21
-3.6468805511811024
 31
0
  0
LINE
  5
357
330
22
100
AcDbEntity
  8
B.Paste
  6
CONTINUOUS
100
AcDbLine
 10
5.3423144488188976
 20
-3.6468805511811024
 30
0
 11
5.3459590944881885
 21
-3.6523351574803149
 31
0
  0
LINE
  5
358
330
22
100
AcDbEntity
  8
B.Paste
  6
CONTINUOUS
100
AcDbLine
 10
5.3459590944881885
 20
-3.6523351574803149
 30
0
 11
5.3484695669291336
 21
-3.6583959842519684
 31
0
  0
LINE
  5
359
330
22
100
AcDbEntity
  8
B.Paste
  6
CONTINUOUS
100
AcDbLine
 10
5.3484695669291336
 20
-3.6583959842519684
 30
0
 11
5.3497494094488189
 21
-3.6648301181102361
 31
0
  0
LINE
  5
35A
330
22
100
AcDbEntity
  8
B.Paste
  6
CONTINUOUS
100
AcDbLine
 10
5.3497494094488189
 20
-3.6648301181102361
 30
0
 11
5.3497494094488189
 21
-3.6713903543307085
 31
0
  0
LINE
  5
35B
330
22
100
AcDbEntity
  8
B.Paste
  6
CONTINUOUS
100
AcDbLine
 10
5.3497494094488189
 20
-3.6713903543307085
 30
0
 11
5.3484695669291336
 21
-3.6778244881889761
 31
0
  0
LINE
  5
35C
330
22
100
AcDbEntity
  8
B.Paste
  6
CONTINUOUS
100
AcDbLine
 10
5.3484695669291336
 20
-3.6778244881889761
 30
0
 11
5.3459590944881885
 21
-3.6838853149606297
 31
0
  0
LINE
  5
35D
330
22
100
AcDbEntity
  8
B.Paste
  6
CONTINUOUS
100
AcDbLine
 10
5.3459590944881885
 20
-3.6838853149606297
 30
0
 11
5.3423144488188976
 21
-3.6893399212598426
 31
0
  0
LINE
  5
35E
330
22
100
AcDbEntity
  8
B.Paste
  6
CONTINUOUS
100
AcDbLine
 10
5.3423144488188976
 20
-3.6893399212598426
 30
0
 11
5.3376756692913387
 21
-3.6939787007874014
 31
0
  0
LINE
  5
35F
330
22
100
AcDbEntity
  8
B.Paste
  6
CONTINUOUS
100
AcDbLine
 10
5.3376756692913387
 20
-3.6939787007874014
 30
0
 11
5.3322210629921258
 21
-3.6976233464566928
 31
0
  0
LINE
  5
360
330
22
100
AcDbEntity
  8
B.Paste
  6
CONTINUOUS
100
AcDbLine
 10
5.3322210629921258
 20
-3.6976233464566928
 30
0
 11
5.3261602362204723
 21
-3.7001338188976378
 31
0
  0
LINE
  5
361
330
22
100
AcDbEntity
  8
B.Paste
  6
CONTINUOUS
100
AcDbLine
 10
5.3261602362204723
 20
-3.7001338188976378
 30
0
 11
5.3197261023622042
 21
-3.7014136614173228
 31
0
  0
LINE
  5
362
330
22
100
AcDbEntity
  8
B.Paste
  6
CONTINUOUS
100
AcDbLine
 10
5.3197261023622042
 20
-3.7014136614173228
 30
0
 11
5.3131658661417323
 21
-3.7014136614173228
 31
0
  0
LINE
  5
363
330
22
100
AcDbEntity
  8
B.Paste
  6
CONTINUOUS
100
AcDbLine
 10
5.3131658661417323
 20
-3.7014136614173228
 30
0
 11
5.3067317322834642
 21
-3.7001338188976378
 31
0
  0
LINE
  5
364
330
22
100
AcDbEntity
  8
B.Paste
  6
CONTINUOUS
100
AcDbLine
 10
5.3067317322834642
 20
-3.7001338188976378
 30
0
 11
5.3006709055118106
 21
-3.6976233464566928
 31
0
  0
LINE
  5
365
330
22
100
AcDbEntity
  8
B.Paste
  6
CONTINUOUS
100
AcDbLine
 10
5.3006709055118106
 20
-3.6976233464566928
 30
0
 11
5.2952162992125986
 21
-3.6939787007874014
 31
0
  0
LINE
  5
366
330
22
100
AcDbEntity
  8
B.Paste
  6
CONTINUOUS
100
AcDbLine
 10
5.2952162992125986
 20
-3.6939787007874014
 30
0
 11
5.2905775196850389
 21
-3.6893399212598426
 31
0
  0
LINE
  5
367
330
22
100
AcDbEntity
  8
B.Paste
  6
CONTINUOUS
100
AcDbLine
 10
5.2905775196850389
 20
-3.6893399212598426
 30
0
 11
5.286932874015748
 21
-3.6838853149606297
 31
0
  0
LINE
  5
368
330
22
100
AcDbEntity
  8
B.Paste
  6
CONTINUOUS
100
AcDbLine
 10
5.286932874015748
 20
-3.6838853149606297
 30
0
 11
5.2844224015748029
 21
-3.6778244881889761
 31
0
  0
LINE
  5
369
330
22
100
AcDbEntity
  8
B.Paste
  6
CONTINUOUS
100
AcDbLine
 10
5.2844224015748029
 20
-3.6778244881889761
 30
0
 11
5.2831425590551184
 21
-3.6713903543307085
 31
0
  0
LINE
  5
36A
330
22
100
AcDbEntity
  8
B.Paste
  6
CONTINUOUS
100
AcDbLine
 10
5.2831425590551184
 20
-3.6713903543307085
 30
0
 11
5.2831425590551184
 21
-3.6648301181102361
 31
0
  0
LINE
  5
36B
330
22
100
AcDbEntity
  8
B.Paste
  6
CONTINUOUS
100
AcDbLine
 10
5.2831425590551184
 20
-3.6648301181102361
 30
0
 11
5.2844224015748029
 21
-3.6583959842519684
 31
0
  0
LINE
  5
36C
330
22
100
AcDbEntity
  8
B.Paste
  6
CONTINUOUS
100
AcDbLine
 10
5.2844224015748029
 20
-3.6583959842519684
 30
0
 11
5.286932874015748
 21
-3.6523351574803149
 31
0
  0
LINE
  5
36D
330
22
100
AcDbEntity
  8
B.Paste
  6
CONTINUOUS
100
AcDbLine
 10
5.286932874015748
 20
-3.6523351574803149
 30
0
 11
5.2905775196850389
 21
-3.6468805511811024
 31
0
  0
LINE
  5
36E
330
22
100
AcDbEntity
  8
B.Paste
  6
CONTINUOUS
100
AcDbLine
 10
5.2905775196850389
 20
-3.6468805511811024
 30
0
 11
5.2952162992125986
 21
-3.6422417716535431
 31
0
  0
LINE
  5
36F
330
22
100
AcDbEntity
  8
B.Paste
  6
CONTINUOUS
100
AcDbLine
 10
5.2952162992125986
 20
-3.6422417716535431
 30
0
 11
5.3006709055118106
 21
-3.6385971259842518
 31
0
  0
LINE
  5
370
330
22
100
AcDbEntity
  8
B.Paste
  6
CONTINUOUS
100
AcDbLine
 10
5.3006709055118106
 20
-3.6385971259842518
 30
0
 11
5.3067317322834642
 21
-3.6360866535433072
 31
0
  0
LINE
  5
371
330
22
100
AcDbEntity
  8
B.Paste
  6
CONTINUOUS
100
AcDbLine
 10
5.3067317322834642
 20
-3.6360866535433072
 30
0
 11
5.3131658661417323
 21
-3.6348068110236218
 31
0
  0
LINE
  5
372
330
22
100
AcDbEntity
  8
B.Paste
  6
CONTINUOUS
100
AcDbLine
 10
5.3131658661417323
 20
-3.6348068110236218
 30
0
 11
5.3197261023622042
 21
-3.6348068110236218
 31
0
  0
LINE
  5
373
330
22
100
AcDbEntity
  8
B.Paste
  6
CONTINUOUS
100
AcDbLine
 10
5.3197261023622042
 20
-3.6348068110236218
 30
0
 11
5.3261602362204723
 21
-3.6360866535433072
 31
0
  0
LINE
  5
374
330
22
100
AcDbEntity
  8
B.Paste
  6
CONTINUOUS
100
AcDbLine
 10
6.4072537401574801
 20
-3.5392362598425198
 30
0
 11
6.4133145669291336
 21
-3.5417467322834644
 31
0
  0
LINE
  5
375
330
22
100
AcDbEntity
  8
B.Paste
  6
CONTINUOUS
100
AcDbLine
 10
6.4133145669291336
 20
-3.5417467322834644
 30
0
 11
6.4187691732283465
 21
-3.5453913779527557
 31
0
  0
LINE
  5
376
330
22
100
AcDbEntity
  8
B.Paste
  6
CONTINUOUS
100
AcDbLine
 10
6.4187691732283465
 20
-3.5453913779527557
 30
0
 11
6.4234079527559054
 21
-3.550030157480315
 31
0
  0
LINE
  5
377
330
22
100
AcDbEntity
  8
B.Paste
  6
CONTINUOUS
100
AcDbLine
 10
6.4234079527559054
 20
-3.550030157480315
 30
0
 11
6.4270525984251963
 21
-3.5554847637795275
 31
0
  0
LINE
  5
378
330
22
100
AcDbEntity
  8
B.Paste
  6
CONTINUOUS
100
AcDbLine
 10
6.4270525984251963
 20
-3.5554847637795275
 30
0
 11
6.4295630708661413
 21
-3.561545590551181
 31
0
  0
LINE
  5
379
330
22
100
AcDbEntity
  8
B.Paste
  6
CONTINUOUS
100
AcDbLine
 10
6.4295630708661413
 20
-3.561545590551181
 30
0
 11
6.4308429133858267
 21
-3.5679797244094487
 31
0
  0
LINE
  5
37A
330
22
100
AcDbEntity
  8
B.Paste
  6
CONTINUOUS
100
AcDbLine
 10
6.4308429133858267
 20
-3.5679797244094487
 30
0
 11
6.4308429133858267
 21
-3.5745399606299211
 31
0
  0
LINE
  5
37B
330
22
100
AcDbEntity
  8
B.Paste
  6
CONTINUOUS
100
AcDbLine
 10
6.4308429133858267
 20
-3.5745399606299211
 30
0
 11
6.4295630708661413
 21
-3.5809740944881887
 31
0
  0
LINE
  5
37C
330
22
100
AcDbEntity
  8
B.Paste
  6
CONTINUOUS
100
AcDbLine
 10
6.4295630708661413
 20
-3.5809740944881887
 30
0
 11
6.4270525984251963
 21
-3.5870349212598422
 31
0
  0
LINE
  5
37D
330
22
100
AcDbEntity
  8
B.Paste
  6
CONTINUOUS
100
AcDbLine
 10
6.4270525984251963
 20
-3.5870349212598422
 30
0
 11
6.4234079527559054
 21
-3.5924895275590552
 31
0
  0
LINE
  5
37E
330
22
100
AcDbEntity
  8
B.Paste
  6
CONTINUOUS
100
AcDbLine
 10
6.4234079527559054
 20
-3.5924895275590552
 30
0
 11
6.4187691732283465
 21
-3.597128307086614
 31
0
  0
LINE
  5
37F
330
22
100
AcDbEntity
  8
B.Paste
  6
CONTINUOUS
100
AcDbLine
 10
6.4187691732283465
 20
-3.597128307086614
 30
0
 11
6.4133145669291336
 21
-3.6007729527559054
 31
0
  0
LINE
  5
380
330
22
100
AcDbEntity
  8
B.Paste
  6
CONTINUOUS
100
AcDbLine
 10
6.4133145669291336
 20
-3.6007729527559054
 30
0
 11
6.4072537401574801
 21
-3.6032834251968504
 31
0
  0
LINE
  5
381
330
22
100
AcDbEntity
  8
B.Paste
  6
CONTINUOUS
100
AcDbLine
 10
6.4072537401574801
 20
-3.6032834251968504
 30
0
 11
6.4008196062992129
 21
-3.6045632677165353
 31
0
  0
LINE
  5
382
330
22
100
AcDbEntity
  8
B.Paste
  6
CONTINUOUS
100
AcDbLine
 10
6.4008196062992129
 20
-3.6045632677165353
 30
0
 11
6.39425937007874
 21
-3.6045632677165353
 31
0
  0
LINE
  5
383
330
22
100
AcDbEntity
  8
B.Paste
  6
CONTINUOUS
100
AcDbLine
 10
6.39425937007874
 20
-3.6045632677165353
 30
0
 11
6.3878252362204719
 21
-3.6032834251968504
 31
0
  0
LINE
  5
384
330
22
100
AcDbEntity
  8
B.Paste
  6
CONTINUOUS
100
AcDbLine
 10
6.3878252362204719
 20
-3.6032834251968504
 30
0
 11
6.3817644094488184
 21
-3.6007729527559054
 31
0
  0
LINE
  5
385
330
22
100
AcDbEntity
  8
B.Paste
  6
CONTINUOUS
100
AcDbLine
 10
6.3817644094488184
 20
-3.6007729527559054
 30
0
 11
6.3763098031496064
 21
-3.597128307086614
 31
0
  0
LINE
  5
386
330
22
100
AcDbEntity
  8
B.Paste
  6
CONTINUOUS
100
AcDbLine
 10
6.3763098031496064
 20
-3.597128307086614
 30
0
 11
6.3716710236220475
 21
-3.5924895275590552
 31
0
  0
LINE
  5
387
330
22
100
AcDbEntity
  8
B.Paste
  6
CONTINUOUS
100
AcDbLine
 10
6.3716710236220475
 20
-3.5924895275590552
 30
0
 11
6.3680263779527557
 21
-3.5870349212598422
 31
0
  0
LINE
  5
388
330
22
100
AcDbEntity
  8
B.Paste
  6
CONTINUOUS
100
AcDbLine
 10
6.3680263779527557
 20
-3.5870349212598422
 30
0
 11
6.3655159055118107
 21
-3.5809740944881887
 31
0
  0
LINE
  5
389
330
22
100
AcDbEntity
  8
B.Paste
  6
CONTINUOUS
100
AcDbLine
 10
6.3655159055118107
 20
-3.5809740944881887
 30
0
 11
6.3642360629921262
 21
-3.5745399606299211
 31
0
  0
LINE
  5
38A
330
22
100
AcDbEntity
  8
B.Paste
  6
CONTINUOUS
100
AcDbLine
 10
6.3642360629921262
 20
-3.5745399606299211
 30
0
 11
6.3642360629921262
 21
-3.5679797244094487
 31
0
  0
LINE
  5
38B
330
22
100
AcDbEntity
  8
B.Paste
  6
CONTINUOUS
100
AcDbLine
 10
6.3642360629921262
 20
-3.5679797244094487
 30
0
 11
6.3655159055118107
 21
-3.561545590551181
 31
0
  0
LINE
  5
38C
330
22
100
AcDbEntity
  8
B.Paste
  6
CONTINUOUS
100
AcDbLine
 10
6.3655159055118107
 20
-3.561545590551181
 30
0
 11
6.3680263779527557
 21
-3.5554847637795275
 31
0
  0
LINE
  5
38D
330
22
100
AcDbEntity
  8
B.Paste
  6
CONTINUOUS
100
AcDbLine
 10
6.3680263779527557
 20
-3.5554847637795275
 30
0
 11
6.3716710236220475
 21
-3.550030157480315
 31
0
  0
LINE
  5
38E
330
22
100
AcDbEntity
  8
B.Paste
  6
CONTINUOUS
100
AcDbLine
 10
6.3716710236220475
 20
-3.550030157480315
 30
0
 11
6.3763098031496064
 21
-3.5453913779527557
 31
0
  0
LINE
  5
38F
330
22
100
AcDbEntity
  8
B.Paste
  6
CONTINUOUS
100
AcDbLine
 10
6.3763098031496064
 20
-3.5453913779527557
 30
0
 11
6.3817644094488184
 21
-3.5417467322834644
 31
0
  0
LINE
  5
390
330
22
100
AcDbEntity
  8
B.Paste
  6
CONTINUOUS
100
AcDbLine
 10
6.3817644094488184
 20
-3.5417467322834644
 30
0
 11
6.3878252362204719
 21
-3.5392362598425198
 31
0
  0
LINE
  5
391
330
22
100
AcDbEntity
  8
B.Paste
  6
CONTINUOUS
100
AcDbLine
 10
6.3878252362204719
 20
-3.5392362598425198
 30
0
 11
6.39425937007874
 21
-3.5379564173228344
 31
0
  0
LINE
  5
392
330
22
100
AcDbEntity
  8
B.Paste
  6
CONTINUOUS
100
AcDbLine
 10
6.39425937007874
 20
-3.5379564173228344
 30
0
 11
6.4008196062992129
 21
-3.5379564173228344
 31
0
  0
LINE
  5
393
330
22
100
AcDbEntity
  8
B.Paste
  6
CONTINUOUS
100
AcDbLine
 10
6.4008196062992129
 20
-3.5379564173228344
 30
0
 11
6.4072537401574801
 21
-3.5392362598425198
 31
0
  0
LINE
  5
394
330
22
100
AcDbEntity
  8
B.Paste
  6
CONTINUOUS
100
AcDbLine
 10
5.6402688188976375
 20
-3.5371909842519682
 30
0
 11
5.6464187795275587
 21
-3.5397383858267717
 31
0
  0
LINE
  5
395
330
22
100
AcDbEntity
  8
B.Paste
  6
CONTINUOUS
100
AcDbLine
 10
5.6464187795275587
 20
-3.5397383858267717
 30
0
 11
5.651953582677165
 21
-3.5434366141732281
 31
0
  0
LINE
  5
396
330
22
100
AcDbEntity
  8
B.Paste
  6
CONTINUOUS
100
AcDbLine
 10
5.651953582677165
 20
-3.5434366141732281
 30
0
 11
5.6566605905511809
 21
-3.548143622047244
 31
0
  0
LINE
  5
397
330
22
100
AcDbEntity
  8
B.Paste
  6
CONTINUOUS
100
AcDbLine
 10
5.6566605905511809
 20
-3.548143622047244
 30
0
 11
5.6603588188976373
 21
-3.5536784251968503
 31
0
  0
LINE
  5
398
330
22
100
AcDbEntity
  8
B.Paste
  6
CONTINUOUS
100
AcDbLine
 10
5.6603588188976373
 20
-3.5536784251968503
 30
0
 11
5.6629062204724407
 21
-3.5598283858267714
 31
0
  0
LINE
  5
399
330
22
100
AcDbEntity
  8
B.Paste
  6
CONTINUOUS
100
AcDbLine
 10
5.6629062204724407
 20
-3.5598283858267714
 30
0
 11
5.6642048818897637
 21
-3.5663571653543307
 31
0
  0
LINE
  5
39A
330
22
100
AcDbEntity
  8
B.Paste
  6
CONTINUOUS
100
AcDbLine
 10
5.6642048818897637
 20
-3.5663571653543307
 30
0
 11
5.6642048818897637
 21
-3.5730138582677164
 31
0
  0
LINE
  5
39B
330
22
100
AcDbEntity
  8
B.Paste
  6
CONTINUOUS
100
AcDbLine
 10
5.6642048818897637
 20
-3.5730138582677164
 30
0
 11
5.6629062204724407
 21
-3.5795426377952757
 31
0
  0
LINE
  5
39C
330
22
100
AcDbEntity
  8
B.Paste
  6
CONTINUOUS
100
AcDbLine
 10
5.6629062204724407
 20
-3.5795426377952757
 30
0
 11
5.6603588188976373
 21
-3.5856925984251968
 31
0
  0
LINE
  5
39D
330
22
100
AcDbEntity
  8
B.Paste
  6
CONTINUOUS
100
AcDbLine
 10
5.6603588188976373
 20
-3.5856925984251968
 30
0
 11
5.6566605905511809
 21
-3.5912274015748031
 31
0
  0
LINE
  5
39E
330
22
100
AcDbEntity
  8
B.Paste
  6
CONTINUOUS
100
AcDbLine
 10
5.6566605905511809
 20
-3.5912274015748031
 30
0
 11
5.651953582677165
 21
-3.595934409448819
 31
0
  0
LINE
  5
39F
330
22
100
AcDbEntity
  8
B.Paste
  6
CONTINUOUS
100
AcDbLine
 10
5.651953582677165
 20
-3.595934409448819
 30
0
 11
5.6464187795275587
 21
-3.5996326377952754
 31
0
  0
LINE
  5
3A0
330
22
100
AcDbEntity
  8
B.Paste
  6
CONTINUOUS
100
AcDbLine
 10
5.6464187795275587
 20
-3.5996326377952754
 30
0
 11
5.6402688188976375
 21
-3.6021800393700785
 31
0
  0
LINE
  5
3A1
330
22
100
AcDbEntity
  8
B.Paste
  6
CONTINUOUS
100
AcDbLine
 10
5.6402688188976375
 20
-3.6021800393700785
 30
0
 11
5.6337400393700783
 21
-3.6034787007874014
 31
0
  0
LINE
  5
3A2
330
22
100
AcDbEntity
  8
B.Paste
  6
CONTINUOUS
100
AcDbLine
 10
5.6337400393700783
 20
-3.6034787007874014
 30
0
 11
5.6270833464566925
 21
-3.6034787007874014
 31
0
  0
LINE
  5
3A3
330
22
100
AcDbEntity
  8
B.Paste
  6
CONTINUOUS
100
AcDbLine
 10
5.6270833464566925
 20
-3.6034787007874014
 30
0
 11
5.6205545669291341
 21
-3.6021800393700785
 31
0
  0
LINE
  5
3A4
330
22
100
AcDbEntity
  8
B.Paste
  6
CONTINUOUS
100
AcDbLine
 10
5.6205545669291341
 20
-3.6021800393700785
 30
0
 11
5.6144046062992121
 21
-3.5996326377952754
 31
0
  0
LINE
  5
3A5
330
22
100
AcDbEntity
  8
B.Paste
  6
CONTINUOUS
100
AcDbLine
 10
5.6144046062992121
 20
-3.5996326377952754
 30
0
 11
5.6088698031496058
 21
-3.595934409448819
 31
0
  0
LINE
  5
3A6
330
22
100
AcDbEntity
  8
B.Paste
  6
CONTINUOUS
100
AcDbLine
 10
5.6088698031496058
 20
-3.595934409448819
 30
0
 11
5.6041627952755908
 21
-3.5912274015748031
 31
0
  0
LINE
  5
3A7
330
22
100
AcDbEntity
  8
B.Paste
  6
CONTINUOUS
100
AcDbLine
 10
5.6041627952755908
 20
-3.5912274015748031
 30
0
 11
5.6004645669291335
 21
-3.5856925984251968
 31
0
  0
LINE
  5
3A8
330
22
100
AcDbEntity
  8
B.Paste
  6
CONTINUOUS
100
AcDbLine
 10
5.6004645669291335
 20
-3.5856925984251968
 30
0
 11
5.5979171653543309
 21
-3.5795426377952757
 31
0
  0
LINE
  5
3A9
330
22
100
AcDbEntity
  8
B.Paste
  6
CONTINUOUS
100
AcDbLine
 10
5.5979171653543309
 20
-3.5795426377952757
 30
0
 11
5.596618503937008
 21
-3.5730138582677164
 31
0
  0
LINE
  5
3AA
330
22
100
AcDbEntity
  8
B.Paste
  6
CONTINUOUS
100
AcDbLine
 10
5.596618503937008
 20
-3.5730138582677164
 30
0
 11
5.596618503937008
 21
-3.5663571653543307
 31
0
  0
LINE
  5
3AB
330
22
100
AcDbEntity
  8
B.Paste
  6
CONTINUOUS
100
AcDbLine
 10
5.596618503937008
 20
-3.5663571653543307
 30
0
 11
5.5979171653543309
 21
-3.5598283858267714
 31
0
  0
LINE
  5
3AC
330
22
100
AcDbEntity
  8
B.Paste
  6
CONTINUOUS
100
AcDbLine
 10
5.5979171653543309
 20
-3.5598283858267714
 30
0
 11
5.6004645669291335
 21
-3.5536784251968503
 31
0
  0
LINE
  5
3AD
330
22
100
AcDbEntity
  8
B.Paste
  6
CONTINUOUS
100
AcDbLine
 10
5.6004645669291335
 20
-3.5536784251968503
 30
0
 11
5.6041627952755908
 21
-3.548143622047244
 31
0
  0
LINE
  5
3AE
330
22
100
AcDbEntity
  8
B.Paste
  6
CONTINUOUS
100
AcDbLine
 10
5.6041627952755908
 20
-3.548143622047244
 30
0
 11
5.6088698031496058
 21
-3.5434366141732281
 31
0
  0
LINE
  5
3AF
330
22
100
AcDbEntity
  8
B.Paste
  6
CONTINUOUS
100
AcDbLine
 10
5.6088698031496058
 20
-3.5434366141732281
 30
0
 11
5.6144046062992121
 21
-3.5397383858267717
 31
0
  0
LINE
  5
3B0
330
22
100
AcDbEntity
  8
B.Paste
  6
CONTINUOUS
100
AcDbLine
 10
5.6144046062992121
 20
-3.5397383858267717
 30
0
 11
5.6205545669291341
 21
-3.5371909842519682
 31
0
  0
LINE
  5
3B1
330
22
100
AcDbEntity
  8
B.Paste
  6
CONTINUOUS
100
AcDbLine
 10
5.6205545669291341
 20
-3.5371909842519682
 30
0
 11
5.6270833464566925
 21
-3.5358923228346457
 31
0
  0
LINE
  5
3B2
330
22
100
AcDbEntity
  8
B.Paste
  6
CONTINUOUS
100
AcDbLine
 10
5.6270833464566925
 20
-3.5358923228346457
 30
0
 11
5.6337400393700783
 21
-3.5358923228346457
 31
0
  0
LINE
  5
3B3
330
22
100
AcDbEntity
  8
B.Paste
  6
CONTINUOUS
100
AcDbLine
 10
5.6337400393700783
 20
-3.5358923228346457
 30
0
 11
5.6402688188976375
 21
-3.5371909842519682
 31
0
  0
LINE
  5
3B4
330
22
100
AcDbEntity
  8
B.Paste
  6
CONTINUOUS
100
AcDbLine
 10
6.2402688188976381
 20
-3.5371865748031497
 30
0
 11
6.2464187795275592
 21
-3.5397339763779527
 31
0
  0
LINE
  5
3B5
330
22
100
AcDbEntity
  8
B.Paste
  6
CONTINUOUS
100
AcDbLine
 10
6.2464187795275592
 20
-3.5397339763779527
 30
0
 11
6.2519535826771655
 21
-3.5434322047244096
 31
0
  0
LINE
  5
3B6
330
22
100
AcDbEntity
  8
B.Paste
  6
CONTINUOUS
100
AcDbLine
 10
6.2519535826771655
 20
-3.5434322047244096
 30
0
 11
6.2566605905511814
 21
-3.548139212598425
 31
0
  0
LINE
  5
3B7
330
22
100
AcDbEntity
  8
B.Paste
  6
CONTINUOUS
100
AcDbLine
 10
6.2566605905511814
 20
-3.548139212598425
 30
0
 11
6.2603588188976378
 21
-3.5536740157480313
 31
0
  0
LINE
  5
3B8
330
22
100
AcDbEntity
  8
B.Paste
  6
CONTINUOUS
100
AcDbLine
 10
6.2603588188976378
 20
-3.5536740157480313
 30
0
 11
6.2629062204724404
 21
-3.5598239763779529
 31
0
  0
LINE
  5
3B9
330
22
100
AcDbEntity
  8
B.Paste
  6
CONTINUOUS
100
AcDbLine
 10
6.2629062204724404
 20
-3.5598239763779529
 30
0
 11
6.2642048818897633
 21
-3.5663527559055117
 31
0
  0
LINE
  5
3BA
330
22
100
AcDbEntity
  8
B.Paste
  6
CONTINUOUS
100
AcDbLine
 10
6.2642048818897633
 20
-3.5663527559055117
 30
0
 11
6.2642048818897633
 21
-3.5730094488188975
 31
0
  0
LINE
  5
3BB
330
22
100
AcDbEntity
  8
B.Paste
  6
CONTINUOUS
100
AcDbLine
 10
6.2642048818897633
 20
-3.5730094488188975
 30
0
 11
6.2629062204724404
 21
-3.5795382283464567
 31
0
  0
LINE
  5
3BC
330
22
100
AcDbEntity
  8
B.Paste
  6
CONTINUOUS
100
AcDbLine
 10
6.2629062204724404
 20
-3.5795382283464567
 30
0
 11
6.2603588188976378
 21
-3.5856881889763779
 31
0
  0
LINE
  5
3BD
330
22
100
AcDbEntity
  8
B.Paste
  6
CONTINUOUS
100
AcDbLine
 10
6.2603588188976378
 20
-3.5856881889763779
 30
0
 11
6.2566605905511814
 21
-3.5912229921259842
 31
0
  0
LINE
  5
3BE
330
22
100
AcDbEntity
  8
B.Paste
  6
CONTINUOUS
100
AcDbLine
 10
6.2566605905511814
 20
-3.5912229921259842
 30
0
 11
6.2519535826771655
 21
-3.5959300000000001
 31
0
  0
LINE
  5
3BF
330
22
100
AcDbEntity
  8
B.Paste
  6
CONTINUOUS
100
AcDbLine
 10
6.2519535826771655
 20
-3.5959300000000001
 30
0
 11
6.2464187795275592
 21
-3.5996282283464565
 31
0
  0
LINE
  5
3C0
330
22
100
AcDbEntity
  8
B.Paste
  6
CONTINUOUS
100
AcDbLine
 10
6.2464187795275592
 20
-3.5996282283464565
 30
0
 11
6.2402688188976381
 21
-3.6021756299212599
 31
0
  0
LINE
  5
3C1
330
22
100
AcDbEntity
  8
B.Paste
  6
CONTINUOUS
100
AcDbLine
 10
6.2402688188976381
 20
-3.6021756299212599
 30
0
 11
6.2337400393700788
 21
-3.6034742913385824
 31
0
  0
LINE
  5
3C2
330
22
100
AcDbEntity
  8
B.Paste
  6
CONTINUOUS
100
AcDbLine
 10
6.2337400393700788
 20
-3.6034742913385824
 30
0
 11
6.227083346456693
 21
-3.6034742913385824
 31
0
  0
LINE
  5
3C3
330
22
100
AcDbEntity
  8
B.Paste
  6
CONTINUOUS
100
AcDbLine
 10
6.227083346456693
 20
-3.6034742913385824
 30
0
 11
6.2205545669291338
 21
-3.6021756299212599
 31
0
  0
LINE
  5
3C4
330
22
100
AcDbEntity
  8
B.Paste
  6
CONTINUOUS
100
AcDbLine
 10
6.2205545669291338
 20
-3.6021756299212599
 30
0
 11
6.2144046062992127
 21
-3.5996282283464565
 31
0
  0
LINE
  5
3C5
330
22
100
AcDbEntity
  8
B.Paste
  6
CONTINUOUS
100
AcDbLine
 10
6.2144046062992127
 20
-3.5996282283464565
 30
0
 11
6.2088698031496063
 21
-3.5959300000000001
 31
0
  0
LINE
  5
3C6
330
22
100
AcDbEntity
  8
B.Paste
  6
CONTINUOUS
100
AcDbLine
 10
6.2088698031496063
 20
-3.5959300000000001
 30
0
 11
6.2041627952755904
 21
-3.5912229921259842
 31
0
  0
LINE
  5
3C7
330
22
100
AcDbEntity
  8
B.Paste
  6
CONTINUOUS
100
AcDbLine
 10
6.2041627952755904
 20
-3.5912229921259842
 30
0
 11
6.2004645669291341
 21
-3.5856881889763779
 31
0
  0
LINE
  5
3C8
330
22
100
AcDbEntity
  8
B.Paste
  6
CONTINUOUS
100
AcDbLine
 10
6.2004645669291341
 20
-3.5856881889763779
 30
0
 11
6.1979171653543306
 21
-3.5795382283464567
 31
0
  0
LINE
  5
3C9
330
22
100
AcDbEntity
  8
B.Paste
  6
CONTINUOUS
100
AcDbLine
 10
6.1979171653543306
 20
-3.5795382283464567
 30
0
 11
6.1966185039370076
 21
-3.5730094488188975
 31
0
  0
LINE
  5
3CA
330
22
100
AcDbEntity
  8
B.Paste
  6
CONTINUOUS
100
AcDbLine
 10
6.1966185039370076
 20
-3.5730094488188975
 30
0
 11
6.1966185039370076
 21
-3.5663527559055117
 31
0
  0
LINE
  5
3CB
330
22
100
AcDbEntity
  8
B.Paste
  6
CONTINUOUS
100
AcDbLine
 10
6.1966185039370076
 20
-3.5663527559055117
 30
0
 11
6.1979171653543306
 21
-3.5598239763779529
 31
0
  0
LINE
  5
3CC
330
22
100
AcDbEntity
  8
B.Paste
  6
CONTINUOUS
100
AcDbLine
 10
6.1979171653543306
 20
-3.5598239763779529
 30
0
 11
6.2004645669291341
 21
-3.5536740157480313
 31
0
  0
LINE
  5
3CD
330
22
100
AcDbEntity
  8
B.Paste
  6
CONTINUOUS
100
AcDbLine
 10
6.2004645669291341
 20
-3.5536740157480313
 30
0
 11
6.2041627952755904
 21
-3.548139212598425
 31
0
  0
LINE
  5
3CE
330
22
100
AcDbEntity
  8
B.Paste
  6
CONTINUOUS
100
AcDbLine
 10
6.2041627952755904
 20
-3.548139212598425
 30
0
 11
6.2088698031496063
 21
-3.5434322047244096
 31
0
  0
LINE
  5
3CF
330
22
100
AcDbEntity
  8
B.Paste
  6
CONTINUOUS
100
AcDbLine
 10
6.2088698031496063
 20
-3.5434322047244096
 30
0
 11
6.2144046062992127
 21
-3.5397339763779527
 31
0
  0
LINE
  5
3D0
330
22
100
AcDbEntity
  8
B.Paste
  6
CONTINUOUS
100
AcDbLine
 10
6.2144046062992127
 20
-3.5397339763779527
 30
0
 11
6.2205545669291338
 21
-3.5371865748031497
 31
0
  0
LINE
  5
3D1
330
22
100
AcDbEntity
  8
B.Paste
  6
CONTINUOUS
100
AcDbLine
 10
6.2205545669291338
 20
-3.5371865748031497
 30
0
 11
6.227083346456693
 21
-3.5358879133858268
 31
0
  0
LINE
  5
3D2
330
22
100
AcDbEntity
  8
B.Paste
  6
CONTINUOUS
100
AcDbLine
 10
6.227083346456693
 20
-3.5358879133858268
 30
0
 11
6.2337400393700788
 21
-3.5358879133858268
 31
0
  0
LINE
  5
3D3
330
22
100
AcDbEntity
  8
B.Paste
  6
CONTINUOUS
100
AcDbLine
 10
6.2337400393700788
 20
-3.5358879133858268
 30
0
 11
6.2402688188976381
 21
-3.5371865748031497
 31
0
  0
LINE
  5
3D4
330
22
100
AcDbEntity
  8
B.Paste
  6
CONTINUOUS
100
AcDbLine
 10
5.326159488188976
 20
-3.5376614566929132
 30
0
 11
5.3322203149606295
 21
-3.5401719291338583
 31
0
  0
LINE
  5
3D5
330
22
100
AcDbEntity
  8
B.Paste
  6
CONTINUOUS
100
AcDbLine
 10
5.3322203149606295
 20
-3.5401719291338583
 30
0
 11
5.3376749212598424
 21
-3.5438165748031496
 31
0
  0
LINE
  5
3D6
330
22
100
AcDbEntity
  8
B.Paste
  6
CONTINUOUS
100
AcDbLine
 10
5.3376749212598424
 20
-3.5438165748031496
 30
0
 11
5.3423137007874013
 21
-3.5484553543307085
 31
0
  0
LINE
  5
3D7
330
22
100
AcDbEntity
  8
B.Paste
  6
CONTINUOUS
100
AcDbLine
 10
5.3423137007874013
 20
-3.5484553543307085
 30
0
 11
5.3459583464566931
 21
-3.5539099606299214
 31
0
  0
LINE
  5
3D8
330
22
100
AcDbEntity
  8
B.Paste
  6
CONTINUOUS
100
AcDbLine
 10
5.3459583464566931
 20
-3.5539099606299214
 30
0
 11
5.3484688188976373
 21
-3.5599707874015749
 31
0
  0
LINE
  5
3D9
330
22
100
AcDbEntity
  8
B.Paste
  6
CONTINUOUS
100
AcDbLine
 10
5.3484688188976373
 20
-3.5599707874015749
 30
0
 11
5.3497486614173226
 21
-3.5664049212598425
 31
0
  0
LINE
  5
3DA
330
22
100
AcDbEntity
  8
B.Paste
  6
CONTINUOUS
100
AcDbLine
 10
5.3497486614173226
 20
-3.5664049212598425
 30
0
 11
5.3497486614173226
 21
-3.572965157480315
 31
0
  0
LINE
  5
3DB
330
22
100
AcDbEntity
  8
B.Paste
  6
CONTINUOUS
100
AcDbLine
 10
5.3497486614173226
 20
-3.572965157480315
 30
0
 11
5.3484688188976373
 21
-3.5793992913385826
 31
0
  0
LINE
  5
3DC
330
22
100
AcDbEntity
  8
B.Paste
  6
CONTINUOUS
100
AcDbLine
 10
5.3484688188976373
 20
-3.5793992913385826
 30
0
 11
5.3459583464566931
 21
-3.5854601181102361
 31
0
  0
LINE
  5
3DD
330
22
100
AcDbEntity
  8
B.Paste
  6
CONTINUOUS
100
AcDbLine
 10
5.3459583464566931
 20
-3.5854601181102361
 30
0
 11
5.3423137007874013
 21
-3.5909147244094486
 31
0
  0
LINE
  5
3DE
330
22
100
AcDbEntity
  8
B.Paste
  6
CONTINUOUS
100
AcDbLine
 10
5.3423137007874013
 20
-3.5909147244094486
 30
0
 11
5.3376749212598424
 21
-3.5955535039370079
 31
0
  0
LINE
  5
3DF
330
22
100
AcDbEntity
  8
B.Paste
  6
CONTINUOUS
100
AcDbLine
 10
5.3376749212598424
 20
-3.5955535039370079
 30
0
 11
5.3322203149606295
 21
-3.5991981496062992
 31
0
  0
LINE
  5
3E0
330
22
100
AcDbEntity
  8
B.Paste
  6
CONTINUOUS
100
AcDbLine
 10
5.3322203149606295
 20
-3.5991981496062992
 30
0
 11
5.326159488188976
 21
-3.6017086220472438
 31
0
  0
LINE
  5
3E1
330
22
100
AcDbEntity
  8
B.Paste
  6
CONTINUOUS
100
AcDbLine
 10
5.326159488188976
 20
-3.6017086220472438
 30
0
 11
5.3197253543307088
 21
-3.6029884645669292
 31
0
  0
LINE
  5
3E2
330
22
100
AcDbEntity
  8
B.Paste
  6
CONTINUOUS
100
AcDbLine
 10
5.3197253543307088
 20
-3.6029884645669292
 30
0
 11
5.313165118110236
 21
-3.6029884645669292
 31
0
  0
LINE
  5
3E3
330
22
100
AcDbEntity
  8
B.Paste
  6
CONTINUOUS
100
AcDbLine
 10
5.313165118110236
 20
-3.6029884645669292
 30
0
 11
5.3067309842519688
 21
-3.6017086220472438
 31
0
  0
LINE
  5
3E4
330
22
100
AcDbEntity
  8
B.Paste
  6
CONTINUOUS
100
AcDbLine
 10
5.3067309842519688
 20
-3.6017086220472438
 30
0
 11
5.3006701574803152
 21
-3.5991981496062992
 31
0
  0
LINE
  5
3E5
330
22
100
AcDbEntity
  8
B.Paste
  6
CONTINUOUS
100
AcDbLine
 10
5.3006701574803152
 20
-3.5991981496062992
 30
0
 11
5.2952155511811023
 21
-3.5955535039370079
 31
0
  0
LINE
  5
3E6
330
22
100
AcDbEntity
  8
B.Paste
  6
CONTINUOUS
100
AcDbLine
 10
5.2952155511811023
 20
-3.5955535039370079
 30
0
 11
5.2905767716535435
 21
-3.5909147244094486
 31
0
  0
LINE
  5
3E7
330
22
100
AcDbEntity
  8
B.Paste
  6
CONTINUOUS
100
AcDbLine
 10
5.2905767716535435
 20
-3.5909147244094486
 30
0
 11
5.2869321259842517
 21
-3.5854601181102361
 31
0
  0
LINE
  5
3E8
330
22
100
AcDbEntity
  8
B.Paste
  6
CONTINUOUS
100
AcDbLine
 10
5.2869321259842517
 20
-3.5854601181102361
 30
0
 11
5.2844216535433066
 21
-3.5793992913385826
 31
0
  0
LINE
  5
3E9
330
22
100
AcDbEntity
  8
B.Paste
  6
CONTINUOUS
100
AcDbLine
 10
5.2844216535433066
 20
-3.5793992913385826
 30
0
 11
5.2831418110236221
 21
-3.572965157480315
 31
0
  0
LINE
  5
3EA
330
22
100
AcDbEntity
  8
B.Paste
  6
CONTINUOUS
100
AcDbLine
 10
5.2831418110236221
 20
-3.572965157480315
 30
0
 11
5.2831418110236221
 21
-3.5664049212598425
 31
0
  0
LINE
  5
3EB
330
22
100
AcDbEntity
  8
B.Paste
  6
CONTINUOUS
100
AcDbLine
 10
5.2831418110236221
 20
-3.5664049212598425
 30
0
 11
5.2844216535433066
 21
-3.5599707874015749
 31
0
  0
LINE
  5
3EC
330
22
100
AcDbEntity
  8
B.Paste
  6
CONTINUOUS
100
AcDbLine
 10
5.2844216535433066
 20
-3.5599707874015749
 30
0
 11
5.2869321259842517
 21
-3.5539099606299214
 31
0
  0
LINE
  5
3ED
330
22
100
AcDbEntity
  8
B.Paste
  6
CONTINUOUS
100
AcDbLine
 10
5.2869321259842517
 20
-3.5539099606299214
 30
0
 11
5.2905767716535435
 21
-3.5484553543307085
 31
0
  0
LINE
  5
3EE
330
22
100
AcDbEntity
  8
B.Paste
  6
CONTINUOUS
100
AcDbLine
 10
5.2905767716535435
 20
-3.5484553543307085
 30
0
 11
5.2952155511811023
 21
-3.5438165748031496
 31
0
  0
LINE
  5
3EF
330
22
100
AcDbEntity
  8
B.Paste
  6
CONTINUOUS
100
AcDbLine
 10
5.2952155511811023
 20
-3.5438165748031496
 30
0
 11
5.3006701574803152
 21
-3.5401719291338583
 31
0
  0
LINE
  5
3F0
330
22
100
AcDbEntity
  8
B.Paste
  6
CONTINUOUS
100
AcDbLine
 10
5.3006701574803152
 20
-3.5401719291338583
 30
0
 11
5.3067309842519688
 21
-3.5376614566929132
 31
0
  0
LINE
  5
3F1
330
22
100
AcDbEntity
  8
B.Paste
  6
CONTINUOUS
100
AcDbLine
 10
5.3067309842519688
 20
-3.5376614566929132
 30
0
 11
5.313165118110236
 21
-3.5363816141732283
 31
0
  0
LINE
  5
3F2
330
22
100
AcDbEntity
  8
B.Paste
  6
CONTINUOUS
100
AcDbLine
 10
5.313165118110236
 20
-3.5363816141732283
 30
0
 11
5.3197253543307088
 21
-3.5363816141732283
 31
0
  0
LINE
  5
3F3
330
22
100
AcDbEntity
  8
B.Paste
  6
CONTINUOUS
100
AcDbLine
 10
5.3197253543307088
 20
-3.5363816141732283
 30
0
 11
5.326159488188976
 21
-3.5376614566929132
 31
0
  0
LINE
  5
3F4
330
22
100
AcDbEntity
  8
B.Paste
  6
CONTINUOUS
100
AcDbLine
 10
5.3261587795275593
 20
-3.4392362598425197
 30
0
 11
5.3322196062992129
 21
-3.4417467322834643
 31
0
  0
LINE
  5
3F5
330
22
100
AcDbEntity
  8
B.Paste
  6
CONTINUOUS
100
AcDbLine
 10
5.3322196062992129
 20
-3.4417467322834643
 30
0
 11
5.3376742125984249
 21
-3.4453913779527556
 31
0
  0
LINE
  5
3F6
330
22
100
AcDbEntity
  8
B.Paste
  6
CONTINUOUS
100
AcDbLine
 10
5.3376742125984249
 20
-3.4453913779527556
 30
0
 11
5.3423129921259838
 21
-3.4500301574803149
 31
0
  0
LINE
  5
3F7
330
22
100
AcDbEntity
  8
B.Paste
  6
CONTINUOUS
100
AcDbLine
 10
5.3423129921259838
 20
-3.4500301574803149
 30
0
 11
5.3459576377952756
 21
-3.4554847637795274
 31
0
  0
LINE
  5
3F8
330
22
100
AcDbEntity
  8
B.Paste
  6
CONTINUOUS
100
AcDbLine
 10
5.3459576377952756
 20
-3.4554847637795274
 30
0
 11
5.3484681102362206
 21
-3.4615455905511809
 31
0
  0
LINE
  5
3F9
330
22
100
AcDbEntity
  8
B.Paste
  6
CONTINUOUS
100
AcDbLine
 10
5.3484681102362206
 20
-3.4615455905511809
 30
0
 11
5.3497479527559051
 21
-3.4679797244094486
 31
0
  0
LINE
  5
3FA
330
22
100
AcDbEntity
  8
B.Paste
  6
CONTINUOUS
100
AcDbLine
 10
5.3497479527559051
 20
-3.4679797244094486
 30
0
 11
5.3497479527559051
 21
-3.474539960629921
 31
0
  0
LINE
  5
3FB
330
22
100
AcDbEntity
  8
B.Paste
  6
CONTINUOUS
100
AcDbLine
 10
5.3497479527559051
 20
-3.474539960629921
 30
0
 11
5.3484681102362206
 21
-3.4809740944881891
 31
0
  0
LINE
  5
3FC
330
22
100
AcDbEntity
  8
B.Paste
  6
CONTINUOUS
100
AcDbLine
 10
5.3484681102362206
 20
-3.4809740944881891
 30
0
 11
5.3459576377952756
 21
-3.4870349212598426
 31
0
  0
LINE
  5
3FD
330
22
100
AcDbEntity
  8
B.Paste
  6
CONTINUOUS
100
AcDbLine
 10
5.3459576377952756
 20
-3.4870349212598426
 30
0
 11
5.3423129921259838
 21
-3.4924895275590551
 31
0
  0
LINE
  5
3FE
330
22
100
AcDbEntity
  8
B.Paste
  6
CONTINUOUS
100
AcDbLine
 10
5.3423129921259838
 20
-3.4924895275590551
 30
0
 11
5.3376742125984249
 21
-3.4971283070866139
 31
0
  0
LINE
  5
3FF
330
22
100
AcDbEntity
  8
B.Paste
  6
CONTINUOUS
100
AcDbLine
 10
5.3376742125984249
 20
-3.4971283070866139
 30
0
 11
5.3322196062992129
 21
-3.5007729527559053
 31
0
  0
LINE
  5
400
330
22
100
AcDbEntity
  8
B.Paste
  6
CONTINUOUS
100
AcDbLine
 10
5.3322196062992129
 20
-3.5007729527559053
 30
0
 11
5.3261587795275593
 21
-3.5032834251968503
 31
0
  0
LINE
  5
401
330
22
100
AcDbEntity
  8
B.Paste
  6
CONTINUOUS
100
AcDbLine
 10
5.3261587795275593
 20
-3.5032834251968503
 30
0
 11
5.3197246456692913
 21
-3.5045632677165353
 31
0
  0
LINE
  5
402
330
22
100
AcDbEntity
  8
B.Paste
  6
CONTINUOUS
100
AcDbLine
 10
5.3197246456692913
 20
-3.5045632677165353
 30
0
 11
5.3131644094488184
 21
-3.5045632677165353
 31
0
  0
LINE
  5
403
330
22
100
AcDbEntity
  8
B.Paste
  6
CONTINUOUS
100
AcDbLine
 10
5.3131644094488184
 20
-3.5045632677165353
 30
0
 11
5.3067302755905512
 21
-3.5032834251968503
 31
0
  0
LINE
  5
404
330
22
100
AcDbEntity
  8
B.Paste
  6
CONTINUOUS
100
AcDbLine
 10
5.3067302755905512
 20
-3.5032834251968503
 30
0
 11
5.3006694488188977
 21
-3.5007729527559053
 31
0
  0
LINE
  5
405
330
22
100
AcDbEntity
  8
B.Paste
  6
CONTINUOUS
100
AcDbLine
 10
5.3006694488188977
 20
-3.5007729527559053
 30
0
 11
5.2952148425196848
 21
-3.4971283070866139
 31
0
  0
LINE
  5
406
330
22
100
AcDbEntity
  8
B.Paste
  6
CONTINUOUS
100
AcDbLine
 10
5.2952148425196848
 20
-3.4971283070866139
 30
0
 11
5.2905760629921259
 21
-3.4924895275590551
 31
0
  0
LINE
  5
407
330
22
100
AcDbEntity
  8
B.Paste
  6
CONTINUOUS
100
AcDbLine
 10
5.2905760629921259
 20
-3.4924895275590551
 30
0
 11
5.2869314173228341
 21
-3.4870349212598426
 31
0
  0
LINE
  5
408
330
22
100
AcDbEntity
  8
B.Paste
  6
CONTINUOUS
100
AcDbLine
 10
5.2869314173228341
 20
-3.4870349212598426
 30
0
 11
5.28442094488189
 21
-3.4809740944881891
 31
0
  0
LINE
  5
409
330
22
100
AcDbEntity
  8
B.Paste
  6
CONTINUOUS
100
AcDbLine
 10
5.28442094488189
 20
-3.4809740944881891
 30
0
 11
5.2831411023622046
 21
-3.474539960629921
 31
0
  0
LINE
  5
40A
330
22
100
AcDbEntity
  8
B.Paste
  6
CONTINUOUS
100
AcDbLine
 10
5.2831411023622046
 20
-3.474539960629921
 30
0
 11
5.2831411023622046
 21
-3.4679797244094486
 31
0
  0
LINE
  5
40B
330
22
100
AcDbEntity
  8
B.Paste
  6
CONTINUOUS
100
AcDbLine
 10
5.2831411023622046
 20
-3.4679797244094486
 30
0
 11
5.28442094488189
 21
-3.4615455905511809
 31
0
  0
LINE
  5
40C
330
22
100
AcDbEntity
  8
B.Paste
  6
CONTINUOUS
100
AcDbLine
 10
5.28442094488189
 20
-3.4615455905511809
 30
0
 11
5.2869314173228341
 21
-3.4554847637795274
 31
0
  0
LINE
  5
40D
330
22
100
AcDbEntity
  8
B.Paste
  6
CONTINUOUS
100
AcDbLine
 10
5.2869314173228341
 20
-3.4554847637795274
 30
0
 11
5.2905760629921259
 21
-3.4500301574803149
 31
0
  0
LINE
  5
40E
330
22
100
AcDbEntity
  8
B.Paste
  6
CONTINUOUS
100
AcDbLine
 10
5.2905760629921259
 20
-3.4500301574803149
 30
0
 11
5.2952148425196848
 21
-3.4453913779527556
 31
0
  0
LINE
  5
40F
330
22
100
AcDbEntity
  8
B.Paste
  6
CONTINUOUS
100
AcDbLine
 10
5.2952148425196848
 20
-3.4453913779527556
 30
0
 11
5.3006694488188977
 21
-3.4417467322834643
 31
0
  0
LINE
  5
410
330
22
100
AcDbEntity
  8
B.Paste
  6
CONTINUOUS
100
AcDbLine
 10
5.3006694488188977
 20
-3.4417467322834643
 30
0
 11
5.3067302755905512
 21
-3.4392362598425197
 31
0
  0
LINE
  5
411
330
22
100
AcDbEntity
  8
B.Paste
  6
CONTINUOUS
100
AcDbLine
 10
5.3067302755905512
 20
-3.4392362598425197
 30
0
 11
5.3131644094488184
 21
-3.4379564173228347
 31
0
  0
LINE
  5
412
330
22
100
AcDbEntity
  8
B.Paste
  6
CONTINUOUS
100
AcDbLine
 10
5.3131644094488184
 20
-3.4379564173228347
 30
0
 11
5.3197246456692913
 21
-3.4379564173228347
 31
0
  0
LINE
  5
413
330
22
100
AcDbEntity
  8
B.Paste
  6
CONTINUOUS
100
AcDbLine
 10
5.3197246456692913
 20
-3.4379564173228347
 30
0
 11
5.3261587795275593
 21
-3.4392362598425197
 31
0
  0
LINE
  5
414
330
22
100
AcDbEntity
  8
B.Paste
  6
CONTINUOUS
100
AcDbLine
 10
6.4072535039370075
 20
-3.4392362598425197
 30
0
 11
6.4133143307086611
 21
-3.4417467322834643
 31
0
  0
LINE
  5
415
330
22
100
AcDbEntity
  8
B.Paste
  6
CONTINUOUS
100
AcDbLine
 10
6.4133143307086611
 20
-3.4417467322834643
 30
0
 11
6.418768937007874
 21
-3.4453913779527556
 31
0
  0
LINE
  5
416
330
22
100
AcDbEntity
  8
B.Paste
  6
CONTINUOUS
100
AcDbLine
 10
6.418768937007874
 20
-3.4453913779527556
 30
0
 11
6.4234077165354329
 21
-3.4500301574803149
 31
0
  0
LINE
  5
417
330
22
100
AcDbEntity
  8
B.Paste
  6
CONTINUOUS
100
AcDbLine
 10
6.4234077165354329
 20
-3.4500301574803149
 30
0
 11
6.4270523622047246
 21
-3.4554847637795274
 31
0
  0
LINE
  5
418
330
22
100
AcDbEntity
  8
B.Paste
  6
CONTINUOUS
100
AcDbLine
 10
6.4270523622047246
 20
-3.4554847637795274
 30
0
 11
6.4295628346456688
 21
-3.4615455905511809
 31
0
  0
LINE
  5
419
330
22
100
AcDbEntity
  8
B.Paste
  6
CONTINUOUS
100
AcDbLine
 10
6.4295628346456688
 20
-3.4615455905511809
 30
0
 11
6.4308426771653542
 21
-3.4679797244094486
 31
0
  0
LINE
  5
41A
330
22
100
AcDbEntity
  8
B.Paste
  6
CONTINUOUS
100
AcDbLine
 10
6.4308426771653542
 20
-3.4679797244094486
 30
0
 11
6.4308426771653542
 21
-3.474539960629921
 31
0
  0
LINE
  5
41B
330
22
100
AcDbEntity
  8
B.Paste
  6
CONTINUOUS
100
AcDbLine
 10
6.4308426771653542
 20
-3.474539960629921
 30
0
 11
6.4295628346456688
 21
-3.4809740944881891
 31
0
  0
LINE
  5
41C
330
22
100
AcDbEntity
  8
B.Paste
  6
CONTINUOUS
100
AcDbLine
 10
6.4295628346456688
 20
-3.4809740944881891
 30
0
 11
6.4270523622047246
 21
-3.4870349212598426
 31
0
  0
LINE
  5
41D
330
22
100
AcDbEntity
  8
B.Paste
  6
CONTINUOUS
100
AcDbLine
 10
6.4270523622047246
 20
-3.4870349212598426
 30
0
 11
6.4234077165354329
 21
-3.4924895275590551
 31
0
  0
LINE
  5
41E
330
22
100
AcDbEntity
  8
B.Paste
  6
CONTINUOUS
100
AcDbLine
 10
6.4234077165354329
 20
-3.4924895275590551
 30
0
 11
6.418768937007874
 21
-3.4971283070866139
 31
0
  0
LINE
  5
41F
330
22
100
AcDbEntity
  8
B.Paste
  6
CONTINUOUS
100
AcDbLine
 10
6.418768937007874
 20
-3.4971283070866139
 30
0
 11
6.4133143307086611
 21
-3.5007729527559053
 31
0
  0
LINE
  5
420
330
22
100
AcDbEntity
  8
B.Paste
  6
CONTINUOUS
100
AcDbLine
 10
6.4133143307086611
 20
-3.5007729527559053
 30
0
 11
6.4072535039370075
 21
-3.5032834251968503
 31
0
  0
LINE
  5
421
330
22
100
AcDbEntity
  8
B.Paste
  6
CONTINUOUS
100
AcDbLine
 10
6.4072535039370075
 20
-3.5032834251968503
 30
0
 11
6.4008193700787404
 21
-3.5045632677165353
 31
0
  0
LINE
  5
422
330
22
100
AcDbEntity
  8
B.Paste
  6
CONTINUOUS
100
AcDbLine
 10
6.4008193700787404
 20
-3.5045632677165353
 30
0
 11
6.3942591338582675
 21
-3.5045632677165353
 31
0
  0
LINE
  5
423
330
22
100
AcDbEntity
  8
B.Paste
  6
CONTINUOUS
100
AcDbLine
 10
6.3942591338582675
 20
-3.5045632677165353
 30
0
 11
6.3878249999999994
 21
-3.5032834251968503
 31
0
  0
LINE
  5
424
330
22
100
AcDbEntity
  8
B.Paste
  6
CONTINUOUS
100
AcDbLine
 10
6.3878249999999994
 20
-3.5032834251968503
 30
0
 11
6.3817641732283459
 21
-3.5007729527559053
 31
0
  0
LINE
  5
425
330
22
100
AcDbEntity
  8
B.Paste
  6
CONTINUOUS
100
AcDbLine
 10
6.3817641732283459
 20
-3.5007729527559053
 30
0
 11
6.3763095669291339
 21
-3.4971283070866139
 31
0
  0
LINE
  5
426
330
22
100
AcDbEntity
  8
B.Paste
  6
CONTINUOUS
100
AcDbLine
 10
6.3763095669291339
 20
-3.4971283070866139
 30
0
 11
6.371670787401575
 21
-3.4924895275590551
 31
0
  0
LINE
  5
427
330
22
100
AcDbEntity
  8
B.Paste
  6
CONTINUOUS
100
AcDbLine
 10
6.371670787401575
 20
-3.4924895275590551
 30
0
 11
6.3680261417322832
 21
-3.4870349212598426
 31
0
  0
LINE
  5
428
330
22
100
AcDbEntity
  8
B.Paste
  6
CONTINUOUS
100
AcDbLine
 10
6.3680261417322832
 20
-3.4870349212598426
 30
0
 11
6.3655156692913382
 21
-3.4809740944881891
 31
0
  0
LINE
  5
429
330
22
100
AcDbEntity
  8
B.Paste
  6
CONTINUOUS
100
AcDbLine
 10
6.3655156692913382
 20
-3.4809740944881891
 30
0
 11
6.3642358267716537
 21
-3.474539960629921
 31
0
  0
LINE
  5
42A
330
22
100
AcDbEntity
  8
B.Paste
  6
CONTINUOUS
100
AcDbLine
 10
6.3642358267716537
 20
-3.474539960629921
 30
0
 11
6.3642358267716537
 21
-3.4679797244094486
 31
0
  0
LINE
  5
42B
330
22
100
AcDbEntity
  8
B.Paste
  6
CONTINUOUS
100
AcDbLine
 10
6.3642358267716537
 20
-3.4679797244094486
 30
0
 11
6.3655156692913382
 21
-3.4615455905511809
 31
0
  0
LINE
  5
42C
330
22
100
AcDbEntity
  8
B.Paste
  6
CONTINUOUS
100
AcDbLine
 10
6.3655156692913382
 20
-3.4615455905511809
 30
0
 11
6.3680261417322832
 21
-3.4554847637795274
 31
0
  0
LINE
  5
42D
330
22
100
AcDbEntity
  8
B.Paste
  6
CONTINUOUS
100
AcDbLine
 10
6.3680261417322832
 20
-3.4554847637795274
 30
0
 11
6.371670787401575
 21
-3.4500301574803149
 31
0
  0
LINE
  5
42E
330
22
100
AcDbEntity
  8
B.Paste
  6
CONTINUOUS
100
AcDbLine
 10
6.371670787401575
 20
-3.4500301574803149
 30
0
 11
6.3763095669291339
 21
-3.4453913779527556
 31
0
  0
LINE
  5
42F
330
22
100
AcDbEntity
  8
B.Paste
  6
CONTINUOUS
100
AcDbLine
 10
6.3763095669291339
 20
-3.4453913779527556
 30
0
 11
6.3817641732283459
 21
-3.4417467322834643
 31
0
  0
LINE
  5
430
330
22
100
AcDbEntity
  8
B.Paste
  6
CONTINUOUS
100
AcDbLine
 10
6.3817641732283459
 20
-3.4417467322834643
 30
0
 11
6.3878249999999994
 21
-3.4392362598425197
 31
0
  0
LINE
  5
431
330
22
100
AcDbEntity
  8
B.Paste
  6
CONTINUOUS
100
AcDbLine
 10
6.3878249999999994
 20
-3.4392362598425197
 30
0
 11
6.3942591338582675
 21
-3.4379564173228347
 31
0
  0
LINE
  5
432
330
22
100
AcDbEntity
  8
B.Paste
  6
CONTINUOUS
100
AcDbLine
 10
6.3942591338582675
 20
-3.4379564173228347
 30
0
 11
6.4008193700787404
 21
-3.4379564173228347
 31
0
  0
LINE
  5
433
330
22
100
AcDbEntity
  8
B.Paste
  6
CONTINUOUS
100
AcDbLine
 10
6.4008193700787404
 20
-3.4379564173228347
 30
0
 11
6.4072535039370075
 21
-3.4392362598425197
 31
0
  0
LINE
  5
434
330
22
100
AcDbEntity
  8
B.Paste
  6
CONTINUOUS
100
AcDbLine
 10
5.64026811023622
 20
-3.4371909842519686
 30
0
 11
5.646418070866142
 21
-3.4397383858267716
 31
0
  0
LINE
  5
435
330
22
100
AcDbEntity
  8
B.Paste
  6
CONTINUOUS
100
AcDbLine
 10
5.646418070866142
 20
-3.4397383858267716
 30
0
 11
5.6519528740157483
 21
-3.4434366141732284
 31
0
  0
LINE
  5
436
330
22
100
AcDbEntity
  8
B.Paste
  6
CONTINUOUS
100
AcDbLine
 10
5.6519528740157483
 20
-3.4434366141732284
 30
0
 11
5.6566598818897633
 21
-3.4481436220472439
 31
0
  0
LINE
  5
437
330
22
100
AcDbEntity
  8
B.Paste
  6
CONTINUOUS
100
AcDbLine
 10
5.6566598818897633
 20
-3.4481436220472439
 30
0
 11
5.6603581102362206
 21
-3.4536784251968502
 31
0
  0
LINE
  5
438
330
22
100
AcDbEntity
  8
B.Paste
  6
CONTINUOUS
100
AcDbLine
 10
5.6603581102362206
 20
-3.4536784251968502
 30
0
 11
5.6629055118110232
 21
-3.4598283858267718
 31
0
  0
LINE
  5
439
330
22
100
AcDbEntity
  8
B.Paste
  6
CONTINUOUS
100
AcDbLine
 10
5.6629055118110232
 20
-3.4598283858267718
 30
0
 11
5.6642041732283461
 21
-3.4663571653543306
 31
0
  0
LINE
  5
43A
330
22
100
AcDbEntity
  8
B.Paste
  6
CONTINUOUS
100
AcDbLine
 10
5.6642041732283461
 20
-3.4663571653543306
 30
0
 11
5.6642041732283461
 21
-3.4730138582677164
 31
0
  0
LINE
  5
43B
330
22
100
AcDbEntity
  8
B.Paste
  6
CONTINUOUS
100
AcDbLine
 10
5.6642041732283461
 20
-3.4730138582677164
 30
0
 11
5.6629055118110232
 21
-3.4795426377952756
 31
0
  0
LINE
  5
43C
330
22
100
AcDbEntity
  8
B.Paste
  6
CONTINUOUS
100
AcDbLine
 10
5.6629055118110232
 20
-3.4795426377952756
 30
0
 11
5.6603581102362206
 21
-3.4856925984251967
 31
0
  0
LINE
  5
43D
330
22
100
AcDbEntity
  8
B.Paste
  6
CONTINUOUS
100
AcDbLine
 10
5.6603581102362206
 20
-3.4856925984251967
 30
0
 11
5.6566598818897633
 21
-3.491227401574803
 31
0
  0
LINE
  5
43E
330
22
100
AcDbEntity
  8
B.Paste
  6
CONTINUOUS
100
AcDbLine
 10
5.6566598818897633
 20
-3.491227401574803
 30
0
 11
5.6519528740157483
 21
-3.4959344094488189
 31
0
  0
LINE
  5
43F
330
22
100
AcDbEntity
  8
B.Paste
  6
CONTINUOUS
100
AcDbLine
 10
5.6519528740157483
 20
-3.4959344094488189
 30
0
 11
5.646418070866142
 21
-3.4996326377952753
 31
0
  0
LINE
  5
440
330
22
100
AcDbEntity
  8
B.Paste
  6
CONTINUOUS
100
AcDbLine
 10
5.646418070866142
 20
-3.4996326377952753
 30
0
 11
5.64026811023622
 21
-3.5021800393700788
 31
0
  0
LINE
  5
441
330
22
100
AcDbEntity
  8
B.Paste
  6
CONTINUOUS
100
AcDbLine
 10
5.64026811023622
 20
-3.5021800393700788
 30
0
 11
5.6337393307086616
 21
-3.5034787007874013
 31
0
  0
LINE
  5
442
330
22
100
AcDbEntity
  8
B.Paste
  6
CONTINUOUS
100
AcDbLine
 10
5.6337393307086616
 20
-3.5034787007874013
 30
0
 11
5.6270826377952758
 21
-3.5034787007874013
 31
0
  0
LINE
  5
443
330
22
100
AcDbEntity
  8
B.Paste
  6
CONTINUOUS
100
AcDbLine
 10
5.6270826377952758
 20
-3.5034787007874013
 30
0
 11
5.6205538582677166
 21
-3.5021800393700788
 31
0
  0
LINE
  5
444
330
22
100
AcDbEntity
  8
B.Paste
  6
CONTINUOUS
100
AcDbLine
 10
5.6205538582677166
 20
-3.5021800393700788
 30
0
 11
5.6144038976377955
 21
-3.4996326377952753
 31
0
  0
LINE
  5
445
330
22
100
AcDbEntity
  8
B.Paste
  6
CONTINUOUS
100
AcDbLine
 10
5.6144038976377955
 20
-3.4996326377952753
 30
0
 11
5.6088690944881892
 21
-3.4959344094488189
 31
0
  0
LINE
  5
446
330
22
100
AcDbEntity
  8
B.Paste
  6
CONTINUOUS
100
AcDbLine
 10
5.6088690944881892
 20
-3.4959344094488189
 30
0
 11
5.6041620866141733
 21
-3.491227401574803
 31
0
  0
LINE
  5
447
330
22
100
AcDbEntity
  8
B.Paste
  6
CONTINUOUS
100
AcDbLine
 10
5.6041620866141733
 20
-3.491227401574803
 30
0
 11
5.600463858267716
 21
-3.4856925984251967
 31
0
  0
LINE
  5
448
330
22
100
AcDbEntity
  8
B.Paste
  6
CONTINUOUS
100
AcDbLine
 10
5.600463858267716
 20
-3.4856925984251967
 30
0
 11
5.5979164566929134
 21
-3.4795426377952756
 31
0
  0
LINE
  5
449
330
22
100
AcDbEntity
  8
B.Paste
  6
CONTINUOUS
100
AcDbLine
 10
5.5979164566929134
 20
-3.4795426377952756
 30
0
 11
5.5966177952755904
 21
-3.4730138582677164
 31
0
  0
LINE
  5
44A
330
22
100
AcDbEntity
  8
B.Paste
  6
CONTINUOUS
100
AcDbLine
 10
5.5966177952755904
 20
-3.4730138582677164
 30
0
 11
5.5966177952755904
 21
-3.4663571653543306
 31
0
  0
LINE
  5
44B
330
22
100
AcDbEntity
  8
B.Paste
  6
CONTINUOUS
100
AcDbLine
 10
5.5966177952755904
 20
-3.4663571653543306
 30
0
 11
5.5979164566929134
 21
-3.4598283858267718
 31
0
  0
LINE
  5
44C
330
22
100
AcDbEntity
  8
B.Paste
  6
CONTINUOUS
100
AcDbLine
 10
5.5979164566929134
 20
-3.4598283858267718
 30
0
 11
5.600463858267716
 21
-3.4536784251968502
 31
0
  0
LINE
  5
44D
330
22
100
AcDbEntity
  8
B.Paste
  6
CONTINUOUS
100
AcDbLine
 10
5.600463858267716
 20
-3.4536784251968502
 30
0
 11
5.6041620866141733
 21
-3.4481436220472439
 31
0
  0
LINE
  5
44E
330
22
100
AcDbEntity
  8
B.Paste
  6
CONTINUOUS
100
AcDbLine
 10
5.6041620866141733
 20
-3.4481436220472439
 30
0
 11
5.6088690944881892
 21
-3.4434366141732284
 31
0
  0
LINE
  5
44F
330
22
100
AcDbEntity
  8
B.Paste
  6
CONTINUOUS
100
AcDbLine
 10
5.6088690944881892
 20
-3.4434366141732284
 30
0
 11
5.6144038976377955
 21
-3.4397383858267716
 31
0
  0
LINE
  5
450
330
22
100
AcDbEntity
  8
B.Paste
  6
CONTINUOUS
100
AcDbLine
 10
5.6144038976377955
 20
-3.4397383858267716
 30
0
 11
5.6205538582677166
 21
-3.4371909842519686
 31
0
  0
LINE
  5
451
330
22
100
AcDbEntity
  8
B.Paste
  6
CONTINUOUS
100
AcDbLine
 10
5.6205538582677166
 20
-3.4371909842519686
 30
0
 11
5.6270826377952758
 21
-3.4358923228346456
 31
0
  0
LINE
  5
452
330
22
100
AcDbEntity
  8
B.Paste
  6
CONTINUOUS
100
AcDbLine
 10
5.6270826377952758
 20
-3.4358923228346456
 30
0
 11
5.6337393307086616
 21
-3.4358923228346456
 31
0
  0
LINE
  5
453
330
22
100
AcDbEntity
  8
B.Paste
  6
CONTINUOUS
100
AcDbLine
 10
5.6337393307086616
 20
-3.4358923228346456
 30
0
 11
5.64026811023622
 21
-3.4371909842519686
 31
0
  0
LINE
  5
454
330
22
100
AcDbEntity
  8
B.Paste
  6
CONTINUOUS
100
AcDbLine
 10
6.2402681102362205
 20
-3.4371865748031496
 30
0
 11
6.2464180708661416
 21
-3.4397339763779526
 31
0
  0
LINE
  5
455
330
22
100
AcDbEntity
  8
B.Paste
  6
CONTINUOUS
100
AcDbLine
 10
6.2464180708661416
 20
-3.4397339763779526
 30
0
 11
6.251952874015748
 21
-3.4434322047244095
 31
0
  0
LINE
  5
456
330
22
100
AcDbEntity
  8
B.Paste
  6
CONTINUOUS
100
AcDbLine
 10
6.251952874015748
 20
-3.4434322047244095
 30
0
 11
6.2566598818897639
 21
-3.4481392125984249
 31
0
  0
LINE
  5
457
330
22
100
AcDbEntity
  8
B.Paste
  6
CONTINUOUS
100
AcDbLine
 10
6.2566598818897639
 20
-3.4481392125984249
 30
0
 11
6.2603581102362202
 21
-3.4536740157480312
 31
0
  0
LINE
  5
458
330
22
100
AcDbEntity
  8
B.Paste
  6
CONTINUOUS
100
AcDbLine
 10
6.2603581102362202
 20
-3.4536740157480312
 30
0
 11
6.2629055118110237
 21
-3.4598239763779528
 31
0
  0
LINE
  5
459
330
22
100
AcDbEntity
  8
B.Paste
  6
CONTINUOUS
100
AcDbLine
 10
6.2629055118110237
 20
-3.4598239763779528
 30
0
 11
6.2642041732283467
 21
-3.4663527559055116
 31
0
  0
LINE
  5
45A
330
22
100
AcDbEntity
  8
B.Paste
  6
CONTINUOUS
100
AcDbLine
 10
6.2642041732283467
 20
-3.4663527559055116
 30
0
 11
6.2642041732283467
 21
-3.4730094488188974
 31
0
  0
LINE
  5
45B
330
22
100
AcDbEntity
  8
B.Paste
  6
CONTINUOUS
100
AcDbLine
 10
6.2642041732283467
 20
-3.4730094488188974
 30
0
 11
6.2629055118110237
 21
-3.4795382283464567
 31
0
  0
LINE
  5
45C
330
22
100
AcDbEntity
  8
B.Paste
  6
CONTINUOUS
100
AcDbLine
 10
6.2629055118110237
 20
-3.4795382283464567
 30
0
 11
6.2603581102362202
 21
-3.4856881889763778
 31
0
  0
LINE
  5
45D
330
22
100
AcDbEntity
  8
B.Paste
  6
CONTINUOUS
100
AcDbLine
 10
6.2603581102362202
 20
-3.4856881889763778
 30
0
 11
6.2566598818897639
 21
-3.4912229921259841
 31
0
  0
LINE
  5
45E
330
22
100
AcDbEntity
  8
B.Paste
  6
CONTINUOUS
100
AcDbLine
 10
6.2566598818897639
 20
-3.4912229921259841
 30
0
 11
6.251952874015748
 21
-3.49593
 31
0
  0
LINE
  5
45F
330
22
100
AcDbEntity
  8
B.Paste
  6
CONTINUOUS
100
AcDbLine
 10
6.251952874015748
 20
-3.49593
 30
0
 11
6.2464180708661416
 21
-3.4996282283464568
 31
0
  0
LINE
  5
460
330
22
100
AcDbEntity
  8
B.Paste
  6
CONTINUOUS
100
AcDbLine
 10
6.2464180708661416
 20
-3.4996282283464568
 30
0
 11
6.2402681102362205
 21
-3.5021756299212599
 31
0
  0
LINE
  5
461
330
22
100
AcDbEntity
  8
B.Paste
  6
CONTINUOUS
100
AcDbLine
 10
6.2402681102362205
 20
-3.5021756299212599
 30
0
 11
6.2337393307086613
 21
-3.5034742913385828
 31
0
  0
LINE
  5
462
330
22
100
AcDbEntity
  8
B.Paste
  6
CONTINUOUS
100
AcDbLine
 10
6.2337393307086613
 20
-3.5034742913385828
 30
0
 11
6.2270826377952755
 21
-3.5034742913385828
 31
0
  0
LINE
  5
463
330
22
100
AcDbEntity
  8
B.Paste
  6
CONTINUOUS
100
AcDbLine
 10
6.2270826377952755
 20
-3.5034742913385828
 30
0
 11
6.2205538582677162
 21
-3.5021756299212599
 31
0
  0
LINE
  5
464
330
22
100
AcDbEntity
  8
B.Paste
  6
CONTINUOUS
100
AcDbLine
 10
6.2205538582677162
 20
-3.5021756299212599
 30
0
 11
6.2144038976377951
 21
-3.4996282283464568
 31
0
  0
LINE
  5
465
330
22
100
AcDbEntity
  8
B.Paste
  6
CONTINUOUS
100
AcDbLine
 10
6.2144038976377951
 20
-3.4996282283464568
 30
0
 11
6.2088690944881888
 21
-3.49593
 31
0
  0
LINE
  5
466
330
22
100
AcDbEntity
  8
B.Paste
  6
CONTINUOUS
100
AcDbLine
 10
6.2088690944881888
 20
-3.49593
 30
0
 11
6.2041620866141729
 21
-3.4912229921259841
 31
0
  0
LINE
  5
467
330
22
100
AcDbEntity
  8
B.Paste
  6
CONTINUOUS
100
AcDbLine
 10
6.2041620866141729
 20
-3.4912229921259841
 30
0
 11
6.2004638582677165
 21
-3.4856881889763778
 31
0
  0
LINE
  5
468
330
22
100
AcDbEntity
  8
B.Paste
  6
CONTINUOUS
100
AcDbLine
 10
6.2004638582677165
 20
-3.4856881889763778
 30
0
 11
6.197916456692913
 21
-3.4795382283464567
 31
0
  0
LINE
  5
469
330
22
100
AcDbEntity
  8
B.Paste
  6
CONTINUOUS
100
AcDbLine
 10
6.197916456692913
 20
-3.4795382283464567
 30
0
 11
6.1966177952755901
 21
-3.4730094488188974
 31
0
  0
LINE
  5
46A
330
22
100
AcDbEntity
  8
B.Paste
  6
CONTINUOUS
100
AcDbLine
 10
6.1966177952755901
 20
-3.4730094488188974
 30
0
 11
6.1966177952755901
 21
-3.4663527559055116
 31
0
  0
LINE
  5
46B
330
22
100
AcDbEntity
  8
B.Paste
  6
CONTINUOUS
100
AcDbLine
 10
6.1966177952755901
 20
-3.4663527559055116
 30
0
 11
6.197916456692913
 21
-3.4598239763779528
 31
0
  0
LINE
  5
46C
330
22
100
AcDbEntity
  8
B.Paste
  6
CONTINUOUS
100
AcDbLine
 10
6.197916456692913
 20
-3.4598239763779528
 30
0
 11
6.2004638582677165
 21
-3.4536740157480312
 31
0
  0
LINE
  5
46D
330
22
100
AcDbEntity
  8
B.Paste
  6
CONTINUOUS
100
AcDbLine
 10
6.2004638582677165
 20
-3.4536740157480312
 30
0
 11
6.2041620866141729
 21
-3.4481392125984249
 31
0
  0
LINE
  5
46E
330
22
100
AcDbEntity
  8
B.Paste
  6
CONTINUOUS
100
AcDbLine
 10
6.2041620866141729
 20
-3.4481392125984249
 30
0
 11
6.2088690944881888
 21
-3.4434322047244095
 31
0
  0
LINE
  5
46F
330
22
100
AcDbEntity
  8
B.Paste
  6
CONTINUOUS
100
AcDbLine
 10
6.2088690944881888
 20
-3.4434322047244095
 30
0
 11
6.2144038976377951
 21
-3.4397339763779526
 31
0
  0
LINE
  5
470
330
22
100
AcDbEntity
  8
B.Paste
  6
CONTINUOUS
100
AcDbLine
 10
6.2144038976377951
 20
-3.4397339763779526
 30
0
 11
6.2205538582677162
 21
-3.4371865748031496
 31
0
  0
LINE
  5
471
330
22
100
AcDbEntity
  8
B.Paste
  6
CONTINUOUS
100
AcDbLine
 10
6.2205538582677162
 20
-3.4371865748031496
 30
0
 11
6.2270826377952755
 21
-3.4358879133858267
 31
0
  0
LINE
  5
472
330
22
100
AcDbEntity
  8
B.Paste
  6
CONTINUOUS
100
AcDbLine
 10
6.2270826377952755
 20
-3.4358879133858267
 30
0
 11
6.2337393307086613
 21
-3.4358879133858267
 31
0
  0
LINE
  5
473
330
22
100
AcDbEntity
  8
B.Paste
  6
CONTINUOUS
100
AcDbLine
 10
6.2337393307086613
 20
-3.4358879133858267
 30
0
 11
6.2402681102362205
 21
-3.4371865748031496
 31
0
  0
LINE
  5
474
330
22
100
AcDbEntity
  8
B.Paste
  6
CONTINUOUS
100
AcDbLine
 10
5.326158031496063
 20
-3.3408110629921257
 30
0
 11
5.3322188582677166
 21
-3.3433215354330708
 31
0
  0
LINE
  5
475
330
22
100
AcDbEntity
  8
B.Paste
  6
CONTINUOUS
100
AcDbLine
 10
5.3322188582677166
 20
-3.3433215354330708
 30
0
 11
5.3376734645669286
 21
-3.3469661811023621
 31
0
  0
LINE
  5
476
330
22
100
AcDbEntity
  8
B.Paste
  6
CONTINUOUS
100
AcDbLine
 10
5.3376734645669286
 20
-3.3469661811023621
 30
0
 11
5.3423122440944883
 21
-3.351604960629921
 31
0
  0
LINE
  5
477
330
22
100
AcDbEntity
  8
B.Paste
  6
CONTINUOUS
100
AcDbLine
 10
5.3423122440944883
 20
-3.351604960629921
 30
0
 11
5.3459568897637793
 21
-3.3570595669291339
 31
0
  0
LINE
  5
478
330
22
100
AcDbEntity
  8
B.Paste
  6
CONTINUOUS
100
AcDbLine
 10
5.3459568897637793
 20
-3.3570595669291339
 30
0
 11
5.3484673622047243
 21
-3.3631203937007874
 31
0
  0
LINE
  5
479
330
22
100
AcDbEntity
  8
B.Paste
  6
CONTINUOUS
100
AcDbLine
 10
5.3484673622047243
 20
-3.3631203937007874
 30
0
 11
5.3497472047244097
 21
-3.369554527559055
 31
0
  0
LINE
  5
47A
330
22
100
AcDbEntity
  8
B.Paste
  6
CONTINUOUS
100
AcDbLine
 10
5.3497472047244097
 20
-3.369554527559055
 30
0
 11
5.3497472047244097
 21
-3.3761147637795275
 31
0
  0
LINE
  5
47B
330
22
100
AcDbEntity
  8
B.Paste
  6
CONTINUOUS
100
AcDbLine
 10
5.3497472047244097
 20
-3.3761147637795275
 30
0
 11
5.3484673622047243
 21
-3.3825488976377951
 31
0
  0
LINE
  5
47C
330
22
100
AcDbEntity
  8
B.Paste
  6
CONTINUOUS
100
AcDbLine
 10
5.3484673622047243
 20
-3.3825488976377951
 30
0
 11
5.3459568897637793
 21
-3.3886097244094486
 31
0
  0
LINE
  5
47D
330
22
100
AcDbEntity
  8
B.Paste
  6
CONTINUOUS
100
AcDbLine
 10
5.3459568897637793
 20
-3.3886097244094486
 30
0
 11
5.3423122440944883
 21
-3.3940643307086615
 31
0
  0
LINE
  5
47E
330
22
100
AcDbEntity
  8
B.Paste
  6
CONTINUOUS
100
AcDbLine
 10
5.3423122440944883
 20
-3.3940643307086615
 30
0
 11
5.3376734645669286
 21
-3.3987031102362204
 31
0
  0
LINE
  5
47F
330
22
100
AcDbEntity
  8
B.Paste
  6
CONTINUOUS
100
AcDbLine
 10
5.3376734645669286
 20
-3.3987031102362204
 30
0
 11
5.3322188582677166
 21
-3.4023477559055118
 31
0
  0
LINE
  5
480
330
22
100
AcDbEntity
  8
B.Paste
  6
CONTINUOUS
100
AcDbLine
 10
5.3322188582677166
 20
-3.4023477559055118
 30
0
 11
5.326158031496063
 21
-3.4048582283464568
 31
0
  0
LINE
  5
481
330
22
100
AcDbEntity
  8
B.Paste
  6
CONTINUOUS
100
AcDbLine
 10
5.326158031496063
 20
-3.4048582283464568
 30
0
 11
5.319723897637795
 21
-3.4061380708661417
 31
0
  0
LINE
  5
482
330
22
100
AcDbEntity
  8
B.Paste
  6
CONTINUOUS
100
AcDbLine
 10
5.319723897637795
 20
-3.4061380708661417
 30
0
 11
5.313163661417323
 21
-3.4061380708661417
 31
0
  0
LINE
  5
483
330
22
100
AcDbEntity
  8
B.Paste
  6
CONTINUOUS
100
AcDbLine
 10
5.313163661417323
 20
-3.4061380708661417
 30
0
 11
5.3067295275590549
 21
-3.4048582283464568
 31
0
  0
LINE
  5
484
330
22
100
AcDbEntity
  8
B.Paste
  6
CONTINUOUS
100
AcDbLine
 10
5.3067295275590549
 20
-3.4048582283464568
 30
0
 11
5.3006687007874014
 21
-3.4023477559055118
 31
0
  0
LINE
  5
485
330
22
100
AcDbEntity
  8
B.Paste
  6
CONTINUOUS
100
AcDbLine
 10
5.3006687007874014
 20
-3.4023477559055118
 30
0
 11
5.2952140944881885
 21
-3.3987031102362204
 31
0
  0
LINE
  5
486
330
22
100
AcDbEntity
  8
B.Paste
  6
CONTINUOUS
100
AcDbLine
 10
5.2952140944881885
 20
-3.3987031102362204
 30
0
 11
5.2905753149606296
 21
-3.3940643307086615
 31
0
  0
LINE
  5
487
330
22
100
AcDbEntity
  8
B.Paste
  6
CONTINUOUS
100
AcDbLine
 10
5.2905753149606296
 20
-3.3940643307086615
 30
0
 11
5.2869306692913387
 21
-3.3886097244094486
 31
0
  0
LINE
  5
488
330
22
100
AcDbEntity
  8
B.Paste
  6
CONTINUOUS
100
AcDbLine
 10
5.2869306692913387
 20
-3.3886097244094486
 30
0
 11
5.2844201968503937
 21
-3.3825488976377951
 31
0
  0
LINE
  5
489
330
22
100
AcDbEntity
  8
B.Paste
  6
CONTINUOUS
100
AcDbLine
 10
5.2844201968503937
 20
-3.3825488976377951
 30
0
 11
5.2831403543307083
 21
-3.3761147637795275
 31
0
  0
LINE
  5
48A
330
22
100
AcDbEntity
  8
B.Paste
  6
CONTINUOUS
100
AcDbLine
 10
5.2831403543307083
 20
-3.3761147637795275
 30
0
 11
5.2831403543307083
 21
-3.369554527559055
 31
0
  0
LINE
  5
48B
330
22
100
AcDbEntity
  8
B.Paste
  6
CONTINUOUS
100
AcDbLine
 10
5.2831403543307083
 20
-3.369554527559055
 30
0
 11
5.2844201968503937
 21
-3.3631203937007874
 31
0
  0
LINE
  5
48C
330
22
100
AcDbEntity
  8
B.Paste
  6
CONTINUOUS
100
AcDbLine
 10
5.2844201968503937
 20
-3.3631203937007874
 30
0
 11
5.2869306692913387
 21
-3.3570595669291339
 31
0
  0
LINE
  5
48D
330
22
100
AcDbEntity
  8
B.Paste
  6
CONTINUOUS
100
AcDbLine
 10
5.2869306692913387
 20
-3.3570595669291339
 30
0
 11
5.2905753149606296
 21
-3.351604960629921
 31
0
  0
LINE
  5
48E
330
22
100
AcDbEntity
  8
B.Paste
  6
CONTINUOUS
100
AcDbLine
 10
5.2905753149606296
 20
-3.351604960629921
 30
0
 11
5.2952140944881885
 21
-3.3469661811023621
 31
0
  0
LINE
  5
48F
330
22
100
AcDbEntity
  8
B.Paste
  6
CONTINUOUS
100
AcDbLine
 10
5.2952140944881885
 20
-3.3469661811023621
 30
0
 11
5.3006687007874014
 21
-3.3433215354330708
 31
0
  0
LINE
  5
490
330
22
100
AcDbEntity
  8
B.Paste
  6
CONTINUOUS
100
AcDbLine
 10
5.3006687007874014
 20
-3.3433215354330708
 30
0
 11
5.3067295275590549
 21
-3.3408110629921257
 31
0
  0
LINE
  5
491
330
22
100
AcDbEntity
  8
B.Paste
  6
CONTINUOUS
100
AcDbLine
 10
5.3067295275590549
 20
-3.3408110629921257
 30
0
 11
5.313163661417323
 21
-3.3395312204724408
 31
0
  0
LINE
  5
492
330
22
100
AcDbEntity
  8
B.Paste
  6
CONTINUOUS
100
AcDbLine
 10
5.313163661417323
 20
-3.3395312204724408
 30
0
 11
5.319723897637795
 21
-3.3395312204724408
 31
0
  0
LINE
  5
493
330
22
100
AcDbEntity
  8
B.Paste
  6
CONTINUOUS
100
AcDbLine
 10
5.319723897637795
 20
-3.3395312204724408
 30
0
 11
5.326158031496063
 21
-3.3408110629921257
 31
0
  0
CIRCLE
  5
494
330
22
100
AcDbEntity
  8
B.Paste
100
AcDbCircle
 10
6.2304102362204725
 20
-3.3696811023622049
 30
0
 40
0.0366141338582677
  0
CIRCLE
  5
495
330
22
100
AcDbEntity
  8
B.Paste
100
AcDbCircle
 10
5.630410236220472
 20
-3.3696855118110234
 30
0
 40
0.0366141338582677
  0
CIRCLE
  5
496
330
22
100
AcDbEntity
  8
B.Paste
100
AcDbCircle
 10
6.230422007874016
 20
-4.9696811023622045
 30
0
 40
0.0366141338582677
  0
CIRCLE
  5
497
330
22
100
AcDbEntity
  8
B.Paste
100
AcDbCircle
 10
5.6304220078740155
 20
-4.9696855118110239
 30
0
 40
0.0366141338582677
  0
CIRCLE
  5
498
330
22
100
AcDbEntity
  8
B.Paste
100
AcDbCircle
 10
6.2304205118110234
 20
-4.7696811023622043
 30
0
 40
0.0226377952755905
  0
CIRCLE
  5
499
330
22
100
AcDbEntity
  8
B.Paste
100
AcDbCircle
 10
6.2304190551181104
 20
-4.569681102362205
 30
0
 40
0.0226377952755905
  0
CIRCLE
  5
49A
330
22
100
AcDbEntity
  8
B.Paste
100
AcDbCircle
 10
6.2304183070866141
 20
-4.4696811023622045
 30
0
 40
0.0226377952755905
  0
CIRCLE
  5
49B
330
22
100
AcDbEntity
  8
B.Paste
100
AcDbCircle
 10
6.2304175984251966
 20
-4.3696811023622049
 30
0
 40
0.0226377952755905
  0
CIRCLE
  5
49C
330
22
100
AcDbEntity
  8
B.Paste
100
AcDbCircle
 10
6.2304168503937003
 20
-4.2696811023622043
 30
0
 40
0.0226377952755905
  0
CIRCLE
  5
49D
330
22
100
AcDbEntity
  8
B.Paste
100
AcDbCircle
 10
6.2304161023622049
 20
-4.1696811023622047
 30
0
 40
0.0226377952755905
  0
CIRCLE
  5
49E
330
22
100
AcDbEntity
  8
B.Paste
100
AcDbCircle
 10
6.2304153937007873
 20
-4.069681102362205
 30
0
 40
0.0226377952755905
  0
CIRCLE
  5
49F
330
22
100
AcDbEntity
  8
B.Paste
100
AcDbCircle
 10
6.230414645669291
 20
-3.9696811023622045
 30
0
 40
0.0226377952755905
  0
CIRCLE
  5
4A0
330
22
100
AcDbEntity
  8
B.Paste
100
AcDbCircle
 10
6.2304138976377947
 20
-3.8696811023622044
 30
0
 40
0.0226377952755905
  0
CIRCLE
  5
4A1
330
22
100
AcDbEntity
  8
B.Paste
100
AcDbCircle
 10
6.2304198031496059
 20
-4.6696811023622047
 30
0
 40
0.0226377952755905
  0
CIRCLE
  5
4A2
330
22
100
AcDbEntity
  8
B.Paste
100
AcDbCircle
 10
6.2304124409448818
 20
-3.6696811023622047
 30
0
 40
0.0226377952755905
  0
CIRCLE
  5
4A3
330
22
100
AcDbEntity
  8
B.Paste
100
AcDbCircle
 10
5.6304109842519683
 20
-3.4696855118110235
 30
0
 40
0.0226377952755905
  0
CIRCLE
  5
4A4
330
22
100
AcDbEntity
  8
B.Paste
100
AcDbCircle
 10
5.6304116929133858
 20
-3.5696855118110236
 30
0
 40
0.0226377952755905
  0
CIRCLE
  5
4A5
330
22
100
AcDbEntity
  8
B.Paste
100
AcDbCircle
 10
5.6304138976377951
 20
-3.8696855118110234
 30
0
 40
0.0226377952755905
  0
CIRCLE
  5
4A6
330
22
100
AcDbEntity
  8
B.Paste
100
AcDbCircle
 10
5.6304146456692914
 20
-3.9696855118110235
 30
0
 40
0.0226377952755905
  0
CIRCLE
  5
4A7
330
22
100
AcDbEntity
  8
B.Paste
100
AcDbCircle
 10
5.6304153937007877
 20
-4.0696855118110236
 30
0
 40
0.0226377952755905
  0
CIRCLE
  5
4A8
330
22
100
AcDbEntity
  8
B.Paste
100
AcDbCircle
 10
5.6304161023622044
 20
-4.1696855118110232
 30
0
 40
0.0226377952755905
  0
CIRCLE
  5
4A9
330
22
100
AcDbEntity
  8
B.Paste
100
AcDbCircle
 10
5.6304168503937007
 20
-4.2696855118110237
 30
0
 40
0.0226377952755905
  0
CIRCLE
  5
4AA
330
22
100
AcDbEntity
  8
B.Paste
100
AcDbCircle
 10
5.630417598425197
 20
-4.3696855118110234
 30
0
 40
0.0226377952755905
  0
CIRCLE
  5
4AB
330
22
100
AcDbEntity
  8
B.Paste
100
AcDbCircle
 10
5.6304183070866136
 20
-4.4696855118110239
 30
0
 40
0.0226377952755905
  0
CIRCLE
  5
4AC
330
22
100
AcDbEntity
  8
B.Paste
100
AcDbCircle
 10
5.6304190551181099
 20
-4.5696855118110236
 30
0
 40
0.0226377952755905
  0
CIRCLE
  5
4AD
330
22
100
AcDbEntity
  8
B.Paste
100
AcDbCircle
 10
5.6304198031496062
 20
-4.6696855118110232
 30
0
 40
0.0226377952755905
  0
CIRCLE
  5
4AE
330
22
100
AcDbEntity
  8
B.Paste
100
AcDbCircle
 10
5.6304205118110238
 20
-4.7696855118110237
 30
0
 40
0.0226377952755905
  0
CIRCLE
  5
4AF
330
22
100
AcDbEntity
  8
B.Paste
100
AcDbCircle
 10
5.6304212598425192
 20
-4.8696855118110234
 30
0
 40
0.0226377952755905
  0
CIRCLE
  5
4B0
330
22
100
AcDbEntity
  8
B.Paste
100
AcDbCircle
 10
6.2304212598425197
 20
-4.8696811023622049
 30
0
 40
0.0226377952755905
  0
CIRCLE
  5
4B1
330
22
100
AcDbEntity
  8
B.Paste
100
AcDbCircle
 10
6.2304116929133855
 20
-3.5696811023622046
 30
0
 40
0.0226377952755905
  0
CIRCLE
  5
4B2
330
22
100
AcDbEntity
  8
B.Paste
100
AcDbCircle
 10
5.6304131889763775
 20
-3.7696855118110237
 30
0
 40
0.0226377952755905
  0
CIRCLE
  5
4B3
330
22
100
AcDbEntity
  8
B.Paste
100
AcDbCircle
 10
5.6304124409448821
 20
-3.6696855118110236
 30
0
 40
0.0226377952755905
  0
CIRCLE
  5
4B4
330
22
100
AcDbEntity
  8
B.Paste
100
AcDbCircle
 10
6.2304131889763781
 20
-3.7696811023622048
 30
0
 40
0.0226377952755905
  0
CIRCLE
  5
4B5
330
22
100
AcDbEntity
  8
B.Paste
100
AcDbCircle
 10
6.2304109842519679
 20
-3.4696811023622045
 30
0
 40
0.0226377952755905
  0
CIRCLE
  5
4B6
330
22
100
AcDbEntity
  8
B.Paste
100
AcDbCircle
 10
5.3164437795275585
 20
-3.3728346456692915
 30
0
 40
0.0196850393700787
  0
CIRCLE
  5
4B7
330
22
100
AcDbEntity
  8
B.Paste
100
AcDbCircle
 10
5.3164445275590548
 20
-3.471259842519685
 30
0
 40
0.0196850393700787
  0
CIRCLE
  5
4B8
330
22
100
AcDbEntity
  8
B.Paste
100
AcDbCircle
 10
5.3164452362204724
 20
-3.5696850393700785
 30
0
 40
0.0196850393700787
  0
CIRCLE
  5
4B9
330
22
100
AcDbEntity
  8
B.Paste
100
AcDbCircle
 10
5.3164459842519687
 20
-3.6681102362204725
 30
0
 40
0.0196850393700787
  0
CIRCLE
  5
4BA
330
22
100
AcDbEntity
  8
B.Paste
100
AcDbCircle
 10
6.3975394881889764
 20
-3.5712598425196851
 30
0
 40
0.0196850393700787
  0
CIRCLE
  5
4BB
330
22
100
AcDbEntity
  8
B.Paste
100
AcDbCircle
 10
6.3975392519685039
 20
-3.471259842519685
 30
0
 40
0.0196850393700787
  0
ENDSEC
  0
SECTION
  2
OBJECTS
  0
DICTIONARY
  5
28
330
0
100
AcDbDictionary
281
1
  3
ACAD_GROUP
350
4BC
  3
ACAD_LAYOUT
350
29
  3
ACAD_PLOTSTYLENAME
350
11
  0
DICTIONARY
  5
4BC
330
28
100
AcDbDictionary
281
1
  0
ACDBDICTIONARYWDFLT
  5
11
330
28
100
AcDbDictionary
281
1
  3
Normal
350
10
100
AcDbDictionaryWithDefault
340
10
  0
ACDBPLACEHOLDER
  5
10
330
11
  0
DICTIONARY
  5
29
330
28
100
AcDbDictionary
281
1
  3
Model
350
25
  3
Layout1
350
26
  3
Layout2
350
27
  0
LAYOUT
  5
25
330
29
100
AcDbPlotSettings
  1

  2
none_device
  4
A3
  6

 40
0.0
 41
0.0
 42
0.0
 43
0.0
 44
420.0
 45
297.0
 46
0.0
 47
0.0
 48
0.0
 49
0.0
140
0.0
141
0.0
142
1.0
143
1.0
 70
1024
 72
1
 73
0
 74
5
  7

 75
16
 76
0
 77
2
 78
300
147
1.0
148
0.0
149
0.0
100
AcDbLayout
  1
Model
 70
1
 71
0
 10
0.0
 20
0.0
 11
420.0
 21
297.0
 12
0.0
 22
0.0
 32
0.0
 14
1e+20
 24
1e+20
 34
1e+20
 15
-1e+20
 25
-1e+20
 35
-1e+20
146
0.0
 13
0.0
 23
0.0
 33
0.0
 16
1.0
 26
0.0
 36
0.0
 17
0.0
 27
1.0
 37
0.0
 76
0
330
22
  0
LAYOUT
  5
26
330
29
100
AcDbPlotSettings
  1

  2
none_device
  4
A3
  6

 40
0.0
 41
0.0
 42
0.0
 43
0.0
 44
420.0
 45
297.0
 46
0.0
 47
0.0
 48
0.0
 49
0.0
140
0.0
141
0.0
142
1.0
143
1.0
 70
0
 72
1
 73
0
 74
5
  7

 75
16
 76
0
 77
2
 78
300
147
1.0
148
0.0
149
0.0
100
AcDbLayout
  1
Layout1
 70
1
 71
1
 10
0.0
 20
0.0
 11
420.0
 21
297.0
 12
0.0
 22
0.0
 32
0.0
 14
1e+20
 24
1e+20
 34
1e+20
 15
-1e+20
 25
-1e+20
 35
-1e+20
146
0.0
 13
0.0
 23
0.0
 33
0.0
 16
1.0
 26
0.0
 36
0.0
 17
0.0
 27
1.0
 37
0.0
 76
0
330
23
  0
LAYOUT
  5
27
330
29
100
AcDbPlotSettings
  1

  2
none_device
  4
A3
  6

 40
0.0
 41
0.0
 42
0.0
 43
0.0
 44
420.0
 45
297.0
 46
0.0
 47
0.0
 48
0.0
 49
0.0
140
0.0
141
0.0
142
1.0
143
1.0
 70
0
 72
1
 73
0
 74
5
  7

 75
16
 76
0
 77
2
 78
300
147
1.0
148
0.0
149
0.0
100
AcDbLayout
  1
Layout2
 70
1
 71
2
 10
0.0
 20
0.0
 11
420.0
 21
297.0
 12
0.0
 22
0.0
 32
0.0
 14
1e+20
 24
1e+20
 34
1e+20
 15
-1e+20
 25
-1e+20
 35
-1e+20
146
0.0
 13
0.0
 23
0.0
 33
0.0
 16
1.0
 26
0.0
 36
0.0
 17
0.0
 27
1.0
 37
0.0
 76
0
330
24
  0
ENDSEC
  0
EOF
